ISO-10303-21;
HEADER;
FILE_DESCRIPTION((''),'2;1');
FILE_NAME('001_ROUND_HEX_STANDOFFS','2020-12-23T',('SYSTEM'),(''),
'PRO/ENGINEER BY PARAMETRIC TECHNOLOGY CORPORATION, 2016360',
'PRO/ENGINEER BY PARAMETRIC TECHNOLOGY CORPORATION, 2016360','');
FILE_SCHEMA(('AUTOMOTIVE_DESIGN { 1 0 10303 214 1 1 1 1 }'));
ENDSEC;
DATA;
#115=CARTESIAN_POINT('',(0.E0,0.E0,0.E0));
#116=DIRECTION('',(-1.E0,0.E0,0.E0));
#117=DIRECTION('',(0.E0,1.E0,0.E0));
#118=AXIS2_PLACEMENT_3D('',#115,#116,#117);
#120=CARTESIAN_POINT('',(0.E0,0.E0,0.E0));
#121=DIRECTION('',(-1.E0,0.E0,0.E0));
#122=DIRECTION('',(0.E0,-1.E0,0.E0));
#123=AXIS2_PLACEMENT_3D('',#120,#121,#122);
#125=DIRECTION('',(0.E0,-1.E0,0.E0));
#126=VECTOR('',#125,3.406366588219E0);
#127=CARTESIAN_POINT('',(0.E0,1.703183294109E0,2.95E0));
#128=LINE('',#127,#126);
#129=DIRECTION('',(0.E0,-5.E-1,8.660254037844E-1));
#130=VECTOR('',#129,3.406366588219E0);
#131=CARTESIAN_POINT('',(0.E0,3.406366588219E0,0.E0));
#132=LINE('',#131,#130);
#133=DIRECTION('',(0.E0,5.E-1,8.660254037844E-1));
#134=VECTOR('',#133,3.406366588219E0);
#135=CARTESIAN_POINT('',(0.E0,1.703183294109E0,-2.95E0));
#136=LINE('',#135,#134);
#137=DIRECTION('',(0.E0,1.E0,0.E0));
#138=VECTOR('',#137,3.406366588219E0);
#139=CARTESIAN_POINT('',(0.E0,-1.703183294109E0,-2.95E0));
#140=LINE('',#139,#138);
#141=DIRECTION('',(0.E0,5.E-1,-8.660254037844E-1));
#142=VECTOR('',#141,3.406366588219E0);
#143=CARTESIAN_POINT('',(0.E0,-3.406366588219E0,0.E0));
#144=LINE('',#143,#142);
#145=DIRECTION('',(0.E0,-5.E-1,-8.660254037844E-1));
#146=VECTOR('',#145,3.406366588219E0);
#147=CARTESIAN_POINT('',(0.E0,-1.703183294109E0,2.95E0));
#148=LINE('',#147,#146);
#149=CARTESIAN_POINT('',(-8.125E-1,1.229367061317E0,0.E0));
#150=CARTESIAN_POINT('',(-8.077647143948E-1,1.229367061317E0,
7.315392203207E-2));
#151=CARTESIAN_POINT('',(-7.982941143580E-1,1.216273422716E0,
2.194608369271E-1));
#152=CARTESIAN_POINT('',(-7.840878101962E-1,1.157972658131E0,
4.319528888604E-1));
#153=CARTESIAN_POINT('',(-7.698820548108E-1,1.062869301536E0,
6.307073037885E-1));
#154=CARTESIAN_POINT('',(-7.556761778021E-1,9.339844438171E-1,
8.094180170229E-1));
#155=CARTESIAN_POINT('',(-7.414693913633E-1,7.754031344916E-1,
9.624116495331E-1));
#156=CARTESIAN_POINT('',(-7.272623400594E-1,5.921693583493E-1,
1.084813871844E0));
#157=CARTESIAN_POINT('',(-7.130558479520E-1,3.901194549931E-1,
1.172727936807E0));
#158=CARTESIAN_POINT('',(-6.988497037983E-1,1.756748132557E-1,
1.223365613069E0));
#159=CARTESIAN_POINT('',(-6.846426114567E-1,-4.436847021471E-2,
1.235118635410E0));
#160=CARTESIAN_POINT('',(-6.704356302234E-1,-2.629996303838E-1,
1.207607669282E0));
#161=CARTESIAN_POINT('',(-6.562293678517E-1,-4.732599291008E-1,
1.141713184528E0));
#162=CARTESIAN_POINT('',(-6.420231852335E-1,-6.684767215150E-1,
1.039530372770E0));
#163=CARTESIAN_POINT('',(-6.278166537263E-1,-8.424501464001E-1,
9.043024821503E-1));
#164=CARTESIAN_POINT('',(-6.136100498380E-1,-9.896454012975E-1,
7.403287745715E-1));
#165=CARTESIAN_POINT('',(-5.994036951698E-1,-1.105381502984E0,
5.528260186683E-1));
#166=CARTESIAN_POINT('',(-5.851970417874E-1,-1.185983631963E0,
3.477468927530E-1));
#167=CARTESIAN_POINT('',(-5.709906051061E-1,-1.228886322715E0,
1.316171642681E-1));
#168=CARTESIAN_POINT('',(-5.567842968581E-1,-1.232727499746E0,
-8.869400317305E-2));
#169=CARTESIAN_POINT('',(-5.425784447147E-1,-1.197388099676E0,
-3.061791930564E-1));
#170=CARTESIAN_POINT('',(-5.283721145583E-1,-1.123988482277E0,
-5.139396570297E-1));
#171=CARTESIAN_POINT('',(-5.141663103376E-1,-1.014866503891E0,
-7.053573479346E-1));
#172=CARTESIAN_POINT('',(-4.999604718248E-1,-8.734890905304E-1,
-8.743572772027E-1));
#173=CARTESIAN_POINT('',(-4.857542935694E-1,-7.043446878531E-1,
-1.015570126279E0));
#174=CARTESIAN_POINT('',(-4.715483371734E-1,-5.128156326286E-1,
-1.124501270522E0));
#175=CARTESIAN_POINT('',(-4.573429812750E-1,-3.049965057724E-1,
-1.197688921143E0));
#176=CARTESIAN_POINT('',(-4.431379526527E-1,-8.748947552060E-2,
-1.232812824209E0));
#177=CARTESIAN_POINT('',(-4.289326812925E-1,1.328016041497E-1,
-1.228757643571E0));
#178=CARTESIAN_POINT('',(-4.147279568810E-1,3.488641740033E-1,
-1.185653485551E0));
#179=CARTESIAN_POINT('',(-4.052582558697E-1,4.855126740136E-1,
-1.131799989242E0));
#180=CARTESIAN_POINT('',(-4.005234549606E-1,5.509036509120E-1,
-1.099021628024E0));
#182=CARTESIAN_POINT('',(-4.005234549606E-1,0.E0,0.E0));
#183=DIRECTION('',(1.E0,0.E0,0.E0));
#184=DIRECTION('',(0.E0,-8.939735434640E-1,-4.481197424646E-1));
#185=AXIS2_PLACEMENT_3D('',#182,#183,#184);
#187=CARTESIAN_POINT('',(-4.005234549606E-1,-1.099021628024E0,
-5.509036509120E-1));
#188=CARTESIAN_POINT('',(-4.053047441300E-1,-1.132121820935E0,
-4.848706379877E-1));
#189=CARTESIAN_POINT('',(-4.148677342180E-1,-1.186389595368E0,
-3.468176358124E-1));
#190=CARTESIAN_POINT('',(-4.292132206448E-1,-1.229348371975E0,
-1.284826724248E-1));
#191=CARTESIAN_POINT('',(-4.435604102239E-1,-1.232464215610E0,
9.404307448733E-2));
#192=CARTESIAN_POINT('',(-4.579107726616E-1,-1.195612961787E0,
3.135684907276E-1));
#193=CARTESIAN_POINT('',(-4.722606263590E-1,-1.119987234890E0,
5.229168617943E-1));
#194=CARTESIAN_POINT('',(-4.866102377296E-1,-1.008044129271E0,
7.153043678362E-1));
#195=CARTESIAN_POINT('',(-5.009597858426E-1,-8.634128182458E-1,
8.844954118843E-1));
#196=CARTESIAN_POINT('',(-5.153097529393E-1,-6.907774029158E-1,
1.025007777536E0));
#197=CARTESIAN_POINT('',(-5.296595425316E-1,-4.957423913280E-1,
1.132277718414E0));
#198=CARTESIAN_POINT('',(-5.440088607429E-1,-2.846382545007E-1,
1.202827274760E0));
#199=CARTESIAN_POINT('',(-5.583580291218E-1,-6.430664118281E-2,
1.234373369556E0));
#200=CARTESIAN_POINT('',(-5.727075266086E-1,1.581152779910E-1,
1.225892498199E0));
#201=CARTESIAN_POINT('',(-5.870566388737E-1,3.754041492775E-1,
1.177660406496E0));
#202=CARTESIAN_POINT('',(-6.014058662864E-1,5.805218449953E-1,
1.091241102862E0));
#203=CARTESIAN_POINT('',(-6.157550661885E-1,7.668147383760E-1,
9.694365650827E-1));
#204=CARTESIAN_POINT('',(-6.301038061643E-1,9.282376448711E-1,
8.162020527389E-1));
#205=CARTESIAN_POINT('',(-6.444523656225E-1,1.059562329061E0,
6.365057402920E-1));
#206=CARTESIAN_POINT('',(-6.588017802277E-1,1.156537440368E0,
4.361593519190E-1));
#207=CARTESIAN_POINT('',(-6.731514039080E-1,1.216008607712E0,
2.216654842052E-1));
#208=CARTESIAN_POINT('',(-6.827171961727E-1,1.229367061317E0,
7.388801593922E-2));
#209=CARTESIAN_POINT('',(-6.875E-1,1.229367061317E0,0.E0));
#211=CARTESIAN_POINT('',(-1.1875E0,1.229367061317E0,0.E0));
#212=CARTESIAN_POINT('',(-1.182890422841E0,1.229367061317E0,7.121189220926E-2));
#213=CARTESIAN_POINT('',(-1.173669107777E0,1.217024819454E0,2.136825465701E-1));
#214=CARTESIAN_POINT('',(-1.159738923171E0,1.161172862161E0,4.223572072923E-1));
#215=CARTESIAN_POINT('',(-1.145985715875E0,1.071110066961E0,6.156741213202E-1));
#216=CARTESIAN_POINT('',(-1.132234351313E0,9.494303029166E-1,
7.907837444374E-1));
#217=CARTESIAN_POINT('',(-1.118198165630E0,7.960860114972E-1,
9.452858902718E-1));
#218=CARTESIAN_POINT('',(-1.104070844028E0,6.165987292992E-1,1.070972391452E0));
#219=CARTESIAN_POINT('',(-1.090128472158E0,4.204014206480E-1,1.161813432438E0));
#220=CARTESIAN_POINT('',(-1.076349819446E0,2.139743013633E-1,1.216996981546E0));
#221=CARTESIAN_POINT('',(-1.062221662915E0,-4.319238018646E-3,
1.235900934245E0));
#222=CARTESIAN_POINT('',(-1.048116617817E0,-2.221399045220E-1,
1.215557770056E0));
#223=CARTESIAN_POINT('',(-1.034297473441E0,-4.287544195749E-1,
1.158702478402E0));
#224=CARTESIAN_POINT('',(-1.020556793229E0,-6.214757256105E-1,
1.067851521108E0));
#225=CARTESIAN_POINT('',(-1.006687034359E0,-7.973437733409E-1,
9.440117090408E-1));
#226=CARTESIAN_POINT('',(-9.927501685231E-1,-9.495255232081E-1,
7.905651001545E-1));
#227=CARTESIAN_POINT('',(-9.790100254985E-1,-1.071261648043E0,
6.156752979906E-1));
#228=CARTESIAN_POINT('',(-9.650642759886E-1,-1.162236001113E0,
4.194993270133E-1));
#229=CARTESIAN_POINT('',(-9.512903437016E-1,-1.216999286221E0,
2.130282158603E-1));
#230=CARTESIAN_POINT('',(-9.420921480874E-1,-1.229367061317E0,
7.094263602127E-2));
#231=CARTESIAN_POINT('',(-9.375E-1,-1.229367061317E0,0.E0));
#233=CARTESIAN_POINT('',(-1.0625E0,-1.229367061317E0,0.E0));
#234=CARTESIAN_POINT('',(-1.067104165934E0,-1.229367061317E0,
7.112829591660E-2));
#235=CARTESIAN_POINT('',(-1.076356745527E0,-1.217038948267E0,
2.140836453919E-1));
#236=CARTESIAN_POINT('',(-1.090458365600E0,-1.160374169205E0,
4.253336477401E-1));
#237=CARTESIAN_POINT('',(-1.104512713821E0,-1.067335665652E0,
6.224289293380E-1));
#238=CARTESIAN_POINT('',(-1.118198966153E0,-9.450263301589E-1,
7.958819184502E-1));
#239=CARTESIAN_POINT('',(-1.132177486192E0,-7.915945154906E-1,
9.490029110908E-1));
#240=CARTESIAN_POINT('',(-1.146258749252E0,-6.121403740778E-1,
1.073482524790E0));
#241=CARTESIAN_POINT('',(-1.160181057418E0,-4.158759016739E-1,
1.163453804477E0));
#242=CARTESIAN_POINT('',(-1.173898879021E0,-2.101330845851E-1,
1.217432183916E0));
#243=CARTESIAN_POINT('',(-1.187637405475E0,2.136236178831E-3,1.235597489042E0));
#244=CARTESIAN_POINT('',(-1.201551135285E0,2.170311905480E-1,1.216364061774E0));
#245=CARTESIAN_POINT('',(-1.215290378237E0,4.227571444012E-1,1.160933970734E0));
#246=CARTESIAN_POINT('',(-1.229153042174E0,6.176390338392E-1,1.070210793915E0));
#247=CARTESIAN_POINT('',(-1.243037941732E0,7.939916763349E-1,
9.466611238775E-1));
#248=CARTESIAN_POINT('',(-1.256761666441E0,9.445669133767E-1,
7.962926200901E-1));
#249=CARTESIAN_POINT('',(-1.270497583483E0,1.067455855769E0,6.223217375747E-1));
#250=CARTESIAN_POINT('',(-1.284536932517E0,1.160330441044E0,4.253901655728E-1));
#251=CARTESIAN_POINT('',(-1.298642788703E0,1.217045959841E0,2.140949668451E-1));
#252=CARTESIAN_POINT('',(-1.307895288988E0,1.229367061317E0,7.113671664396E-2));
#253=CARTESIAN_POINT('',(-1.3125E0,1.229367061317E0,0.E0));
#255=DIRECTION('',(-1.E0,0.E0,1.084394956716E-14));
#256=VECTOR('',#255,1.25E-1);
#257=CARTESIAN_POINT('',(-9.375E-1,-1.229367061317E0,0.E0));
#258=LINE('',#257,#256);
#259=CARTESIAN_POINT('',(-1.5625E0,-1.229367061317E0,0.E0));
#260=CARTESIAN_POINT('',(-1.567088680454E0,-1.229367061317E0,
7.088906564779E-2));
#261=CARTESIAN_POINT('',(-1.576283570312E0,-1.217022135390E0,
2.129252069200E-1));
#262=CARTESIAN_POINT('',(-1.590070260215E0,-1.162217068613E0,
4.195913668359E-1));
#263=CARTESIAN_POINT('',(-1.604026000444E0,-1.071140534524E0,
6.158916185124E-1));
#264=CARTESIAN_POINT('',(-1.617765044478E0,-9.493768165097E-1,
7.907432871994E-1));
#265=CARTESIAN_POINT('',(-1.631696336192E0,-7.972211761196E-1,
9.440887695510E-1));
#266=CARTESIAN_POINT('',(-1.645539400011E0,-6.217054383234E-1,
1.067710940912E0));
#267=CARTESIAN_POINT('',(-1.659294141602E0,-4.288072267621E-1,
1.158693208093E0));
#268=CARTESIAN_POINT('',(-1.673108320762E0,-2.222642998500E-1,
1.215526321140E0));
#269=CARTESIAN_POINT('',(-1.687207082788E0,-4.545497228221E-3,
1.235894512206E0));
#270=CARTESIAN_POINT('',(-1.701323850434E0,2.135734019717E-1,1.217049046296E0));
#271=CARTESIAN_POINT('',(-1.715085665142E0,4.197772224073E-1,1.162040790614E0));
#272=CARTESIAN_POINT('',(-1.729045525494E0,6.162640880327E-1,1.071180905569E0));
#273=CARTESIAN_POINT('',(-1.743177161363E0,7.958388440925E-1,
9.454974652723E-1));
#274=CARTESIAN_POINT('',(-1.757218159725E0,9.492699113673E-1,
7.909776251697E-1));
#275=CARTESIAN_POINT('',(-1.770965262848E0,1.070947670698E0,6.159472049268E-1));
#276=CARTESIAN_POINT('',(-1.784720044428E0,1.161082809457E0,4.226363759020E-1));
#277=CARTESIAN_POINT('',(-1.798667150751E0,1.217030693703E0,2.137146145096E-1));
#278=CARTESIAN_POINT('',(-1.807890256564E0,1.229367061317E0,7.121446097208E-2));
#279=CARTESIAN_POINT('',(-1.8125E0,1.229367061317E0,0.E0));
#281=DIRECTION('',(-1.E0,0.E0,0.E0));
#282=VECTOR('',#281,1.25E-1);
#283=CARTESIAN_POINT('',(-1.4375E0,-1.229367061317E0,0.E0));
#284=LINE('',#283,#282);
#285=CARTESIAN_POINT('',(-1.6875E0,1.229367061317E0,0.E0));
#286=CARTESIAN_POINT('',(-1.682895288988E0,1.229367061317E0,7.113671664396E-2));
#287=CARTESIAN_POINT('',(-1.673642788703E0,1.217045959841E0,2.140949668451E-1));
#288=CARTESIAN_POINT('',(-1.659536932517E0,1.160330441044E0,4.253901655728E-1));
#289=CARTESIAN_POINT('',(-1.645497583483E0,1.067455855769E0,6.223217375747E-1));
#290=CARTESIAN_POINT('',(-1.631761666441E0,9.445669133767E-1,
7.962926200901E-1));
#291=CARTESIAN_POINT('',(-1.618037941732E0,7.939916763349E-1,
9.466611238775E-1));
#292=CARTESIAN_POINT('',(-1.604153042174E0,6.176390338392E-1,1.070210793915E0));
#293=CARTESIAN_POINT('',(-1.590290378237E0,4.227571444012E-1,1.160933970734E0));
#294=CARTESIAN_POINT('',(-1.576551135285E0,2.170311905480E-1,1.216364061774E0));
#295=CARTESIAN_POINT('',(-1.562637405475E0,2.136236178839E-3,1.235597489042E0));
#296=CARTESIAN_POINT('',(-1.548898879021E0,-2.101330845851E-1,
1.217432183916E0));
#297=CARTESIAN_POINT('',(-1.535181057418E0,-4.158759016738E-1,
1.163453804477E0));
#298=CARTESIAN_POINT('',(-1.521258749252E0,-6.121403740778E-1,
1.073482524790E0));
#299=CARTESIAN_POINT('',(-1.507177486192E0,-7.915945154906E-1,
9.490029110908E-1));
#300=CARTESIAN_POINT('',(-1.493198966153E0,-9.450263301589E-1,
7.958819184502E-1));
#301=CARTESIAN_POINT('',(-1.479512713821E0,-1.067335665652E0,
6.224289293380E-1));
#302=CARTESIAN_POINT('',(-1.465458365600E0,-1.160374169205E0,
4.253336477400E-1));
#303=CARTESIAN_POINT('',(-1.451356745527E0,-1.217038948267E0,
2.140836453918E-1));
#304=CARTESIAN_POINT('',(-1.442104165934E0,-1.229367061317E0,
7.112829591656E-2));
#305=CARTESIAN_POINT('',(-1.4375E0,-1.229367061317E0,0.E0));
#307=CARTESIAN_POINT('',(-2.0625E0,-1.229367061317E0,0.E0));
#308=CARTESIAN_POINT('',(-2.067103919896E0,-1.229367061317E0,
7.112449495344E-2));
#309=CARTESIAN_POINT('',(-2.076355899548E0,-1.217041049071E0,
2.140707167280E-1));
#310=CARTESIAN_POINT('',(-2.090457208075E0,-1.160378858694E0,
4.253163273473E-1));
#311=CARTESIAN_POINT('',(-2.104509097238E0,-1.067363135449E0,
6.223792454137E-1));
#312=CARTESIAN_POINT('',(-2.118202600639E0,-9.450049427432E-1,
7.959379005027E-1));
#313=CARTESIAN_POINT('',(-2.132210242975E0,-7.912175914585E-1,
9.493445018527E-1));
#314=CARTESIAN_POINT('',(-2.146302835825E0,-6.115481835760E-1,
1.073828132961E0));
#315=CARTESIAN_POINT('',(-2.160230747527E0,-4.151486919366E-1,
1.163710464699E0));
#316=CARTESIAN_POINT('',(-2.173940002661E0,-2.095033191482E-1,
1.217537114320E0));
#317=CARTESIAN_POINT('',(-2.187685682790E0,2.885795836847E-3,1.235609481161E0));
#318=CARTESIAN_POINT('',(-2.201613151247E0,2.179798277298E-1,1.216200161247E0));
#319=CARTESIAN_POINT('',(-2.215351974055E0,4.236567044654E-1,1.160606214356E0));
#320=CARTESIAN_POINT('',(-2.229211680199E0,6.184188852437E-1,1.069742114684E0));
#321=CARTESIAN_POINT('',(-2.243072474100E0,7.943962996499E-1,
9.463083294108E-1));
#322=CARTESIAN_POINT('',(-2.256802039324E0,9.449757085376E-1,
7.958184924687E-1));
#323=CARTESIAN_POINT('',(-2.270537431993E0,1.067763962933E0,6.217843867068E-1));
#324=CARTESIAN_POINT('',(-2.284570210392E0,1.160499737199E0,4.249018307828E-1));
#325=CARTESIAN_POINT('',(-2.298662496914E0,1.217084237364E0,2.137907185882E-1));
#326=CARTESIAN_POINT('',(-2.307902500929E0,1.229367061317E0,7.102530165783E-2));
#327=CARTESIAN_POINT('',(-2.3125E0,1.229367061317E0,0.E0));
#329=DIRECTION('',(-1.E0,0.E0,-1.536158548289E-14));
#330=VECTOR('',#329,1.25E-1);
#331=CARTESIAN_POINT('',(-1.9375E0,-1.229367061317E0,0.E0));
#332=LINE('',#331,#330);
#333=CARTESIAN_POINT('',(-2.1875E0,1.229367061317E0,0.E0));
#334=CARTESIAN_POINT('',(-2.182890256564E0,1.229367061317E0,7.121446097208E-2));
#335=CARTESIAN_POINT('',(-2.173667150751E0,1.217030693703E0,2.137146145096E-1));
#336=CARTESIAN_POINT('',(-2.159720044428E0,1.161082809457E0,4.226363759020E-1));
#337=CARTESIAN_POINT('',(-2.145965262848E0,1.070947670698E0,6.159472049268E-1));
#338=CARTESIAN_POINT('',(-2.132218159725E0,9.492699113673E-1,
7.909776251697E-1));
#339=CARTESIAN_POINT('',(-2.118177161363E0,7.958388440925E-1,
9.454974652723E-1));
#340=CARTESIAN_POINT('',(-2.104045525494E0,6.162640880327E-1,1.071180905569E0));
#341=CARTESIAN_POINT('',(-2.090085665142E0,4.197772224073E-1,1.162040790614E0));
#342=CARTESIAN_POINT('',(-2.076323850434E0,2.135734019717E-1,1.217049046296E0));
#343=CARTESIAN_POINT('',(-2.062207082788E0,-4.545497228256E-3,
1.235894512206E0));
#344=CARTESIAN_POINT('',(-2.048108320762E0,-2.222642998500E-1,
1.215526321140E0));
#345=CARTESIAN_POINT('',(-2.034294141602E0,-4.288072267621E-1,
1.158693208093E0));
#346=CARTESIAN_POINT('',(-2.020539400011E0,-6.217054383234E-1,
1.067710940912E0));
#347=CARTESIAN_POINT('',(-2.006696336192E0,-7.972211761196E-1,
9.440887695510E-1));
#348=CARTESIAN_POINT('',(-1.992765044478E0,-9.493768165097E-1,
7.907432871994E-1));
#349=CARTESIAN_POINT('',(-1.979026000444E0,-1.071140534524E0,
6.158916185124E-1));
#350=CARTESIAN_POINT('',(-1.965070260215E0,-1.162217068613E0,
4.195913668359E-1));
#351=CARTESIAN_POINT('',(-1.951283570312E0,-1.217022135390E0,
2.129252069200E-1));
#352=CARTESIAN_POINT('',(-1.942088680454E0,-1.229367061317E0,
7.088906564780E-2));
#353=CARTESIAN_POINT('',(-1.9375E0,-1.229367061317E0,0.E0));
#355=CARTESIAN_POINT('',(-2.5625E0,-1.229367061317E0,0.E0));
#356=CARTESIAN_POINT('',(-2.567092148087E0,-1.229367061317E0,
7.094263602127E-2));
#357=CARTESIAN_POINT('',(-2.576290343702E0,-1.216999286221E0,
2.130282158603E-1));
#358=CARTESIAN_POINT('',(-2.590064275989E0,-1.162236001113E0,
4.194993270133E-1));
#359=CARTESIAN_POINT('',(-2.604010025499E0,-1.071261648043E0,
6.156752979905E-1));
#360=CARTESIAN_POINT('',(-2.617750168523E0,-9.495255232081E-1,
7.905651001545E-1));
#361=CARTESIAN_POINT('',(-2.631687034359E0,-7.973437733409E-1,
9.440117090408E-1));
#362=CARTESIAN_POINT('',(-2.645556793229E0,-6.214757256105E-1,
1.067851521108E0));
#363=CARTESIAN_POINT('',(-2.659297473441E0,-4.287544195749E-1,
1.158702478402E0));
#364=CARTESIAN_POINT('',(-2.673116617817E0,-2.221399045220E-1,
1.215557770056E0));
#365=CARTESIAN_POINT('',(-2.687221662915E0,-4.319238018643E-3,
1.235900934245E0));
#366=CARTESIAN_POINT('',(-2.701349819446E0,2.139743013633E-1,1.216996981546E0));
#367=CARTESIAN_POINT('',(-2.715128472158E0,4.204014206480E-1,1.161813432438E0));
#368=CARTESIAN_POINT('',(-2.729070844028E0,6.165987292992E-1,1.070972391452E0));
#369=CARTESIAN_POINT('',(-2.743198165630E0,7.960860114972E-1,
9.452858902718E-1));
#370=CARTESIAN_POINT('',(-2.757234351313E0,9.494303029166E-1,
7.907837444374E-1));
#371=CARTESIAN_POINT('',(-2.770985715875E0,1.071110066961E0,6.156741213202E-1));
#372=CARTESIAN_POINT('',(-2.784738923171E0,1.161172862161E0,4.223572072923E-1));
#373=CARTESIAN_POINT('',(-2.798669107777E0,1.217024819454E0,2.136825465700E-1));
#374=CARTESIAN_POINT('',(-2.807890422841E0,1.229367061317E0,7.121189220926E-2));
#375=CARTESIAN_POINT('',(-2.8125E0,1.229367061317E0,0.E0));
#377=DIRECTION('',(-1.E0,0.E0,0.E0));
#378=VECTOR('',#377,1.25E-1);
#379=CARTESIAN_POINT('',(-2.4375E0,-1.229367061317E0,0.E0));
#380=LINE('',#379,#378);
#381=CARTESIAN_POINT('',(-2.6875E0,1.229367061317E0,0.E0));
#382=CARTESIAN_POINT('',(-2.682902500929E0,1.229367061317E0,7.102530165783E-2));
#383=CARTESIAN_POINT('',(-2.673662496914E0,1.217084237364E0,2.137907185882E-1));
#384=CARTESIAN_POINT('',(-2.659570210392E0,1.160499737199E0,4.249018307828E-1));
#385=CARTESIAN_POINT('',(-2.645537431993E0,1.067763962933E0,6.217843867068E-1));
#386=CARTESIAN_POINT('',(-2.631802039324E0,9.449757085376E-1,
7.958184924687E-1));
#387=CARTESIAN_POINT('',(-2.618072474100E0,7.943962996499E-1,
9.463083294108E-1));
#388=CARTESIAN_POINT('',(-2.604211680199E0,6.184188852437E-1,1.069742114684E0));
#389=CARTESIAN_POINT('',(-2.590351974055E0,4.236567044654E-1,1.160606214356E0));
#390=CARTESIAN_POINT('',(-2.576613151247E0,2.179798277298E-1,1.216200161247E0));
#391=CARTESIAN_POINT('',(-2.562685682790E0,2.885795836841E-3,1.235609481161E0));
#392=CARTESIAN_POINT('',(-2.548940002661E0,-2.095033191482E-1,
1.217537114320E0));
#393=CARTESIAN_POINT('',(-2.535230747527E0,-4.151486919366E-1,
1.163710464699E0));
#394=CARTESIAN_POINT('',(-2.521302835825E0,-6.115481835760E-1,
1.073828132961E0));
#395=CARTESIAN_POINT('',(-2.507210242975E0,-7.912175914585E-1,
9.493445018527E-1));
#396=CARTESIAN_POINT('',(-2.493202600639E0,-9.450049427432E-1,
7.959379005027E-1));
#397=CARTESIAN_POINT('',(-2.479509097238E0,-1.067363135449E0,
6.223792454136E-1));
#398=CARTESIAN_POINT('',(-2.465457208075E0,-1.160378858694E0,
4.253163273474E-1));
#399=CARTESIAN_POINT('',(-2.451355899548E0,-1.217041049071E0,
2.140707167281E-1));
#400=CARTESIAN_POINT('',(-2.442103919896E0,-1.229367061317E0,
7.112449495350E-2));
#401=CARTESIAN_POINT('',(-2.4375E0,-1.229367061317E0,0.E0));
#403=CARTESIAN_POINT('',(-3.0625E0,-1.229367061317E0,0.E0));
#404=CARTESIAN_POINT('',(-3.067104165934E0,-1.229367061317E0,
7.112829591661E-2));
#405=CARTESIAN_POINT('',(-3.076356745527E0,-1.217038948267E0,
2.140836453919E-1));
#406=CARTESIAN_POINT('',(-3.090458365600E0,-1.160374169205E0,
4.253336477401E-1));
#407=CARTESIAN_POINT('',(-3.104512713821E0,-1.067335665652E0,
6.224289293380E-1));
#408=CARTESIAN_POINT('',(-3.118198966153E0,-9.450263301589E-1,
7.958819184502E-1));
#409=CARTESIAN_POINT('',(-3.132177486192E0,-7.915945154906E-1,
9.490029110908E-1));
#410=CARTESIAN_POINT('',(-3.146258749252E0,-6.121403740778E-1,
1.073482524790E0));
#411=CARTESIAN_POINT('',(-3.160181057418E0,-4.158759016738E-1,
1.163453804477E0));
#412=CARTESIAN_POINT('',(-3.173898879021E0,-2.101330845851E-1,
1.217432183916E0));
#413=CARTESIAN_POINT('',(-3.187637405475E0,2.136236178829E-3,1.235597489042E0));
#414=CARTESIAN_POINT('',(-3.201551135285E0,2.170311905480E-1,1.216364061774E0));
#415=CARTESIAN_POINT('',(-3.215290378237E0,4.227571444012E-1,1.160933970734E0));
#416=CARTESIAN_POINT('',(-3.229153042174E0,6.176390338392E-1,1.070210793915E0));
#417=CARTESIAN_POINT('',(-3.243037941732E0,7.939916763349E-1,
9.466611238775E-1));
#418=CARTESIAN_POINT('',(-3.256761666441E0,9.445669133767E-1,
7.962926200901E-1));
#419=CARTESIAN_POINT('',(-3.270497583483E0,1.067455855769E0,6.223217375747E-1));
#420=CARTESIAN_POINT('',(-3.284536932517E0,1.160330441044E0,4.253901655728E-1));
#421=CARTESIAN_POINT('',(-3.298642788703E0,1.217045959841E0,2.140949668451E-1));
#422=CARTESIAN_POINT('',(-3.307895288988E0,1.229367061317E0,7.113671664396E-2));
#423=CARTESIAN_POINT('',(-3.3125E0,1.229367061317E0,0.E0));
#425=DIRECTION('',(-1.E0,0.E0,0.E0));
#426=VECTOR('',#425,1.25E-1);
#427=CARTESIAN_POINT('',(-2.9375E0,-1.229367061317E0,0.E0));
#428=LINE('',#427,#426);
#429=CARTESIAN_POINT('',(-3.1875E0,1.229367061317E0,0.E0));
#430=CARTESIAN_POINT('',(-3.182890422841E0,1.229367061317E0,7.121189220926E-2));
#431=CARTESIAN_POINT('',(-3.173669107777E0,1.217024819454E0,2.136825465701E-1));
#432=CARTESIAN_POINT('',(-3.159738923171E0,1.161172862161E0,4.223572072923E-1));
#433=CARTESIAN_POINT('',(-3.145985715875E0,1.071110066961E0,6.156741213202E-1));
#434=CARTESIAN_POINT('',(-3.132234351313E0,9.494303029166E-1,
7.907837444374E-1));
#435=CARTESIAN_POINT('',(-3.118198165630E0,7.960860114972E-1,
9.452858902718E-1));
#436=CARTESIAN_POINT('',(-3.104070844028E0,6.165987292992E-1,1.070972391452E0));
#437=CARTESIAN_POINT('',(-3.090128472158E0,4.204014206480E-1,1.161813432438E0));
#438=CARTESIAN_POINT('',(-3.076349819446E0,2.139743013633E-1,1.216996981546E0));
#439=CARTESIAN_POINT('',(-3.062221662915E0,-4.319238018642E-3,
1.235900934245E0));
#440=CARTESIAN_POINT('',(-3.048116617817E0,-2.221399045220E-1,
1.215557770056E0));
#441=CARTESIAN_POINT('',(-3.034297473441E0,-4.287544195749E-1,
1.158702478402E0));
#442=CARTESIAN_POINT('',(-3.020556793229E0,-6.214757256105E-1,
1.067851521108E0));
#443=CARTESIAN_POINT('',(-3.006687034359E0,-7.973437733409E-1,
9.440117090408E-1));
#444=CARTESIAN_POINT('',(-2.992750168523E0,-9.495255232081E-1,
7.905651001545E-1));
#445=CARTESIAN_POINT('',(-2.979010025499E0,-1.071261648043E0,
6.156752979906E-1));
#446=CARTESIAN_POINT('',(-2.965064275989E0,-1.162236001113E0,
4.194993270133E-1));
#447=CARTESIAN_POINT('',(-2.951290343702E0,-1.216999286221E0,
2.130282158603E-1));
#448=CARTESIAN_POINT('',(-2.942092148087E0,-1.229367061317E0,
7.094263602127E-2));
#449=CARTESIAN_POINT('',(-2.9375E0,-1.229367061317E0,0.E0));
#451=CARTESIAN_POINT('',(-3.6875E0,1.229367061317E0,0.E0));
#452=CARTESIAN_POINT('',(-3.682895288988E0,1.229367061317E0,7.113671664396E-2));
#453=CARTESIAN_POINT('',(-3.673642788703E0,1.217045959841E0,2.140949668451E-1));
#454=CARTESIAN_POINT('',(-3.659536932517E0,1.160330441044E0,4.253901655728E-1));
#455=CARTESIAN_POINT('',(-3.645497583483E0,1.067455855769E0,6.223217375747E-1));
#456=CARTESIAN_POINT('',(-3.631761666441E0,9.445669133767E-1,
7.962926200901E-1));
#457=CARTESIAN_POINT('',(-3.618037941732E0,7.939916763349E-1,
9.466611238775E-1));
#458=CARTESIAN_POINT('',(-3.604153042174E0,6.176390338392E-1,1.070210793915E0));
#459=CARTESIAN_POINT('',(-3.590290378237E0,4.227571444011E-1,1.160933970734E0));
#460=CARTESIAN_POINT('',(-3.576551135285E0,2.170311905480E-1,1.216364061774E0));
#461=CARTESIAN_POINT('',(-3.562637405475E0,2.136236178817E-3,1.235597489042E0));
#462=CARTESIAN_POINT('',(-3.548898879021E0,-2.101330845851E-1,
1.217432183916E0));
#463=CARTESIAN_POINT('',(-3.535181057418E0,-4.158759016739E-1,
1.163453804477E0));
#464=CARTESIAN_POINT('',(-3.521258749252E0,-6.121403740778E-1,
1.073482524790E0));
#465=CARTESIAN_POINT('',(-3.507177486192E0,-7.915945154907E-1,
9.490029110907E-1));
#466=CARTESIAN_POINT('',(-3.493198966153E0,-9.450263301589E-1,
7.958819184502E-1));
#467=CARTESIAN_POINT('',(-3.479512713821E0,-1.067335665652E0,
6.224289293380E-1));
#468=CARTESIAN_POINT('',(-3.465458365600E0,-1.160374169205E0,
4.253336477402E-1));
#469=CARTESIAN_POINT('',(-3.451356745527E0,-1.217038948267E0,
2.140836453922E-1));
#470=CARTESIAN_POINT('',(-3.442104165934E0,-1.229367061317E0,
7.112829591675E-2));
#471=CARTESIAN_POINT('',(-3.4375E0,-1.229367061317E0,0.E0));
#473=CARTESIAN_POINT('',(-3.5625E0,-1.229367061317E0,0.E0));
#474=CARTESIAN_POINT('',(-3.567088680454E0,-1.229367061317E0,
7.088906564779E-2));
#475=CARTESIAN_POINT('',(-3.576283570312E0,-1.217022135390E0,
2.129252069200E-1));
#476=CARTESIAN_POINT('',(-3.590070260215E0,-1.162217068613E0,
4.195913668359E-1));
#477=CARTESIAN_POINT('',(-3.604026000444E0,-1.071140534524E0,
6.158916185124E-1));
#478=CARTESIAN_POINT('',(-3.617765044478E0,-9.493768165097E-1,
7.907432871994E-1));
#479=CARTESIAN_POINT('',(-3.631696336192E0,-7.972211761196E-1,
9.440887695510E-1));
#480=CARTESIAN_POINT('',(-3.645539400011E0,-6.217054383234E-1,
1.067710940912E0));
#481=CARTESIAN_POINT('',(-3.659294141602E0,-4.288072267621E-1,
1.158693208093E0));
#482=CARTESIAN_POINT('',(-3.673108320762E0,-2.222642998500E-1,
1.215526321140E0));
#483=CARTESIAN_POINT('',(-3.687207082788E0,-4.545497228247E-3,
1.235894512206E0));
#484=CARTESIAN_POINT('',(-3.701323850434E0,2.135734019717E-1,1.217049046296E0));
#485=CARTESIAN_POINT('',(-3.715085665142E0,4.197772224073E-1,1.162040790614E0));
#486=CARTESIAN_POINT('',(-3.729045525494E0,6.162640880327E-1,1.071180905569E0));
#487=CARTESIAN_POINT('',(-3.743177161363E0,7.958388440925E-1,
9.454974652723E-1));
#488=CARTESIAN_POINT('',(-3.757218159725E0,9.492699113673E-1,
7.909776251697E-1));
#489=CARTESIAN_POINT('',(-3.770965262848E0,1.070947670698E0,6.159472049268E-1));
#490=CARTESIAN_POINT('',(-3.784720044428E0,1.161082809457E0,4.226363759020E-1));
#491=CARTESIAN_POINT('',(-3.798667150751E0,1.217030693703E0,2.137146145096E-1));
#492=CARTESIAN_POINT('',(-3.807890256564E0,1.229367061317E0,7.121446097208E-2));
#493=CARTESIAN_POINT('',(-3.8125E0,1.229367061317E0,0.E0));
#495=DIRECTION('',(-1.E0,0.E0,-1.099399630788E-14));
#496=VECTOR('',#495,1.25E-1);
#497=CARTESIAN_POINT('',(-3.4375E0,-1.229367061317E0,0.E0));
#498=LINE('',#497,#496);
#499=CARTESIAN_POINT('',(-4.0625E0,-1.229367061317E0,0.E0));
#500=CARTESIAN_POINT('',(-4.067103919896E0,-1.229367061317E0,
7.112449495338E-2));
#501=CARTESIAN_POINT('',(-4.076355899548E0,-1.217041049071E0,
2.140707167278E-1));
#502=CARTESIAN_POINT('',(-4.090457208075E0,-1.160378858694E0,
4.253163273472E-1));
#503=CARTESIAN_POINT('',(-4.104509097238E0,-1.067363135449E0,
6.223792454137E-1));
#504=CARTESIAN_POINT('',(-4.118202600639E0,-9.450049427432E-1,
7.959379005027E-1));
#505=CARTESIAN_POINT('',(-4.132210242975E0,-7.912175914585E-1,
9.493445018527E-1));
#506=CARTESIAN_POINT('',(-4.146302835825E0,-6.115481835760E-1,
1.073828132961E0));
#507=CARTESIAN_POINT('',(-4.160230747527E0,-4.151486919366E-1,
1.163710464699E0));
#508=CARTESIAN_POINT('',(-4.173940002661E0,-2.095033191482E-1,
1.217537114320E0));
#509=CARTESIAN_POINT('',(-4.187685682790E0,2.885795836864E-3,1.235609481161E0));
#510=CARTESIAN_POINT('',(-4.201613151247E0,2.179798277298E-1,1.216200161247E0));
#511=CARTESIAN_POINT('',(-4.215351974055E0,4.236567044654E-1,1.160606214356E0));
#512=CARTESIAN_POINT('',(-4.229211680199E0,6.184188852437E-1,1.069742114684E0));
#513=CARTESIAN_POINT('',(-4.243072474100E0,7.943962996499E-1,
9.463083294108E-1));
#514=CARTESIAN_POINT('',(-4.256802039324E0,9.449757085376E-1,
7.958184924687E-1));
#515=CARTESIAN_POINT('',(-4.270537431993E0,1.067763962933E0,6.217843867068E-1));
#516=CARTESIAN_POINT('',(-4.284570210392E0,1.160499737199E0,4.249018307828E-1));
#517=CARTESIAN_POINT('',(-4.298662496914E0,1.217084237364E0,2.137907185882E-1));
#518=CARTESIAN_POINT('',(-4.307902500929E0,1.229367061317E0,7.102530165783E-2));
#519=CARTESIAN_POINT('',(-4.3125E0,1.229367061317E0,0.E0));
#521=DIRECTION('',(-1.E0,0.E0,0.E0));
#522=VECTOR('',#521,1.25E-1);
#523=CARTESIAN_POINT('',(-3.9375E0,-1.229367061317E0,0.E0));
#524=LINE('',#523,#522);
#525=CARTESIAN_POINT('',(-4.1875E0,1.229367061317E0,0.E0));
#526=CARTESIAN_POINT('',(-4.182890256564E0,1.229367061317E0,7.121446097208E-2));
#527=CARTESIAN_POINT('',(-4.173667150751E0,1.217030693703E0,2.137146145096E-1));
#528=CARTESIAN_POINT('',(-4.159720044428E0,1.161082809457E0,4.226363759020E-1));
#529=CARTESIAN_POINT('',(-4.145965262848E0,1.070947670698E0,6.159472049268E-1));
#530=CARTESIAN_POINT('',(-4.132218159725E0,9.492699113673E-1,
7.909776251697E-1));
#531=CARTESIAN_POINT('',(-4.118177161363E0,7.958388440925E-1,
9.454974652723E-1));
#532=CARTESIAN_POINT('',(-4.104045525494E0,6.162640880327E-1,1.071180905569E0));
#533=CARTESIAN_POINT('',(-4.090085665142E0,4.197772224073E-1,1.162040790614E0));
#534=CARTESIAN_POINT('',(-4.076323850434E0,2.135734019717E-1,1.217049046296E0));
#535=CARTESIAN_POINT('',(-4.062207082788E0,-4.545497228225E-3,
1.235894512206E0));
#536=CARTESIAN_POINT('',(-4.048108320762E0,-2.222642998500E-1,
1.215526321140E0));
#537=CARTESIAN_POINT('',(-4.034294141602E0,-4.288072267621E-1,
1.158693208093E0));
#538=CARTESIAN_POINT('',(-4.020539400011E0,-6.217054383234E-1,
1.067710940912E0));
#539=CARTESIAN_POINT('',(-4.006696336192E0,-7.972211761196E-1,
9.440887695510E-1));
#540=CARTESIAN_POINT('',(-3.992765044478E0,-9.493768165097E-1,
7.907432871994E-1));
#541=CARTESIAN_POINT('',(-3.979026000444E0,-1.071140534524E0,
6.158916185124E-1));
#542=CARTESIAN_POINT('',(-3.965070260215E0,-1.162217068613E0,
4.195913668359E-1));
#543=CARTESIAN_POINT('',(-3.951283570312E0,-1.217022135390E0,
2.129252069200E-1));
#544=CARTESIAN_POINT('',(-3.942088680454E0,-1.229367061317E0,
7.088906564779E-2));
#545=CARTESIAN_POINT('',(-3.9375E0,-1.229367061317E0,0.E0));
#547=CARTESIAN_POINT('',(-1.781174381104E-1,-1.429622338365E0,0.E0));
#548=CARTESIAN_POINT('',(-1.752161478546E-1,-1.432234671845E0,
-7.921778101630E-2));
#549=CARTESIAN_POINT('',(-1.694135071632E-1,-1.424211614167E0,
-2.385167693106E-1));
#550=CARTESIAN_POINT('',(-1.607437758398E-1,-1.372892631265E0,
-4.725851184480E-1));
#551=CARTESIAN_POINT('',(-1.520050434709E-1,-1.282225437798E0,
-6.978529436339E-1));
#552=CARTESIAN_POINT('',(-1.433571572190E-1,-1.156153721590E0,
-9.039705111779E-1));
#553=CARTESIAN_POINT('',(-1.346350962075E-1,-9.956963365615E-1,
-1.089094479316E0));
#554=CARTESIAN_POINT('',(-1.258897447401E-1,-8.049861028826E-1,
-1.246019146894E0));
#555=CARTESIAN_POINT('',(-1.172819661736E-1,-5.932259076304E-1,
-1.367948518187E0));
#556=CARTESIAN_POINT('',(-1.086877106581E-1,-3.636485386184E-1,
-1.454158826016E0));
#557=CARTESIAN_POINT('',(-1.028747589279E-1,-2.000294540234E-1,
-1.486305733616E0));
#558=CARTESIAN_POINT('',(-9.995512633463E-2,-1.168453837294E-1,
-1.495442127366E0));
#560=CARTESIAN_POINT('',(-3.426075153419E-1,1.281514807579E0,0.E0));
#561=CARTESIAN_POINT('',(-3.395484873889E-1,1.284269168720E0,
7.487162212873E-2));
#562=CARTESIAN_POINT('',(-3.334050942489E-1,1.276705796086E0,
2.262197391438E-1));
#563=CARTESIAN_POINT('',(-3.240513790540E-1,1.224234945266E0,
4.524635939856E-1));
#564=CARTESIAN_POINT('',(-3.147468797221E-1,1.131995049039E0,
6.659057263889E-1));
#565=CARTESIAN_POINT('',(-3.056395920509E-1,1.005816692920E0,
8.570243274015E-1));
#566=CARTESIAN_POINT('',(-2.965177521833E-1,8.473470716511E-1,
1.024799705901E0));
#567=CARTESIAN_POINT('',(-2.873790257426E-1,6.605993768830E-1,
1.163603802343E0));
#568=CARTESIAN_POINT('',(-2.782350357671E-1,4.511117915546E-1,
1.268388222378E0));
#569=CARTESIAN_POINT('',(-2.691609695265E-1,2.270141241157E-1,
1.335349922094E0));
#570=CARTESIAN_POINT('',(-2.599671071881E-1,-9.807128064832E-3,
1.362814917612E0));
#571=CARTESIAN_POINT('',(-2.509141955275E-1,-2.455668342959E-1,
1.348605690698E0));
#572=CARTESIAN_POINT('',(-2.419223440431E-1,-4.752539440428E-1,
1.294554173071E0));
#573=CARTESIAN_POINT('',(-2.327711546518E-1,-6.973877857534E-1,
1.199562593857E0));
#574=CARTESIAN_POINT('',(-2.235376305504E-1,-9.024737618102E-1,
1.065012759580E0));
#575=CARTESIAN_POINT('',(-2.143667423851E-1,-1.080373308307E0,
8.965140654609E-1));
#576=CARTESIAN_POINT('',(-2.054366841251E-1,-1.223848783858E0,
7.041417757821E-1));
#577=CARTESIAN_POINT('',(-1.962960602726E-1,-1.335626712047E0,
4.838252201538E-1));
#578=CARTESIAN_POINT('',(-1.871229113708E-1,-1.407535237986E0,
2.449831222149E-1));
#579=CARTESIAN_POINT('',(-1.811091683227E-1,-1.426928572383E0,
8.168718326255E-2));
#580=CARTESIAN_POINT('',(-1.781174381104E-1,-1.429622338365E0,0.E0));
#582=CARTESIAN_POINT('',(-4.005234549606E-1,5.509036509120E-1,
-1.099021628024E0));
#583=CARTESIAN_POINT('',(-3.977501368224E-1,6.102351334831E-1,
-1.072073960502E0));
#584=CARTESIAN_POINT('',(-3.922208961530E-1,7.245931040205E-1,
-1.008732604548E0));
#585=CARTESIAN_POINT('',(-3.839704210667E-1,8.791054585714E-1,
-8.877643626836E-1));
#586=CARTESIAN_POINT('',(-3.757897346084E-1,1.012467286463E0,
-7.445101662680E-1));
#587=CARTESIAN_POINT('',(-3.675640111490E-1,1.123221646241E0,
-5.804284813325E-1));
#588=CARTESIAN_POINT('',(-3.591961606855E-1,1.208591034056E0,
-3.966895361159E-1));
#589=CARTESIAN_POINT('',(-3.508219143717E-1,1.263704666973E0,
-2.003004857544E-1));
#590=CARTESIAN_POINT('',(-3.453352050613E-1,1.279058784724E0,
-6.676191165528E-2));
#591=CARTESIAN_POINT('',(-3.426075153419E-1,1.281514807579E0,0.E0));
#593=CARTESIAN_POINT('',(-9.995512633463E-2,-1.168453837294E-1,
-1.495442127366E0));
#594=CARTESIAN_POINT('',(-1.044726011652E-1,-2.017390356603E-1,
-1.488809017897E0));
#595=CARTESIAN_POINT('',(-1.135075508264E-1,-3.703925771294E-1,
-1.461050133404E0));
#596=CARTESIAN_POINT('',(-1.270599753181E-1,-6.126571694928E-1,
-1.377138152430E0));
#597=CARTESIAN_POINT('',(-1.406123998098E-1,-8.371950351319E-1,
-1.253380509557E0));
#598=CARTESIAN_POINT('',(-1.541648243016E-1,-1.037509840428E0,
-1.093357940468E0));
#599=CARTESIAN_POINT('',(-1.677172487933E-1,-1.207805638961E0,
-9.017004960228E-1));
#600=CARTESIAN_POINT('',(-1.812696732850E-1,-1.343155172220E0,
-6.839535307304E-1));
#601=CARTESIAN_POINT('',(-1.948220977768E-1,-1.439642271889E0,
-4.464172678098E-1));
#602=CARTESIAN_POINT('',(-2.083745222685E-1,-1.494475212308E0,
-1.959645071199E-1));
#603=CARTESIAN_POINT('',(-2.219269467603E-1,-1.506067473795E0,
6.015822937867E-2));
#604=CARTESIAN_POINT('',(-2.354793712520E-1,-1.474083649617E0,
3.145403664679E-1));
#605=CARTESIAN_POINT('',(-2.490317957437E-1,-1.399449149710E0,
5.598216908758E-1));
#606=CARTESIAN_POINT('',(-2.625842202355E-1,-1.284323425386E0,
7.889053094042E-1));
#607=CARTESIAN_POINT('',(-2.761366447272E-1,-1.132037488376E0,
9.951629882148E-1));
#608=CARTESIAN_POINT('',(-2.896890692189E-1,-9.469975323981E-1,
1.172626932077E0));
#609=CARTESIAN_POINT('',(-3.032414937107E-1,-7.345574457208E-1,
1.316162454690E0));
#610=CARTESIAN_POINT('',(-3.167939182024E-1,-5.008639034319E-1,
1.421616544093E0));
#611=CARTESIAN_POINT('',(-3.303463426941E-1,-2.526785214630E-1,
1.485938024613E0));
#612=CARTESIAN_POINT('',(-3.438987671859E-1,2.817781892985E-3,
1.507265838632E0));
#613=CARTESIAN_POINT('',(-3.574511916776E-1,2.582325564281E-1,
1.484982893841E0));
#614=CARTESIAN_POINT('',(-3.710036161694E-1,5.061757108639E-1,
1.419733918004E0));
#615=CARTESIAN_POINT('',(-3.845560406611E-1,7.394733354433E-1,
1.313406804600E0));
#616=CARTESIAN_POINT('',(-3.981084651528E-1,9.513752695939E-1,
1.169077989103E0));
#617=CARTESIAN_POINT('',(-4.116608896446E-1,1.135750408965E0,
9.909234363650E-1));
#618=CARTESIAN_POINT('',(-4.252133141363E-1,1.287264100883E0,
7.840978145469E-1));
#619=CARTESIAN_POINT('',(-4.387657386280E-1,1.401532495531E0,
5.545853515651E-1));
#620=CARTESIAN_POINT('',(-4.523181631198E-1,1.475249386882E0,
3.090266893091E-1));
#621=CARTESIAN_POINT('',(-4.658705876115E-1,1.506281873435E0,
5.452674538435E-2));
#622=CARTESIAN_POINT('',(-4.794230121032E-1,1.493732070921E0,
-2.015508583537E-1));
#623=CARTESIAN_POINT('',(-4.929754365950E-1,1.437963091404E0,
-4.517968525335E-1));
#624=CARTESIAN_POINT('',(-5.065278610867E-1,1.340588537113E0,
-6.889706977524E-1));
#625=CARTESIAN_POINT('',(-5.200802855785E-1,1.204425812975E0,
-9.062100800811E-1));
#626=CARTESIAN_POINT('',(-5.336327100702E-1,1.033414608704E0,
-1.097229463111E0));
#627=CARTESIAN_POINT('',(-5.471851345619E-1,8.325029090491E-1,
-1.256501951700E0));
#628=CARTESIAN_POINT('',(-5.607375590537E-1,6.075038303515E-1,
-1.379419205430E0));
#629=CARTESIAN_POINT('',(-5.742899835454E-1,3.649274256496E-1,
-1.462424774889E0));
#630=CARTESIAN_POINT('',(-5.878424080371E-1,1.117923248406E-1,
-1.503117002867E0));
#631=CARTESIAN_POINT('',(-6.013948325289E-1,-1.445773401642E-1,
-1.500318513154E0));
#632=CARTESIAN_POINT('',(-6.149472570206E-1,-3.967638495839E-1,
-1.454110276377E0));
#633=CARTESIAN_POINT('',(-6.284996815123E-1,-6.374705177542E-1,
-1.365829267220E0));
#634=CARTESIAN_POINT('',(-6.420521060041E-1,-8.597328131505E-1,
-1.238029780818E0));
#635=CARTESIAN_POINT('',(-6.556045304958E-1,-1.057119867967E0,
-1.074409527578E0));
#636=CARTESIAN_POINT('',(-6.691569549876E-1,-1.223920546835E0,
-8.797026447816E-1));
#637=CARTESIAN_POINT('',(-6.827093794793E-1,-1.355308691033E0,
-6.595427205363E-1));
#638=CARTESIAN_POINT('',(-6.962618039710E-1,-1.447482757049E0,
-4.202997932984E-1));
#639=CARTESIAN_POINT('',(-7.098142284628E-1,-1.497775809259E0,
-1.688960431698E-1));
#640=CARTESIAN_POINT('',(-7.233666529545E-1,-1.504732684206E0,
8.739449229793E-2));
#641=CARTESIAN_POINT('',(-7.369190774462E-1,-1.468152093842E0,
3.411563828331E-1));
#642=CARTESIAN_POINT('',(-7.504715019380E-1,-1.389092449540E0,
5.850473611866E-1));
#643=CARTESIAN_POINT('',(-7.640239264297E-1,-1.269841238345E0,
8.120107619977E-1));
#644=CARTESIAN_POINT('',(-7.775763509214E-1,-1.113848837539E0,
1.015479697145E0));
#645=CARTESIAN_POINT('',(-7.911287754132E-1,-9.256286825050E-1,
1.189567060037E0));
#646=CARTESIAN_POINT('',(-8.046811999049E-1,-7.106266763976E-1,
1.329235861310E0));
#647=CARTESIAN_POINT('',(-8.182336243967E-1,-4.750636200805E-1,
1.430444967511E0));
#648=CARTESIAN_POINT('',(-8.317860488884E-1,-2.257552214203E-1,
1.490266025984E0));
#649=CARTESIAN_POINT('',(-8.453384733801E-1,3.008510827597E-2,
1.506968192916E0));
#650=CARTESIAN_POINT('',(-8.588908978719E-1,2.850549648500E-1,
1.480068213028E0));
#651=CARTESIAN_POINT('',(-8.724433223636E-1,5.317771301404E-1,
1.410344401932E0));
#652=CARTESIAN_POINT('',(-8.859957468553E-1,7.631130221086E-1,
1.299814126592E0));
#653=CARTESIAN_POINT('',(-8.995481713471E-1,9.723692403405E-1,
1.151675435459E0));
#654=CARTESIAN_POINT('',(-9.131005958388E-1,1.153491230803E0,
9.702145271337E-1));
#655=CARTESIAN_POINT('',(-9.266530203305E-1,1.301238466418E0,
7.606817348374E-1));
#656=CARTESIAN_POINT('',(-9.402054448223E-1,1.411336074836E0,
5.291396149110E-1));
#657=CARTESIAN_POINT('',(-9.537578693140E-1,1.480598526256E0,
2.822875347038E-1));
#658=CARTESIAN_POINT('',(-9.673102938058E-1,1.507021802552E0,
2.726783517230E-2));
#659=CARTESIAN_POINT('',(-9.808627182975E-1,1.489841380902E0,
-2.285408233819E-1));
#660=CARTESIAN_POINT('',(-9.944151427892E-1,1.429554354260E0,
-4.777369531632E-1));
#661=CARTESIAN_POINT('',(-1.007967567281E0,1.327905048616E0,
-7.131103912173E-1));
#662=CARTESIAN_POINT('',(-1.021519991773E0,1.187834553217E0,
-9.278509160332E-1));
#663=CARTESIAN_POINT('',(-1.035072416264E0,1.013395624012E0,-1.115745292365E0));
#664=CARTESIAN_POINT('',(-1.048624840756E0,8.096354224710E-1,
-1.271357043037E0));
#665=CARTESIAN_POINT('',(-1.062177265248E0,5.824494825984E-1,
-1.390183746280E0));
#666=CARTESIAN_POINT('',(-1.075729689740E0,3.384111313908E-1,
-1.468787307390E0));
#667=CARTESIAN_POINT('',(-1.089282114231E0,8.458129824887E-2,
-1.504893435492E0));
#668=CARTESIAN_POINT('',(-1.102834538723E0,-1.716957837480E-1,
-1.497457447156E0));
#669=CARTESIAN_POINT('',(-1.116386963215E0,-4.230050735866E-1,
-1.446694492946E0));
#670=CARTESIAN_POINT('',(-1.129939387707E0,-6.620752668E-1,-1.354073332317E0));
#671=CARTESIAN_POINT('',(-1.143491812198E0,-8.819891811185E-1,
-1.222273836990E0));
#672=CARTESIAN_POINT('',(-1.157044236690E0,-1.076383896061E0,
-1.055109452380E0));
#673=CARTESIAN_POINT('',(-1.170596661182E0,-1.239634855685E0,
-8.574168605591E-1));
#674=CARTESIAN_POINT('',(-1.184149085674E0,-1.367018607737E0,
-6.349160372065E-1));
#675=CARTESIAN_POINT('',(-1.197701510165E0,-1.454849470536E0,
-3.940447516218E-1));
#676=CARTESIAN_POINT('',(-1.211253934657E0,-1.500586173344E0,
-1.417722983184E-1));
#677=CARTESIAN_POINT('',(-1.224806359149E0,-1.502905384691E0,
1.146021503656E-1));
#678=CARTESIAN_POINT('',(-1.238358783640E0,-1.461740001241E0,
3.676607362402E-1));
#679=CARTESIAN_POINT('',(-1.251911208132E0,-1.378281089337E0,
6.100815412530E-1));
#680=CARTESIAN_POINT('',(-1.265463632624E0,-1.254943423057E0,
8.348504375798E-1));
#681=CARTESIAN_POINT('',(-1.279016057116E0,-1.095295615899E0,1.035464032207E0));
#682=CARTESIAN_POINT('',(-1.292568481607E0,-9.039568676311E-1,
1.206117834071E0));
#683=CARTESIAN_POINT('',(-1.306120906099E0,-6.864633138093E-1,
1.341874199392E0));
#684=CARTESIAN_POINT('',(-1.319673330591E0,-4.491078449609E-1,
1.438805195916E0));
#685=CARTESIAN_POINT('',(-1.333225755083E0,-1.987580300565E-1,
1.494106252478E0));
#686=CARTESIAN_POINT('',(-1.346778179574E0,5.734258758484E-2,1.506177305577E0));
#687=CARTESIAN_POINT('',(-1.360330604066E0,3.117840727145E-1,1.474669095172E0));
#688=CARTESIAN_POINT('',(-1.373883028558E0,5.572044949055E-1,1.400493269839E0));
#689=CARTESIAN_POINT('',(-1.387435453050E0,7.865029363474E-1,1.285796010250E0));
#690=CARTESIAN_POINT('',(-1.400987877541E0,9.930449475829E-1,1.133895929137E0));
#691=CARTESIAN_POINT('',(-1.414540302033E0,1.170854506596E0,9.491880632167E-1));
#692=CARTESIAN_POINT('',(-1.428092726525E0,1.314786927165E0,7.370166651733E-1));
#693=CARTESIAN_POINT('',(-1.441645151017E0,1.420677713607E0,5.035207366822E-1));
#694=CARTESIAN_POINT('',(-1.455197575508E0,1.485463054995E0,2.554558000118E-1));
#695=CARTESIAN_POINT('',(-1.464232525169E0,1.5E0,8.515239444314E-2));
#696=CARTESIAN_POINT('',(-1.46875E0,1.5E0,0.E0));
#698=DIRECTION('',(7.431448254774E-1,6.691306063589E-1,0.E0));
#699=VECTOR('',#698,4.610238860532E-1);
#700=CARTESIAN_POINT('',(-3.426075153419E-1,1.281514807579E0,0.E0));
#701=LINE('',#700,#699);
#702=DIRECTION('',(7.431448254774E-1,-6.691306063589E-1,0.E0));
#703=VECTOR('',#702,2.396806544349E-1);
#704=CARTESIAN_POINT('',(-1.781174381104E-1,-1.429622338365E0,0.E0));
#705=LINE('',#704,#703);
#706=CARTESIAN_POINT('',(-9.375E-1,-1.229367061317E0,0.E0));
#707=CARTESIAN_POINT('',(-9.328955688355E-1,-1.229367061317E0,
-7.113239337393E-2));
#708=CARTESIAN_POINT('',(-9.236430045352E-1,-1.217039369514E0,
-2.140878467375E-1));
#709=CARTESIAN_POINT('',(-9.095409301171E-1,-1.160367389563E0,
-4.253428731935E-1));
#710=CARTESIAN_POINT('',(-8.954919938917E-1,-1.067371083366E0,
-6.223640278011E-1));
#711=CARTESIAN_POINT('',(-8.817932652828E-1,-9.449719414821E-1,
-7.959940061490E-1));
#712=CARTESIAN_POINT('',(-8.677714043762E-1,-7.910050133088E-1,
-9.495344190267E-1));
#713=CARTESIAN_POINT('',(-8.536737424460E-1,-6.112329975631E-1,
-1.074010640810E0));
#714=CARTESIAN_POINT('',(-8.397443894386E-1,-4.147844047843E-1,
-1.163837544111E0));
#715=CARTESIAN_POINT('',(-8.260397201079E-1,-2.091929654954E-1,
-1.217590011284E0));
#716=CARTESIAN_POINT('',(-8.122883659556E-1,3.288690998931E-3,
-1.235615986876E0));
#717=CARTESIAN_POINT('',(-7.983548636269E-1,2.184689186592E-1,
-1.216114303611E0));
#718=CARTESIAN_POINT('',(-7.846163260634E-1,4.241197206011E-1,
-1.160437875676E0));
#719=CARTESIAN_POINT('',(-7.707571902803E-1,6.188333243314E-1,
-1.069494050143E0));
#720=CARTESIAN_POINT('',(-7.569079415572E-1,7.946265557594E-1,
-9.461092008317E-1));
#721=CARTESIAN_POINT('',(-7.431744815835E-1,9.452134763096E-1,
-7.955427671321E-1));
#722=CARTESIAN_POINT('',(-7.294385381202E-1,1.067951001539E0,
-6.214610604315E-1));
#723=CARTESIAN_POINT('',(-7.154080965077E-1,1.160610767787E0,
-4.245837511281E-1));
#724=CARTESIAN_POINT('',(-7.013248309832E-1,1.217108453506E0,
-2.135949672193E-1));
#725=CARTESIAN_POINT('',(-6.920928088221E-1,1.229367061317E0,
-7.095284350052E-2));
#726=CARTESIAN_POINT('',(-6.875E-1,1.229367061317E0,0.E0));
#728=CARTESIAN_POINT('',(-8.125E-1,1.229367061317E0,0.E0));
#729=CARTESIAN_POINT('',(-8.171098822562E-1,1.229367061317E0,
-7.121660555735E-2));
#730=CARTESIAN_POINT('',(-8.263342387619E-1,1.217032613199E0,
-2.137368585925E-1));
#731=CARTESIAN_POINT('',(-8.402901960727E-1,1.161035120098E0,
-4.227882801712E-1));
#732=CARTESIAN_POINT('',(-8.540486362188E-1,1.070839552534E0,
-6.161340281902E-1));
#733=CARTESIAN_POINT('',(-8.677935337089E-1,9.491528565620E-1,
-7.911166531633E-1));
#734=CARTESIAN_POINT('',(-8.818350603277E-1,7.956936961308E-1,
-9.456191766520E-1));
#735=CARTESIAN_POINT('',(-8.959668005214E-1,6.160998493976E-1,
-1.071280095134E0));
#736=CARTESIAN_POINT('',(-9.099314553505E-1,4.195263652120E-1,
-1.162128501024E0));
#737=CARTESIAN_POINT('',(-9.236812687697E-1,2.134927174365E-1,
-1.217050426507E0));
#738=CARTESIAN_POINT('',(-9.377887358936E-1,-4.480434525117E-3,
-1.235890112516E0));
#739=CARTESIAN_POINT('',(-9.518845619269E-1,-2.221546164910E-1,
-1.215543587816E0));
#740=CARTESIAN_POINT('',(-9.656982737838E-1,-4.286995086352E-1,
-1.158739952621E0));
#741=CARTESIAN_POINT('',(-9.794615103134E-1,-6.217164780688E-1,
-1.067702558455E0));
#742=CARTESIAN_POINT('',(-9.932927541861E-1,-7.970864632192E-1,
-9.441910508188E-1));
#743=CARTESIAN_POINT('',(-1.007222767516E0,-9.492565027638E-1,
-7.908899804269E-1));
#744=CARTESIAN_POINT('',(-1.020962599025E0,-1.071053511736E0,
-6.160457761951E-1));
#745=CARTESIAN_POINT('',(-1.034922926350E0,-1.162188316329E0,
-4.196934436454E-1));
#746=CARTESIAN_POINT('',(-1.048718544463E0,-1.217032276986E0,
-2.128936127790E-1));
#747=CARTESIAN_POINT('',(-1.057912615967E0,-1.229367061317E0,
-7.086903766438E-2));
#748=CARTESIAN_POINT('',(-1.0625E0,-1.229367061317E0,0.E0));
#750=DIRECTION('',(-1.E0,0.E0,0.E0));
#751=VECTOR('',#750,1.25E-1);
#752=CARTESIAN_POINT('',(-6.875E-1,1.229367061317E0,0.E0));
#753=LINE('',#752,#751);
#754=CARTESIAN_POINT('',(-1.3125E0,1.229367061317E0,0.E0));
#755=CARTESIAN_POINT('',(-1.317102762317E0,1.229367061317E0,
-7.110661188396E-2));
#756=CARTESIAN_POINT('',(-1.326351906276E0,1.217055563903E0,
-2.140128817246E-1));
#757=CARTESIAN_POINT('',(-1.340453215815E0,1.160380928092E0,
-4.252457834562E-1));
#758=CARTESIAN_POINT('',(-1.354491912074E0,1.067537760097E0,
-6.221804014134E-1));
#759=CARTESIAN_POINT('',(-1.368227615257E0,9.446752009852E-1,
-7.961666945397E-1));
#760=CARTESIAN_POINT('',(-1.381952057158E0,7.941076389798E-1,
-9.465575036392E-1));
#761=CARTESIAN_POINT('',(-1.395826837402E0,6.179056212679E-1,
-1.070048118571E0));
#762=CARTESIAN_POINT('',(-1.409686375418E0,4.230964136135E-1,
-1.160809818061E0));
#763=CARTESIAN_POINT('',(-1.423426236682E0,2.173775748272E-1,
-1.216305061431E0));
#764=CARTESIAN_POINT('',(-1.437345309734E0,2.404479951105E-3,
-1.235602492509E0));
#765=CARTESIAN_POINT('',(-1.451086871730E0,-2.099146335685E-1,
-1.217467559582E0));
#766=CARTESIAN_POINT('',(-1.464799356210E0,-4.155889048254E-1,
-1.163553744008E0));
#767=CARTESIAN_POINT('',(-1.478723362653E0,-6.118997722194E-1,
-1.073622400725E0));
#768=CARTESIAN_POINT('',(-1.492808830178E0,-7.914373768100E-1,
-9.491459567963E-1));
#769=CARTESIAN_POINT('',(-1.506800928647E0,-9.450324774592E-1,
-7.958892879763E-1));
#770=CARTESIAN_POINT('',(-1.520490194948E0,-1.067356718671E0,
-6.223886290604E-1));
#771=CARTESIAN_POINT('',(-1.534541198667E0,-1.160370033555E0,
-4.253393578028E-1));
#772=CARTESIAN_POINT('',(-1.548642808999E0,-1.217038266764E0,
-2.140906561514E-1));
#773=CARTESIAN_POINT('',(-1.557895544068E0,-1.229367061317E0,
-7.113277599843E-2));
#774=CARTESIAN_POINT('',(-1.5625E0,-1.229367061317E0,0.E0));
#776=DIRECTION('',(-1.E0,0.E0,1.466162995303E-14));
#777=VECTOR('',#776,1.25E-1);
#778=CARTESIAN_POINT('',(-1.1875E0,1.229367061317E0,0.E0));
#779=LINE('',#778,#777);
#780=CARTESIAN_POINT('',(-1.4375E0,-1.229367061317E0,0.E0));
#781=CARTESIAN_POINT('',(-1.432912615967E0,-1.229367061317E0,
-7.086903766438E-2));
#782=CARTESIAN_POINT('',(-1.423718544463E0,-1.217032276986E0,
-2.128936127790E-1));
#783=CARTESIAN_POINT('',(-1.409922926350E0,-1.162188316329E0,
-4.196934436453E-1));
#784=CARTESIAN_POINT('',(-1.395962599025E0,-1.071053511736E0,
-6.160457761951E-1));
#785=CARTESIAN_POINT('',(-1.382222767516E0,-9.492565027638E-1,
-7.908899804269E-1));
#786=CARTESIAN_POINT('',(-1.368292754186E0,-7.970864632192E-1,
-9.441910508188E-1));
#787=CARTESIAN_POINT('',(-1.354461510313E0,-6.217164780688E-1,
-1.067702558455E0));
#788=CARTESIAN_POINT('',(-1.340698273784E0,-4.286995086352E-1,
-1.158739952621E0));
#789=CARTESIAN_POINT('',(-1.326884561927E0,-2.221546164910E-1,
-1.215543587816E0));
#790=CARTESIAN_POINT('',(-1.312788735894E0,-4.480434525115E-3,
-1.235890112516E0));
#791=CARTESIAN_POINT('',(-1.298681268770E0,2.134927174365E-1,
-1.217050426507E0));
#792=CARTESIAN_POINT('',(-1.284931455351E0,4.195263652120E-1,
-1.162128501024E0));
#793=CARTESIAN_POINT('',(-1.270966800521E0,6.160998493976E-1,
-1.071280095134E0));
#794=CARTESIAN_POINT('',(-1.256835060328E0,7.956936961308E-1,
-9.456191766520E-1));
#795=CARTESIAN_POINT('',(-1.242793533709E0,9.491528565620E-1,
-7.911166531633E-1));
#796=CARTESIAN_POINT('',(-1.229048636219E0,1.070839552534E0,
-6.161340281902E-1));
#797=CARTESIAN_POINT('',(-1.215290196073E0,1.161035120098E0,
-4.227882801712E-1));
#798=CARTESIAN_POINT('',(-1.201334238762E0,1.217032613199E0,
-2.137368585925E-1));
#799=CARTESIAN_POINT('',(-1.192109882256E0,1.229367061317E0,
-7.121660555735E-2));
#800=CARTESIAN_POINT('',(-1.1875E0,1.229367061317E0,0.E0));
#802=CARTESIAN_POINT('',(-1.8125E0,1.229367061317E0,0.E0));
#803=CARTESIAN_POINT('',(-1.817108920971E0,1.229367061317E0,
-7.120175496467E-2));
#804=CARTESIAN_POINT('',(-1.826329767529E0,1.217031680389E0,
-2.136660843534E-1));
#805=CARTESIAN_POINT('',(-1.840266699673E0,1.161146970898E0,
-4.224407141513E-1));
#806=CARTESIAN_POINT('',(-1.854019348757E0,1.071067326494E0,
-6.157403369762E-1));
#807=CARTESIAN_POINT('',(-1.867766113066E0,9.494243194251E-1,
-7.907882377212E-1));
#808=CARTESIAN_POINT('',(-1.881803578593E0,7.960669388518E-1,
-9.453045235332E-1));
#809=CARTESIAN_POINT('',(-1.895935667864E0,6.165160963879E-1,
-1.071032184969E0));
#810=CARTESIAN_POINT('',(-1.909891839489E0,4.201071293877E-1,
-1.161926634272E0));
#811=CARTESIAN_POINT('',(-1.923668178139E0,2.136979205300E-1,
-1.217040645568E0));
#812=CARTESIAN_POINT('',(-1.937793669458E0,-4.557354840586E-3,
-1.235899632592E0));
#813=CARTESIAN_POINT('',(-1.951898114350E0,-2.223641386266E-1,
-1.215514157406E0));
#814=CARTESIAN_POINT('',(-1.965714969688E0,-4.289371333604E-1,
-1.158638111929E0));
#815=CARTESIAN_POINT('',(-1.979459855626E0,-6.216964723224E-1,
-1.067717615030E0));
#816=CARTESIAN_POINT('',(-1.993315747631E0,-7.973703163887E-1,
-9.439755008774E-1));
#817=CARTESIAN_POINT('',(-2.007248739142E0,-9.495134948801E-1,
-7.905777829205E-1));
#818=CARTESIAN_POINT('',(-2.020987190344E0,-1.071239985527E0,
-6.157126573359E-1));
#819=CARTESIAN_POINT('',(-2.034935619312E0,-1.162239804090E0,
-4.195024451964E-1));
#820=CARTESIAN_POINT('',(-2.048714102443E0,-1.217012263569E0,
-2.129603211850E-1));
#821=CARTESIAN_POINT('',(-2.057909871381E0,-1.229367061317E0,
-7.091143790290E-2));
#822=CARTESIAN_POINT('',(-2.0625E0,-1.229367061317E0,0.E0));
#824=DIRECTION('',(-1.E0,0.E0,1.646666307562E-14));
#825=VECTOR('',#824,1.25E-1);
#826=CARTESIAN_POINT('',(-1.6875E0,1.229367061317E0,0.E0));
#827=LINE('',#826,#825);
#828=CARTESIAN_POINT('',(-1.9375E0,-1.229367061317E0,0.E0));
#829=CARTESIAN_POINT('',(-1.932895544068E0,-1.229367061317E0,
-7.113277599835E-2));
#830=CARTESIAN_POINT('',(-1.923642808999E0,-1.217038266764E0,
-2.140906561512E-1));
#831=CARTESIAN_POINT('',(-1.909541198667E0,-1.160370033555E0,
-4.253393578028E-1));
#832=CARTESIAN_POINT('',(-1.895490194948E0,-1.067356718671E0,
-6.223886290605E-1));
#833=CARTESIAN_POINT('',(-1.881800928647E0,-9.450324774592E-1,
-7.958892879763E-1));
#834=CARTESIAN_POINT('',(-1.867808830178E0,-7.914373768100E-1,
-9.491459567963E-1));
#835=CARTESIAN_POINT('',(-1.853723362653E0,-6.118997722194E-1,
-1.073622400725E0));
#836=CARTESIAN_POINT('',(-1.839799356210E0,-4.155889048254E-1,
-1.163553744008E0));
#837=CARTESIAN_POINT('',(-1.826086871730E0,-2.099146335685E-1,
-1.217467559582E0));
#838=CARTESIAN_POINT('',(-1.812345309734E0,2.404479951109E-3,
-1.235602492509E0));
#839=CARTESIAN_POINT('',(-1.798426236682E0,2.173775748272E-1,
-1.216305061431E0));
#840=CARTESIAN_POINT('',(-1.784686375418E0,4.230964136135E-1,
-1.160809818061E0));
#841=CARTESIAN_POINT('',(-1.770826837402E0,6.179056212679E-1,
-1.070048118571E0));
#842=CARTESIAN_POINT('',(-1.756952057158E0,7.941076389798E-1,
-9.465575036392E-1));
#843=CARTESIAN_POINT('',(-1.743227615257E0,9.446752009852E-1,
-7.961666945397E-1));
#844=CARTESIAN_POINT('',(-1.729491912074E0,1.067537760097E0,
-6.221804014134E-1));
#845=CARTESIAN_POINT('',(-1.715453215815E0,1.160380928092E0,
-4.252457834562E-1));
#846=CARTESIAN_POINT('',(-1.701351906276E0,1.217055563903E0,
-2.140128817246E-1));
#847=CARTESIAN_POINT('',(-1.692102762317E0,1.229367061317E0,
-7.110661188396E-2));
#848=CARTESIAN_POINT('',(-1.6875E0,1.229367061317E0,0.E0));
#850=CARTESIAN_POINT('',(-2.3125E0,1.229367061317E0,0.E0));
#851=CARTESIAN_POINT('',(-2.317092808822E0,1.229367061317E0,
-7.095284350048E-2));
#852=CARTESIAN_POINT('',(-2.326324830983E0,1.217108453506E0,
-2.135949672192E-1));
#853=CARTESIAN_POINT('',(-2.340408096508E0,1.160610767787E0,
-4.245837511279E-1));
#854=CARTESIAN_POINT('',(-2.354438538120E0,1.067951001539E0,
-6.214610604311E-1));
#855=CARTESIAN_POINT('',(-2.368174481584E0,9.452134763099E-1,
-7.955427671317E-1));
#856=CARTESIAN_POINT('',(-2.381907941557E0,7.946265557599E-1,
-9.461092008313E-1));
#857=CARTESIAN_POINT('',(-2.395757190280E0,6.188333243321E-1,
-1.069494050142E0));
#858=CARTESIAN_POINT('',(-2.409616326063E0,4.241197206020E-1,
-1.160437875676E0));
#859=CARTESIAN_POINT('',(-2.423354863627E0,2.184689186603E-1,
-1.216114303611E0));
#860=CARTESIAN_POINT('',(-2.437288365956E0,3.288691000160E-3,
-1.235615986876E0));
#861=CARTESIAN_POINT('',(-2.451039720108E0,-2.091929654941E-1,
-1.217590011284E0));
#862=CARTESIAN_POINT('',(-2.464744389439E0,-4.147844047829E-1,
-1.163837544112E0));
#863=CARTESIAN_POINT('',(-2.478673742446E0,-6.112329975616E-1,
-1.074010640810E0));
#864=CARTESIAN_POINT('',(-2.492771404376E0,-7.910050133075E-1,
-9.495344190279E-1));
#865=CARTESIAN_POINT('',(-2.506793265283E0,-9.449719414806E-1,
-7.959940061505E-1));
#866=CARTESIAN_POINT('',(-2.520491993892E0,-1.067371083365E0,
-6.223640278030E-1));
#867=CARTESIAN_POINT('',(-2.534540930118E0,-1.160367389568E0,
-4.253428731816E-1));
#868=CARTESIAN_POINT('',(-2.548643004537E0,-1.217039369518E0,
-2.140878467151E-1));
#869=CARTESIAN_POINT('',(-2.557895568836E0,-1.229367061317E0,
-7.113239336408E-2));
#870=CARTESIAN_POINT('',(-2.5625E0,-1.229367061317E0,0.E0));
#872=DIRECTION('',(-1.E0,0.E0,0.E0));
#873=VECTOR('',#872,1.25E-1);
#874=CARTESIAN_POINT('',(-2.1875E0,1.229367061317E0,0.E0));
#875=LINE('',#874,#873);
#876=CARTESIAN_POINT('',(-2.4375E0,-1.229367061317E0,0.E0));
#877=CARTESIAN_POINT('',(-2.432909871389E0,-1.229367061317E0,
-7.091143776915E-2));
#878=CARTESIAN_POINT('',(-2.423714102468E0,-1.217012263598E0,
-2.129603207941E-1));
#879=CARTESIAN_POINT('',(-2.409935619368E0,-1.162239804405E0,
-4.195024443788E-1));
#880=CARTESIAN_POINT('',(-2.395987190408E0,-1.071239985897E0,
-6.157126564120E-1));
#881=CARTESIAN_POINT('',(-2.382248739304E0,-9.495134967241E-1,
-7.905777810985E-1));
#882=CARTESIAN_POINT('',(-2.368315747550E0,-7.973703148661E-1,
-9.439755016210E-1));
#883=CARTESIAN_POINT('',(-2.354459856578E0,-6.216964858956E-1,
-1.067717605997E0));
#884=CARTESIAN_POINT('',(-2.340714966813E0,-4.289370919599E-1,
-1.158638140695E0));
#885=CARTESIAN_POINT('',(-2.326898128173E0,-2.223643381031E-1,
-1.215514033818E0));
#886=CARTESIAN_POINT('',(-2.312793847620E0,-4.560102678946E-3,
-1.235899459302E0));
#887=CARTESIAN_POINT('',(-2.298668618416E0,2.136910867691E-1,
-1.217041396572E0));
#888=CARTESIAN_POINT('',(-2.284892694024E0,4.200946965227E-1,
-1.161931236614E0));
#889=CARTESIAN_POINT('',(-2.270935957119E0,6.165124113519E-1,
-1.071034833945E0));
#890=CARTESIAN_POINT('',(-2.256803696263E0,7.960656099324E-1,
-9.453057459502E-1));
#891=CARTESIAN_POINT('',(-2.242766100177E0,9.494244909868E-1,
-7.907881312865E-1));
#892=CARTESIAN_POINT('',(-2.229019352326E0,1.071067279679E0,
-6.157403670693E-1));
#893=CARTESIAN_POINT('',(-2.215266698617E0,1.161146984031E0,
-4.224407046784E-1));
#894=CARTESIAN_POINT('',(-2.201329767789E0,1.217031676758E0,
-2.136660864169E-1));
#895=CARTESIAN_POINT('',(-2.192108920964E0,1.229367061317E0,
-7.120175486307E-2));
#896=CARTESIAN_POINT('',(-2.1875E0,1.229367061317E0,0.E0));
#898=CARTESIAN_POINT('',(-2.8125E0,1.229367061317E0,0.E0));
#899=CARTESIAN_POINT('',(-2.817109882256E0,1.229367061317E0,
-7.121660555735E-2));
#900=CARTESIAN_POINT('',(-2.826334238762E0,1.217032613199E0,
-2.137368585925E-1));
#901=CARTESIAN_POINT('',(-2.840290196073E0,1.161035120098E0,
-4.227882801712E-1));
#902=CARTESIAN_POINT('',(-2.854048636219E0,1.070839552534E0,
-6.161340281902E-1));
#903=CARTESIAN_POINT('',(-2.867793533709E0,9.491528565620E-1,
-7.911166531633E-1));
#904=CARTESIAN_POINT('',(-2.881835060328E0,7.956936961308E-1,
-9.456191766520E-1));
#905=CARTESIAN_POINT('',(-2.895966800521E0,6.160998493976E-1,
-1.071280095134E0));
#906=CARTESIAN_POINT('',(-2.909931455351E0,4.195263652120E-1,
-1.162128501024E0));
#907=CARTESIAN_POINT('',(-2.923681268770E0,2.134927174365E-1,
-1.217050426507E0));
#908=CARTESIAN_POINT('',(-2.937788735894E0,-4.480434525108E-3,
-1.235890112516E0));
#909=CARTESIAN_POINT('',(-2.951884561927E0,-2.221546164910E-1,
-1.215543587816E0));
#910=CARTESIAN_POINT('',(-2.965698273784E0,-4.286995086352E-1,
-1.158739952621E0));
#911=CARTESIAN_POINT('',(-2.979461510313E0,-6.217164780688E-1,
-1.067702558455E0));
#912=CARTESIAN_POINT('',(-2.993292754186E0,-7.970864632192E-1,
-9.441910508187E-1));
#913=CARTESIAN_POINT('',(-3.007222767516E0,-9.492565027638E-1,
-7.908899804269E-1));
#914=CARTESIAN_POINT('',(-3.020962599025E0,-1.071053511736E0,
-6.160457761951E-1));
#915=CARTESIAN_POINT('',(-3.034922926350E0,-1.162188316329E0,
-4.196934436453E-1));
#916=CARTESIAN_POINT('',(-3.048718544463E0,-1.217032276986E0,
-2.128936127790E-1));
#917=CARTESIAN_POINT('',(-3.057912615967E0,-1.229367061317E0,
-7.086903766438E-2));
#918=CARTESIAN_POINT('',(-3.0625E0,-1.229367061317E0,0.E0));
#920=DIRECTION('',(-1.E0,0.E0,1.244985936622E-14));
#921=VECTOR('',#920,1.25E-1);
#922=CARTESIAN_POINT('',(-2.6875E0,1.229367061317E0,0.E0));
#923=LINE('',#922,#921);
#924=CARTESIAN_POINT('',(-2.9375E0,-1.229367061317E0,0.E0));
#925=CARTESIAN_POINT('',(-2.932895568836E0,-1.229367061317E0,
-7.113239337251E-2));
#926=CARTESIAN_POINT('',(-2.923643004535E0,-1.217039369515E0,
-2.140878467343E-1));
#927=CARTESIAN_POINT('',(-2.909540930117E0,-1.160367389564E0,
-4.253428731918E-1));
#928=CARTESIAN_POINT('',(-2.895491993892E0,-1.067371083366E0,
-6.223640278014E-1));
#929=CARTESIAN_POINT('',(-2.881793265283E0,-9.449719414819E-1,
-7.959940061492E-1));
#930=CARTESIAN_POINT('',(-2.867771404376E0,-7.910050133086E-1,
-9.495344190269E-1));
#931=CARTESIAN_POINT('',(-2.853673742446E0,-6.112329975629E-1,
-1.074010640810E0));
#932=CARTESIAN_POINT('',(-2.839744389439E0,-4.147844047841E-1,
-1.163837544111E0));
#933=CARTESIAN_POINT('',(-2.826039720108E0,-2.091929654952E-1,
-1.217590011284E0));
#934=CARTESIAN_POINT('',(-2.812288365956E0,3.288690999112E-3,
-1.235615986876E0));
#935=CARTESIAN_POINT('',(-2.798354863627E0,2.184689186594E-1,
-1.216114303611E0));
#936=CARTESIAN_POINT('',(-2.784616326063E0,4.241197206012E-1,
-1.160437875676E0));
#937=CARTESIAN_POINT('',(-2.770757190280E0,6.188333243315E-1,
-1.069494050142E0));
#938=CARTESIAN_POINT('',(-2.756907941557E0,7.946265557595E-1,
-9.461092008316E-1));
#939=CARTESIAN_POINT('',(-2.743174481584E0,9.452134763096E-1,
-7.955427671320E-1));
#940=CARTESIAN_POINT('',(-2.729438538120E0,1.067951001539E0,
-6.214610604314E-1));
#941=CARTESIAN_POINT('',(-2.715408096508E0,1.160610767787E0,
-4.245837511281E-1));
#942=CARTESIAN_POINT('',(-2.701324830983E0,1.217108453506E0,
-2.135949672193E-1));
#943=CARTESIAN_POINT('',(-2.692092808822E0,1.229367061317E0,
-7.095284350052E-2));
#944=CARTESIAN_POINT('',(-2.6875E0,1.229367061317E0,0.E0));
#946=CARTESIAN_POINT('',(-3.4375E0,-1.229367061317E0,0.E0));
#947=CARTESIAN_POINT('',(-3.432912615967E0,-1.229367061317E0,
-7.086903766438E-2));
#948=CARTESIAN_POINT('',(-3.423718544463E0,-1.217032276986E0,
-2.128936127790E-1));
#949=CARTESIAN_POINT('',(-3.409922926350E0,-1.162188316329E0,
-4.196934436453E-1));
#950=CARTESIAN_POINT('',(-3.395962599025E0,-1.071053511736E0,
-6.160457761951E-1));
#951=CARTESIAN_POINT('',(-3.382222767516E0,-9.492565027638E-1,
-7.908899804269E-1));
#952=CARTESIAN_POINT('',(-3.368292754186E0,-7.970864632192E-1,
-9.441910508187E-1));
#953=CARTESIAN_POINT('',(-3.354461510313E0,-6.217164780688E-1,
-1.067702558455E0));
#954=CARTESIAN_POINT('',(-3.340698273784E0,-4.286995086352E-1,
-1.158739952621E0));
#955=CARTESIAN_POINT('',(-3.326884561927E0,-2.221546164910E-1,
-1.215543587816E0));
#956=CARTESIAN_POINT('',(-3.312788735894E0,-4.480434525113E-3,
-1.235890112516E0));
#957=CARTESIAN_POINT('',(-3.298681268770E0,2.134927174365E-1,
-1.217050426507E0));
#958=CARTESIAN_POINT('',(-3.284931455351E0,4.195263652120E-1,
-1.162128501024E0));
#959=CARTESIAN_POINT('',(-3.270966800521E0,6.160998493976E-1,
-1.071280095134E0));
#960=CARTESIAN_POINT('',(-3.256835060328E0,7.956936961308E-1,
-9.456191766520E-1));
#961=CARTESIAN_POINT('',(-3.242793533709E0,9.491528565620E-1,
-7.911166531633E-1));
#962=CARTESIAN_POINT('',(-3.229048636219E0,1.070839552534E0,
-6.161340281902E-1));
#963=CARTESIAN_POINT('',(-3.215290196073E0,1.161035120098E0,
-4.227882801712E-1));
#964=CARTESIAN_POINT('',(-3.201334238762E0,1.217032613199E0,
-2.137368585925E-1));
#965=CARTESIAN_POINT('',(-3.192109882256E0,1.229367061317E0,
-7.121660555735E-2));
#966=CARTESIAN_POINT('',(-3.1875E0,1.229367061317E0,0.E0));
#968=CARTESIAN_POINT('',(-3.3125E0,1.229367061317E0,0.E0));
#969=CARTESIAN_POINT('',(-3.317102762317E0,1.229367061317E0,
-7.110661188396E-2));
#970=CARTESIAN_POINT('',(-3.326351906276E0,1.217055563903E0,
-2.140128817246E-1));
#971=CARTESIAN_POINT('',(-3.340453215815E0,1.160380928092E0,
-4.252457834562E-1));
#972=CARTESIAN_POINT('',(-3.354491912074E0,1.067537760097E0,
-6.221804014134E-1));
#973=CARTESIAN_POINT('',(-3.368227615257E0,9.446752009852E-1,
-7.961666945397E-1));
#974=CARTESIAN_POINT('',(-3.381952057158E0,7.941076389798E-1,
-9.465575036392E-1));
#975=CARTESIAN_POINT('',(-3.395826837402E0,6.179056212679E-1,
-1.070048118571E0));
#976=CARTESIAN_POINT('',(-3.409686375418E0,4.230964136135E-1,
-1.160809818061E0));
#977=CARTESIAN_POINT('',(-3.423426236682E0,2.173775748272E-1,
-1.216305061431E0));
#978=CARTESIAN_POINT('',(-3.437345309734E0,2.404479951121E-3,
-1.235602492509E0));
#979=CARTESIAN_POINT('',(-3.451086871730E0,-2.099146335684E-1,
-1.217467559582E0));
#980=CARTESIAN_POINT('',(-3.464799356210E0,-4.155889048254E-1,
-1.163553744008E0));
#981=CARTESIAN_POINT('',(-3.478723362653E0,-6.118997722194E-1,
-1.073622400725E0));
#982=CARTESIAN_POINT('',(-3.492808830178E0,-7.914373768100E-1,
-9.491459567963E-1));
#983=CARTESIAN_POINT('',(-3.506800928647E0,-9.450324774592E-1,
-7.958892879763E-1));
#984=CARTESIAN_POINT('',(-3.520490194948E0,-1.067356718671E0,
-6.223886290605E-1));
#985=CARTESIAN_POINT('',(-3.534541198667E0,-1.160370033555E0,
-4.253393578026E-1));
#986=CARTESIAN_POINT('',(-3.548642808999E0,-1.217038266764E0,
-2.140906561510E-1));
#987=CARTESIAN_POINT('',(-3.557895544068E0,-1.229367061317E0,
-7.113277599826E-2));
#988=CARTESIAN_POINT('',(-3.5625E0,-1.229367061317E0,0.E0));
#990=DIRECTION('',(-1.E0,0.E0,0.E0));
#991=VECTOR('',#990,1.25E-1);
#992=CARTESIAN_POINT('',(-3.1875E0,1.229367061317E0,0.E0));
#993=LINE('',#992,#991);
#994=CARTESIAN_POINT('',(-3.8125E0,1.229367061317E0,0.E0));
#995=CARTESIAN_POINT('',(-3.817108920971E0,1.229367061317E0,
-7.120175496467E-2));
#996=CARTESIAN_POINT('',(-3.826329767529E0,1.217031680389E0,
-2.136660843534E-1));
#997=CARTESIAN_POINT('',(-3.840266699673E0,1.161146970898E0,
-4.224407141513E-1));
#998=CARTESIAN_POINT('',(-3.854019348757E0,1.071067326494E0,
-6.157403369762E-1));
#999=CARTESIAN_POINT('',(-3.867766113066E0,9.494243194251E-1,
-7.907882377212E-1));
#1000=CARTESIAN_POINT('',(-3.881803578593E0,7.960669388518E-1,
-9.453045235332E-1));
#1001=CARTESIAN_POINT('',(-3.895935667864E0,6.165160963879E-1,
-1.071032184969E0));
#1002=CARTESIAN_POINT('',(-3.909891839489E0,4.201071293877E-1,
-1.161926634272E0));
#1003=CARTESIAN_POINT('',(-3.923668178139E0,2.136979205300E-1,
-1.217040645568E0));
#1004=CARTESIAN_POINT('',(-3.937793669458E0,-4.557354840602E-3,
-1.235899632592E0));
#1005=CARTESIAN_POINT('',(-3.951898114350E0,-2.223641386266E-1,
-1.215514157406E0));
#1006=CARTESIAN_POINT('',(-3.965714969688E0,-4.289371333605E-1,
-1.158638111929E0));
#1007=CARTESIAN_POINT('',(-3.979459855626E0,-6.216964723224E-1,
-1.067717615030E0));
#1008=CARTESIAN_POINT('',(-3.993315747631E0,-7.973703163887E-1,
-9.439755008774E-1));
#1009=CARTESIAN_POINT('',(-4.007248739142E0,-9.495134948801E-1,
-7.905777829205E-1));
#1010=CARTESIAN_POINT('',(-4.020987190344E0,-1.071239985527E0,
-6.157126573359E-1));
#1011=CARTESIAN_POINT('',(-4.034935619312E0,-1.162239804090E0,
-4.195024451964E-1));
#1012=CARTESIAN_POINT('',(-4.048714102443E0,-1.217012263569E0,
-2.129603211850E-1));
#1013=CARTESIAN_POINT('',(-4.057909871381E0,-1.229367061317E0,
-7.091143790289E-2));
#1014=CARTESIAN_POINT('',(-4.0625E0,-1.229367061317E0,0.E0));
#1016=DIRECTION('',(-1.E0,0.E0,2.069661393834E-14));
#1017=VECTOR('',#1016,1.25E-1);
#1018=CARTESIAN_POINT('',(-3.6875E0,1.229367061317E0,0.E0));
#1019=LINE('',#1018,#1017);
#1020=CARTESIAN_POINT('',(-3.9375E0,-1.229367061317E0,0.E0));
#1021=CARTESIAN_POINT('',(-3.932895544068E0,-1.229367061317E0,
-7.113277599832E-2));
#1022=CARTESIAN_POINT('',(-3.923642808999E0,-1.217038266764E0,
-2.140906561511E-1));
#1023=CARTESIAN_POINT('',(-3.909541198667E0,-1.160370033555E0,
-4.253393578027E-1));
#1024=CARTESIAN_POINT('',(-3.895490194948E0,-1.067356718671E0,
-6.223886290605E-1));
#1025=CARTESIAN_POINT('',(-3.881800928647E0,-9.450324774592E-1,
-7.958892879763E-1));
#1026=CARTESIAN_POINT('',(-3.867808830178E0,-7.914373768100E-1,
-9.491459567963E-1));
#1027=CARTESIAN_POINT('',(-3.853723362653E0,-6.118997722194E-1,
-1.073622400725E0));
#1028=CARTESIAN_POINT('',(-3.839799356210E0,-4.155889048254E-1,
-1.163553744008E0));
#1029=CARTESIAN_POINT('',(-3.826086871730E0,-2.099146335685E-1,
-1.217467559582E0));
#1030=CARTESIAN_POINT('',(-3.812345309734E0,2.404479951116E-3,
-1.235602492509E0));
#1031=CARTESIAN_POINT('',(-3.798426236682E0,2.173775748272E-1,
-1.216305061431E0));
#1032=CARTESIAN_POINT('',(-3.784686375418E0,4.230964136135E-1,
-1.160809818061E0));
#1033=CARTESIAN_POINT('',(-3.770826837402E0,6.179056212679E-1,
-1.070048118571E0));
#1034=CARTESIAN_POINT('',(-3.756952057158E0,7.941076389798E-1,
-9.465575036392E-1));
#1035=CARTESIAN_POINT('',(-3.743227615257E0,9.446752009852E-1,
-7.961666945397E-1));
#1036=CARTESIAN_POINT('',(-3.729491912074E0,1.067537760097E0,
-6.221804014134E-1));
#1037=CARTESIAN_POINT('',(-3.715453215815E0,1.160380928092E0,
-4.252457834562E-1));
#1038=CARTESIAN_POINT('',(-3.701351906276E0,1.217055563903E0,
-2.140128817246E-1));
#1039=CARTESIAN_POINT('',(-3.692102762317E0,1.229367061317E0,
-7.110661188396E-2));
#1040=CARTESIAN_POINT('',(-3.6875E0,1.229367061317E0,0.E0));
#1042=CARTESIAN_POINT('',(-4.1875E0,1.229367061317E0,0.E0));
#1043=CARTESIAN_POINT('',(-4.192235283359E0,1.229367061317E0,
-7.315388733785E-2));
#1044=CARTESIAN_POINT('',(-4.201705881679E0,1.216273447641E0,
-2.194607792091E-1));
#1045=CARTESIAN_POINT('',(-4.215912209487E0,1.157972564190E0,
-4.319531800743E-1));
#1046=CARTESIAN_POINT('',(-4.230117961042E0,1.062869163066E0,
-6.307075083906E-1));
#1047=CARTESIAN_POINT('',(-4.244323823615E0,9.339844253526E-1,
-8.094180302255E-1));
#1048=CARTESIAN_POINT('',(-4.258530614322E0,7.754030715397E-1,
-9.624117097634E-1));
#1049=CARTESIAN_POINT('',(-4.272737681877E0,5.921690741190E-1,
-1.084814064475E0));
#1050=CARTESIAN_POINT('',(-4.286944213362E0,3.901185565649E-1,
-1.172728251458E0));
#1051=CARTESIAN_POINT('',(-4.301150345539E0,1.756740512528E-1,
-1.223365705360E0));
#1052=CARTESIAN_POINT('',(-4.315357429977E0,-4.436911282707E-2,
-1.235118610572E0));
#1053=CARTESIAN_POINT('',(-4.329564408395E0,-2.630002146100E-1,
-1.207607535648E0));
#1054=CARTESIAN_POINT('',(-4.343770665018E0,-4.732604029424E-1,
-1.141712991814E0));
#1055=CARTESIAN_POINT('',(-4.357976851082E0,-6.684771876647E-1,
-1.039530056198E0));
#1056=CARTESIAN_POINT('',(-4.372183351718E0,-8.424501933124E-1,
-9.043024072351E-1));
#1057=CARTESIAN_POINT('',(-4.386389947760E0,-9.896453769908E-1,
-7.403288043684E-1));
#1058=CARTESIAN_POINT('',(-4.400596300602E0,-1.105381475633E0,
-5.528260782158E-1));
#1059=CARTESIAN_POINT('',(-4.414802961221E0,-1.185983652981E0,
-3.477468500955E-1));
#1060=CARTESIAN_POINT('',(-4.429009401892E0,-1.228886330344E0,
-1.316170558877E-1));
#1061=CARTESIAN_POINT('',(-4.443215702587E0,-1.232727498301E0,
8.869399466495E-2));
#1062=CARTESIAN_POINT('',(-4.457421560439E0,-1.197388086814E0,
3.061792717474E-1));
#1063=CARTESIAN_POINT('',(-4.471627896963E0,-1.123988414297E0,
5.139398234715E-1));
#1064=CARTESIAN_POINT('',(-4.485833705823E0,-1.014866355676E0,
7.053575504452E-1));
#1065=CARTESIAN_POINT('',(-4.500039527646E0,-8.734890845062E-1,
8.743572602008E-1));
#1066=CARTESIAN_POINT('',(-4.514245694223E0,-7.043448401075E-1,
1.015570011814E0));
#1067=CARTESIAN_POINT('',(-4.528451648147E0,-5.128158425575E-1,
1.124501181586E0));
#1068=CARTESIAN_POINT('',(-4.542657015784E0,-3.049965520587E-1,
1.197688917866E0));
#1069=CARTESIAN_POINT('',(-4.556862044201E0,-8.748952342020E-2,
1.232812813451E0));
#1070=CARTESIAN_POINT('',(-4.571067305427E0,1.328013981178E-1,
1.228757658378E0));
#1071=CARTESIAN_POINT('',(-4.585272028511E0,3.488639574385E-1,
1.185653554734E0));
#1072=CARTESIAN_POINT('',(-4.594741737905E0,4.855125880359E-1,
1.131800032340E0));
#1073=CARTESIAN_POINT('',(-4.599476545039E0,5.509036509120E-1,
1.099021628024E0));
#1075=CARTESIAN_POINT('',(-4.599476545039E0,0.E0,0.E0));
#1076=DIRECTION('',(1.E0,0.E0,0.E0));
#1077=DIRECTION('',(0.E0,4.481197424646E-1,8.939735434639E-1));
#1078=AXIS2_PLACEMENT_3D('',#1075,#1076,#1077);
#1080=CARTESIAN_POINT('',(-4.599476545039E0,-1.099021628024E0,
5.509036509120E-1));
#1081=CARTESIAN_POINT('',(-4.594695258027E0,-1.132121806003E0,
4.848706677753E-1));
#1082=CARTESIAN_POINT('',(-4.585132270596E0,-1.186389570436E0,
3.468177068678E-1));
#1083=CARTESIAN_POINT('',(-4.570786786037E0,-1.229348365619E0,
1.284827759232E-1));
#1084=CARTESIAN_POINT('',(-4.556439587650E0,-1.232464218736E0,
-9.404310760064E-2));
#1085=CARTESIAN_POINT('',(-4.542089224982E0,-1.195612950725E0,
-3.135685261663E-1));
#1086=CARTESIAN_POINT('',(-4.527739372787E0,-1.119987227397E0,
-5.229168722849E-1));
#1087=CARTESIAN_POINT('',(-4.513389759788E0,-1.008044116362E0,
-7.153044059713E-1));
#1088=CARTESIAN_POINT('',(-4.499040190040E0,-8.634125653558E-1,
-8.844956885678E-1));
#1089=CARTESIAN_POINT('',(-4.484690205631E0,-6.907768754872E-1,
-1.025008147570E0));
#1090=CARTESIAN_POINT('',(-4.470340408566E0,-4.957416954485E-1,
-1.132278022778E0));
#1091=CARTESIAN_POINT('',(-4.455991093789E0,-2.846375674596E-1,
-1.202827437701E0));
#1092=CARTESIAN_POINT('',(-4.441641916280E0,-6.430579507101E-2,
-1.234373428651E0));
#1093=CARTESIAN_POINT('',(-4.427292402579E0,1.581163697647E-1,
-1.225892367858E0));
#1094=CARTESIAN_POINT('',(-4.412943283473E0,3.754053022617E-1,
-1.177660047660E0));
#1095=CARTESIAN_POINT('',(-4.398594052652E0,5.805229486074E-1,
-1.091240498565E0));
#1096=CARTESIAN_POINT('',(-4.384244877920E0,7.668154146629E-1,
-9.694360195489E-1));
#1097=CARTESIAN_POINT('',(-4.369896123923E0,9.282383742151E-1,
-8.162012495800E-1));
#1098=CARTESIAN_POINT('',(-4.355547555575E0,1.059562962241E0,
-6.365046914212E-1));
#1099=CARTESIAN_POINT('',(-4.341198145501E0,1.156537832928E0,
-4.361582668363E-1));
#1100=CARTESIAN_POINT('',(-4.326848550922E0,1.216008699610E0,
-2.216647870288E-1));
#1101=CARTESIAN_POINT('',(-4.317282786880E0,1.229367061317E0,
-7.388775413077E-2));
#1102=CARTESIAN_POINT('',(-4.3125E0,1.229367061317E0,0.E0));
#1104=DIRECTION('',(-1.E0,0.E0,0.E0));
#1105=VECTOR('',#1104,1.25E-1);
#1106=CARTESIAN_POINT('',(-4.1875E0,1.229367061317E0,0.E0));
#1107=LINE('',#1106,#1105);
#1108=CARTESIAN_POINT('',(-9.995512633465E-2,9.748151059471E-1,
-1.140059432318E0));
#1109=CARTESIAN_POINT('',(-1.088124195095E-1,9.087042844607E-1,
-1.186094851235E0));
#1110=CARTESIAN_POINT('',(-1.265660550925E-1,7.697738987955E-1,
-1.266930333762E0));
#1111=CARTESIAN_POINT('',(-1.533522532049E-1,5.467753584623E-1,
-1.351867731031E0));
#1112=CARTESIAN_POINT('',(-1.801784049422E-1,3.163911294964E-1,
-1.398750932247E0));
#1113=CARTESIAN_POINT('',(-2.073405303713E-1,8.245385538931E-2,
-1.407241668324E0));
#1114=CARTESIAN_POINT('',(-2.345592747113E-1,-1.461337977463E-1,
-1.377226517143E0));
#1115=CARTESIAN_POINT('',(-2.615802586120E-1,-3.612700686369E-1,
-1.311669536574E0));
#1116=CARTESIAN_POINT('',(-2.888943411198E-1,-5.613555142198E-1,
-1.212392974777E0));
#1117=CARTESIAN_POINT('',(-3.167860583133E-1,-7.424094647457E-1,
-1.080579581395E0));
#1118=CARTESIAN_POINT('',(-3.449293235722E-1,-8.965739527388E-1,
-9.212844128758E-1));
#1119=CARTESIAN_POINT('',(-3.727910772825E-1,-1.017647082228E0,
-7.433442318721E-1));
#1120=CARTESIAN_POINT('',(-3.912973378550E-1,-1.075780265562E0,
-6.158068309186E-1));
#1121=CARTESIAN_POINT('',(-4.005234549606E-1,-1.099021628024E0,
-5.509036509120E-1));
#1123=CARTESIAN_POINT('',(-9.995512633465E-2,9.748151059471E-1,
-1.140059432318E0));
#1124=CARTESIAN_POINT('',(-1.044989195844E-1,9.097188638547E-1,
-1.195720390276E0));
#1125=CARTESIAN_POINT('',(-1.135865060838E-1,7.699695718089E-1,
-1.295863298920E0));
#1126=CARTESIAN_POINT('',(-1.272178858330E-1,5.378070095231E-1,
-1.408147222889E0));
#1127=CARTESIAN_POINT('',(-1.408492655822E-1,2.899025449064E-1,
-1.479213109462E0));
#1128=CARTESIAN_POINT('',(-1.544806453314E-1,3.351228862593E-2,
-1.506981042535E0));
#1129=CARTESIAN_POINT('',(-1.681120250806E-1,-2.238588882855E-1,
-1.490638160300E0));
#1130=CARTESIAN_POINT('',(-1.817434048298E-1,-4.746775022359E-1,
-1.430662852876E0));
#1131=CARTESIAN_POINT('',(-1.953747845790E-1,-7.116018427464E-1,
-1.328810651014E0));
#1132=CARTESIAN_POINT('',(-2.090061643282E-1,-9.276969054127E-1,
-1.188062869040E0));
#1133=CARTESIAN_POINT('',(-2.226375440774E-1,-1.116637377133E0,
-1.012539331099E0));
#1134=CARTESIAN_POINT('',(-2.362689238266E-1,-1.272892786612E0,
-8.073777819853E-1));
#1135=CARTESIAN_POINT('',(-2.499003035758E-1,-1.391889385984E0,
-5.785834997918E-1));
#1136=CARTESIAN_POINT('',(-2.635316833250E-1,-1.470144029037E0,
-3.328535157301E-1));
#1137=CARTESIAN_POINT('',(-2.771630630741E-1,-1.505366126243E0,
-7.738058547152E-2));
#1138=CARTESIAN_POINT('',(-2.907944428233E-1,-1.496524692553E0,
1.803573497975E-1));
#1139=CARTESIAN_POINT('',(-3.044258225725E-1,-1.443878525333E0,
4.328160499911E-1));
#1140=CARTESIAN_POINT('',(-3.180572023217E-1,-1.348968629109E0,
6.726058033695E-1));
#1141=CARTESIAN_POINT('',(-3.316885820709E-1,-1.214573108871E0,
8.927077305902E-1));
#1142=CARTESIAN_POINT('',(-3.453199618201E-1,-1.044625852231E0,
1.086679234134E0));
#1143=CARTESIAN_POINT('',(-3.589513415693E-1,-8.441013807122E-1,
1.248842579402E0));
#1144=CARTESIAN_POINT('',(-3.725827213185E-1,-6.188692406604E-1,
1.374451087530E0));
#1145=CARTESIAN_POINT('',(-3.862141010677E-1,-3.755221959148E-1,
1.459828075296E0));
#1146=CARTESIAN_POINT('',(-3.998454808169E-1,-1.211832511968E-1,
1.502474475216E0));
#1147=CARTESIAN_POINT('',(-4.134768605661E-1,1.367028451676E-1,
1.501141985680E0));
#1148=CARTESIAN_POINT('',(-4.271082403153E-1,3.905875162731E-1,
1.455869609951E0));
#1149=CARTESIAN_POINT('',(-4.407396200645E-1,6.330393108240E-1,
1.367982514508E0));
#1150=CARTESIAN_POINT('',(-4.543709998137E-1,8.569614289433E-1,
1.240053240128E0));
#1151=CARTESIAN_POINT('',(-4.680023795629E-1,1.055799452408E0,
1.075826401118E0));
#1152=CARTESIAN_POINT('',(-4.816337593121E-1,1.223733198847E0,
8.801090768123E-1));
#1153=CARTESIAN_POINT('',(-4.952651390613E-1,1.355847084140E0,
6.586301036814E-1));
#1154=CARTESIAN_POINT('',(-5.088965188104E-1,1.448274006349E0,
4.178723867179E-1));
#1155=CARTESIAN_POINT('',(-5.225278985596E-1,1.498308539549E0,1.648831385E-1));
#1156=CARTESIAN_POINT('',(-5.361592783088E-1,1.504486124282E0,
-9.293239957581E-2));
#1157=CARTESIAN_POINT('',(-5.497906580580E-1,1.466625936633E0,
-3.480277159138E-1));
#1158=CARTESIAN_POINT('',(-5.634220378072E-1,1.385836181123E0,
-5.929359224549E-1));
#1159=CARTESIAN_POINT('',(-5.770534175564E-1,1.264481652488E0,
-8.204883177534E-1));
#1160=CARTESIAN_POINT('',(-5.906847973056E-1,1.106114515829E0,
-1.024024221842E0));
#1161=CARTESIAN_POINT('',(-6.043161770548E-1,9.153703312941E-1,
-1.197585940814E0));
#1162=CARTESIAN_POINT('',(-6.179475568040E-1,6.978323667137E-1,
-1.336093154318E0));
#1163=CARTESIAN_POINT('',(-6.315789365532E-1,4.598681699268E-1,
-1.435491621479E0));
#1164=CARTESIAN_POINT('',(-6.452103163024E-1,2.084431844585E-1,
-1.492871852471E0));
#1165=CARTESIAN_POINT('',(-6.588416960516E-1,-4.908313578684E-2,
-1.506554272115E0));
#1166=CARTESIAN_POINT('',(-6.724730758008E-1,-3.051727449009E-1,
-1.476138382679E0));
#1167=CARTESIAN_POINT('',(-6.861044555500E-1,-5.523296509078E-1,
-1.402514486833E0));
#1168=CARTESIAN_POINT('',(-6.997358352992E-1,-7.833193307410E-1,
-1.287837627628E0));
#1169=CARTESIAN_POINT('',(-7.133672150484E-1,-9.913804917711E-1,
-1.135464508289E0));
#1170=CARTESIAN_POINT('',(-7.269985947976E-1,-1.170422981418E0,
-9.498552382418E-1));
#1171=CARTESIAN_POINT('',(-7.406299745467E-1,-1.315206051843E0,
-7.364427813775E-1));
#1172=CARTESIAN_POINT('',(-7.542613542959E-1,-1.421491761733E0,
-5.014739279103E-1));
#1173=CARTESIAN_POINT('',(-7.678927340451E-1,-1.486169024967E0,
-2.518264447526E-1));
#1174=CARTESIAN_POINT('',(-7.815241137943E-1,-1.507344675134E0,
5.192243413069E-3));
#1175=CARTESIAN_POINT('',(-7.951554935435E-1,-1.484398880356E0,
2.620589495632E-1));
#1176=CARTESIAN_POINT('',(-8.087868732927E-1,-1.418003286365E0,
5.112549353356E-1));
#1177=CARTESIAN_POINT('',(-8.224182530419E-1,-1.310101356787E0,
7.454859918155E-1));
#1178=CARTESIAN_POINT('',(-8.360496327911E-1,-1.163851486063E0,
9.578959481259E-1));
#1179=CARTESIAN_POINT('',(-8.496810125403E-1,-9.835345501787E-1,
1.142267358219E0));
#1180=CARTESIAN_POINT('',(-8.633123922895E-1,-7.744286012542E-1,
1.293203491569E0));
#1181=CARTESIAN_POINT('',(-8.769437720387E-1,-5.426543738272E-1,
1.406286300727E0));
#1182=CARTESIAN_POINT('',(-8.905751517879E-1,-2.949961249986E-1,
1.478205741865E0));
#1183=CARTESIAN_POINT('',(-9.042065315371E-1,-3.870305262683E-2,
1.506856662979E0));
#1184=CARTESIAN_POINT('',(-9.178379112863E-1,2.187228957446E-1,
1.491400423738E0));
#1185=CARTESIAN_POINT('',(-9.314692910355E-1,4.697466121898E-1,
1.432289443298E0));
#1186=CARTESIAN_POINT('',(-9.451006707847E-1,7.070203883391E-1,
1.331253957560E0));
#1187=CARTESIAN_POINT('',(-9.587320505339E-1,9.235989899510E-1,
1.191251373476E0));
#1188=CARTESIAN_POINT('',(-9.723634302830E-1,1.113142950674E0,
1.016379702873E0));
#1189=CARTESIAN_POINT('',(-9.859948100322E-1,1.270104134396E0,
8.117576096586E-1));
#1190=CARTESIAN_POINT('',(-9.996261897814E-1,1.389888134579E0,
5.833745815536E-1));
#1191=CARTESIAN_POINT('',(-1.013257569531E0,1.468988757018E0,
3.379156119552E-1));
#1192=CARTESIAN_POINT('',(-1.026888949280E0,1.505090649545E0,
8.256552367952E-2));
#1193=CARTESIAN_POINT('',(-1.040520329029E0,1.497137074647E0,
-1.752013377919E-1));
#1194=CARTESIAN_POINT('',(-1.054151708778E0,1.445360841200E0,
-4.278398856748E-1));
#1195=CARTESIAN_POINT('',(-1.067783088527E0,1.351277489921E0,
-6.679551439127E-1));
#1196=CARTESIAN_POINT('',(-1.081414468277E0,1.217640932026E0,
-8.885187053193E-1));
#1197=CARTESIAN_POINT('',(-1.095045848026E0,1.048362839562E0,
-1.083074459894E0));
#1198=CARTESIAN_POINT('',(-1.108677227775E0,8.483981469635E-1,
-1.245927571441E0));
#1199=CARTESIAN_POINT('',(-1.122308607524E0,6.236000153045E-1,
-1.372311170967E0));
#1200=CARTESIAN_POINT('',(-1.135939987273E0,3.805485045760E-1,
-1.458525887570E0));
#1201=CARTESIAN_POINT('',(-1.149571367023E0,1.263579689311E-1,
-1.502048132629E0));
#1202=CARTESIAN_POINT('',(-1.163202746772E0,-1.315311873821E-1,
-1.501603967694E0));
#1203=CARTESIAN_POINT('',(-1.176834126521E0,-3.855702978906E-1,
-1.457206393903E0));
#1204=CARTESIAN_POINT('',(-1.190465506270E0,-6.283233907073E-1,
-1.370154971431E0));
#1205=CARTESIAN_POINT('',(-1.204096886019E0,-8.526848466616E-1,
-1.242997780095E0));
#1206=CARTESIAN_POINT('',(-1.217728265769E0,-1.052087387685E0,
-1.079456834580E0));
#1207=CARTESIAN_POINT('',(-1.231359645518E0,-1.220694307428E0,
-8.843191374502E-1));
#1208=CARTESIAN_POINT('',(-1.244991025267E0,-1.353570317333E0,
-6.632965589248E-1));
#1209=CARTESIAN_POINT('',(-1.258622405016E0,-1.446826007333E0,
-4.228586448823E-1));
#1210=CARTESIAN_POINT('',(-1.272253784765E0,-1.497731692664E0,
-1.700432469584E-1));
#1211=CARTESIAN_POINT('',(-1.285885164515E0,-1.504797314398E0,
8.774948221744E-2));
#1212=CARTESIAN_POINT('',(-1.299516544264E0,-1.467816054911E0,
3.429736986885E-1));
#1213=CARTESIAN_POINT('',(-1.313147924013E0,-1.387870391645E0,
5.881587413632E-1));
#1214=CARTESIAN_POINT('',(-1.326779303762E0,-1.267300411932E0,
8.161278055329E-1));
#1215=CARTESIAN_POINT('',(-1.340410683511E0,-1.109635316366E0,
1.020208014927E0));
#1216=CARTESIAN_POINT('',(-1.354042063260E0,-9.194901156652E-1,
1.194425743293E0));
#1217=CARTESIAN_POINT('',(-1.367673443010E0,-7.024305448236E-1,
1.333681468247E0));
#1218=CARTESIAN_POINT('',(-1.381304822759E0,-4.648101486292E-1,
1.433899039256E0));
#1219=CARTESIAN_POINT('',(-1.394936202508E0,-2.135843072294E-1,
1.492144990528E0));
#1220=CARTESIAN_POINT('',(-1.408567582257E0,4.389335461218E-2,
1.506714406400E0));
#1221=CARTESIAN_POINT('',(-1.422198962006E0,3.000862152659E-1,
1.477180825935E0));
#1222=CARTESIAN_POINT('',(-1.435830341756E0,5.474952604829E-1,
1.404408725620E0));
#1223=CARTESIAN_POINT('',(-1.449461721505E0,7.788785868367E-1,
1.290528216156E0));
#1224=CARTESIAN_POINT('',(-1.463093101254E0,9.874633792813E-1,
1.138872688840E0));
#1225=CARTESIAN_POINT('',(-1.476724481003E0,1.167144158036E0,
9.538812559288E-1));
#1226=CARTESIAN_POINT('',(-1.490355860752E0,1.312661491918E0,
7.409687688301E-1));
#1227=CARTESIAN_POINT('',(-1.503987240502E0,1.419755947010E0,
5.063674868645E-1));
#1228=CARTESIAN_POINT('',(-1.517618620251E0,1.485292764431E0,
2.569440307274E-1));
#1229=CARTESIAN_POINT('',(-1.526706206750E0,1.5E0,8.564848495672E-2));
#1230=CARTESIAN_POINT('',(-1.53125E0,1.5E0,0.E0));
#1232=CARTESIAN_POINT('',(-9.995512633463E-2,-1.168453837294E-1,
-1.495442127366E0));
#1233=CARTESIAN_POINT('',(-9.881575771855E-2,-8.438331323863E-2,
-1.499007548689E0));
#1234=CARTESIAN_POINT('',(-9.675125092821E-2,-2.251275526192E-2,
-1.503564784128E0));
#1235=CARTESIAN_POINT('',(-9.421110330818E-2,5.990653075701E-2,
-1.504646037169E0));
#1236=CARTESIAN_POINT('',(-9.209538136685E-2,1.334388355071E-1,
-1.501694120485E0));
#1237=CARTESIAN_POINT('',(-9.031764764345E-2,1.991684060254E-1,
-1.495909478150E0));
#1238=CARTESIAN_POINT('',(-8.880288361723E-2,2.584639825679E-1,
-1.488122916875E0));
#1239=CARTESIAN_POINT('',(-8.749098185199E-2,3.126938388956E-1,
-1.478835834631E0));
#1240=CARTESIAN_POINT('',(-8.633207959002E-2,3.632474353708E-1,
-1.468280359596E0));
#1241=CARTESIAN_POINT('',(-8.528633626614E-2,4.114596662815E-1,
-1.456468778042E0));
#1242=CARTESIAN_POINT('',(-8.432026989446E-2,4.587209184543E-1,
-1.443198383409E0));
#1243=CARTESIAN_POINT('',(-8.341305244145E-2,5.062250117931E-1,
-1.428100425712E0));
#1244=CARTESIAN_POINT('',(-8.260497884629E-2,5.521127350838E-1,
-1.411738826097E0));
#1245=CARTESIAN_POINT('',(-8.194639436909E-2,5.930703840142E-1,
-1.395619770655E0));
#1246=CARTESIAN_POINT('',(-8.141369282496E-2,6.296418291888E-1,
-1.379996396424E0));
#1247=CARTESIAN_POINT('',(-8.098867189038E-2,6.622871801336E-1,
-1.365022431562E0));
#1248=CARTESIAN_POINT('',(-8.065555526842E-2,6.913885999788E-1,
-1.350825737368E0));
#1249=CARTESIAN_POINT('',(-8.040009943917E-2,7.173411362016E-1,
-1.337463819365E0));
#1250=CARTESIAN_POINT('',(-8.020983613114E-2,7.405241638363E-1,
-1.324947136680E0));
#1251=CARTESIAN_POINT('',(-8.007402465630E-2,7.613066710616E-1,
-1.313243120462E0));
#1252=CARTESIAN_POINT('',(-7.998369098114E-2,7.800449262778E-1,
-1.302284045839E0));
#1253=CARTESIAN_POINT('',(-7.993166077002E-2,7.970829596118E-1,
-1.291972677720E0));
#1254=CARTESIAN_POINT('',(-7.991260360586E-2,8.127533935150E-1,
-1.282186824312E0));
#1255=CARTESIAN_POINT('',(-7.992317484760E-2,8.273790782136E-1,
-1.272782709586E0));
#1256=CARTESIAN_POINT('',(-7.996158601826E-2,8.412551390933E-1,
-1.263609474311E0));
#1257=CARTESIAN_POINT('',(-8.002661059794E-2,8.544078620350E-1,
-1.254679490960E0));
#1258=CARTESIAN_POINT('',(-8.011676624047E-2,8.668415813908E-1,
-1.246019729700E0));
#1259=CARTESIAN_POINT('',(-8.023057544543E-2,8.785742733585E-1,
-1.237646393032E0));
#1260=CARTESIAN_POINT('',(-8.036647072468E-2,8.896203750631E-1,
-1.229576693304E0));
#1261=CARTESIAN_POINT('',(-8.052280493427E-2,8.999952602039E-1,
-1.221825795623E0));
#1262=CARTESIAN_POINT('',(-8.069783030868E-2,9.097139371132E-1,
-1.214407732986E0));
#1263=CARTESIAN_POINT('',(-8.088968268938E-2,9.187913191239E-1,
-1.207335252220E0));
#1264=CARTESIAN_POINT('',(-8.109636003482E-2,9.272420535127E-1,
-1.200619975452E0));
#1265=CARTESIAN_POINT('',(-8.131570172256E-2,9.350806178002E-1,
-1.194272370032E0));
#1266=CARTESIAN_POINT('',(-8.154534493687E-2,9.423205637627E-1,
-1.188302406440E0));
#1267=CARTESIAN_POINT('',(-8.178287164321E-2,9.489805812904E-1,
-1.182714669627E0));
#1268=CARTESIAN_POINT('',(-8.202703591939E-2,9.551106843059E-1,
-1.177485352207E0));
#1269=CARTESIAN_POINT('',(-8.227679712508E-2,9.607558288717E-1,
-1.172591892035E0));
#1270=CARTESIAN_POINT('',(-8.253147828979E-2,9.659608263457E-1,
-1.168009261295E0));
#1271=CARTESIAN_POINT('',(-8.279078328174E-2,9.707692107865E-1,
-1.163711049491E0));
#1272=CARTESIAN_POINT('',(-8.305487887513E-2,9.752237941773E-1,
-1.159669135117E0));
#1273=CARTESIAN_POINT('',(-8.332438393201E-2,9.793654897491E-1,
-1.155854892906E0));
#1274=CARTESIAN_POINT('',(-8.360076382704E-2,9.832375028133E-1,
-1.152235336957E0));
#1275=CARTESIAN_POINT('',(-8.388494554601E-2,9.868644852174E-1,
-1.148792681016E0));
#1276=CARTESIAN_POINT('',(-8.417529434893E-2,9.902369740615E-1,
-1.145540955039E0));
#1277=CARTESIAN_POINT('',(-8.447039297731E-2,9.933533829092E-1,
-1.142487129988E0));
#1278=CARTESIAN_POINT('',(-8.476803265376E-2,9.962083456747E-1,
-1.139642242737E0));
#1279=CARTESIAN_POINT('',(-8.506747449391E-2,9.988145496532E-1,
-1.136999598975E0));
#1280=CARTESIAN_POINT('',(-8.536887541078E-2,1.001190606624E0,
-1.134545707028E0));
#1281=CARTESIAN_POINT('',(-8.567252984311E-2,1.003353458881E0,
-1.132267874480E0));
#1282=CARTESIAN_POINT('',(-8.597930895340E-2,1.005320174494E0,
-1.130152140862E0));
#1283=CARTESIAN_POINT('',(-8.629021593098E-2,1.007107214471E0,
-1.128184586970E0));
#1284=CARTESIAN_POINT('',(-8.661661568326E-2,1.008774197540E0,
-1.126299667780E0));
#1285=CARTESIAN_POINT('',(-8.695420935999E-2,1.010286126692E0,
-1.124534935090E0));
#1286=CARTESIAN_POINT('',(-8.730285729583E-2,1.011637343666E0,
-1.122896905517E0));
#1287=CARTESIAN_POINT('',(-8.766557435504E-2,1.012831885726E0,
-1.121379415663E0));
#1288=CARTESIAN_POINT('',(-8.805148432090E-2,1.013880981562E0,
-1.119962237395E0));
#1289=CARTESIAN_POINT('',(-8.847857339559E-2,1.014800037449E0,
-1.118610306169E0));
#1290=CARTESIAN_POINT('',(-8.898361945071E-2,1.015562264237E0,
-1.117303871195E0));
#1291=CARTESIAN_POINT('',(-8.963806041611E-2,1.016160722378E0,
-1.115962645752E0));
#1292=CARTESIAN_POINT('',(-9.067964176283E-2,1.016004032948E0,
-1.114836582860E0));
#1293=CARTESIAN_POINT('',(-9.159634417949E-2,1.014819739804E0,
-1.114798990774E0));
#1294=CARTESIAN_POINT('',(-9.227247477877E-2,1.013481173048E0,
-1.115193654170E0));
#1295=CARTESIAN_POINT('',(-9.287079518909E-2,1.011986551703E0,
-1.115823051931E0));
#1296=CARTESIAN_POINT('',(-9.340741281061E-2,1.010393152624E0,
-1.116614632108E0));
#1297=CARTESIAN_POINT('',(-9.387646838797E-2,1.008813217145E0,
-1.117473280837E0));
#1298=CARTESIAN_POINT('',(-9.425748565512E-2,1.007407000443E0,
-1.118279372279E0));
#1299=CARTESIAN_POINT('',(-9.458467759940E-2,1.006116544824E0,
-1.119044358992E0));
#1300=CARTESIAN_POINT('',(-9.487234389442E-2,1.004918272485E0,
-1.119772512959E0));
#1301=CARTESIAN_POINT('',(-9.513149808894E-2,1.003788993499E0,
-1.120471645843E0));
#1302=CARTESIAN_POINT('',(-9.537029949702E-2,1.002707075503E0,
-1.121151491932E0));
#1303=CARTESIAN_POINT('',(-9.559548859825E-2,1.001651023276E0,
-1.121823269451E0));
#1304=CARTESIAN_POINT('',(-9.581271885966E-2,1.000599730934E0,
-1.122499053740E0));
#1305=CARTESIAN_POINT('',(-9.602688623767E-2,9.995323037779E-1,
-1.123191540965E0));
#1306=CARTESIAN_POINT('',(-9.624228983100E-2,9.984280344999E-1,
-1.123913871509E0));
#1307=CARTESIAN_POINT('',(-9.646274025143E-2,9.972663602181E-1,
-1.124679529194E0));
#1308=CARTESIAN_POINT('',(-9.669162438817E-2,9.960268361238E-1,
-1.125502273022E0));
#1309=CARTESIAN_POINT('',(-9.693194803634E-2,9.946891086628E-1,
-1.126396090760E0));
#1310=CARTESIAN_POINT('',(-9.718636572683E-2,9.932328863185E-1,
-1.127375164596E0));
#1311=CARTESIAN_POINT('',(-9.745720469782E-2,9.916379057027E-1,
-1.128453842472E0));
#1312=CARTESIAN_POINT('',(-9.774648832294E-2,9.898838822248E-1,
-1.129646617766E0));
#1313=CARTESIAN_POINT('',(-9.805595732997E-2,9.879504740776E-1,
-1.130968094482E0));
#1314=CARTESIAN_POINT('',(-9.838710490943E-2,9.858171458029E-1,
-1.132433015789E0));
#1315=CARTESIAN_POINT('',(-9.874116857207E-2,9.834633578322E-1,
-1.134056058568E0));
#1316=CARTESIAN_POINT('',(-9.911928968571E-2,9.808675036516E-1,
-1.135852493272E0));
#1317=CARTESIAN_POINT('',(-9.952204727728E-2,9.780105123663E-1,
-1.137835588110E0));
#1318=CARTESIAN_POINT('',(-9.980822804052E-2,9.759115545695E-1,
-1.139295934444E0));
#1319=CARTESIAN_POINT('',(-9.995512633465E-2,9.748151059471E-1,
-1.140059432318E0));
#1321=CARTESIAN_POINT('',(-1.53125E0,1.5E0,0.E0));
#1322=CARTESIAN_POINT('',(-1.528113945671E0,1.505431805433E0,0.E0));
#1323=CARTESIAN_POINT('',(-1.518766107415E0,1.514447707004E0,0.E0));
#1324=CARTESIAN_POINT('',(-1.5E0,1.519839440366E0,0.E0));
#1325=CARTESIAN_POINT('',(-1.481233892585E0,1.514447707004E0,0.E0));
#1326=CARTESIAN_POINT('',(-1.471886054329E0,1.505431805433E0,0.E0));
#1327=CARTESIAN_POINT('',(-1.46875E0,1.5E0,0.E0));
#1329=CARTESIAN_POINT('',(-1.53125E0,1.5E0,0.E0));
#1330=CARTESIAN_POINT('',(-1.535816210046E0,1.5E0,-8.607103160520E-2));
#1331=CARTESIAN_POINT('',(-1.544948630137E0,1.485146931165E0,
-2.582116351440E-1));
#1332=CARTESIAN_POINT('',(-1.558647260274E0,1.418966701725E0,
-5.087910272215E-1));
#1333=CARTESIAN_POINT('',(-1.572345890411E0,1.310842119549E0,
-7.443303523171E-1));
#1334=CARTESIAN_POINT('',(-1.586044520548E0,1.163969324199E0,
-9.578675149498E-1));
#1335=CARTESIAN_POINT('',(-1.599743150685E0,9.826898441475E-1,
-1.143090295895E0));
#1336=CARTESIAN_POINT('',(-1.613441780822E0,7.723622621192E-1,
-1.294523577776E0));
#1337=CARTESIAN_POINT('',(-1.627140410959E0,5.392038165314E-1,
-1.407691017482E0));
#1338=CARTESIAN_POINT('',(-1.640839041096E0,2.901066212534E-1,
-1.479247411702E0));
#1339=CARTESIAN_POINT('',(-1.654537671233E0,3.243393619246E-2,
-1.507077568154E0));
#1340=CARTESIAN_POINT('',(-1.668236301370E0,-2.261974890973E-1,
-1.490358833501E0));
#1341=CARTESIAN_POINT('',(-1.681934931507E0,-4.781425649052E-1,
-1.429585409932E0));
#1342=CARTESIAN_POINT('',(-1.695633561644E0,-7.159538485838E-1,
-1.326553746881E0));
#1343=CARTESIAN_POINT('',(-1.709332191781E0,-9.326016893631E-1,
-1.184309438307E0));
#1344=CARTESIAN_POINT('',(-1.723030821918E0,-1.121682023327E0,
-1.007057195601E0));
#1345=CARTESIAN_POINT('',(-1.736729452055E0,-1.277605676173E0,
-8.000365572118E-1));
#1346=CARTESIAN_POINT('',(-1.750428082192E0,-1.395763578016E0,
-5.693670090092E-1));
#1347=CARTESIAN_POINT('',(-1.764126712329E0,-1.472663006506E0,
-3.218670935870E-1));
#1348=CARTESIAN_POINT('',(-1.777825342466E0,-1.506030830955E0,
-6.485285560090E-2));
#1349=CARTESIAN_POINT('',(-1.791523972603E0,-1.494880705596E0,
1.940784189499E-1));
#1350=CARTESIAN_POINT('',(-1.805222602740E0,-1.439542225755E0,
4.472727768746E-1));
#1351=CARTESIAN_POINT('',(-1.818921232877E0,-1.341651185081E0,
6.872458470131E-1));
#1352=CARTESIAN_POINT('',(-1.832619863014E0,-1.204101221834E0,
9.069040766492E-1));
#1353=CARTESIAN_POINT('',(-1.846318493151E0,-1.030958283560E0,
1.099754415415E0));
#1354=CARTESIAN_POINT('',(-1.860017123288E0,-8.273404385464E-1,
1.260096248471E0));
#1355=CARTESIAN_POINT('',(-1.873715753425E0,-5.992665868164E-1,
1.383189905469E0));
#1356=CARTESIAN_POINT('',(-1.887414383562E0,-3.534785427308E-1,
1.465396764189E0));
#1357=CARTESIAN_POINT('',(-1.901113013699E0,-9.724174839401E-2,
1.504286807439E0));
#1358=CARTESIAN_POINT('',(-1.914811643836E0,1.618694912630E-1,
1.498710453845E0));
#1359=CARTESIAN_POINT('',(-1.928510273973E0,4.161959033194E-1,
1.448832539228E0));
#1360=CARTESIAN_POINT('',(-1.942208904110E0,6.582196533365E-1,
1.356127444095E0));
#1361=CARTESIAN_POINT('',(-1.955907534247E0,8.807865709389E-1,
1.223335511264E0));
#1362=CARTESIAN_POINT('',(-1.969606164384E0,1.077317625563E0,1.054382041917E0));
#1363=CARTESIAN_POINT('',(-1.983304794521E0,1.242003401196E0,
8.542612645341E-1));
#1364=CARTESIAN_POINT('',(-1.997003424658E0,1.369975821472E0,
6.288887065669E-1));
#1365=CARTESIAN_POINT('',(-2.010702054795E0,1.457452048972E0,
3.849263327090E-1));
#1366=CARTESIAN_POINT('',(-2.024400684932E0,1.501846305088E0,
1.295856186427E-1));
#1367=CARTESIAN_POINT('',(-2.038099315068E0,1.501846305088E0,
-1.295856186427E-1));
#1368=CARTESIAN_POINT('',(-2.051797945205E0,1.457452048972E0,
-3.849263327090E-1));
#1369=CARTESIAN_POINT('',(-2.065496575342E0,1.369975821472E0,
-6.288887065669E-1));
#1370=CARTESIAN_POINT('',(-2.079195205479E0,1.242003401196E0,
-8.542612645341E-1));
#1371=CARTESIAN_POINT('',(-2.092893835616E0,1.077317625563E0,
-1.054382041917E0));
#1372=CARTESIAN_POINT('',(-2.106592465753E0,8.807865709389E-1,
-1.223335511264E0));
#1373=CARTESIAN_POINT('',(-2.120291095890E0,6.582196533365E-1,
-1.356127444095E0));
#1374=CARTESIAN_POINT('',(-2.133989726027E0,4.161959033194E-1,
-1.448832539228E0));
#1375=CARTESIAN_POINT('',(-2.147688356164E0,1.618694912630E-1,
-1.498710453845E0));
#1376=CARTESIAN_POINT('',(-2.161386986301E0,-9.724174839401E-2,
-1.504286807439E0));
#1377=CARTESIAN_POINT('',(-2.175085616438E0,-3.534785427308E-1,
-1.465396764189E0));
#1378=CARTESIAN_POINT('',(-2.188784246575E0,-5.992665868164E-1,
-1.383189905469E0));
#1379=CARTESIAN_POINT('',(-2.202482876712E0,-8.273404385465E-1,
-1.260096248471E0));
#1380=CARTESIAN_POINT('',(-2.216181506849E0,-1.030958283560E0,
-1.099754415415E0));
#1381=CARTESIAN_POINT('',(-2.229880136986E0,-1.204101221834E0,
-9.069040766492E-1));
#1382=CARTESIAN_POINT('',(-2.243578767123E0,-1.341651185081E0,
-6.872458470131E-1));
#1383=CARTESIAN_POINT('',(-2.257277397260E0,-1.439542225755E0,
-4.472727768746E-1));
#1384=CARTESIAN_POINT('',(-2.270976027397E0,-1.494880705596E0,
-1.940784189499E-1));
#1385=CARTESIAN_POINT('',(-2.284674657534E0,-1.506030830955E0,
6.485285560091E-2));
#1386=CARTESIAN_POINT('',(-2.298373287671E0,-1.472663006506E0,
3.218670935870E-1));
#1387=CARTESIAN_POINT('',(-2.312071917808E0,-1.395763578016E0,
5.693670090092E-1));
#1388=CARTESIAN_POINT('',(-2.325770547945E0,-1.277605676173E0,
8.000365572119E-1));
#1389=CARTESIAN_POINT('',(-2.339469178082E0,-1.121682023327E0,
1.007057195601E0));
#1390=CARTESIAN_POINT('',(-2.353167808219E0,-9.326016893631E-1,
1.184309438307E0));
#1391=CARTESIAN_POINT('',(-2.366866438356E0,-7.159538485838E-1,
1.326553746881E0));
#1392=CARTESIAN_POINT('',(-2.380565068493E0,-4.781425649052E-1,
1.429585409932E0));
#1393=CARTESIAN_POINT('',(-2.394263698630E0,-2.261974890973E-1,
1.490358833500E0));
#1394=CARTESIAN_POINT('',(-2.407962328767E0,3.243393619248E-2,
1.507077568159E0));
#1395=CARTESIAN_POINT('',(-2.421660958904E0,2.901066212534E-1,
1.479247411683E0));
#1396=CARTESIAN_POINT('',(-2.435359589041E0,5.392038165314E-1,
1.407691017554E0));
#1397=CARTESIAN_POINT('',(-2.449058219178E0,7.723622621192E-1,
1.294523577506E0));
#1398=CARTESIAN_POINT('',(-2.462756849315E0,9.826898441475E-1,
1.143090296903E0));
#1399=CARTESIAN_POINT('',(-2.476455479452E0,1.163969324199E0,
9.578675111877E-1));
#1400=CARTESIAN_POINT('',(-2.490154109589E0,1.310842119549E0,
7.443303663576E-1));
#1401=CARTESIAN_POINT('',(-2.503852739726E0,1.418966701725E0,
5.087909748216E-1));
#1402=CARTESIAN_POINT('',(-2.517551369863E0,1.485146931165E0,
2.582118307029E-1));
#1403=CARTESIAN_POINT('',(-2.53125E0,1.507426534417E0,0.E0));
#1404=CARTESIAN_POINT('',(-2.544948630137E0,1.485146931165E0,
-2.582118307029E-1));
#1405=CARTESIAN_POINT('',(-2.558647260274E0,1.418966701725E0,
-5.087909748216E-1));
#1406=CARTESIAN_POINT('',(-2.572345890411E0,1.310842119549E0,
-7.443303663576E-1));
#1407=CARTESIAN_POINT('',(-2.586044520548E0,1.163969324199E0,
-9.578675111877E-1));
#1408=CARTESIAN_POINT('',(-2.599743150685E0,9.826898441475E-1,
-1.143090296903E0));
#1409=CARTESIAN_POINT('',(-2.613441780822E0,7.723622621192E-1,
-1.294523577506E0));
#1410=CARTESIAN_POINT('',(-2.627140410959E0,5.392038165314E-1,
-1.407691017554E0));
#1411=CARTESIAN_POINT('',(-2.640839041096E0,2.901066212534E-1,
-1.479247411683E0));
#1412=CARTESIAN_POINT('',(-2.654537671233E0,3.243393619247E-2,
-1.507077568159E0));
#1413=CARTESIAN_POINT('',(-2.668236301370E0,-2.261974890973E-1,
-1.490358833500E0));
#1414=CARTESIAN_POINT('',(-2.681934931507E0,-4.781425649052E-1,
-1.429585409932E0));
#1415=CARTESIAN_POINT('',(-2.695633561644E0,-7.159538485838E-1,
-1.326553746881E0));
#1416=CARTESIAN_POINT('',(-2.709332191781E0,-9.326016893631E-1,
-1.184309438307E0));
#1417=CARTESIAN_POINT('',(-2.723030821918E0,-1.121682023327E0,
-1.007057195601E0));
#1418=CARTESIAN_POINT('',(-2.736729452055E0,-1.277605676173E0,
-8.000365572118E-1));
#1419=CARTESIAN_POINT('',(-2.750428082192E0,-1.395763578016E0,
-5.693670090092E-1));
#1420=CARTESIAN_POINT('',(-2.764126712329E0,-1.472663006506E0,
-3.218670935870E-1));
#1421=CARTESIAN_POINT('',(-2.777825342466E0,-1.506030830955E0,
-6.485285560090E-2));
#1422=CARTESIAN_POINT('',(-2.791523972603E0,-1.494880705596E0,
1.940784189499E-1));
#1423=CARTESIAN_POINT('',(-2.805222602740E0,-1.439542225755E0,
4.472727768746E-1));
#1424=CARTESIAN_POINT('',(-2.818921232877E0,-1.341651185081E0,
6.872458470131E-1));
#1425=CARTESIAN_POINT('',(-2.832619863014E0,-1.204101221834E0,
9.069040766492E-1));
#1426=CARTESIAN_POINT('',(-2.846318493151E0,-1.030958283560E0,
1.099754415415E0));
#1427=CARTESIAN_POINT('',(-2.860017123288E0,-8.273404385464E-1,
1.260096248471E0));
#1428=CARTESIAN_POINT('',(-2.873715753425E0,-5.992665868164E-1,
1.383189905469E0));
#1429=CARTESIAN_POINT('',(-2.887414383562E0,-3.534785427308E-1,
1.465396764188E0));
#1430=CARTESIAN_POINT('',(-2.901113013699E0,-9.724174839400E-2,
1.504286807439E0));
#1431=CARTESIAN_POINT('',(-2.914811643836E0,1.618694912630E-1,
1.498710453845E0));
#1432=CARTESIAN_POINT('',(-2.928510273973E0,4.161959033194E-1,
1.448832539228E0));
#1433=CARTESIAN_POINT('',(-2.942208904110E0,6.582196533366E-1,
1.356127444095E0));
#1434=CARTESIAN_POINT('',(-2.955907534247E0,8.807865709389E-1,
1.223335511264E0));
#1435=CARTESIAN_POINT('',(-2.969606164384E0,1.077317625563E0,1.054382041917E0));
#1436=CARTESIAN_POINT('',(-2.983304794521E0,1.242003401196E0,
8.542612645341E-1));
#1437=CARTESIAN_POINT('',(-2.997003424658E0,1.369975821472E0,
6.288887065669E-1));
#1438=CARTESIAN_POINT('',(-3.010702054795E0,1.457452048972E0,
3.849263327090E-1));
#1439=CARTESIAN_POINT('',(-3.024400684932E0,1.501846305088E0,
1.295856186427E-1));
#1440=CARTESIAN_POINT('',(-3.038099315068E0,1.501846305088E0,
-1.295856186427E-1));
#1441=CARTESIAN_POINT('',(-3.051797945205E0,1.457452048972E0,
-3.849263327090E-1));
#1442=CARTESIAN_POINT('',(-3.065496575342E0,1.369975821472E0,
-6.288887065669E-1));
#1443=CARTESIAN_POINT('',(-3.079195205479E0,1.242003401196E0,
-8.542612645341E-1));
#1444=CARTESIAN_POINT('',(-3.092893835616E0,1.077317625563E0,
-1.054382041917E0));
#1445=CARTESIAN_POINT('',(-3.106592465753E0,8.807865709389E-1,
-1.223335511264E0));
#1446=CARTESIAN_POINT('',(-3.120291095890E0,6.582196533365E-1,
-1.356127444095E0));
#1447=CARTESIAN_POINT('',(-3.133989726027E0,4.161959033194E-1,
-1.448832539228E0));
#1448=CARTESIAN_POINT('',(-3.147688356164E0,1.618694912630E-1,
-1.498710453845E0));
#1449=CARTESIAN_POINT('',(-3.161386986301E0,-9.724174839402E-2,
-1.504286807439E0));
#1450=CARTESIAN_POINT('',(-3.175085616438E0,-3.534785427308E-1,
-1.465396764188E0));
#1451=CARTESIAN_POINT('',(-3.188784246575E0,-5.992665868164E-1,
-1.383189905469E0));
#1452=CARTESIAN_POINT('',(-3.202482876712E0,-8.273404385465E-1,
-1.260096248471E0));
#1453=CARTESIAN_POINT('',(-3.216181506849E0,-1.030958283560E0,
-1.099754415415E0));
#1454=CARTESIAN_POINT('',(-3.229880136986E0,-1.204101221834E0,
-9.069040766492E-1));
#1455=CARTESIAN_POINT('',(-3.243578767123E0,-1.341651185081E0,
-6.872458470131E-1));
#1456=CARTESIAN_POINT('',(-3.257277397260E0,-1.439542225755E0,
-4.472727768746E-1));
#1457=CARTESIAN_POINT('',(-3.270976027397E0,-1.494880705596E0,
-1.940784189499E-1));
#1458=CARTESIAN_POINT('',(-3.284674657534E0,-1.506030830955E0,
6.485285560092E-2));
#1459=CARTESIAN_POINT('',(-3.298373287671E0,-1.472663006506E0,
3.218670935870E-1));
#1460=CARTESIAN_POINT('',(-3.312071917808E0,-1.395763578016E0,
5.693670090092E-1));
#1461=CARTESIAN_POINT('',(-3.325770547945E0,-1.277605676173E0,
8.000365572119E-1));
#1462=CARTESIAN_POINT('',(-3.339469178082E0,-1.121682023327E0,
1.007057195601E0));
#1463=CARTESIAN_POINT('',(-3.353167808219E0,-9.326016893630E-1,
1.184309438307E0));
#1464=CARTESIAN_POINT('',(-3.366866438356E0,-7.159538485838E-1,
1.326553746881E0));
#1465=CARTESIAN_POINT('',(-3.380565068493E0,-4.781425649052E-1,
1.429585409932E0));
#1466=CARTESIAN_POINT('',(-3.394263698630E0,-2.261974890973E-1,
1.490358833501E0));
#1467=CARTESIAN_POINT('',(-3.407962328767E0,3.243393619248E-2,
1.507077568154E0));
#1468=CARTESIAN_POINT('',(-3.421660958904E0,2.901066212534E-1,
1.479247411702E0));
#1469=CARTESIAN_POINT('',(-3.435359589041E0,5.392038165314E-1,
1.407691017482E0));
#1470=CARTESIAN_POINT('',(-3.449058219178E0,7.723622621192E-1,
1.294523577776E0));
#1471=CARTESIAN_POINT('',(-3.462756849315E0,9.826898441475E-1,
1.143090295895E0));
#1472=CARTESIAN_POINT('',(-3.476455479452E0,1.163969324199E0,
9.578675149498E-1));
#1473=CARTESIAN_POINT('',(-3.490154109589E0,1.310842119549E0,
7.443303523171E-1));
#1474=CARTESIAN_POINT('',(-3.503852739726E0,1.418966701725E0,
5.087910272215E-1));
#1475=CARTESIAN_POINT('',(-3.517551369863E0,1.485146931165E0,
2.582116351440E-1));
#1476=CARTESIAN_POINT('',(-3.526683789954E0,1.5E0,8.607103160519E-2));
#1477=CARTESIAN_POINT('',(-3.53125E0,1.5E0,0.E0));
#1479=CARTESIAN_POINT('',(-1.46875E0,1.5E0,0.E0));
#1480=CARTESIAN_POINT('',(-1.473316210046E0,1.5E0,-8.607103160520E-2));
#1481=CARTESIAN_POINT('',(-1.482448630137E0,1.485146931165E0,
-2.582116351440E-1));
#1482=CARTESIAN_POINT('',(-1.496147260274E0,1.418966701725E0,
-5.087910272215E-1));
#1483=CARTESIAN_POINT('',(-1.509845890411E0,1.310842119549E0,
-7.443303523171E-1));
#1484=CARTESIAN_POINT('',(-1.523544520548E0,1.163969324199E0,
-9.578675149498E-1));
#1485=CARTESIAN_POINT('',(-1.537243150685E0,9.826898441475E-1,
-1.143090295895E0));
#1486=CARTESIAN_POINT('',(-1.550941780822E0,7.723622621192E-1,
-1.294523577776E0));
#1487=CARTESIAN_POINT('',(-1.564640410959E0,5.392038165314E-1,
-1.407691017482E0));
#1488=CARTESIAN_POINT('',(-1.578339041096E0,2.901066212534E-1,
-1.479247411702E0));
#1489=CARTESIAN_POINT('',(-1.592037671233E0,3.243393619246E-2,
-1.507077568154E0));
#1490=CARTESIAN_POINT('',(-1.605736301370E0,-2.261974890973E-1,
-1.490358833501E0));
#1491=CARTESIAN_POINT('',(-1.619434931507E0,-4.781425649052E-1,
-1.429585409932E0));
#1492=CARTESIAN_POINT('',(-1.633133561644E0,-7.159538485838E-1,
-1.326553746881E0));
#1493=CARTESIAN_POINT('',(-1.646832191781E0,-9.326016893631E-1,
-1.184309438307E0));
#1494=CARTESIAN_POINT('',(-1.660530821918E0,-1.121682023327E0,
-1.007057195601E0));
#1495=CARTESIAN_POINT('',(-1.674229452055E0,-1.277605676173E0,
-8.000365572118E-1));
#1496=CARTESIAN_POINT('',(-1.687928082192E0,-1.395763578016E0,
-5.693670090092E-1));
#1497=CARTESIAN_POINT('',(-1.701626712329E0,-1.472663006506E0,
-3.218670935870E-1));
#1498=CARTESIAN_POINT('',(-1.715325342466E0,-1.506030830955E0,
-6.485285560090E-2));
#1499=CARTESIAN_POINT('',(-1.729023972603E0,-1.494880705596E0,
1.940784189499E-1));
#1500=CARTESIAN_POINT('',(-1.742722602740E0,-1.439542225755E0,
4.472727768746E-1));
#1501=CARTESIAN_POINT('',(-1.756421232877E0,-1.341651185081E0,
6.872458470131E-1));
#1502=CARTESIAN_POINT('',(-1.770119863014E0,-1.204101221834E0,
9.069040766492E-1));
#1503=CARTESIAN_POINT('',(-1.783818493151E0,-1.030958283560E0,
1.099754415415E0));
#1504=CARTESIAN_POINT('',(-1.797517123288E0,-8.273404385464E-1,
1.260096248471E0));
#1505=CARTESIAN_POINT('',(-1.811215753425E0,-5.992665868164E-1,
1.383189905469E0));
#1506=CARTESIAN_POINT('',(-1.824914383562E0,-3.534785427308E-1,
1.465396764189E0));
#1507=CARTESIAN_POINT('',(-1.838613013699E0,-9.724174839401E-2,
1.504286807439E0));
#1508=CARTESIAN_POINT('',(-1.852311643836E0,1.618694912630E-1,
1.498710453845E0));
#1509=CARTESIAN_POINT('',(-1.866010273973E0,4.161959033194E-1,
1.448832539228E0));
#1510=CARTESIAN_POINT('',(-1.879708904110E0,6.582196533365E-1,
1.356127444095E0));
#1511=CARTESIAN_POINT('',(-1.893407534247E0,8.807865709389E-1,
1.223335511264E0));
#1512=CARTESIAN_POINT('',(-1.907106164384E0,1.077317625563E0,1.054382041917E0));
#1513=CARTESIAN_POINT('',(-1.920804794521E0,1.242003401196E0,
8.542612645341E-1));
#1514=CARTESIAN_POINT('',(-1.934503424658E0,1.369975821472E0,
6.288887065669E-1));
#1515=CARTESIAN_POINT('',(-1.948202054795E0,1.457452048972E0,
3.849263327090E-1));
#1516=CARTESIAN_POINT('',(-1.961900684932E0,1.501846305088E0,
1.295856186427E-1));
#1517=CARTESIAN_POINT('',(-1.975599315068E0,1.501846305088E0,
-1.295856186427E-1));
#1518=CARTESIAN_POINT('',(-1.989297945205E0,1.457452048972E0,
-3.849263327090E-1));
#1519=CARTESIAN_POINT('',(-2.002996575342E0,1.369975821472E0,
-6.288887065669E-1));
#1520=CARTESIAN_POINT('',(-2.016695205479E0,1.242003401196E0,
-8.542612645341E-1));
#1521=CARTESIAN_POINT('',(-2.030393835616E0,1.077317625563E0,
-1.054382041917E0));
#1522=CARTESIAN_POINT('',(-2.044092465753E0,8.807865709389E-1,
-1.223335511264E0));
#1523=CARTESIAN_POINT('',(-2.057791095890E0,6.582196533365E-1,
-1.356127444095E0));
#1524=CARTESIAN_POINT('',(-2.071489726027E0,4.161959033194E-1,
-1.448832539228E0));
#1525=CARTESIAN_POINT('',(-2.085188356164E0,1.618694912630E-1,
-1.498710453845E0));
#1526=CARTESIAN_POINT('',(-2.098886986301E0,-9.724174839401E-2,
-1.504286807439E0));
#1527=CARTESIAN_POINT('',(-2.112585616438E0,-3.534785427308E-1,
-1.465396764189E0));
#1528=CARTESIAN_POINT('',(-2.126284246575E0,-5.992665868164E-1,
-1.383189905469E0));
#1529=CARTESIAN_POINT('',(-2.139982876712E0,-8.273404385465E-1,
-1.260096248471E0));
#1530=CARTESIAN_POINT('',(-2.153681506849E0,-1.030958283560E0,
-1.099754415415E0));
#1531=CARTESIAN_POINT('',(-2.167380136986E0,-1.204101221834E0,
-9.069040766492E-1));
#1532=CARTESIAN_POINT('',(-2.181078767123E0,-1.341651185081E0,
-6.872458470131E-1));
#1533=CARTESIAN_POINT('',(-2.194777397260E0,-1.439542225755E0,
-4.472727768746E-1));
#1534=CARTESIAN_POINT('',(-2.208476027397E0,-1.494880705596E0,
-1.940784189499E-1));
#1535=CARTESIAN_POINT('',(-2.222174657534E0,-1.506030830955E0,
6.485285560091E-2));
#1536=CARTESIAN_POINT('',(-2.235873287671E0,-1.472663006506E0,
3.218670935870E-1));
#1537=CARTESIAN_POINT('',(-2.249571917808E0,-1.395763578016E0,
5.693670090092E-1));
#1538=CARTESIAN_POINT('',(-2.263270547945E0,-1.277605676173E0,
8.000365572119E-1));
#1539=CARTESIAN_POINT('',(-2.276969178082E0,-1.121682023327E0,
1.007057195601E0));
#1540=CARTESIAN_POINT('',(-2.290667808219E0,-9.326016893631E-1,
1.184309438307E0));
#1541=CARTESIAN_POINT('',(-2.304366438356E0,-7.159538485838E-1,
1.326553746881E0));
#1542=CARTESIAN_POINT('',(-2.318065068493E0,-4.781425649052E-1,
1.429585409932E0));
#1543=CARTESIAN_POINT('',(-2.331763698630E0,-2.261974890973E-1,
1.490358833500E0));
#1544=CARTESIAN_POINT('',(-2.345462328767E0,3.243393619248E-2,
1.507077568159E0));
#1545=CARTESIAN_POINT('',(-2.359160958904E0,2.901066212534E-1,
1.479247411683E0));
#1546=CARTESIAN_POINT('',(-2.372859589041E0,5.392038165314E-1,
1.407691017554E0));
#1547=CARTESIAN_POINT('',(-2.386558219178E0,7.723622621192E-1,
1.294523577506E0));
#1548=CARTESIAN_POINT('',(-2.400256849315E0,9.826898441475E-1,
1.143090296903E0));
#1549=CARTESIAN_POINT('',(-2.413955479452E0,1.163969324199E0,
9.578675111877E-1));
#1550=CARTESIAN_POINT('',(-2.427654109589E0,1.310842119549E0,
7.443303663576E-1));
#1551=CARTESIAN_POINT('',(-2.441352739726E0,1.418966701725E0,
5.087909748216E-1));
#1552=CARTESIAN_POINT('',(-2.455051369863E0,1.485146931165E0,
2.582118307029E-1));
#1553=CARTESIAN_POINT('',(-2.46875E0,1.507426534417E0,0.E0));
#1554=CARTESIAN_POINT('',(-2.482448630137E0,1.485146931165E0,
-2.582118307029E-1));
#1555=CARTESIAN_POINT('',(-2.496147260274E0,1.418966701725E0,
-5.087909748216E-1));
#1556=CARTESIAN_POINT('',(-2.509845890411E0,1.310842119549E0,
-7.443303663576E-1));
#1557=CARTESIAN_POINT('',(-2.523544520548E0,1.163969324199E0,
-9.578675111877E-1));
#1558=CARTESIAN_POINT('',(-2.537243150685E0,9.826898441475E-1,
-1.143090296903E0));
#1559=CARTESIAN_POINT('',(-2.550941780822E0,7.723622621192E-1,
-1.294523577506E0));
#1560=CARTESIAN_POINT('',(-2.564640410959E0,5.392038165314E-1,
-1.407691017554E0));
#1561=CARTESIAN_POINT('',(-2.578339041096E0,2.901066212534E-1,
-1.479247411683E0));
#1562=CARTESIAN_POINT('',(-2.592037671233E0,3.243393619247E-2,
-1.507077568159E0));
#1563=CARTESIAN_POINT('',(-2.605736301370E0,-2.261974890973E-1,
-1.490358833500E0));
#1564=CARTESIAN_POINT('',(-2.619434931507E0,-4.781425649052E-1,
-1.429585409932E0));
#1565=CARTESIAN_POINT('',(-2.633133561644E0,-7.159538485838E-1,
-1.326553746881E0));
#1566=CARTESIAN_POINT('',(-2.646832191781E0,-9.326016893631E-1,
-1.184309438307E0));
#1567=CARTESIAN_POINT('',(-2.660530821918E0,-1.121682023327E0,
-1.007057195601E0));
#1568=CARTESIAN_POINT('',(-2.674229452055E0,-1.277605676173E0,
-8.000365572118E-1));
#1569=CARTESIAN_POINT('',(-2.687928082192E0,-1.395763578016E0,
-5.693670090092E-1));
#1570=CARTESIAN_POINT('',(-2.701626712329E0,-1.472663006506E0,
-3.218670935870E-1));
#1571=CARTESIAN_POINT('',(-2.715325342466E0,-1.506030830955E0,
-6.485285560090E-2));
#1572=CARTESIAN_POINT('',(-2.729023972603E0,-1.494880705596E0,
1.940784189499E-1));
#1573=CARTESIAN_POINT('',(-2.742722602740E0,-1.439542225755E0,
4.472727768746E-1));
#1574=CARTESIAN_POINT('',(-2.756421232877E0,-1.341651185081E0,
6.872458470131E-1));
#1575=CARTESIAN_POINT('',(-2.770119863014E0,-1.204101221834E0,
9.069040766492E-1));
#1576=CARTESIAN_POINT('',(-2.783818493151E0,-1.030958283560E0,
1.099754415415E0));
#1577=CARTESIAN_POINT('',(-2.797517123288E0,-8.273404385464E-1,
1.260096248471E0));
#1578=CARTESIAN_POINT('',(-2.811215753425E0,-5.992665868164E-1,
1.383189905469E0));
#1579=CARTESIAN_POINT('',(-2.824914383562E0,-3.534785427308E-1,
1.465396764188E0));
#1580=CARTESIAN_POINT('',(-2.838613013699E0,-9.724174839400E-2,
1.504286807439E0));
#1581=CARTESIAN_POINT('',(-2.852311643836E0,1.618694912630E-1,
1.498710453845E0));
#1582=CARTESIAN_POINT('',(-2.866010273973E0,4.161959033194E-1,
1.448832539228E0));
#1583=CARTESIAN_POINT('',(-2.879708904110E0,6.582196533366E-1,
1.356127444095E0));
#1584=CARTESIAN_POINT('',(-2.893407534247E0,8.807865709389E-1,
1.223335511264E0));
#1585=CARTESIAN_POINT('',(-2.907106164384E0,1.077317625563E0,1.054382041917E0));
#1586=CARTESIAN_POINT('',(-2.920804794521E0,1.242003401196E0,
8.542612645341E-1));
#1587=CARTESIAN_POINT('',(-2.934503424658E0,1.369975821472E0,
6.288887065669E-1));
#1588=CARTESIAN_POINT('',(-2.948202054795E0,1.457452048972E0,
3.849263327090E-1));
#1589=CARTESIAN_POINT('',(-2.961900684932E0,1.501846305088E0,
1.295856186427E-1));
#1590=CARTESIAN_POINT('',(-2.975599315068E0,1.501846305088E0,
-1.295856186427E-1));
#1591=CARTESIAN_POINT('',(-2.989297945205E0,1.457452048972E0,
-3.849263327090E-1));
#1592=CARTESIAN_POINT('',(-3.002996575342E0,1.369975821472E0,
-6.288887065669E-1));
#1593=CARTESIAN_POINT('',(-3.016695205479E0,1.242003401196E0,
-8.542612645341E-1));
#1594=CARTESIAN_POINT('',(-3.030393835616E0,1.077317625563E0,
-1.054382041917E0));
#1595=CARTESIAN_POINT('',(-3.044092465753E0,8.807865709389E-1,
-1.223335511264E0));
#1596=CARTESIAN_POINT('',(-3.057791095890E0,6.582196533365E-1,
-1.356127444095E0));
#1597=CARTESIAN_POINT('',(-3.071489726027E0,4.161959033194E-1,
-1.448832539228E0));
#1598=CARTESIAN_POINT('',(-3.085188356164E0,1.618694912630E-1,
-1.498710453845E0));
#1599=CARTESIAN_POINT('',(-3.098886986301E0,-9.724174839402E-2,
-1.504286807439E0));
#1600=CARTESIAN_POINT('',(-3.112585616438E0,-3.534785427308E-1,
-1.465396764188E0));
#1601=CARTESIAN_POINT('',(-3.126284246575E0,-5.992665868164E-1,
-1.383189905469E0));
#1602=CARTESIAN_POINT('',(-3.139982876712E0,-8.273404385465E-1,
-1.260096248471E0));
#1603=CARTESIAN_POINT('',(-3.153681506849E0,-1.030958283560E0,
-1.099754415415E0));
#1604=CARTESIAN_POINT('',(-3.167380136986E0,-1.204101221834E0,
-9.069040766492E-1));
#1605=CARTESIAN_POINT('',(-3.181078767123E0,-1.341651185081E0,
-6.872458470131E-1));
#1606=CARTESIAN_POINT('',(-3.194777397260E0,-1.439542225755E0,
-4.472727768746E-1));
#1607=CARTESIAN_POINT('',(-3.208476027397E0,-1.494880705596E0,
-1.940784189499E-1));
#1608=CARTESIAN_POINT('',(-3.222174657534E0,-1.506030830955E0,
6.485285560092E-2));
#1609=CARTESIAN_POINT('',(-3.235873287671E0,-1.472663006506E0,
3.218670935870E-1));
#1610=CARTESIAN_POINT('',(-3.249571917808E0,-1.395763578016E0,
5.693670090092E-1));
#1611=CARTESIAN_POINT('',(-3.263270547945E0,-1.277605676173E0,
8.000365572119E-1));
#1612=CARTESIAN_POINT('',(-3.276969178082E0,-1.121682023327E0,
1.007057195601E0));
#1613=CARTESIAN_POINT('',(-3.290667808219E0,-9.326016893630E-1,
1.184309438307E0));
#1614=CARTESIAN_POINT('',(-3.304366438356E0,-7.159538485838E-1,
1.326553746881E0));
#1615=CARTESIAN_POINT('',(-3.318065068493E0,-4.781425649052E-1,
1.429585409932E0));
#1616=CARTESIAN_POINT('',(-3.331763698630E0,-2.261974890973E-1,
1.490358833501E0));
#1617=CARTESIAN_POINT('',(-3.345462328767E0,3.243393619248E-2,
1.507077568154E0));
#1618=CARTESIAN_POINT('',(-3.359160958904E0,2.901066212534E-1,
1.479247411702E0));
#1619=CARTESIAN_POINT('',(-3.372859589041E0,5.392038165314E-1,
1.407691017482E0));
#1620=CARTESIAN_POINT('',(-3.386558219178E0,7.723622621192E-1,
1.294523577776E0));
#1621=CARTESIAN_POINT('',(-3.400256849315E0,9.826898441475E-1,
1.143090295895E0));
#1622=CARTESIAN_POINT('',(-3.413955479452E0,1.163969324199E0,
9.578675149498E-1));
#1623=CARTESIAN_POINT('',(-3.427654109589E0,1.310842119549E0,
7.443303523171E-1));
#1624=CARTESIAN_POINT('',(-3.441352739726E0,1.418966701725E0,
5.087910272215E-1));
#1625=CARTESIAN_POINT('',(-3.455051369863E0,1.485146931165E0,
2.582116351440E-1));
#1626=CARTESIAN_POINT('',(-3.464183789954E0,1.5E0,8.607103160519E-2));
#1627=CARTESIAN_POINT('',(-3.46875E0,1.5E0,0.E0));
#1629=DIRECTION('',(5.E-1,-8.660254037844E-1,0.E0));
#1630=VECTOR('',#1629,3.125E-1);
#1631=CARTESIAN_POINT('',(-1.46875E0,1.5E0,0.E0));
#1632=LINE('',#1631,#1630);
#1633=CARTESIAN_POINT('',(-4.900044873665E0,9.748151059470E-1,
1.140059432318E0));
#1634=CARTESIAN_POINT('',(-4.891186426343E0,9.086956699086E-1,
1.186100849868E0));
#1635=CARTESIAN_POINT('',(-4.873432723620E0,7.697610450126E-1,
1.266926467236E0));
#1636=CARTESIAN_POINT('',(-4.846673345557E0,5.469914999306E-1,
1.351796619829E0));
#1637=CARTESIAN_POINT('',(-4.819840342737E0,3.165535690636E-1,
1.398744502033E0));
#1638=CARTESIAN_POINT('',(-4.792649975805E0,8.237140342989E-2,
1.407244876161E0));
#1639=CARTESIAN_POINT('',(-4.765435999788E0,-1.461701674871E-1,
1.377210629832E0));
#1640=CARTESIAN_POINT('',(-4.738424788711E0,-3.612331312454E-1,
1.311688696078E0));
#1641=CARTESIAN_POINT('',(-4.711084217804E0,-5.615125717419E-1,
1.212314095282E0));
#1642=CARTESIAN_POINT('',(-4.683171185596E0,-7.426706687386E-1,
1.080359131801E0));
#1643=CARTESIAN_POINT('',(-4.655032873466E0,-8.967496333928E-1,
9.210486917495E-1));
#1644=CARTESIAN_POINT('',(-4.627208286633E0,-1.017639116664E0,
7.433354645012E-1));
#1645=CARTESIAN_POINT('',(-4.608703811711E0,-1.075777369709E0,
6.158149177988E-1));
#1646=CARTESIAN_POINT('',(-4.599476545039E0,-1.099021628024E0,
5.509036509120E-1));
#1648=CARTESIAN_POINT('',(-3.46875E0,1.5E0,0.E0));
#1649=CARTESIAN_POINT('',(-3.473293793250E0,1.5E0,-8.564848495673E-2));
#1650=CARTESIAN_POINT('',(-3.482381379749E0,1.485292764431E0,
-2.569440307274E-1));
#1651=CARTESIAN_POINT('',(-3.496012759498E0,1.419755947010E0,
-5.063674868645E-1));
#1652=CARTESIAN_POINT('',(-3.509644139248E0,1.312661491918E0,
-7.409687688301E-1));
#1653=CARTESIAN_POINT('',(-3.523275518997E0,1.167144158036E0,
-9.538812559288E-1));
#1654=CARTESIAN_POINT('',(-3.536906898746E0,9.874633792813E-1,
-1.138872688840E0));
#1655=CARTESIAN_POINT('',(-3.550538278495E0,7.788785868367E-1,
-1.290528216156E0));
#1656=CARTESIAN_POINT('',(-3.564169658244E0,5.474952604829E-1,
-1.404408725620E0));
#1657=CARTESIAN_POINT('',(-3.577801037994E0,3.000862152659E-1,
-1.477180825935E0));
#1658=CARTESIAN_POINT('',(-3.591432417743E0,4.389335461215E-2,
-1.506714406400E0));
#1659=CARTESIAN_POINT('',(-3.605063797492E0,-2.135843072294E-1,
-1.492144990528E0));
#1660=CARTESIAN_POINT('',(-3.618695177241E0,-4.648101486292E-1,
-1.433899039256E0));
#1661=CARTESIAN_POINT('',(-3.632326556990E0,-7.024305448236E-1,
-1.333681468247E0));
#1662=CARTESIAN_POINT('',(-3.645957936740E0,-9.194901156652E-1,
-1.194425743293E0));
#1663=CARTESIAN_POINT('',(-3.659589316489E0,-1.109635316366E0,
-1.020208014927E0));
#1664=CARTESIAN_POINT('',(-3.673220696238E0,-1.267300411932E0,
-8.161278055329E-1));
#1665=CARTESIAN_POINT('',(-3.686852075987E0,-1.387870391645E0,
-5.881587413632E-1));
#1666=CARTESIAN_POINT('',(-3.700483455736E0,-1.467816054911E0,
-3.429736986885E-1));
#1667=CARTESIAN_POINT('',(-3.714114835485E0,-1.504797314398E0,
-8.774948221743E-2));
#1668=CARTESIAN_POINT('',(-3.727746215235E0,-1.497731692664E0,
1.700432469585E-1));
#1669=CARTESIAN_POINT('',(-3.741377594984E0,-1.446826007333E0,
4.228586448823E-1));
#1670=CARTESIAN_POINT('',(-3.755008974733E0,-1.353570317333E0,
6.632965589248E-1));
#1671=CARTESIAN_POINT('',(-3.768640354482E0,-1.220694307428E0,
8.843191374502E-1));
#1672=CARTESIAN_POINT('',(-3.782271734231E0,-1.052087387685E0,
1.079456834580E0));
#1673=CARTESIAN_POINT('',(-3.795903113981E0,-8.526848466616E-1,
1.242997780095E0));
#1674=CARTESIAN_POINT('',(-3.809534493730E0,-6.283233907073E-1,
1.370154971431E0));
#1675=CARTESIAN_POINT('',(-3.823165873479E0,-3.855702978906E-1,
1.457206393903E0));
#1676=CARTESIAN_POINT('',(-3.836797253228E0,-1.315311873821E-1,
1.501603967694E0));
#1677=CARTESIAN_POINT('',(-3.850428632977E0,1.263579689311E-1,
1.502048132629E0));
#1678=CARTESIAN_POINT('',(-3.864060012727E0,3.805485045761E-1,
1.458525887570E0));
#1679=CARTESIAN_POINT('',(-3.877691392476E0,6.236000153045E-1,
1.372311170967E0));
#1680=CARTESIAN_POINT('',(-3.891322772225E0,8.483981469635E-1,
1.245927571441E0));
#1681=CARTESIAN_POINT('',(-3.904954151974E0,1.048362839562E0,1.083074459894E0));
#1682=CARTESIAN_POINT('',(-3.918585531723E0,1.217640932026E0,
8.885187053193E-1));
#1683=CARTESIAN_POINT('',(-3.932216911473E0,1.351277489921E0,
6.679551439128E-1));
#1684=CARTESIAN_POINT('',(-3.945848291222E0,1.445360841200E0,
4.278398856748E-1));
#1685=CARTESIAN_POINT('',(-3.959479670971E0,1.497137074647E0,
1.752013377918E-1));
#1686=CARTESIAN_POINT('',(-3.973111050720E0,1.505090649545E0,
-8.256552367953E-2));
#1687=CARTESIAN_POINT('',(-3.986742430469E0,1.468988757018E0,
-3.379156119552E-1));
#1688=CARTESIAN_POINT('',(-4.000373810219E0,1.389888134579E0,
-5.833745815536E-1));
#1689=CARTESIAN_POINT('',(-4.014005189968E0,1.270104134396E0,
-8.117576096586E-1));
#1690=CARTESIAN_POINT('',(-4.027636569717E0,1.113142950674E0,
-1.016379702873E0));
#1691=CARTESIAN_POINT('',(-4.041267949466E0,9.235989899510E-1,
-1.191251373476E0));
#1692=CARTESIAN_POINT('',(-4.054899329215E0,7.070203883391E-1,
-1.331253957560E0));
#1693=CARTESIAN_POINT('',(-4.068530708965E0,4.697466121898E-1,
-1.432289443298E0));
#1694=CARTESIAN_POINT('',(-4.082162088714E0,2.187228957446E-1,
-1.491400423738E0));
#1695=CARTESIAN_POINT('',(-4.095793468463E0,-3.870305262685E-2,
-1.506856662979E0));
#1696=CARTESIAN_POINT('',(-4.109424848212E0,-2.949961249986E-1,
-1.478205741865E0));
#1697=CARTESIAN_POINT('',(-4.123056227961E0,-5.426543738273E-1,
-1.406286300727E0));
#1698=CARTESIAN_POINT('',(-4.136687607711E0,-7.744286012542E-1,
-1.293203491569E0));
#1699=CARTESIAN_POINT('',(-4.150318987460E0,-9.835345501788E-1,
-1.142267358219E0));
#1700=CARTESIAN_POINT('',(-4.163950367209E0,-1.163851486063E0,
-9.578959481259E-1));
#1701=CARTESIAN_POINT('',(-4.177581746958E0,-1.310101356787E0,
-7.454859918155E-1));
#1702=CARTESIAN_POINT('',(-4.191213126707E0,-1.418003286365E0,
-5.112549353356E-1));
#1703=CARTESIAN_POINT('',(-4.204844506456E0,-1.484398880356E0,
-2.620589495632E-1));
#1704=CARTESIAN_POINT('',(-4.218475886206E0,-1.507344675134E0,
-5.192243413056E-3));
#1705=CARTESIAN_POINT('',(-4.232107265955E0,-1.486169024967E0,
2.518264447526E-1));
#1706=CARTESIAN_POINT('',(-4.245738645704E0,-1.421491761733E0,
5.014739279103E-1));
#1707=CARTESIAN_POINT('',(-4.259370025453E0,-1.315206051843E0,
7.364427813776E-1));
#1708=CARTESIAN_POINT('',(-4.273001405202E0,-1.170422981418E0,
9.498552382418E-1));
#1709=CARTESIAN_POINT('',(-4.286632784952E0,-9.913804917711E-1,
1.135464508289E0));
#1710=CARTESIAN_POINT('',(-4.300264164701E0,-7.833193307410E-1,
1.287837627628E0));
#1711=CARTESIAN_POINT('',(-4.313895544450E0,-5.523296509078E-1,
1.402514486833E0));
#1712=CARTESIAN_POINT('',(-4.327526924199E0,-3.051727449009E-1,
1.476138382679E0));
#1713=CARTESIAN_POINT('',(-4.341158303948E0,-4.908313578682E-2,
1.506554272115E0));
#1714=CARTESIAN_POINT('',(-4.354789683698E0,2.084431844585E-1,
1.492871852471E0));
#1715=CARTESIAN_POINT('',(-4.368421063447E0,4.598681699268E-1,
1.435491621479E0));
#1716=CARTESIAN_POINT('',(-4.382052443196E0,6.978323667137E-1,
1.336093154318E0));
#1717=CARTESIAN_POINT('',(-4.395683822945E0,9.153703312941E-1,
1.197585940814E0));
#1718=CARTESIAN_POINT('',(-4.409315202694E0,1.106114515829E0,1.024024221842E0));
#1719=CARTESIAN_POINT('',(-4.422946582444E0,1.264481652488E0,
8.204883177534E-1));
#1720=CARTESIAN_POINT('',(-4.436577962193E0,1.385836181123E0,
5.929359224549E-1));
#1721=CARTESIAN_POINT('',(-4.450209341942E0,1.466625936633E0,
3.480277159138E-1));
#1722=CARTESIAN_POINT('',(-4.463840721691E0,1.504486124282E0,
9.293239957580E-2));
#1723=CARTESIAN_POINT('',(-4.477472101440E0,1.498308539549E0,-1.648831385E-1));
#1724=CARTESIAN_POINT('',(-4.491103481190E0,1.448274006349E0,
-4.178723867179E-1));
#1725=CARTESIAN_POINT('',(-4.504734860939E0,1.355847084140E0,
-6.586301036815E-1));
#1726=CARTESIAN_POINT('',(-4.518366240688E0,1.223733198847E0,
-8.801090768123E-1));
#1727=CARTESIAN_POINT('',(-4.531997620437E0,1.055799452408E0,
-1.075826401118E0));
#1728=CARTESIAN_POINT('',(-4.545629000186E0,8.569614289433E-1,
-1.240053240128E0));
#1729=CARTESIAN_POINT('',(-4.559260379936E0,6.330393108240E-1,
-1.367982514508E0));
#1730=CARTESIAN_POINT('',(-4.572891759685E0,3.905875162730E-1,
-1.455869609951E0));
#1731=CARTESIAN_POINT('',(-4.586523139434E0,1.367028451676E-1,
-1.501141985680E0));
#1732=CARTESIAN_POINT('',(-4.600154519183E0,-1.211832511968E-1,
-1.502474475216E0));
#1733=CARTESIAN_POINT('',(-4.613785898932E0,-3.755221959148E-1,
-1.459828075296E0));
#1734=CARTESIAN_POINT('',(-4.627417278681E0,-6.188692406604E-1,
-1.374451087530E0));
#1735=CARTESIAN_POINT('',(-4.641048658431E0,-8.441013807122E-1,
-1.248842579402E0));
#1736=CARTESIAN_POINT('',(-4.654680038180E0,-1.044625852231E0,
-1.086679234134E0));
#1737=CARTESIAN_POINT('',(-4.668311417929E0,-1.214573108871E0,
-8.927077305902E-1));
#1738=CARTESIAN_POINT('',(-4.681942797678E0,-1.348968629109E0,
-6.726058033695E-1));
#1739=CARTESIAN_POINT('',(-4.695574177427E0,-1.443878525333E0,
-4.328160499911E-1));
#1740=CARTESIAN_POINT('',(-4.709205557177E0,-1.496524692553E0,
-1.803573497975E-1));
#1741=CARTESIAN_POINT('',(-4.722836936926E0,-1.505366126243E0,
7.738058547153E-2));
#1742=CARTESIAN_POINT('',(-4.736468316675E0,-1.470144029037E0,
3.328535157301E-1));
#1743=CARTESIAN_POINT('',(-4.750099696424E0,-1.391889385984E0,
5.785834997918E-1));
#1744=CARTESIAN_POINT('',(-4.763731076173E0,-1.272892786612E0,
8.073777819853E-1));
#1745=CARTESIAN_POINT('',(-4.777362455923E0,-1.116637377133E0,
1.012539331099E0));
#1746=CARTESIAN_POINT('',(-4.790993835672E0,-9.276969054126E-1,
1.188062869040E0));
#1747=CARTESIAN_POINT('',(-4.804625215421E0,-7.116018427464E-1,
1.328810651014E0));
#1748=CARTESIAN_POINT('',(-4.818256595170E0,-4.746775022359E-1,
1.430662852876E0));
#1749=CARTESIAN_POINT('',(-4.831887974919E0,-2.238588882854E-1,
1.490638160300E0));
#1750=CARTESIAN_POINT('',(-4.845519354669E0,3.351228862595E-2,
1.506981042535E0));
#1751=CARTESIAN_POINT('',(-4.859150734418E0,2.899025449064E-1,
1.479213109462E0));
#1752=CARTESIAN_POINT('',(-4.872782114167E0,5.378070095231E-1,
1.408147222889E0));
#1753=CARTESIAN_POINT('',(-4.886413493916E0,7.699695718089E-1,
1.295863298920E0));
#1754=CARTESIAN_POINT('',(-4.895501080416E0,9.097188638546E-1,
1.195720390276E0));
#1755=CARTESIAN_POINT('',(-4.900044873665E0,9.748151059470E-1,
1.140059432318E0));
#1757=DIRECTION('',(5.E-1,-8.660254037844E-1,1.433371708574E-14));
#1758=VECTOR('',#1757,3.125E-1);
#1759=CARTESIAN_POINT('',(-3.46875E0,1.5E0,0.E0));
#1760=LINE('',#1759,#1758);
#1761=DIRECTION('',(7.431448254774E-1,-6.691306063589E-1,0.E0));
#1762=VECTOR('',#1761,4.610238860532E-1);
#1763=CARTESIAN_POINT('',(-5.E0,1.59E0,0.E0));
#1764=LINE('',#1763,#1762);
#1765=DIRECTION('',(7.431448254774E-1,6.691306063589E-1,1.048699205466E-14));
#1766=VECTOR('',#1765,2.396806544349E-1);
#1767=CARTESIAN_POINT('',(-5.E0,-1.59E0,0.E0));
#1768=LINE('',#1767,#1766);
#1769=CARTESIAN_POINT('',(-4.657392484658E0,1.281514807579E0,0.E0));
#1770=CARTESIAN_POINT('',(-4.660461969855E0,1.284278584465E0,
-7.512756971433E-2));
#1771=CARTESIAN_POINT('',(-4.666597658522E0,1.276507040761E0,
-2.262663383925E-1));
#1772=CARTESIAN_POINT('',(-4.675755317211E0,1.225491817177E0,
-4.478158746652E-1));
#1773=CARTESIAN_POINT('',(-4.684975188976E0,1.135256234231E0,
-6.597300701215E-1));
#1774=CARTESIAN_POINT('',(-4.694090377478E0,1.010123782100E0,
-8.517297113725E-1));
#1775=CARTESIAN_POINT('',(-4.703330216160E0,8.503545718210E-1,
-1.022363906251E0));
#1776=CARTESIAN_POINT('',(-4.712524308219E0,6.626667395871E-1,
-1.162248964910E0));
#1777=CARTESIAN_POINT('',(-4.721580162939E0,4.555020594401E-1,
-1.266583236412E0));
#1778=CARTESIAN_POINT('',(-4.730699446066E0,2.305887980870E-1,
-1.334702624421E0));
#1779=CARTESIAN_POINT('',(-4.739978712370E0,-8.387609865535E-3,
-1.363051208321E0));
#1780=CARTESIAN_POINT('',(-4.749256721288E0,-2.500176934813E-1,
-1.348173585336E0));
#1781=CARTESIAN_POINT('',(-4.758276212671E0,-4.802234009128E-1,
-1.292883896388E0));
#1782=CARTESIAN_POINT('',(-4.767430740274E0,-7.021085980595E-1,
-1.197042293142E0));
#1783=CARTESIAN_POINT('',(-4.776674396597E0,-9.069004411588E-1,
-1.061497117797E0));
#1784=CARTESIAN_POINT('',(-4.785853926346E0,-1.084353940894E0,
-8.921230067890E-1));
#1785=CARTESIAN_POINT('',(-4.794812200577E0,-1.227277943601E0,
-6.983653362646E-1));
#1786=CARTESIAN_POINT('',(-4.803788988753E0,-1.336269279358E0,
-4.815805781459E-1));
#1787=CARTESIAN_POINT('',(-4.812888322750E0,-1.407541740685E0,
-2.446784562213E-1));
#1788=CARTESIAN_POINT('',(-4.818887403640E0,-1.426925485764E0,
-8.178078352583E-2));
#1789=CARTESIAN_POINT('',(-4.821882561890E0,-1.429622338365E0,0.E0));
#1791=CARTESIAN_POINT('',(-4.599476545039E0,5.509036509120E-1,
1.099021628024E0));
#1792=CARTESIAN_POINT('',(-4.602265932236E0,6.105789097921E-1,
1.071917821312E0));
#1793=CARTESIAN_POINT('',(-4.607838865386E0,7.258512838991E-1,
1.008074437647E0));
#1794=CARTESIAN_POINT('',(-4.616238451993E0,8.828963153885E-1,
8.845243168330E-1));
#1795=CARTESIAN_POINT('',(-4.624505093635E0,1.016858747180E0,
7.389476091776E-1));
#1796=CARTESIAN_POINT('',(-4.632645685599E0,1.125565333957E0,
5.759238581497E-1));
#1797=CARTESIAN_POINT('',(-4.640892786360E0,1.209230565559E0,
3.946171311825E-1));
#1798=CARTESIAN_POINT('',(-4.649209621266E0,1.263800141554E0,
1.995335171833E-1));
#1799=CARTESIAN_POINT('',(-4.654671470490E0,1.279064795418E0,
6.659852336224E-2));
#1800=CARTESIAN_POINT('',(-4.657392484658E0,1.281514807579E0,0.E0));
#1802=DIRECTION('',(5.E-1,8.660254037844E-1,-1.433281221552E-14));
#1803=VECTOR('',#1802,3.125E-1);
#1804=CARTESIAN_POINT('',(-3.6875E0,1.229367061317E0,0.E0));
#1805=LINE('',#1804,#1803);
#1806=CARTESIAN_POINT('',(-4.821882561890E0,-1.429622338365E0,0.E0));
#1807=CARTESIAN_POINT('',(-4.824494964765E0,-1.431974556479E0,
7.132990519336E-2));
#1808=CARTESIAN_POINT('',(-4.829717697248E0,-1.426015512530E0,
2.146432549950E-1));
#1809=CARTESIAN_POINT('',(-4.837577603860E0,-1.384629203582E0,
4.275814131824E-1));
#1810=CARTESIAN_POINT('',(-4.845367235297E0,-1.312221698152E0,
6.311201412109E-1));
#1811=CARTESIAN_POINT('',(-4.853144832178E0,-1.210202852422E0,
8.223372971442E-1));
#1812=CARTESIAN_POINT('',(-4.860961231530E0,-1.079693056970E0,
9.980417404989E-1));
#1813=CARTESIAN_POINT('',(-4.868848414956E0,-9.221810330271E-1,
1.154386124931E0));
#1814=CARTESIAN_POINT('',(-4.876720914063E0,-7.423527738939E-1,
1.285567890307E0));
#1815=CARTESIAN_POINT('',(-4.884484350640E0,-5.468015706114E-1,
1.387526679089E0));
#1816=CARTESIAN_POINT('',(-4.892209719792E0,-3.384732346E-1,1.459701137631E0));
#1817=CARTESIAN_POINT('',(-4.897427105640E0,-1.914289460320E-1,
1.487250357114E0));
#1818=CARTESIAN_POINT('',(-4.900044873665E0,-1.168453837293E-1,
1.495442127366E0));
#1820=DIRECTION('',(5.E-1,8.660254037844E-1,0.E0));
#1821=VECTOR('',#1820,3.125E-1);
#1822=CARTESIAN_POINT('',(-1.6875E0,1.229367061317E0,0.E0));
#1823=LINE('',#1822,#1821);
#1824=CARTESIAN_POINT('',(-4.900044873665E0,-1.168453837293E-1,
1.495442127366E0));
#1825=CARTESIAN_POINT('',(-4.901189440422E0,-8.423521154832E-2,
1.499023815209E0));
#1826=CARTESIAN_POINT('',(-4.903262312419E0,-2.209898819393E-2,
1.503589995907E0));
#1827=CARTESIAN_POINT('',(-4.905810561915E0,6.062829121259E-2,
1.504640954666E0));
#1828=CARTESIAN_POINT('',(-4.907930062905E0,1.343483193995E-1,
1.501637936229E0));
#1829=CARTESIAN_POINT('',(-4.909707698333E0,2.001327527744E-1,
1.495803581350E0));
#1830=CARTESIAN_POINT('',(-4.911218792321E0,2.593385143379E-1,
1.487988546167E0));
#1831=CARTESIAN_POINT('',(-4.912523858372E0,3.133296223066E-1,
1.478710933906E0));
#1832=CARTESIAN_POINT('',(-4.913672944797E0,3.634806267599E-1,
1.468222195998E0));
#1833=CARTESIAN_POINT('',(-4.914707112137E0,4.111629343264E-1,
1.456538214937E0));
#1834=CARTESIAN_POINT('',(-4.915657435963E0,4.576118072882E-1,
1.443520499120E0));
#1835=CARTESIAN_POINT('',(-4.916556991260E0,5.046058883420E-1,
1.428640923353E0));
#1836=CARTESIAN_POINT('',(-4.917366781404E0,5.504365083083E-1,
1.412368231078E0));
#1837=CARTESIAN_POINT('',(-4.918032961492E0,5.917217225313E-1,
1.396174388068E0));
#1838=CARTESIAN_POINT('',(-4.918568731083E0,6.283728557081E-1,
1.380557540635E0));
#1839=CARTESIAN_POINT('',(-4.918996888597E0,6.611103456924E-1,
1.365579146505E0));
#1840=CARTESIAN_POINT('',(-4.919332771403E0,6.902958605816E-1,
1.351373351493E0));
#1841=CARTESIAN_POINT('',(-4.919591152032E0,7.163715993147E-1,
1.337975568586E0));
#1842=CARTESIAN_POINT('',(-4.919784478250E0,7.397439126750E-1,
1.325378693399E0));
#1843=CARTESIAN_POINT('',(-4.919923332738E0,7.608128334674E-1,
1.313528821120E0));
#1844=CARTESIAN_POINT('',(-4.920016261901E0,7.799615917185E-1,
1.302336923350E0));
#1845=CARTESIAN_POINT('',(-4.920069801050E0,7.975662841750E-1,
1.291679888711E0));
#1846=CARTESIAN_POINT('',(-4.920088222401E0,8.139937989417E-1,
1.281405333937E0));
#1847=CARTESIAN_POINT('',(-4.920073556478E0,8.294251461418E-1,
1.271450786426E0));
#1848=CARTESIAN_POINT('',(-4.920028227465E0,8.438774771032E-1,
1.261851204379E0));
#1849=CARTESIAN_POINT('',(-4.919954731241E0,8.573987637420E-1,
1.252618715591E0));
#1850=CARTESIAN_POINT('',(-4.919855455121E0,8.700315733056E-1,
1.243764615087E0));
#1851=CARTESIAN_POINT('',(-4.919732722826E0,8.818189680733E-1,
1.235296135085E0));
#1852=CARTESIAN_POINT('',(-4.919588779244E0,8.928028135530E-1,
1.227217636990E0));
#1853=CARTESIAN_POINT('',(-4.919425793215E0,9.030240436904E-1,
1.219530689134E0));
#1854=CARTESIAN_POINT('',(-4.919245847832E0,9.125228620197E-1,
1.212234098854E0));
#1855=CARTESIAN_POINT('',(-4.919050960680E0,9.213373950720E-1,
1.205325150549E0));
#1856=CARTESIAN_POINT('',(-4.918843060815E0,9.295058896728E-1,
1.198798218333E0));
#1857=CARTESIAN_POINT('',(-4.918623396949E0,9.370845870459E-1,
1.192630103120E0));
#1858=CARTESIAN_POINT('',(-4.918393191377E0,9.441163939563E-1,
1.186804832078E0));
#1859=CARTESIAN_POINT('',(-4.918154780706E0,9.506087286502E-1,
1.181333938779E0));
#1860=CARTESIAN_POINT('',(-4.917910233850E0,9.565824980075E-1,
1.176216742403E0));
#1861=CARTESIAN_POINT('',(-4.917661660239E0,9.620588175470E-1,
1.171450916259E0));
#1862=CARTESIAN_POINT('',(-4.917411067607E0,9.670621357779E-1,
1.167029860389E0));
#1863=CARTESIAN_POINT('',(-4.917160359893E0,9.716185454829E-1,
1.162944037637E0));
#1864=CARTESIAN_POINT('',(-4.916911316893E0,9.757552317936E-1,
1.159181464884E0));
#1865=CARTESIAN_POINT('',(-4.916665590961E0,9.794997053503E-1,
1.155728428226E0));
#1866=CARTESIAN_POINT('',(-4.916424704570E0,9.828792872985E-1,
1.152570021677E0));
#1867=CARTESIAN_POINT('',(-4.916190047345E0,9.859207454736E-1,
1.149690570479E0));
#1868=CARTESIAN_POINT('',(-4.915962868651E0,9.886500899260E-1,
1.147073918015E0));
#1869=CARTESIAN_POINT('',(-4.915744264024E0,9.910924866753E-1,
1.144703600896E0));
#1870=CARTESIAN_POINT('',(-4.915535154800E0,9.932722559175E-1,
1.142562935789E0));
#1871=CARTESIAN_POINT('',(-4.915336261572E0,9.952129215555E-1,
1.140635044929E0));
#1872=CARTESIAN_POINT('',(-4.915148073104E0,9.969372859781E-1,
1.138902844066E0));
#1873=CARTESIAN_POINT('',(-4.914970813127E0,9.984675112483E-1,
1.137349012345E0));
#1874=CARTESIAN_POINT('',(-4.914804407809E0,9.998251950278E-1,
1.135955958245E0));
#1875=CARTESIAN_POINT('',(-4.914648456615E0,1.001031435450E0,1.134705790661E0));
#1876=CARTESIAN_POINT('',(-4.914502208634E0,1.002106883332E0,1.133580299705E0));
#1877=CARTESIAN_POINT('',(-4.914364545310E0,1.003071782456E0,1.132560948264E0));
#1878=CARTESIAN_POINT('',(-4.914233968869E0,1.003945999257E0,1.131628872635E0));
#1879=CARTESIAN_POINT('',(-4.914108593760E0,1.004749042553E0,1.130764888737E0));
#1880=CARTESIAN_POINT('',(-4.913986136166E0,1.005500072164E0,1.129949499117E0));
#1881=CARTESIAN_POINT('',(-4.913863894067E0,1.006217892917E0,1.129162894930E0));
#1882=CARTESIAN_POINT('',(-4.913738707264E0,1.006920926691E0,1.128384946749E0));
#1883=CARTESIAN_POINT('',(-4.913606881959E0,1.007627152438E0,1.127595174670E0));
#1884=CARTESIAN_POINT('',(-4.913464057270E0,1.008353988564E0,1.126772693485E0));
#1885=CARTESIAN_POINT('',(-4.913304973793E0,1.009118106365E0,1.125896094917E0));
#1886=CARTESIAN_POINT('',(-4.913123081948E0,1.009935025561E0,1.124943325920E0));
#1887=CARTESIAN_POINT('',(-4.912909828665E0,1.010818680727E0,1.123891198356E0));
#1888=CARTESIAN_POINT('',(-4.912653414524E0,1.011779485888E0,1.122715605141E0));
#1889=CARTESIAN_POINT('',(-4.912335434538E0,1.012826359690E0,1.121385607660E0));
#1890=CARTESIAN_POINT('',(-4.911928558828E0,1.013939292334E0,1.119885313407E0));
#1891=CARTESIAN_POINT('',(-4.911432383507E0,1.014974657219E0,1.118343684562E0));
#1892=CARTESIAN_POINT('',(-4.910842524736E0,1.015768291971E0,1.116905001783E0));
#1893=CARTESIAN_POINT('',(-4.910085539119E0,1.016255856610E0,1.115539280489E0));
#1894=CARTESIAN_POINT('',(-4.908962600863E0,1.015677644659E0,1.114698239545E0));
#1895=CARTESIAN_POINT('',(-4.908077744686E0,1.014228914966E0,1.114939998886E0));
#1896=CARTESIAN_POINT('',(-4.907424887191E0,1.012762338290E0,1.115478523223E0));
#1897=CARTESIAN_POINT('',(-4.906872549943E0,1.011250636863E0,1.116178241933E0));
#1898=CARTESIAN_POINT('',(-4.906370583770E0,1.009668396355E0,1.117000587988E0));
#1899=CARTESIAN_POINT('',(-4.905903489153E0,1.008021987009E0,1.117920418097E0));
#1900=CARTESIAN_POINT('',(-4.905457971236E0,1.006300632268E0,1.118930771230E0));
#1901=CARTESIAN_POINT('',(-4.905026236055E0,1.004495367225E0,1.120029650639E0));
#1902=CARTESIAN_POINT('',(-4.904602631087E0,1.002596300713E0,1.121218397053E0));
#1903=CARTESIAN_POINT('',(-4.904183408636E0,1.000595149930E0,1.122499103913E0));
#1904=CARTESIAN_POINT('',(-4.903766196151E0,9.984860324111E-1,
1.123873274919E0));
#1905=CARTESIAN_POINT('',(-4.903349779508E0,9.962664246437E-1,
1.125340729839E0));
#1906=CARTESIAN_POINT('',(-4.902933902721E0,9.939377649640E-1,
1.126898870977E0));
#1907=CARTESIAN_POINT('',(-4.902519072431E0,9.915055909792E-1,
1.128542382892E0));
#1908=CARTESIAN_POINT('',(-4.902106379880E0,9.889795137607E-1,
1.130263119435E0));
#1909=CARTESIAN_POINT('',(-4.901697059783E0,9.863708273511E-1,
1.132051714569E0));
#1910=CARTESIAN_POINT('',(-4.901292905561E0,9.836961693538E-1,
1.133895015713E0));
#1911=CARTESIAN_POINT('',(-4.900887140480E0,9.809138292411E-1,
1.135820292642E0));
#1912=CARTESIAN_POINT('',(-4.900473524005E0,9.779788726554E-1,
1.137857566020E0));
#1913=CARTESIAN_POINT('',(-4.900188898224E0,9.758901050131E-1,
1.139310870566E0));
#1914=CARTESIAN_POINT('',(-4.900044873665E0,9.748151059470E-1,
1.140059432318E0));
#1916=CARTESIAN_POINT('',(-3.53125E0,1.5E0,0.E0));
#1917=CARTESIAN_POINT('',(-3.535767474831E0,1.5E0,-8.515239444315E-2));
#1918=CARTESIAN_POINT('',(-3.544802424492E0,1.485463054995E0,
-2.554558000118E-1));
#1919=CARTESIAN_POINT('',(-3.558354848983E0,1.420677713607E0,
-5.035207366822E-1));
#1920=CARTESIAN_POINT('',(-3.571907273475E0,1.314786927165E0,
-7.370166651733E-1));
#1921=CARTESIAN_POINT('',(-3.585459697967E0,1.170854506596E0,
-9.491880632168E-1));
#1922=CARTESIAN_POINT('',(-3.599012122459E0,9.930449475829E-1,
-1.133895929137E0));
#1923=CARTESIAN_POINT('',(-3.612564546950E0,7.865029363474E-1,
-1.285796010250E0));
#1924=CARTESIAN_POINT('',(-3.626116971442E0,5.572044949055E-1,
-1.400493269839E0));
#1925=CARTESIAN_POINT('',(-3.639669395934E0,3.117840727145E-1,
-1.474669095172E0));
#1926=CARTESIAN_POINT('',(-3.653221820426E0,5.734258758481E-2,
-1.506177305577E0));
#1927=CARTESIAN_POINT('',(-3.666774244917E0,-1.987580300565E-1,
-1.494106252478E0));
#1928=CARTESIAN_POINT('',(-3.680326669409E0,-4.491078449609E-1,
-1.438805195916E0));
#1929=CARTESIAN_POINT('',(-3.693879093901E0,-6.864633138093E-1,
-1.341874199392E0));
#1930=CARTESIAN_POINT('',(-3.707431518393E0,-9.039568676311E-1,
-1.206117834071E0));
#1931=CARTESIAN_POINT('',(-3.720983942884E0,-1.095295615899E0,
-1.035464032207E0));
#1932=CARTESIAN_POINT('',(-3.734536367376E0,-1.254943423057E0,
-8.348504375798E-1));
#1933=CARTESIAN_POINT('',(-3.748088791868E0,-1.378281089337E0,
-6.100815412530E-1));
#1934=CARTESIAN_POINT('',(-3.761641216360E0,-1.461740001241E0,
-3.676607362401E-1));
#1935=CARTESIAN_POINT('',(-3.775193640851E0,-1.502905384691E0,
-1.146021503657E-1));
#1936=CARTESIAN_POINT('',(-3.788746065343E0,-1.500586173344E0,
1.417722983184E-1));
#1937=CARTESIAN_POINT('',(-3.802298489835E0,-1.454849470536E0,
3.940447516217E-1));
#1938=CARTESIAN_POINT('',(-3.815850914326E0,-1.367018607737E0,
6.349160372065E-1));
#1939=CARTESIAN_POINT('',(-3.829403338818E0,-1.239634855685E0,
8.574168605591E-1));
#1940=CARTESIAN_POINT('',(-3.842955763310E0,-1.076383896061E0,
1.055109452380E0));
#1941=CARTESIAN_POINT('',(-3.856508187802E0,-8.819891811185E-1,
1.222273836990E0));
#1942=CARTESIAN_POINT('',(-3.870060612293E0,-6.620752668E-1,1.354073332317E0));
#1943=CARTESIAN_POINT('',(-3.883613036785E0,-4.230050735866E-1,
1.446694492946E0));
#1944=CARTESIAN_POINT('',(-3.897165461277E0,-1.716957837480E-1,
1.497457447156E0));
#1945=CARTESIAN_POINT('',(-3.910717885769E0,8.458129824888E-2,
1.504893435492E0));
#1946=CARTESIAN_POINT('',(-3.924270310260E0,3.384111313908E-1,
1.468787307390E0));
#1947=CARTESIAN_POINT('',(-3.937822734752E0,5.824494825984E-1,
1.390183746280E0));
#1948=CARTESIAN_POINT('',(-3.951375159244E0,8.096354224710E-1,
1.271357043037E0));
#1949=CARTESIAN_POINT('',(-3.964927583736E0,1.013395624012E0,1.115745292365E0));
#1950=CARTESIAN_POINT('',(-3.978480008227E0,1.187834553217E0,
9.278509160332E-1));
#1951=CARTESIAN_POINT('',(-3.992032432719E0,1.327905048616E0,
7.131103912173E-1));
#1952=CARTESIAN_POINT('',(-4.005584857211E0,1.429554354260E0,
4.777369531632E-1));
#1953=CARTESIAN_POINT('',(-4.019137281703E0,1.489841380902E0,
2.285408233819E-1));
#1954=CARTESIAN_POINT('',(-4.032689706194E0,1.507021802552E0,
-2.726783517229E-2));
#1955=CARTESIAN_POINT('',(-4.046242130686E0,1.480598526256E0,
-2.822875347038E-1));
#1956=CARTESIAN_POINT('',(-4.059794555178E0,1.411336074836E0,
-5.291396149110E-1));
#1957=CARTESIAN_POINT('',(-4.073346979669E0,1.301238466418E0,
-7.606817348374E-1));
#1958=CARTESIAN_POINT('',(-4.086899404161E0,1.153491230803E0,
-9.702145271338E-1));
#1959=CARTESIAN_POINT('',(-4.100451828653E0,9.723692403405E-1,
-1.151675435459E0));
#1960=CARTESIAN_POINT('',(-4.114004253145E0,7.631130221086E-1,
-1.299814126592E0));
#1961=CARTESIAN_POINT('',(-4.127556677636E0,5.317771301404E-1,
-1.410344401932E0));
#1962=CARTESIAN_POINT('',(-4.141109102128E0,2.850549648499E-1,
-1.480068213028E0));
#1963=CARTESIAN_POINT('',(-4.154661526620E0,3.008510827596E-2,
-1.506968192916E0));
#1964=CARTESIAN_POINT('',(-4.168213951112E0,-2.257552214204E-1,
-1.490266025984E0));
#1965=CARTESIAN_POINT('',(-4.181766375603E0,-4.750636200805E-1,
-1.430444967511E0));
#1966=CARTESIAN_POINT('',(-4.195318800095E0,-7.106266763976E-1,
-1.329235861310E0));
#1967=CARTESIAN_POINT('',(-4.208871224587E0,-9.256286825050E-1,
-1.189567060037E0));
#1968=CARTESIAN_POINT('',(-4.222423649079E0,-1.113848837539E0,
-1.015479697145E0));
#1969=CARTESIAN_POINT('',(-4.235976073570E0,-1.269841238345E0,
-8.120107619977E-1));
#1970=CARTESIAN_POINT('',(-4.249528498062E0,-1.389092449540E0,
-5.850473611866E-1));
#1971=CARTESIAN_POINT('',(-4.263080922554E0,-1.468152093842E0,
-3.411563828331E-1));
#1972=CARTESIAN_POINT('',(-4.276633347045E0,-1.504732684206E0,
-8.739449229793E-2));
#1973=CARTESIAN_POINT('',(-4.290185771537E0,-1.497775809259E0,
1.688960431698E-1));
#1974=CARTESIAN_POINT('',(-4.303738196029E0,-1.447482757049E0,
4.202997932984E-1));
#1975=CARTESIAN_POINT('',(-4.317290620521E0,-1.355308691032E0,
6.595427205363E-1));
#1976=CARTESIAN_POINT('',(-4.330843045012E0,-1.223920546835E0,
8.797026447816E-1));
#1977=CARTESIAN_POINT('',(-4.344395469504E0,-1.057119867967E0,
1.074409527578E0));
#1978=CARTESIAN_POINT('',(-4.357947893996E0,-8.597328131504E-1,
1.238029780818E0));
#1979=CARTESIAN_POINT('',(-4.371500318488E0,-6.374705177542E-1,
1.365829267220E0));
#1980=CARTESIAN_POINT('',(-4.385052742979E0,-3.967638495839E-1,
1.454110276377E0));
#1981=CARTESIAN_POINT('',(-4.398605167471E0,-1.445773401642E-1,
1.500318513154E0));
#1982=CARTESIAN_POINT('',(-4.412157591963E0,1.117923248406E-1,
1.503117002867E0));
#1983=CARTESIAN_POINT('',(-4.425710016455E0,3.649274256496E-1,
1.462424774889E0));
#1984=CARTESIAN_POINT('',(-4.439262440946E0,6.075038303515E-1,
1.379419205430E0));
#1985=CARTESIAN_POINT('',(-4.452814865438E0,8.325029090491E-1,
1.256501951700E0));
#1986=CARTESIAN_POINT('',(-4.466367289930E0,1.033414608704E0,1.097229463111E0));
#1987=CARTESIAN_POINT('',(-4.479919714422E0,1.204425812975E0,
9.062100800811E-1));
#1988=CARTESIAN_POINT('',(-4.493472138913E0,1.340588537113E0,
6.889706977524E-1));
#1989=CARTESIAN_POINT('',(-4.507024563405E0,1.437963091404E0,
4.517968525335E-1));
#1990=CARTESIAN_POINT('',(-4.520576987897E0,1.493732070921E0,
2.015508583536E-1));
#1991=CARTESIAN_POINT('',(-4.534129412388E0,1.506281873435E0,
-5.452674538436E-2));
#1992=CARTESIAN_POINT('',(-4.547681836880E0,1.475249386882E0,
-3.090266893091E-1));
#1993=CARTESIAN_POINT('',(-4.561234261372E0,1.401532495531E0,
-5.545853515651E-1));
#1994=CARTESIAN_POINT('',(-4.574786685864E0,1.287264100883E0,
-7.840978145469E-1));
#1995=CARTESIAN_POINT('',(-4.588339110355E0,1.135750408965E0,
-9.909234363650E-1));
#1996=CARTESIAN_POINT('',(-4.601891534847E0,9.513752695939E-1,
-1.169077989103E0));
#1997=CARTESIAN_POINT('',(-4.615443959339E0,7.394733354433E-1,
-1.313406804600E0));
#1998=CARTESIAN_POINT('',(-4.628996383831E0,5.061757108639E-1,
-1.419733918004E0));
#1999=CARTESIAN_POINT('',(-4.642548808322E0,2.582325564281E-1,
-1.484982893841E0));
#2000=CARTESIAN_POINT('',(-4.656101232814E0,2.817781892955E-3,
-1.507265838632E0));
#2001=CARTESIAN_POINT('',(-4.669653657306E0,-2.526785214629E-1,
-1.485938024613E0));
#2002=CARTESIAN_POINT('',(-4.683206081798E0,-5.008639034319E-1,
-1.421616544093E0));
#2003=CARTESIAN_POINT('',(-4.696758506289E0,-7.345574457208E-1,
-1.316162454690E0));
#2004=CARTESIAN_POINT('',(-4.710310930781E0,-9.469975323981E-1,
-1.172626932077E0));
#2005=CARTESIAN_POINT('',(-4.723863355273E0,-1.132037488376E0,
-9.951629882148E-1));
#2006=CARTESIAN_POINT('',(-4.737415779765E0,-1.284323425386E0,
-7.889053094042E-1));
#2007=CARTESIAN_POINT('',(-4.750968204256E0,-1.399449149710E0,
-5.598216908758E-1));
#2008=CARTESIAN_POINT('',(-4.764520628748E0,-1.474083649617E0,
-3.145403664679E-1));
#2009=CARTESIAN_POINT('',(-4.778073053240E0,-1.506067473795E0,
-6.015822937866E-2));
#2010=CARTESIAN_POINT('',(-4.791625477731E0,-1.494475212308E0,
1.959645071199E-1));
#2011=CARTESIAN_POINT('',(-4.805177902223E0,-1.439642271889E0,
4.464172678098E-1));
#2012=CARTESIAN_POINT('',(-4.818730326715E0,-1.343155172220E0,
6.839535307304E-1));
#2013=CARTESIAN_POINT('',(-4.832282751207E0,-1.207805638961E0,
9.017004960228E-1));
#2014=CARTESIAN_POINT('',(-4.845835175698E0,-1.037509840428E0,
1.093357940468E0));
#2015=CARTESIAN_POINT('',(-4.859387600190E0,-8.371950351319E-1,
1.253380509557E0));
#2016=CARTESIAN_POINT('',(-4.872940024682E0,-6.126571694928E-1,
1.377138152430E0));
#2017=CARTESIAN_POINT('',(-4.886492449174E0,-3.703925771295E-1,
1.461050133404E0));
#2018=CARTESIAN_POINT('',(-4.895527398835E0,-2.017390356602E-1,
1.488809017897E0));
#2019=CARTESIAN_POINT('',(-4.900044873665E0,-1.168453837293E-1,
1.495442127366E0));
#2021=CARTESIAN_POINT('',(-3.53125E0,1.5E0,0.E0));
#2022=CARTESIAN_POINT('',(-3.528113945671E0,1.505431805433E0,0.E0));
#2023=CARTESIAN_POINT('',(-3.518766107415E0,1.514447707004E0,0.E0));
#2024=CARTESIAN_POINT('',(-3.5E0,1.519839440366E0,0.E0));
#2025=CARTESIAN_POINT('',(-3.481233892585E0,1.514447707004E0,0.E0));
#2026=CARTESIAN_POINT('',(-3.471886054329E0,1.505431805433E0,0.E0));
#2027=CARTESIAN_POINT('',(-3.46875E0,1.5E0,0.E0));
#2029=CARTESIAN_POINT('',(-5.E0,0.E0,0.E0));
#2030=DIRECTION('',(-1.E0,0.E0,0.E0));
#2031=DIRECTION('',(0.E0,1.E0,0.E0));
#2032=AXIS2_PLACEMENT_3D('',#2029,#2030,#2031);
#2034=CARTESIAN_POINT('',(-5.E0,0.E0,0.E0));
#2035=DIRECTION('',(-1.E0,0.E0,0.E0));
#2036=DIRECTION('',(0.E0,-1.E0,0.E0));
#2037=AXIS2_PLACEMENT_3D('',#2034,#2035,#2036);
#2039=DIRECTION('',(0.E0,-5.E-1,-8.660254037844E-1));
#2040=VECTOR('',#2039,3.406366588219E0);
#2041=CARTESIAN_POINT('',(-5.E0,3.406366588219E0,0.E0));
#2042=LINE('',#2041,#2040);
#2043=DIRECTION('',(0.E0,5.E-1,-8.660254037844E-1));
#2044=VECTOR('',#2043,3.406366588219E0);
#2045=CARTESIAN_POINT('',(-5.E0,1.703183294109E0,2.95E0));
#2046=LINE('',#2045,#2044);
#2047=DIRECTION('',(0.E0,1.E0,0.E0));
#2048=VECTOR('',#2047,3.406366588219E0);
#2049=CARTESIAN_POINT('',(-5.E0,-1.703183294109E0,2.95E0));
#2050=LINE('',#2049,#2048);
#2051=DIRECTION('',(0.E0,5.E-1,8.660254037844E-1));
#2052=VECTOR('',#2051,3.406366588219E0);
#2053=CARTESIAN_POINT('',(-5.E0,-3.406366588219E0,0.E0));
#2054=LINE('',#2053,#2052);
#2055=DIRECTION('',(0.E0,-5.E-1,8.660254037844E-1));
#2056=VECTOR('',#2055,3.406366588219E0);
#2057=CARTESIAN_POINT('',(-5.E0,-1.703183294109E0,-2.95E0));
#2058=LINE('',#2057,#2056);
#2059=DIRECTION('',(0.E0,-1.E0,0.E0));
#2060=VECTOR('',#2059,3.406366588219E0);
#2061=CARTESIAN_POINT('',(-5.E0,1.703183294109E0,-2.95E0));
#2062=LINE('',#2061,#2060);
#2063=CARTESIAN_POINT('',(-4.95E0,1.703183294109E0,-2.95E0));
#2064=DIRECTION('',(0.E0,1.E0,0.E0));
#2065=DIRECTION('',(-1.776356839400E-14,0.E0,-1.E0));
#2066=AXIS2_PLACEMENT_3D('',#2063,#2064,#2065);
#2068=CARTESIAN_POINT('',(-4.95E0,1.703183294109E0,-2.95E0));
#2069=DIRECTION('',(-1.E0,0.E0,0.E0));
#2070=DIRECTION('',(0.E0,8.660254037844E-1,-5.E-1));
#2071=AXIS2_PLACEMENT_3D('',#2068,#2069,#2070);
#2073=CARTESIAN_POINT('',(-4.95E0,1.703183294109E0,-2.95E0));
#2074=DIRECTION('',(0.E0,-5.E-1,-8.660254037844E-1));
#2075=DIRECTION('',(-1.E0,0.E0,0.E0));
#2076=AXIS2_PLACEMENT_3D('',#2073,#2074,#2075);
#2078=CARTESIAN_POINT('',(-4.95E0,-1.703183294109E0,-2.95E0));
#2079=DIRECTION('',(0.E0,5.E-1,-8.660254037844E-1));
#2080=DIRECTION('',(0.E0,-8.660254037844E-1,-5.E-1));
#2081=AXIS2_PLACEMENT_3D('',#2078,#2079,#2080);
#2083=CARTESIAN_POINT('',(-4.95E0,-1.703183294109E0,-2.95E0));
#2084=DIRECTION('',(-1.E0,0.E0,0.E0));
#2085=DIRECTION('',(0.E0,0.E0,-1.E0));
#2086=AXIS2_PLACEMENT_3D('',#2083,#2084,#2085);
#2088=CARTESIAN_POINT('',(-4.95E0,-1.703183294109E0,-2.95E0));
#2089=DIRECTION('',(0.E0,-1.E0,0.E0));
#2090=DIRECTION('',(-1.E0,0.E0,0.E0));
#2091=AXIS2_PLACEMENT_3D('',#2088,#2089,#2090);
#2093=CARTESIAN_POINT('',(-4.95E0,-3.406366588219E0,0.E0));
#2094=DIRECTION('',(0.E0,-5.E-1,-8.660254037844E-1));
#2095=DIRECTION('',(0.E0,-8.660254037844E-1,5.E-1));
#2096=AXIS2_PLACEMENT_3D('',#2093,#2094,#2095);
#2098=CARTESIAN_POINT('',(-4.95E0,-3.406366588219E0,0.E0));
#2099=DIRECTION('',(-1.E0,0.E0,0.E0));
#2100=DIRECTION('',(0.E0,-8.660254037844E-1,-5.E-1));
#2101=AXIS2_PLACEMENT_3D('',#2098,#2099,#2100);
#2103=CARTESIAN_POINT('',(-4.95E0,-3.406366588219E0,0.E0));
#2104=DIRECTION('',(0.E0,-5.E-1,8.660254037844E-1));
#2105=DIRECTION('',(-1.E0,-1.776356839400E-14,0.E0));
#2106=AXIS2_PLACEMENT_3D('',#2103,#2104,#2105);
#2108=CARTESIAN_POINT('',(-4.95E0,-1.703183294109E0,2.95E0));
#2109=DIRECTION('',(0.E0,-1.E0,0.E0));
#2110=DIRECTION('',(-1.776356839400E-14,0.E0,1.E0));
#2111=AXIS2_PLACEMENT_3D('',#2108,#2109,#2110);
#2113=CARTESIAN_POINT('',(-4.95E0,-1.703183294109E0,2.95E0));
#2114=DIRECTION('',(-1.E0,0.E0,0.E0));
#2115=DIRECTION('',(0.E0,-8.660254037844E-1,5.E-1));
#2116=AXIS2_PLACEMENT_3D('',#2113,#2114,#2115);
#2118=CARTESIAN_POINT('',(-4.95E0,-1.703183294109E0,2.95E0));
#2119=DIRECTION('',(0.E0,5.E-1,8.660254037844E-1));
#2120=DIRECTION('',(-1.E0,0.E0,0.E0));
#2121=AXIS2_PLACEMENT_3D('',#2118,#2119,#2120);
#2123=DIRECTION('',(0.E0,-1.E0,0.E0));
#2124=VECTOR('',#2123,3.406366588219E0);
#2125=CARTESIAN_POINT('',(-5.E-2,1.703183294109E0,3.E0));
#2126=LINE('',#2125,#2124);
#2127=DIRECTION('',(-1.E0,0.E0,0.E0));
#2128=VECTOR('',#2127,4.9E0);
#2129=CARTESIAN_POINT('',(-5.E-2,-1.703183294109E0,3.E0));
#2130=LINE('',#2129,#2128);
#2131=DIRECTION('',(0.E0,1.E0,0.E0));
#2132=VECTOR('',#2131,3.406366588219E0);
#2133=CARTESIAN_POINT('',(-4.95E0,-1.703183294109E0,3.E0));
#2134=LINE('',#2133,#2132);
#2135=DIRECTION('',(-1.E0,0.E0,0.E0));
#2136=VECTOR('',#2135,4.9E0);
#2137=CARTESIAN_POINT('',(-5.E-2,1.703183294109E0,3.E0));
#2138=LINE('',#2137,#2136);
#2139=CARTESIAN_POINT('',(-5.E-2,1.703183294109E0,2.95E0));
#2140=DIRECTION('',(1.E0,0.E0,0.E0));
#2141=DIRECTION('',(0.E0,8.660254037844E-1,5.E-1));
#2142=AXIS2_PLACEMENT_3D('',#2139,#2140,#2141);
#2144=CARTESIAN_POINT('',(-5.E-2,1.703183294109E0,2.95E0));
#2145=DIRECTION('',(0.E0,-5.E-1,8.660254037844E-1));
#2146=DIRECTION('',(1.E0,0.E0,0.E0));
#2147=AXIS2_PLACEMENT_3D('',#2144,#2145,#2146);
#2149=CARTESIAN_POINT('',(-5.E-2,1.703183294109E0,2.95E0));
#2150=DIRECTION('',(0.E0,1.E0,0.E0));
#2151=DIRECTION('',(0.E0,0.E0,1.E0));
#2152=AXIS2_PLACEMENT_3D('',#2149,#2150,#2151);
#2154=DIRECTION('',(0.E0,5.E-1,-8.660254037844E-1));
#2155=VECTOR('',#2154,3.406366588219E0);
#2156=CARTESIAN_POINT('',(-4.95E0,1.746484564299E0,2.975E0));
#2157=LINE('',#2156,#2155);
#2158=DIRECTION('',(-1.E0,0.E0,0.E0));
#2159=VECTOR('',#2158,4.9E0);
#2160=CARTESIAN_POINT('',(-5.E-2,3.449667858408E0,2.5E-2));
#2161=LINE('',#2160,#2159);
#2162=DIRECTION('',(0.E0,-5.E-1,8.660254037844E-1));
#2163=VECTOR('',#2162,3.406366588219E0);
#2164=CARTESIAN_POINT('',(-5.E-2,3.449667858408E0,2.5E-2));
#2165=LINE('',#2164,#2163);
#2166=DIRECTION('',(-1.E0,0.E0,0.E0));
#2167=VECTOR('',#2166,4.9E0);
#2168=CARTESIAN_POINT('',(-5.E-2,1.746484564299E0,2.975E0));
#2169=LINE('',#2168,#2167);
#2170=CARTESIAN_POINT('',(-4.95E0,1.703183294109E0,2.95E0));
#2171=DIRECTION('',(-1.E0,0.E0,0.E0));
#2172=DIRECTION('',(0.E0,0.E0,1.E0));
#2173=AXIS2_PLACEMENT_3D('',#2170,#2171,#2172);
#2175=CARTESIAN_POINT('',(-4.95E0,1.703183294109E0,2.95E0));
#2176=DIRECTION('',(0.E0,1.E0,0.E0));
#2177=DIRECTION('',(-1.E0,0.E0,0.E0));
#2178=AXIS2_PLACEMENT_3D('',#2175,#2176,#2177);
#2180=CARTESIAN_POINT('',(-4.95E0,1.703183294109E0,2.95E0));
#2181=DIRECTION('',(0.E0,-5.E-1,8.660254037844E-1));
#2182=DIRECTION('',(0.E0,8.660254037844E-1,5.E-1));
#2183=AXIS2_PLACEMENT_3D('',#2180,#2181,#2182);
#2185=CARTESIAN_POINT('',(-4.95E0,3.406366588219E0,0.E0));
#2186=DIRECTION('',(-1.E0,0.E0,0.E0));
#2187=DIRECTION('',(0.E0,8.660254037844E-1,5.E-1));
#2188=AXIS2_PLACEMENT_3D('',#2185,#2186,#2187);
#2190=CARTESIAN_POINT('',(-4.95E0,3.406366588219E0,0.E0));
#2191=DIRECTION('',(0.E0,5.E-1,-8.660254037844E-1));
#2192=DIRECTION('',(-1.E0,-1.776356839400E-14,0.E0));
#2193=AXIS2_PLACEMENT_3D('',#2190,#2191,#2192);
#2195=CARTESIAN_POINT('',(-4.95E0,3.406366588219E0,0.E0));
#2196=DIRECTION('',(0.E0,5.E-1,8.660254037844E-1));
#2197=DIRECTION('',(0.E0,8.660254037844E-1,-5.E-1));
#2198=AXIS2_PLACEMENT_3D('',#2195,#2196,#2197);
#2200=DIRECTION('',(0.E0,5.E-1,8.660254037844E-1));
#2201=VECTOR('',#2200,3.406366588219E0);
#2202=CARTESIAN_POINT('',(-5.E-2,1.746484564299E0,-2.975E0));
#2203=LINE('',#2202,#2201);
#2204=DIRECTION('',(-1.E0,0.E0,0.E0));
#2205=VECTOR('',#2204,4.9E0);
#2206=CARTESIAN_POINT('',(-5.E-2,3.449667858408E0,-2.5E-2));
#2207=LINE('',#2206,#2205);
#2208=DIRECTION('',(0.E0,-5.E-1,-8.660254037844E-1));
#2209=VECTOR('',#2208,3.406366588219E0);
#2210=CARTESIAN_POINT('',(-4.95E0,3.449667858408E0,-2.5E-2));
#2211=LINE('',#2210,#2209);
#2212=DIRECTION('',(-1.E0,0.E0,0.E0));
#2213=VECTOR('',#2212,4.9E0);
#2214=CARTESIAN_POINT('',(-5.E-2,1.746484564299E0,-2.975E0));
#2215=LINE('',#2214,#2213);
#2216=CARTESIAN_POINT('',(-5.E-2,1.703183294109E0,-2.95E0));
#2217=DIRECTION('',(1.E0,0.E0,0.E0));
#2218=DIRECTION('',(0.E0,0.E0,-1.E0));
#2219=AXIS2_PLACEMENT_3D('',#2216,#2217,#2218);
#2221=CARTESIAN_POINT('',(-5.E-2,1.703183294109E0,-2.95E0));
#2222=DIRECTION('',(0.E0,1.E0,0.E0));
#2223=DIRECTION('',(1.E0,0.E0,0.E0));
#2224=AXIS2_PLACEMENT_3D('',#2221,#2222,#2223);
#2226=CARTESIAN_POINT('',(-5.E-2,1.703183294109E0,-2.95E0));
#2227=DIRECTION('',(0.E0,-5.E-1,-8.660254037844E-1));
#2228=DIRECTION('',(0.E0,8.660254037844E-1,-5.E-1));
#2229=AXIS2_PLACEMENT_3D('',#2226,#2227,#2228);
#2231=DIRECTION('',(-1.E0,0.E0,0.E0));
#2232=VECTOR('',#2231,4.9E0);
#2233=CARTESIAN_POINT('',(-5.E-2,-1.703183294109E0,-3.E0));
#2234=LINE('',#2233,#2232);
#2235=DIRECTION('',(0.E0,1.E0,0.E0));
#2236=VECTOR('',#2235,3.406366588219E0);
#2237=CARTESIAN_POINT('',(-5.E-2,-1.703183294109E0,-3.E0));
#2238=LINE('',#2237,#2236);
#2239=DIRECTION('',(-1.E0,0.E0,0.E0));
#2240=VECTOR('',#2239,4.9E0);
#2241=CARTESIAN_POINT('',(-5.E-2,1.703183294109E0,-3.E0));
#2242=LINE('',#2241,#2240);
#2243=DIRECTION('',(0.E0,-1.E0,0.E0));
#2244=VECTOR('',#2243,3.406366588219E0);
#2245=CARTESIAN_POINT('',(-4.95E0,1.703183294109E0,-3.E0));
#2246=LINE('',#2245,#2244);
#2247=DIRECTION('',(-1.E0,0.E0,0.E0));
#2248=VECTOR('',#2247,4.9E0);
#2249=CARTESIAN_POINT('',(-5.E-2,-3.449667858408E0,-2.5E-2));
#2250=LINE('',#2249,#2248);
#2251=DIRECTION('',(0.E0,5.E-1,-8.660254037844E-1));
#2252=VECTOR('',#2251,3.406366588219E0);
#2253=CARTESIAN_POINT('',(-5.E-2,-3.449667858408E0,-2.5E-2));
#2254=LINE('',#2253,#2252);
#2255=DIRECTION('',(-1.E0,0.E0,0.E0));
#2256=VECTOR('',#2255,4.9E0);
#2257=CARTESIAN_POINT('',(-5.E-2,-1.746484564299E0,-2.975E0));
#2258=LINE('',#2257,#2256);
#2259=DIRECTION('',(0.E0,-5.E-1,8.660254037844E-1));
#2260=VECTOR('',#2259,3.406366588219E0);
#2261=CARTESIAN_POINT('',(-4.95E0,-1.746484564299E0,-2.975E0));
#2262=LINE('',#2261,#2260);
#2263=DIRECTION('',(-1.E0,0.E0,0.E0));
#2264=VECTOR('',#2263,4.9E0);
#2265=CARTESIAN_POINT('',(-5.E-2,-1.746484564299E0,2.975E0));
#2266=LINE('',#2265,#2264);
#2267=DIRECTION('',(0.E0,-5.E-1,-8.660254037844E-1));
#2268=VECTOR('',#2267,3.406366588219E0);
#2269=CARTESIAN_POINT('',(-5.E-2,-1.746484564299E0,2.975E0));
#2270=LINE('',#2269,#2268);
#2271=DIRECTION('',(-1.E0,0.E0,0.E0));
#2272=VECTOR('',#2271,4.9E0);
#2273=CARTESIAN_POINT('',(-5.E-2,-3.449667858408E0,2.5E-2));
#2274=LINE('',#2273,#2272);
#2275=DIRECTION('',(0.E0,5.E-1,8.660254037844E-1));
#2276=VECTOR('',#2275,3.406366588219E0);
#2277=CARTESIAN_POINT('',(-4.95E0,-3.449667858408E0,2.5E-2));
#2278=LINE('',#2277,#2276);
#2279=CARTESIAN_POINT('',(-5.E-2,-1.703183294109E0,2.95E0));
#2280=DIRECTION('',(0.E0,5.E-1,8.660254037844E-1));
#2281=DIRECTION('',(0.E0,-8.660254037844E-1,5.E-1));
#2282=AXIS2_PLACEMENT_3D('',#2279,#2280,#2281);
#2284=CARTESIAN_POINT('',(-5.E-2,-1.703183294109E0,2.95E0));
#2285=DIRECTION('',(1.E0,0.E0,0.E0));
#2286=DIRECTION('',(0.E0,0.E0,1.E0));
#2287=AXIS2_PLACEMENT_3D('',#2284,#2285,#2286);
#2289=CARTESIAN_POINT('',(-5.E-2,-1.703183294109E0,2.95E0));
#2290=DIRECTION('',(0.E0,-1.E0,0.E0));
#2291=DIRECTION('',(1.E0,0.E0,0.E0));
#2292=AXIS2_PLACEMENT_3D('',#2289,#2290,#2291);
#2294=CARTESIAN_POINT('',(-5.E-2,-3.406366588219E0,0.E0));
#2295=DIRECTION('',(0.E0,-5.E-1,8.660254037844E-1));
#2296=DIRECTION('',(0.E0,-8.660254037844E-1,-5.E-1));
#2297=AXIS2_PLACEMENT_3D('',#2294,#2295,#2296);
#2299=CARTESIAN_POINT('',(-5.E-2,-3.406366588219E0,0.E0));
#2300=DIRECTION('',(1.E0,0.E0,0.E0));
#2301=DIRECTION('',(0.E0,-8.660254037844E-1,5.E-1));
#2302=AXIS2_PLACEMENT_3D('',#2299,#2300,#2301);
#2304=CARTESIAN_POINT('',(-5.E-2,-3.406366588219E0,0.E0));
#2305=DIRECTION('',(0.E0,-5.E-1,-8.660254037844E-1));
#2306=DIRECTION('',(1.E0,0.E0,0.E0));
#2307=AXIS2_PLACEMENT_3D('',#2304,#2305,#2306);
#2309=CARTESIAN_POINT('',(-5.E-2,-1.703183294109E0,-2.95E0));
#2310=DIRECTION('',(0.E0,-1.E0,0.E0));
#2311=DIRECTION('',(0.E0,0.E0,-1.E0));
#2312=AXIS2_PLACEMENT_3D('',#2309,#2310,#2311);
#2314=CARTESIAN_POINT('',(-5.E-2,-1.703183294109E0,-2.95E0));
#2315=DIRECTION('',(1.E0,0.E0,0.E0));
#2316=DIRECTION('',(0.E0,-8.660254037844E-1,-5.E-1));
#2317=AXIS2_PLACEMENT_3D('',#2314,#2315,#2316);
#2319=CARTESIAN_POINT('',(-5.E-2,-1.703183294109E0,-2.95E0));
#2320=DIRECTION('',(0.E0,5.E-1,-8.660254037844E-1));
#2321=DIRECTION('',(1.E0,1.332267629550E-14,0.E0));
#2322=AXIS2_PLACEMENT_3D('',#2319,#2320,#2321);
#2324=CARTESIAN_POINT('',(-5.E-2,3.406366588219E0,0.E0));
#2325=DIRECTION('',(0.E0,5.E-1,-8.660254037844E-1));
#2326=DIRECTION('',(0.E0,8.660254037844E-1,5.E-1));
#2327=AXIS2_PLACEMENT_3D('',#2324,#2325,#2326);
#2329=CARTESIAN_POINT('',(-5.E-2,3.406366588219E0,0.E0));
#2330=DIRECTION('',(1.E0,0.E0,0.E0));
#2331=DIRECTION('',(0.E0,8.660254037844E-1,-5.E-1));
#2332=AXIS2_PLACEMENT_3D('',#2329,#2330,#2331);
#2334=CARTESIAN_POINT('',(-5.E-2,3.406366588219E0,0.E0));
#2335=DIRECTION('',(0.E0,5.E-1,8.660254037844E-1));
#2336=DIRECTION('',(1.E0,0.E0,0.E0));
#2337=AXIS2_PLACEMENT_3D('',#2334,#2335,#2336);
#2339=VERTEX_POINT('',#211);
#2340=VERTEX_POINT('',#231);
#2341=VERTEX_POINT('',#259);
#2342=VERTEX_POINT('',#279);
#2343=VERTEX_POINT('',#307);
#2344=VERTEX_POINT('',#327);
#2345=VERTEX_POINT('',#355);
#2346=VERTEX_POINT('',#375);
#2347=VERTEX_POINT('',#403);
#2348=VERTEX_POINT('',#423);
#2349=VERTEX_POINT('',#333);
#2350=VERTEX_POINT('',#353);
#2351=VERTEX_POINT('',#381);
#2352=VERTEX_POINT('',#401);
#2353=VERTEX_POINT('',#429);
#2354=VERTEX_POINT('',#449);
#2355=VERTEX_POINT('',#451);
#2356=VERTEX_POINT('',#471);
#2357=VERTEX_POINT('',#473);
#2358=VERTEX_POINT('',#493);
#2359=VERTEX_POINT('',#499);
#2360=VERTEX_POINT('',#519);
#2361=VERTEX_POINT('',#525);
#2362=VERTEX_POINT('',#545);
#2363=VERTEX_POINT('',#726);
#2364=VERTEX_POINT('',#754);
#2365=VERTEX_POINT('',#848);
#2366=CARTESIAN_POINT('',(-1.0625E0,-1.229367061317E0,0.E0));
#2367=VERTEX_POINT('',#2366);
#2368=CARTESIAN_POINT('',(-1.4375E0,-1.229367061317E0,0.E0));
#2369=VERTEX_POINT('',#2368);
#2370=CARTESIAN_POINT('',(-8.125E-1,1.229367061317E0,0.E0));
#2371=VERTEX_POINT('',#2370);
#2372=CARTESIAN_POINT('',(-1.46875E0,1.5E0,0.E0));
#2373=VERTEX_POINT('',#2372);
#2374=CARTESIAN_POINT('',(-1.53125E0,1.5E0,0.E0));
#2375=VERTEX_POINT('',#2374);
#2376=CARTESIAN_POINT('',(-3.46875E0,1.5E0,0.E0));
#2377=VERTEX_POINT('',#2376);
#2378=CARTESIAN_POINT('',(-3.53125E0,1.5E0,0.E0));
#2379=VERTEX_POINT('',#2378);
#2380=CARTESIAN_POINT('',(-4.005234549606E-1,-1.099021628024E0,
-5.509036509120E-1));
#2381=CARTESIAN_POINT('',(-4.005234549606E-1,5.509036509120E-1,
-1.099021628024E0));
#2382=VERTEX_POINT('',#2380);
#2383=VERTEX_POINT('',#2381);
#2384=VERTEX_POINT('',#1123);
#2385=CARTESIAN_POINT('',(-3.426075153419E-1,1.281514807579E0,0.E0));
#2386=CARTESIAN_POINT('',(0.E0,1.59E0,0.E0));
#2387=VERTEX_POINT('',#2385);
#2388=VERTEX_POINT('',#2386);
#2389=CARTESIAN_POINT('',(-1.781174381104E-1,-1.429622338365E0,0.E0));
#2390=CARTESIAN_POINT('',(0.E0,-1.59E0,0.E0));
#2391=VERTEX_POINT('',#2389);
#2392=VERTEX_POINT('',#2390);
#2393=VERTEX_POINT('',#558);
#2394=CARTESIAN_POINT('',(-5.E0,1.59E0,0.E0));
#2395=CARTESIAN_POINT('',(-4.657392484658E0,1.281514807579E0,0.E0));
#2396=VERTEX_POINT('',#2394);
#2397=VERTEX_POINT('',#2395);
#2398=CARTESIAN_POINT('',(-5.E0,-1.59E0,0.E0));
#2399=CARTESIAN_POINT('',(-4.821882561890E0,-1.429622338365E0,0.E0));
#2400=VERTEX_POINT('',#2398);
#2401=VERTEX_POINT('',#2399);
#2402=CARTESIAN_POINT('',(-4.599476545039E0,5.509036509120E-1,
1.099021628024E0));
#2403=CARTESIAN_POINT('',(-4.599476545039E0,-1.099021628024E0,
5.509036509119E-1));
#2404=VERTEX_POINT('',#2402);
#2405=VERTEX_POINT('',#2403);
#2406=VERTEX_POINT('',#1633);
#2407=VERTEX_POINT('',#1818);
#2408=CARTESIAN_POINT('',(-5.E-2,1.703183294109E0,3.E0));
#2409=CARTESIAN_POINT('',(-5.E-2,-1.703183294109E0,3.E0));
#2410=VERTEX_POINT('',#2408);
#2411=VERTEX_POINT('',#2409);
#2412=CARTESIAN_POINT('',(0.E0,1.703183294109E0,2.95E0));
#2413=CARTESIAN_POINT('',(0.E0,-1.703183294109E0,2.95E0));
#2414=VERTEX_POINT('',#2412);
#2415=VERTEX_POINT('',#2413);
#2416=CARTESIAN_POINT('',(-4.95E0,-1.703183294109E0,3.E0));
#2417=VERTEX_POINT('',#2416);
#2418=CARTESIAN_POINT('',(-5.E-2,-1.746484564299E0,2.975E0));
#2419=CARTESIAN_POINT('',(-4.95E0,-1.746484564299E0,2.975E0));
#2420=VERTEX_POINT('',#2418);
#2421=VERTEX_POINT('',#2419);
#2422=CARTESIAN_POINT('',(-5.E-2,-3.449667858408E0,2.5E-2));
#2423=VERTEX_POINT('',#2422);
#2424=CARTESIAN_POINT('',(0.E0,-3.406366588219E0,0.E0));
#2425=VERTEX_POINT('',#2424);
#2426=CARTESIAN_POINT('',(-4.95E0,-3.449667858408E0,2.5E-2));
#2427=VERTEX_POINT('',#2426);
#2428=CARTESIAN_POINT('',(-5.E-2,-3.449667858408E0,-2.5E-2));
#2429=CARTESIAN_POINT('',(-4.95E0,-3.449667858408E0,-2.5E-2));
#2430=VERTEX_POINT('',#2428);
#2431=VERTEX_POINT('',#2429);
#2432=CARTESIAN_POINT('',(-5.E-2,-1.746484564299E0,-2.975E0));
#2433=VERTEX_POINT('',#2432);
#2434=CARTESIAN_POINT('',(0.E0,-1.703183294109E0,-2.95E0));
#2435=VERTEX_POINT('',#2434);
#2436=CARTESIAN_POINT('',(-4.95E0,-1.746484564299E0,-2.975E0));
#2437=VERTEX_POINT('',#2436);
#2438=CARTESIAN_POINT('',(-5.E-2,-1.703183294109E0,-3.E0));
#2439=CARTESIAN_POINT('',(-4.95E0,-1.703183294109E0,-3.E0));
#2440=VERTEX_POINT('',#2438);
#2441=VERTEX_POINT('',#2439);
#2442=CARTESIAN_POINT('',(-5.E-2,1.703183294109E0,-3.E0));
#2443=VERTEX_POINT('',#2442);
#2444=CARTESIAN_POINT('',(0.E0,1.703183294109E0,-2.95E0));
#2445=VERTEX_POINT('',#2444);
#2446=CARTESIAN_POINT('',(-5.E-2,1.746484564299E0,-2.975E0));
#2447=CARTESIAN_POINT('',(-5.E-2,3.449667858408E0,-2.5E-2));
#2448=VERTEX_POINT('',#2446);
#2449=VERTEX_POINT('',#2447);
#2450=CARTESIAN_POINT('',(0.E0,3.406366588219E0,0.E0));
#2451=VERTEX_POINT('',#2450);
#2452=CARTESIAN_POINT('',(-4.95E0,1.703183294109E0,-3.E0));
#2453=VERTEX_POINT('',#2452);
#2454=CARTESIAN_POINT('',(-4.95E0,1.746484564299E0,-2.975E0));
#2455=VERTEX_POINT('',#2454);
#2456=CARTESIAN_POINT('',(-5.E0,3.406366588219E0,0.E0));
#2457=CARTESIAN_POINT('',(-5.E0,1.703183294109E0,-2.95E0));
#2458=VERTEX_POINT('',#2456);
#2459=VERTEX_POINT('',#2457);
#2460=CARTESIAN_POINT('',(-4.95E0,3.449667858408E0,-2.5E-2));
#2461=VERTEX_POINT('',#2460);
#2462=CARTESIAN_POINT('',(-5.E0,-1.703183294109E0,-2.95E0));
#2463=VERTEX_POINT('',#2462);
#2464=CARTESIAN_POINT('',(-5.E0,-3.406366588219E0,0.E0));
#2465=VERTEX_POINT('',#2464);
#2466=CARTESIAN_POINT('',(-5.E0,-1.703183294109E0,2.95E0));
#2467=VERTEX_POINT('',#2466);
#2468=CARTESIAN_POINT('',(-4.95E0,1.703183294109E0,3.E0));
#2469=VERTEX_POINT('',#2468);
#2470=CARTESIAN_POINT('',(-5.E0,1.703183294109E0,2.95E0));
#2471=VERTEX_POINT('',#2470);
#2472=CARTESIAN_POINT('',(-4.95E0,1.746484564299E0,2.975E0));
#2473=CARTESIAN_POINT('',(-4.95E0,3.449667858408E0,2.5E-2));
#2474=VERTEX_POINT('',#2472);
#2475=VERTEX_POINT('',#2473);
#2476=CARTESIAN_POINT('',(-5.E-2,3.449667858408E0,2.5E-2));
#2477=VERTEX_POINT('',#2476);
#2478=CARTESIAN_POINT('',(-5.E-2,1.746484564299E0,2.975E0));
#2479=VERTEX_POINT('',#2478);
#2480=CARTESIAN_POINT('',(0.E0,0.E0,0.E0));
#2481=DIRECTION('',(1.E0,0.E0,0.E0));
#2482=DIRECTION('',(0.E0,-1.E0,0.E0));
#2483=AXIS2_PLACEMENT_3D('',#2480,#2481,#2482);
#2484=PLANE('',#2483);
#2486=ORIENTED_EDGE('',*,*,#2485,.F.);
#2488=ORIENTED_EDGE('',*,*,#2487,.F.);
#2490=ORIENTED_EDGE('',*,*,#2489,.F.);
#2492=ORIENTED_EDGE('',*,*,#2491,.F.);
#2494=ORIENTED_EDGE('',*,*,#2493,.F.);
#2496=ORIENTED_EDGE('',*,*,#2495,.F.);
#2497=EDGE_LOOP('',(#2486,#2488,#2490,#2492,#2494,#2496));
#2498=FACE_OUTER_BOUND('',#2497,.F.);
#2500=ORIENTED_EDGE('',*,*,#2499,.F.);
#2502=ORIENTED_EDGE('',*,*,#2501,.F.);
#2503=EDGE_LOOP('',(#2500,#2502));
#2504=FACE_BOUND('',#2503,.F.);
#2506=CARTESIAN_POINT('',(-2.002617274803E-1,0.E0,0.E0));
#2507=DIRECTION('',(1.E0,0.E0,0.E0));
#2508=DIRECTION('',(0.E0,-1.E0,0.E0));
#2509=AXIS2_PLACEMENT_3D('',#2506,#2507,#2508);
#2510=CONICAL_SURFACE('',#2509,1.409683530659E0,4.2E1);
#2512=ORIENTED_EDGE('',*,*,#2511,.T.);
#2514=ORIENTED_EDGE('',*,*,#2513,.T.);
#2516=ORIENTED_EDGE('',*,*,#2515,.T.);
#2517=ORIENTED_EDGE('',*,*,#2499,.T.);
#2519=ORIENTED_EDGE('',*,*,#2518,.F.);
#2521=ORIENTED_EDGE('',*,*,#2520,.T.);
#2523=ORIENTED_EDGE('',*,*,#2522,.T.);
#2525=ORIENTED_EDGE('',*,*,#2524,.T.);
#2526=EDGE_LOOP('',(#2512,#2514,#2516,#2517,#2519,#2521,#2523,#2525));
#2527=FACE_OUTER_BOUND('',#2526,.F.);
#2529=CARTESIAN_POINT('',(0.E0,0.E0,0.E0));
#2530=DIRECTION('',(1.E0,0.E0,0.E0));
#2531=DIRECTION('',(0.E0,-1.E0,0.E0));
#2532=AXIS2_PLACEMENT_3D('',#2529,#2530,#2531);
#2533=CYLINDRICAL_SURFACE('',#2532,1.229367061317E0);
#2535=ORIENTED_EDGE('',*,*,#2534,.T.);
#2536=ORIENTED_EDGE('',*,*,#2511,.F.);
#2538=ORIENTED_EDGE('',*,*,#2537,.T.);
#2540=ORIENTED_EDGE('',*,*,#2539,.T.);
#2541=EDGE_LOOP('',(#2535,#2536,#2538,#2540));
#2542=FACE_OUTER_BOUND('',#2541,.F.);
#2544=CARTESIAN_POINT('',(0.E0,0.E0,0.E0));
#2545=DIRECTION('',(1.E0,0.E0,0.E0));
#2546=DIRECTION('',(0.E0,-1.E0,0.E0));
#2547=AXIS2_PLACEMENT_3D('',#2544,#2545,#2546);
#2548=CYLINDRICAL_SURFACE('',#2547,1.229367061317E0);
#2550=ORIENTED_EDGE('',*,*,#2549,.F.);
#2552=ORIENTED_EDGE('',*,*,#2551,.T.);
#2554=ORIENTED_EDGE('',*,*,#2553,.F.);
#2556=ORIENTED_EDGE('',*,*,#2555,.F.);
#2557=EDGE_LOOP('',(#2550,#2552,#2554,#2556));
#2558=FACE_OUTER_BOUND('',#2557,.F.);
#2560=CARTESIAN_POINT('',(0.E0,0.E0,0.E0));
#2561=DIRECTION('',(1.E0,0.E0,0.E0));
#2562=DIRECTION('',(0.E0,-1.E0,0.E0));
#2563=AXIS2_PLACEMENT_3D('',#2560,#2561,#2562);
#2564=CYLINDRICAL_SURFACE('',#2563,1.229367061317E0);
#2566=ORIENTED_EDGE('',*,*,#2565,.F.);
#2568=ORIENTED_EDGE('',*,*,#2567,.F.);
#2570=ORIENTED_EDGE('',*,*,#2569,.F.);
#2572=ORIENTED_EDGE('',*,*,#2571,.T.);
#2573=EDGE_LOOP('',(#2566,#2568,#2570,#2572));
#2574=FACE_OUTER_BOUND('',#2573,.F.);
#2576=CARTESIAN_POINT('',(0.E0,0.E0,0.E0));
#2577=DIRECTION('',(1.E0,0.E0,0.E0));
#2578=DIRECTION('',(0.E0,-1.E0,0.E0));
#2579=AXIS2_PLACEMENT_3D('',#2576,#2577,#2578);
#2580=CYLINDRICAL_SURFACE('',#2579,1.229367061317E0);
#2582=ORIENTED_EDGE('',*,*,#2581,.F.);
#2584=ORIENTED_EDGE('',*,*,#2583,.F.);
#2586=ORIENTED_EDGE('',*,*,#2585,.F.);
#2588=ORIENTED_EDGE('',*,*,#2587,.T.);
#2589=EDGE_LOOP('',(#2582,#2584,#2586,#2588));
#2590=FACE_OUTER_BOUND('',#2589,.F.);
#2592=CARTESIAN_POINT('',(0.E0,0.E0,0.E0));
#2593=DIRECTION('',(1.E0,0.E0,0.E0));
#2594=DIRECTION('',(0.E0,-1.E0,0.E0));
#2595=AXIS2_PLACEMENT_3D('',#2592,#2593,#2594);
#2596=CYLINDRICAL_SURFACE('',#2595,1.229367061317E0);
#2598=ORIENTED_EDGE('',*,*,#2597,.F.);
#2600=ORIENTED_EDGE('',*,*,#2599,.F.);
#2602=ORIENTED_EDGE('',*,*,#2601,.F.);
#2604=ORIENTED_EDGE('',*,*,#2603,.T.);
#2605=EDGE_LOOP('',(#2598,#2600,#2602,#2604));
#2606=FACE_OUTER_BOUND('',#2605,.F.);
#2608=CARTESIAN_POINT('',(0.E0,0.E0,0.E0));
#2609=DIRECTION('',(1.E0,0.E0,0.E0));
#2610=DIRECTION('',(0.E0,-1.E0,0.E0));
#2611=AXIS2_PLACEMENT_3D('',#2608,#2609,#2610);
#2612=CYLINDRICAL_SURFACE('',#2611,1.229367061317E0);
#2614=ORIENTED_EDGE('',*,*,#2613,.F.);
#2616=ORIENTED_EDGE('',*,*,#2615,.F.);
#2618=ORIENTED_EDGE('',*,*,#2617,.F.);
#2620=ORIENTED_EDGE('',*,*,#2619,.T.);
#2621=EDGE_LOOP('',(#2614,#2616,#2618,#2620));
#2622=FACE_OUTER_BOUND('',#2621,.F.);
#2624=CARTESIAN_POINT('',(0.E0,0.E0,0.E0));
#2625=DIRECTION('',(1.E0,0.E0,0.E0));
#2626=DIRECTION('',(0.E0,-1.E0,0.E0));
#2627=AXIS2_PLACEMENT_3D('',#2624,#2625,#2626);
#2628=CYLINDRICAL_SURFACE('',#2627,1.229367061317E0);
#2630=ORIENTED_EDGE('',*,*,#2629,.F.);
#2632=ORIENTED_EDGE('',*,*,#2631,.T.);
#2634=ORIENTED_EDGE('',*,*,#2633,.F.);
#2636=ORIENTED_EDGE('',*,*,#2635,.F.);
#2637=EDGE_LOOP('',(#2630,#2632,#2634,#2636));
#2638=FACE_OUTER_BOUND('',#2637,.F.);
#2640=CARTESIAN_POINT('',(0.E0,0.E0,0.E0));
#2641=DIRECTION('',(1.E0,0.E0,0.E0));
#2642=DIRECTION('',(0.E0,-1.E0,0.E0));
#2643=AXIS2_PLACEMENT_3D('',#2640,#2641,#2642);
#2644=CYLINDRICAL_SURFACE('',#2643,1.229367061317E0);
#2646=ORIENTED_EDGE('',*,*,#2645,.F.);
#2648=ORIENTED_EDGE('',*,*,#2647,.F.);
#2650=ORIENTED_EDGE('',*,*,#2649,.F.);
#2652=ORIENTED_EDGE('',*,*,#2651,.T.);
#2653=EDGE_LOOP('',(#2646,#2648,#2650,#2652));
#2654=FACE_OUTER_BOUND('',#2653,.F.);
#2656=CARTESIAN_POINT('',(-7.896984679279E-2,3.972790276859E-1,
-1.457908954291E0));
#2657=CARTESIAN_POINT('',(-9.379845792417E-2,1.256096151231E-1,
-1.531938652618E0));
#2658=CARTESIAN_POINT('',(-1.234556801869E-1,-4.596723535507E-1,
-1.523988631341E0));
#2659=CARTESIAN_POINT('',(-1.679415135810E-1,-1.198050017062E0,
-1.048187424793E0));
#2660=CARTESIAN_POINT('',(-2.124273469752E-1,-1.571566687570E0,
-2.532305081794E-1));
#2661=CARTESIAN_POINT('',(-2.569131803693E-1,-1.466640633446E0,
6.188158592705E-1));
#2662=CARTESIAN_POINT('',(-3.013990137634E-1,-9.151803320480E-1,
1.302462598020E0));
#2663=CARTESIAN_POINT('',(-3.458848471575E-1,-8.509064141907E-2,
1.589567168753E0));
#2664=CARTESIAN_POINT('',(-3.903706805517E-1,7.709059018275E-1,
1.392719792524E0));
#2665=CARTESIAN_POINT('',(-4.348565139458E-1,1.392195932084E0,
7.718514971321E-1));
#2666=CARTESIAN_POINT('',(-4.793423473399E-1,1.589624616132E0,
-8.401104213503E-2));
#2667=CARTESIAN_POINT('',(-5.238281807340E-1,1.303083700114E0,
-9.142959799399E-1));
#2668=CARTESIAN_POINT('',(-5.683140141282E-1,6.198120891765E-1,
-1.466218688898E0));
#2669=CARTESIAN_POINT('',(-6.127998475223E-1,-2.521645785631E-1,
-1.571743393455E0));
#2670=CARTESIAN_POINT('',(-6.572856809164E-1,-1.047368411623E0,
-1.198742541086E0));
#2671=CARTESIAN_POINT('',(-7.017715143105E-1,-1.523695413757E0,
-4.607782065217E-1));
#2672=CARTESIAN_POINT('',(-7.462573477047E-1,-1.536125319567E0,
4.174724806331E-1));
#2673=CARTESIAN_POINT('',(-7.907431810988E-1,-1.080873778759E0,
1.168621471604E0));
#2674=CARTESIAN_POINT('',(-8.352290144929E-1,-2.965445214224E-1,
1.563977498660E0));
#2675=CARTESIAN_POINT('',(-8.797148478870E-1,5.780692778079E-1,
1.483172336435E0));
#2676=CARTESIAN_POINT('',(-9.242006812812E-1,1.276686839846E0,
9.508075422718E-1));
#2677=CARTESIAN_POINT('',(-9.686865146753E-1,1.586610367285E0,
1.289643825870E-1));
#2678=CARTESIAN_POINT('',(-1.013172348069E0,1.413482009273E0,
-7.321426630271E-1));
#2679=CARTESIAN_POINT('',(-1.057658181464E0,8.100116068749E-1,
-1.370345016835E0));
#2680=CARTESIAN_POINT('',(-1.102144014858E0,-4.007109778991E-2,
-1.591338613412E0));
#2681=CARTESIAN_POINT('',(-1.146629848252E0,-8.779539418618E-1,
-1.327840774681E0));
#2682=CARTESIAN_POINT('',(-1.191115681646E0,-1.448539096850E0,
-6.600748554954E-1));
#2683=CARTESIAN_POINT('',(-1.235601515040E0,-1.578108839856E0,
2.086544770795E-1));
#2684=CARTESIAN_POINT('',(-1.280087348434E0,-1.227215227545E0,
1.013857309827E0));
#2685=CARTESIAN_POINT('',(-1.324573181828E0,-5.026887449515E-1,
1.510387976997E0));
#2686=CARTESIAN_POINT('',(-1.369059015222E0,3.748812550208E-1,
1.547065476438E0));
#2687=CARTESIAN_POINT('',(-1.413544848617E0,1.138326830921E0,1.112759069558E0));
#2688=CARTESIAN_POINT('',(-1.458030682011E0,1.555164928983E0,
3.395615772380E-1));
#2689=CARTESIAN_POINT('',(-1.487687904273E0,1.517499129324E0,
-2.445612465148E-1));
#2690=CARTESIAN_POINT('',(-1.502516515405E0,1.422532165115E0,
-5.096384836847E-1));
#2691=CARTESIAN_POINT('',(-2.262610150514E-2,3.716213279339E-1,
-1.363751982469E0));
#2692=CARTESIAN_POINT('',(-3.745471263652E-2,1.174972971647E-1,
-1.433000578247E0));
#2693=CARTESIAN_POINT('',(-6.711193489927E-2,-4.299850697783E-1,
-1.425563997762E0));
#2694=CARTESIAN_POINT('',(-1.115977682934E-1,-1.120675664319E0,
-9.804917339686E-1));
#2695=CARTESIAN_POINT('',(-1.560836016875E-1,-1.470069293044E0,
-2.368759767440E-1));
#2696=CARTESIAN_POINT('',(-2.005694350816E-1,-1.371919738572E0,
5.788505190121E-1));
#2697=CARTESIAN_POINT('',(-2.450552684758E-1,-8.560747147305E-1,
1.218344907557E0));
#2698=CARTESIAN_POINT('',(-2.895411018699E-1,-7.959518362469E-2,
1.486907238807E0));
#2699=CARTESIAN_POINT('',(-3.340269352640E-1,7.211180429481E-1,
1.302772969800E0));
#2700=CARTESIAN_POINT('',(-3.785127686581E-1,1.302282942140E0,
7.220025683278E-1));
#2701=CARTESIAN_POINT('',(-4.229986020523E-1,1.486960976028E0,
-7.858530872164E-2));
#2702=CARTESIAN_POINT('',(-4.674844354464E-1,1.218925896658E0,
-8.552474772428E-1));
#2703=CARTESIAN_POINT('',(-5.119702688405E-1,5.797824088297E-1,
-1.371525044711E0));
#2704=CARTESIAN_POINT('',(-5.564561022346E-1,-2.358788886727E-1,
-1.470234586631E0));
#2705=CARTESIAN_POINT('',(-6.009419356288E-1,-9.797256155969E-1,
-1.121323462666E0));
#2706=CARTESIAN_POINT('',(-6.454277690229E-1,-1.425289717219E0,
-4.310195028114E-1));
#2707=CARTESIAN_POINT('',(-6.899136024170E-1,-1.436916855278E0,
3.905106155047E-1));
#2708=CARTESIAN_POINT('',(-7.343994358111E-1,-1.011067086353E0,
1.093147719524E0));
#2709=CARTESIAN_POINT('',(-7.788852692053E-1,-2.773926161782E-1,
1.462970241083E0));
#2710=CARTESIAN_POINT('',(-8.233711025994E-1,5.407354974363E-1,
1.387383765086E0));
#2711=CARTESIAN_POINT('',(-8.678569359935E-1,1.194233839986E0,
8.894009923623E-1));
#2712=CARTESIAN_POINT('',(-9.123427693876E-1,1.484141398146E0,
1.206354017536E-1));
#2713=CARTESIAN_POINT('',(-9.568286027818E-1,1.322194288373E0,
-6.848582726755E-1));
#2714=CARTESIAN_POINT('',(-1.001314436176E0,7.576981617733E-1,
-1.281843237107E0));
#2715=CARTESIAN_POINT('',(-1.045800269570E0,-3.748316305342E-2,
-1.488564277237E0));
#2716=CARTESIAN_POINT('',(-1.090286102964E0,-8.212525378949E-1,
-1.242084070851E0));
#2717=CARTESIAN_POINT('',(-1.134771936358E0,-1.354987263917E0,
-6.174448617733E-1));
#2718=CARTESIAN_POINT('',(-1.179257769752E0,-1.476188929749E0,
1.951788250774E-1));
#2719=CARTESIAN_POINT('',(-1.223743603147E0,-1.147957281252E0,
9.483787805460E-1));
#2720=CARTESIAN_POINT('',(-1.268229436541E0,-4.702233088528E-1,
1.412841722294E0));
#2721=CARTESIAN_POINT('',(-1.312715269935E0,3.506700834922E-1,
1.447150457711E0));
#2722=CARTESIAN_POINT('',(-1.357201103329E0,1.064809615030E0,1.040893111092E0));
#2723=CARTESIAN_POINT('',(-1.401686936723E0,1.454726818657E0,
3.176314767571E-1));
#2724=CARTESIAN_POINT('',(-1.431344158986E0,1.419493610984E0,
-2.287666069875E-1));
#2725=CARTESIAN_POINT('',(-1.446172770117E0,1.330659952799E0,
-4.767242086156E-1));
#2726=CARTESIAN_POINT('',(3.371764378250E-2,3.459636281819E-1,
-1.269595010648E0));
#2727=CARTESIAN_POINT('',(1.888903265113E-2,1.093849792063E-1,
-1.334062503875E0));
#2728=CARTESIAN_POINT('',(-1.076818961162E-2,-4.002977860060E-1,
-1.327139364184E0));
#2729=CARTESIAN_POINT('',(-5.525402300575E-2,-1.043301311576E0,
-9.127960431443E-1));
#2730=CARTESIAN_POINT('',(-9.973985639987E-2,-1.368571898518E0,
-2.205214453086E-1));
#2731=CARTESIAN_POINT('',(-1.442256897940E-1,-1.277198843698E0,
5.388851787538E-1));
#2732=CARTESIAN_POINT('',(-1.887115231881E-1,-7.969690974130E-1,
1.134227217094E0));
#2733=CARTESIAN_POINT('',(-2.331973565822E-1,-7.409972583032E-2,
1.384247308860E0));
#2734=CARTESIAN_POINT('',(-2.776831899764E-1,6.713301840687E-1,
1.212826147076E0));
#2735=CARTESIAN_POINT('',(-3.221690233705E-1,1.212369952195E0,
6.721536395234E-1));
#2736=CARTESIAN_POINT('',(-3.666548567646E-1,1.384297335924E0,
-7.315957530824E-2));
#2737=CARTESIAN_POINT('',(-4.111406901587E-1,1.134768093201E0,
-7.961989745458E-1));
#2738=CARTESIAN_POINT('',(-4.556265235529E-1,5.397527284828E-1,
-1.276831400524E0));
#2739=CARTESIAN_POINT('',(-5.001123569470E-1,-2.195931987822E-1,
-1.368725779807E0));
#2740=CARTESIAN_POINT('',(-5.445981903411E-1,-9.120828195709E-1,
-1.043904384245E0));
#2741=CARTESIAN_POINT('',(-5.890840237352E-1,-1.326884020680E0,
-4.012607991011E-1));
#2742=CARTESIAN_POINT('',(-6.335698571294E-1,-1.337708390989E0,
3.635487503762E-1));
#2743=CARTESIAN_POINT('',(-6.780556905235E-1,-9.412603939461E-1,
1.017673967444E0));
#2744=CARTESIAN_POINT('',(-7.225415239176E-1,-2.582407109339E-1,
1.361962983505E0));
#2745=CARTESIAN_POINT('',(-7.670273573117E-1,5.034017170647E-1,
1.291595193738E0));
#2746=CARTESIAN_POINT('',(-8.115131907059E-1,1.111780840126E0,
8.279944424528E-1));
#2747=CARTESIAN_POINT('',(-8.559990241E-1,1.381672429008E0,1.123064209201E-1));
#2748=CARTESIAN_POINT('',(-9.004848574941E-1,1.230906567473E0,
-6.375738823239E-1));
#2749=CARTESIAN_POINT('',(-9.449706908882E-1,7.053847166717E-1,
-1.193341457380E0));
#2750=CARTESIAN_POINT('',(-9.894565242824E-1,-3.489522831693E-2,
-1.385789941061E0));
#2751=CARTESIAN_POINT('',(-1.033942357676E0,-7.645511339279E-1,
-1.156327367020E0));
#2752=CARTESIAN_POINT('',(-1.078428191071E0,-1.261435430983E0,
-5.748148680512E-1));
#2753=CARTESIAN_POINT('',(-1.122914024465E0,-1.374269019642E0,
1.817031730753E-1));
#2754=CARTESIAN_POINT('',(-1.167399857859E0,-1.068699334960E0,
8.829002512653E-1));
#2755=CARTESIAN_POINT('',(-1.211885691253E0,-4.377578727541E-1,
1.315295467591E0));
#2756=CARTESIAN_POINT('',(-1.256371524647E0,3.264589119637E-1,
1.347235438983E0));
#2757=CARTESIAN_POINT('',(-1.300857358041E0,9.912923991382E-1,
9.690271526258E-1));
#2758=CARTESIAN_POINT('',(-1.345343191435E0,1.354288708332E0,
2.957013762762E-1));
#2759=CARTESIAN_POINT('',(-1.375000413698E0,1.321488092643E0,
-2.129719674602E-1));
#2760=CARTESIAN_POINT('',(-1.389829024829E0,1.238787740484E0,
-4.438099335464E-1));
#2761=CARTESIAN_POINT('',(9.006138907015E-2,3.203059284298E-1,
-1.175438038827E0));
#2762=CARTESIAN_POINT('',(7.523277793878E-2,1.012726612478E-1,
-1.235124429504E0));
#2763=CARTESIAN_POINT('',(4.557555567603E-2,-3.706105022336E-1,
-1.228714730605E0));
#2764=CARTESIAN_POINT('',(1.089722281903E-3,-9.659269588323E-1,
-8.451003523200E-1));
#2765=CARTESIAN_POINT('',(-4.339611111222E-2,-1.267074503991E0,
-2.041669138732E-1));
#2766=CARTESIAN_POINT('',(-8.788194450635E-2,-1.182477948824E0,
4.989198384955E-1));
#2767=CARTESIAN_POINT('',(-1.323677779005E-1,-7.378634800955E-1,
1.050109526631E0));
#2768=CARTESIAN_POINT('',(-1.768536112946E-1,-6.860426803594E-2,
1.281587378913E0));
#2769=CARTESIAN_POINT('',(-2.213394446887E-1,6.215423251893E-1,
1.122879324351E0));
#2770=CARTESIAN_POINT('',(-2.658252780828E-1,1.122456962251E0,
6.223047107190E-1));
#2771=CARTESIAN_POINT('',(-3.103111114770E-1,1.281633695820E0,
-6.773384189484E-2));
#2772=CARTESIAN_POINT('',(-3.547969448711E-1,1.050610289745E0,
-7.371504718487E-1));
#2773=CARTESIAN_POINT('',(-3.992827782652E-1,4.997230481360E-1,
-1.182137756337E0));
#2774=CARTESIAN_POINT('',(-4.437686116593E-1,-2.033075088918E-1,
-1.267216972984E0));
#2775=CARTESIAN_POINT('',(-4.882544450535E-1,-8.444400235448E-1,
-9.664853058251E-1));
#2776=CARTESIAN_POINT('',(-5.327402784476E-1,-1.228478324141E0,
-3.715020953908E-1));
#2777=CARTESIAN_POINT('',(-5.772261118417E-1,-1.238499926700E0,
3.365868852478E-1));
#2778=CARTESIAN_POINT('',(-6.217119452358E-1,-8.714537015395E-1,
9.422002153635E-1));
#2779=CARTESIAN_POINT('',(-6.661977786300E-1,-2.390888056897E-1,
1.260955725928E0));
#2780=CARTESIAN_POINT('',(-7.106836120241E-1,4.660679366930E-1,
1.195806622389E0));
#2781=CARTESIAN_POINT('',(-7.551694454182E-1,1.029327840266E0,
7.665878925433E-1));
#2782=CARTESIAN_POINT('',(-7.996552788123E-1,1.279203459870E0,
1.039774400867E-1));
#2783=CARTESIAN_POINT('',(-8.441411122065E-1,1.139618846573E0,
-5.902894919723E-1));
#2784=CARTESIAN_POINT('',(-8.886269456006E-1,6.530712715701E-1,
-1.104839677652E0));
#2785=CARTESIAN_POINT('',(-9.331127789947E-1,-3.230729358044E-2,
-1.283015604886E0));
#2786=CARTESIAN_POINT('',(-9.775986123888E-1,-7.078497299610E-1,
-1.070570663190E0));
#2787=CARTESIAN_POINT('',(-1.022084445783E0,-1.167883598050E0,
-5.321848743291E-1));
#2788=CARTESIAN_POINT('',(-1.066570279177E0,-1.272349109535E0,
1.682275210732E-1));
#2789=CARTESIAN_POINT('',(-1.111056112571E0,-9.894413886673E-1,
8.174217219846E-1));
#2790=CARTESIAN_POINT('',(-1.155541945965E0,-4.052924366554E-1,
1.217749212888E0));
#2791=CARTESIAN_POINT('',(-1.200027779359E0,3.022477404352E-1,
1.247320420256E0));
#2792=CARTESIAN_POINT('',(-1.244513612754E0,9.177751832470E-1,
8.971611941599E-1));
#2793=CARTESIAN_POINT('',(-1.288999446148E0,1.253850598006E0,
2.737712757953E-1));
#2794=CARTESIAN_POINT('',(-1.318656668410E0,1.223482574303E0,
-1.971773279329E-1));
#2795=CARTESIAN_POINT('',(-1.333485279542E0,1.146915528168E0,
-4.108956584772E-1));
#2796=B_SPLINE_SURFACE_WITH_KNOTS('',3,3,((#2656,#2657,#2658,#2659,#2660,#2661,
#2662,#2663,#2664,#2665,#2666,#2667,#2668,#2669,#2670,#2671,#2672,#2673,#2674,
#2675,#2676,#2677,#2678,#2679,#2680,#2681,#2682,#2683,#2684,#2685,#2686,#2687,
#2688,#2689,#2690),(#2691,#2692,#2693,#2694,#2695,#2696,#2697,#2698,#2699,#2700,
#2701,#2702,#2703,#2704,#2705,#2706,#2707,#2708,#2709,#2710,#2711,#2712,#2713,
#2714,#2715,#2716,#2717,#2718,#2719,#2720,#2721,#2722,#2723,#2724,#2725),(#2726,
#2727,#2728,#2729,#2730,#2731,#2732,#2733,#2734,#2735,#2736,#2737,#2738,#2739,
#2740,#2741,#2742,#2743,#2744,#2745,#2746,#2747,#2748,#2749,#2750,#2751,#2752,
#2753,#2754,#2755,#2756,#2757,#2758,#2759,#2760),(#2761,#2762,#2763,#2764,#2765,
#2766,#2767,#2768,#2769,#2770,#2771,#2772,#2773,#2774,#2775,#2776,#2777,#2778,
#2779,#2780,#2781,#2782,#2783,#2784,#2785,#2786,#2787,#2788,#2789,#2790,#2791,
#2792,#2793,#2794,#2795)),.UNSPECIFIED.,.F.,.F.,.F.,(4,4),(4,1,1,1,1,1,1,1,1,1,
1,1,1,1,1,1,1,1,1,1,1,1,1,1,1,1,1,1,1,1,1,1,4),(-4.009799486414E-2,
1.020490151727E0),(3.019146144307E-1,3.241575311277E-1,3.464004478248E-1,
3.686433645218E-1,3.908862812189E-1,4.131291979160E-1,4.353721146130E-1,
4.576150313101E-1,4.798579480072E-1,5.021008647042E-1,5.243437814013E-1,
5.465866980983E-1,5.688296147954E-1,5.910725314925E-1,6.133154481895E-1,
6.355583648866E-1,6.578012815837E-1,6.800441982807E-1,7.022871149778E-1,
7.245300316748E-1,7.467729483719E-1,7.690158650690E-1,7.912587817660E-1,
8.135016984631E-1,8.357446151602E-1,8.579875318572E-1,8.802304485543E-1,
9.024733652513E-1,9.247162819484E-1,9.469591986455E-1,9.692021153425E-1,
9.914450320396E-1,1.013687948737E0),.UNSPECIFIED.);
#2797=ORIENTED_EDGE('',*,*,#2520,.F.);
#2799=ORIENTED_EDGE('',*,*,#2798,.F.);
#2800=ORIENTED_EDGE('',*,*,#2513,.F.);
#2801=ORIENTED_EDGE('',*,*,#2534,.F.);
#2803=ORIENTED_EDGE('',*,*,#2802,.T.);
#2804=ORIENTED_EDGE('',*,*,#2553,.T.);
#2806=ORIENTED_EDGE('',*,*,#2805,.F.);
#2808=ORIENTED_EDGE('',*,*,#2807,.F.);
#2809=EDGE_LOOP('',(#2797,#2799,#2800,#2801,#2803,#2804,#2806,#2808));
#2810=FACE_OUTER_BOUND('',#2809,.F.);
#2812=CARTESIAN_POINT('',(-1.713037576710E-1,0.E0,0.E0));
#2813=DIRECTION('',(1.E0,0.E0,0.E0));
#2814=DIRECTION('',(0.E0,-1.E0,0.E0));
#2815=AXIS2_PLACEMENT_3D('',#2812,#2813,#2814);
#2816=CONICAL_SURFACE('',#2815,1.435757403790E0,4.2E1);
#2817=ORIENTED_EDGE('',*,*,#2515,.F.);
#2818=ORIENTED_EDGE('',*,*,#2798,.T.);
#2819=ORIENTED_EDGE('',*,*,#2518,.T.);
#2820=ORIENTED_EDGE('',*,*,#2501,.T.);
#2821=EDGE_LOOP('',(#2817,#2818,#2819,#2820));
#2822=FACE_OUTER_BOUND('',#2821,.F.);
#2824=CARTESIAN_POINT('',(0.E0,0.E0,0.E0));
#2825=DIRECTION('',(1.E0,0.E0,0.E0));
#2826=DIRECTION('',(0.E0,-1.E0,0.E0));
#2827=AXIS2_PLACEMENT_3D('',#2824,#2825,#2826);
#2828=CYLINDRICAL_SURFACE('',#2827,1.229367061317E0);
#2830=ORIENTED_EDGE('',*,*,#2829,.F.);
#2831=ORIENTED_EDGE('',*,*,#2555,.T.);
#2832=ORIENTED_EDGE('',*,*,#2802,.F.);
#2833=ORIENTED_EDGE('',*,*,#2539,.F.);
#2834=EDGE_LOOP('',(#2830,#2831,#2832,#2833));
#2835=FACE_OUTER_BOUND('',#2834,.F.);
#2837=CARTESIAN_POINT('',(0.E0,0.E0,0.E0));
#2838=DIRECTION('',(1.E0,0.E0,0.E0));
#2839=DIRECTION('',(0.E0,-1.E0,0.E0));
#2840=AXIS2_PLACEMENT_3D('',#2837,#2838,#2839);
#2841=CYLINDRICAL_SURFACE('',#2840,1.229367061317E0);
#2843=ORIENTED_EDGE('',*,*,#2842,.F.);
#2844=ORIENTED_EDGE('',*,*,#2551,.F.);
#2846=ORIENTED_EDGE('',*,*,#2845,.F.);
#2847=ORIENTED_EDGE('',*,*,#2567,.T.);
#2848=EDGE_LOOP('',(#2843,#2844,#2846,#2847));
#2849=FACE_OUTER_BOUND('',#2848,.F.);
#2851=CARTESIAN_POINT('',(0.E0,0.E0,0.E0));
#2852=DIRECTION('',(1.E0,0.E0,0.E0));
#2853=DIRECTION('',(0.E0,-1.E0,0.E0));
#2854=AXIS2_PLACEMENT_3D('',#2851,#2852,#2853);
#2855=CYLINDRICAL_SURFACE('',#2854,1.229367061317E0);
#2857=ORIENTED_EDGE('',*,*,#2856,.F.);
#2858=ORIENTED_EDGE('',*,*,#2571,.F.);
#2860=ORIENTED_EDGE('',*,*,#2859,.F.);
#2861=ORIENTED_EDGE('',*,*,#2583,.T.);
#2862=EDGE_LOOP('',(#2857,#2858,#2860,#2861));
#2863=FACE_OUTER_BOUND('',#2862,.F.);
#2865=CARTESIAN_POINT('',(0.E0,0.E0,0.E0));
#2866=DIRECTION('',(1.E0,0.E0,0.E0));
#2867=DIRECTION('',(0.E0,-1.E0,0.E0));
#2868=AXIS2_PLACEMENT_3D('',#2865,#2866,#2867);
#2869=CYLINDRICAL_SURFACE('',#2868,1.229367061317E0);
#2871=ORIENTED_EDGE('',*,*,#2870,.F.);
#2872=ORIENTED_EDGE('',*,*,#2587,.F.);
#2874=ORIENTED_EDGE('',*,*,#2873,.F.);
#2875=ORIENTED_EDGE('',*,*,#2599,.T.);
#2876=EDGE_LOOP('',(#2871,#2872,#2874,#2875));
#2877=FACE_OUTER_BOUND('',#2876,.F.);
#2879=CARTESIAN_POINT('',(0.E0,0.E0,0.E0));
#2880=DIRECTION('',(1.E0,0.E0,0.E0));
#2881=DIRECTION('',(0.E0,-1.E0,0.E0));
#2882=AXIS2_PLACEMENT_3D('',#2879,#2880,#2881);
#2883=CYLINDRICAL_SURFACE('',#2882,1.229367061317E0);
#2885=ORIENTED_EDGE('',*,*,#2884,.F.);
#2886=ORIENTED_EDGE('',*,*,#2603,.F.);
#2888=ORIENTED_EDGE('',*,*,#2887,.F.);
#2889=ORIENTED_EDGE('',*,*,#2615,.T.);
#2890=EDGE_LOOP('',(#2885,#2886,#2888,#2889));
#2891=FACE_OUTER_BOUND('',#2890,.F.);
#2893=CARTESIAN_POINT('',(0.E0,0.E0,0.E0));
#2894=DIRECTION('',(1.E0,0.E0,0.E0));
#2895=DIRECTION('',(0.E0,-1.E0,0.E0));
#2896=AXIS2_PLACEMENT_3D('',#2893,#2894,#2895);
#2897=CYLINDRICAL_SURFACE('',#2896,1.229367061317E0);
#2899=ORIENTED_EDGE('',*,*,#2898,.F.);
#2900=ORIENTED_EDGE('',*,*,#2635,.T.);
#2902=ORIENTED_EDGE('',*,*,#2901,.F.);
#2903=ORIENTED_EDGE('',*,*,#2619,.F.);
#2904=EDGE_LOOP('',(#2899,#2900,#2902,#2903));
#2905=FACE_OUTER_BOUND('',#2904,.F.);
#2907=CARTESIAN_POINT('',(0.E0,0.E0,0.E0));
#2908=DIRECTION('',(1.E0,0.E0,0.E0));
#2909=DIRECTION('',(0.E0,-1.E0,0.E0));
#2910=AXIS2_PLACEMENT_3D('',#2907,#2908,#2909);
#2911=CYLINDRICAL_SURFACE('',#2910,1.229367061317E0);
#2913=ORIENTED_EDGE('',*,*,#2912,.F.);
#2914=ORIENTED_EDGE('',*,*,#2631,.F.);
#2916=ORIENTED_EDGE('',*,*,#2915,.F.);
#2917=ORIENTED_EDGE('',*,*,#2647,.T.);
#2918=EDGE_LOOP('',(#2913,#2914,#2916,#2917));
#2919=FACE_OUTER_BOUND('',#2918,.F.);
#2921=CARTESIAN_POINT('',(0.E0,0.E0,0.E0));
#2922=DIRECTION('',(1.E0,0.E0,0.E0));
#2923=DIRECTION('',(0.E0,-1.E0,0.E0));
#2924=AXIS2_PLACEMENT_3D('',#2921,#2922,#2923);
#2925=CYLINDRICAL_SURFACE('',#2924,1.229367061317E0);
#2927=ORIENTED_EDGE('',*,*,#2926,.T.);
#2929=ORIENTED_EDGE('',*,*,#2928,.T.);
#2931=ORIENTED_EDGE('',*,*,#2930,.T.);
#2932=ORIENTED_EDGE('',*,*,#2651,.F.);
#2933=EDGE_LOOP('',(#2927,#2929,#2931,#2932));
#2934=FACE_OUTER_BOUND('',#2933,.F.);
#2936=CARTESIAN_POINT('',(-2.339698467928E-1,1.067017961491E0,
-5.879822622860E-1));
#2937=CARTESIAN_POINT('',(-2.494755412575E-1,9.524494393637E-1,
-7.958910356842E-1));
#2938=CARTESIAN_POINT('',(-2.804869301869E-1,5.985486325514E-1,
-1.142322971070E0));
#2939=CARTESIAN_POINT('',(-3.270040135810E-1,-1.312722182152E-1,
-1.282997707943E0));
#2940=CARTESIAN_POINT('',(-3.735210969752E-1,-8.174456340809E-1,
-9.975155386230E-1));
#2941=CARTESIAN_POINT('',(-4.200381803693E-1,-1.232176303647E0,
-3.808049143488E-1));
#2942=CARTESIAN_POINT('',(-4.665552637634E-1,-1.237721922700E0,
3.623705220067E-1));
#2943=CARTESIAN_POINT('',(-5.130723471575E-1,-8.322458682335E-1,
9.852080429902E-1));
#2944=CARTESIAN_POINT('',(-5.595894305517E-1,-1.503973065229E-1,
1.280878165941E0));
#2945=CARTESIAN_POINT('',(-6.061065139458E-1,5.813951206595E-1,
1.151194102938E0));
#2946=CARTESIAN_POINT('',(-6.526235973399E-1,1.120117863713E0,
6.392215138220E-1));
#2947=CARTESIAN_POINT('',(-6.991406807340E-1,1.286871836804E0,
-8.502377932906E-2));
#2948=CARTESIAN_POINT('',(-7.456577641282E-1,1.026281383779E0,
-7.810343713600E-1));
#2949=CARTESIAN_POINT('',(-7.921748475223E-1,4.248833861100E-1,
-1.217679053061E0));
#2950=CARTESIAN_POINT('',(-8.386919309164E-1,-3.176098955586E-1,
-1.249956848138E0));
#2951=CARTESIAN_POINT('',(-8.852090143105E-1,-9.546312762275E-1,
-8.671489459401E-1));
#2952=CARTESIAN_POINT('',(-9.317260977047E-1,-1.274638681909E0,
-1.963782028933E-1));
#2953=CARTESIAN_POINT('',(-9.782431810988E-1,-1.171364046370E0,
5.396058180398E-1));
#2954=CARTESIAN_POINT('',(-1.024760264493E0,-6.791028128260E-1,
1.096397527178E0));
#2955=CARTESIAN_POINT('',(-1.071277347887E0,3.867489757823E-2,
1.289097521638E0));
#2956=CARTESIAN_POINT('',(-1.117794431281E0,7.436094471478E-1,
1.053713983051E0));
#2957=CARTESIAN_POINT('',(-1.164311514675E0,1.201606155349E0,
4.684130820996E-1));
#2958=CARTESIAN_POINT('',(-1.210828598069E0,1.260573465262E0,
-2.724384455490E-1));
#2959=CARTESIAN_POINT('',(-1.257345681464E0,9.009295116867E-1,
-9.228186075187E-1));
#2960=CARTESIAN_POINT('',(-1.303862764858E0,2.421048652106E-1,
-1.266749149036E0));
#2961=CARTESIAN_POINT('',(-1.350379848252E0,-4.971179662265E-1,
-1.190017595088E0));
#2962=CARTESIAN_POINT('',(-1.396896931646E0,-1.071257867349E0,
-7.181050114273E-1));
#2963=CARTESIAN_POINT('',(-1.443414015040E0,-1.289654377615E0,
-7.723953813545E-3));
#2964=CARTESIAN_POINT('',(-1.489931098434E0,-1.079782639212E0,
7.052215291728E-1));
#2965=CARTESIAN_POINT('',(-1.536448181828E0,-5.113358930060E-1,
1.183979066785E0));
#2966=CARTESIAN_POINT('',(-1.582965265222E0,2.269124308655E-1,
1.269553214005E0));
#2967=CARTESIAN_POINT('',(-1.629482348617E0,8.898183315171E-1,
9.335624514509E-1));
#2968=CARTESIAN_POINT('',(-1.675999432011E0,1.257193551051E0,
2.874484492187E-1));
#2969=CARTESIAN_POINT('',(-1.707010820940E0,1.223883455648E0,
-2.066682419198E-1));
#2970=CARTESIAN_POINT('',(-1.722516515405E0,1.140319967556E0,
-4.288599334303E-1));
#2971=CARTESIAN_POINT('',(-1.776261015051E-1,1.152490080663E0,
-6.350818349328E-1));
#2972=CARTESIAN_POINT('',(-1.931317959699E-1,1.028744192521E0,
-8.596448766731E-1));
#2973=CARTESIAN_POINT('',(-2.241431848993E-1,6.464946108737E-1,
-1.233827302430E0));
#2974=CARTESIAN_POINT('',(-2.706602682934E-1,-1.417876125985E-1,
-1.385770610507E0));
#2975=CARTESIAN_POINT('',(-3.171773516875E-1,-8.829260788097E-1,
-1.077420254447E0));
#2976=CARTESIAN_POINT('',(-3.636944350816E-1,-1.330878222140E0,
-4.113088085614E-1));
#2977=CARTESIAN_POINT('',(-4.102115184758E-1,-1.336868065967E0,
3.913977526241E-1));
#2978=CARTESIAN_POINT('',(-4.567286018699E-1,-8.989118669295E-1,
1.064126882502E0));
#2979=CARTESIAN_POINT('',(-5.032456852640E-1,-1.624446918248E-1,
1.383481285283E0));
#2980=CARTESIAN_POINT('',(-5.497627686581E-1,6.279670386890E-1,
1.243409045053E0));
#2981=CARTESIAN_POINT('',(-5.962798520523E-1,1.209843483139E0,
6.904255416622E-1));
#2982=CARTESIAN_POINT('',(-6.427969354464E-1,1.389955071541E0,
-9.183450123016E-2));
#2983=CARTESIAN_POINT('',(-6.893140188405E-1,1.108490351109E0,
-8.435981381146E-1));
#2984=CARTESIAN_POINT('',(-7.358311022346E-1,4.589181303431E-1,
-1.315219687700E0));
#2985=CARTESIAN_POINT('',(-7.823481856288E-1,-3.430516330203E-1,
-1.350083054574E0));
#2986=CARTESIAN_POINT('',(-8.288652690229E-1,-1.031100802656E0,
-9.366108113646E-1));
#2987=CARTESIAN_POINT('',(-8.753823524170E-1,-1.376741995304E0,
-2.121088295238E-1));
#2988=CARTESIAN_POINT('',(-9.218994358111E-1,-1.265194676197E0,
5.828302570366E-1));
#2989=CARTESIAN_POINT('',(-9.684165192053E-1,-7.335014814916E-1,
1.184223059159E0));
#2990=CARTESIAN_POINT('',(-1.014933602599E0,4.177290114897E-2,
1.392359042034E0));
#2991=CARTESIAN_POINT('',(-1.061450685994E0,8.031753378612E-1,
1.138120403919E0));
#2992=CARTESIAN_POINT('',(-1.107967769388E0,1.297859290923E0,
5.059347173668E-1));
#2993=CARTESIAN_POINT('',(-1.154484852782E0,1.361550102334E0,
-2.942617813551E-1));
#2994=CARTESIAN_POINT('',(-1.201001936176E0,9.730973264441E-1,
-9.967398205084E-1));
#2995=CARTESIAN_POINT('',(-1.247519019570E0,2.614983680737E-1,
-1.368220481417E0));
#2996=CARTESIAN_POINT('',(-1.294036102964E0,-5.369389697943E-1,
-1.285342443754E0));
#2997=CARTESIAN_POINT('',(-1.340553186358E0,-1.157069618796E0,
-7.756279016965E-1));
#2998=CARTESIAN_POINT('',(-1.387070269752E0,-1.392960504251E0,
-8.342671327823E-3));
#2999=CARTESIAN_POINT('',(-1.433587353147E0,-1.166277256687E0,
7.617124044523E-1));
#3000=CARTESIAN_POINT('',(-1.480104436541E0,-5.522958055480E-1,
1.278820206808E0));
#3001=CARTESIAN_POINT('',(-1.526621519935E0,2.450889630630E-1,
1.371249162450E0));
#3002=CARTESIAN_POINT('',(-1.573138603329E0,9.610960992932E-1,
1.008344286419E0));
#3003=CARTESIAN_POINT('',(-1.619655686723E0,1.357899444386E0,
3.104741423128E-1));
#3004=CARTESIAN_POINT('',(-1.650667075652E0,1.321921086080E0,
-2.232231390628E-1));
#3005=CARTESIAN_POINT('',(-1.666172770117E0,1.231663850862E0,
-4.632132139380E-1));
#3006=CARTESIAN_POINT('',(-1.212823562175E-1,1.237962199834E0,
-6.821814075795E-1));
#3007=CARTESIAN_POINT('',(-1.367880506822E-1,1.105038945677E0,
-9.233987176620E-1));
#3008=CARTESIAN_POINT('',(-1.677994396116E-1,6.944405891961E-1,
-1.325331633790E0));
#3009=CARTESIAN_POINT('',(-2.143165230057E-1,-1.523030069818E-1,
-1.488543513070E0));
#3010=CARTESIAN_POINT('',(-2.608336063999E-1,-9.484065235385E-1,
-1.157324970271E0));
#3011=CARTESIAN_POINT('',(-3.073506897940E-1,-1.429580140632E0,
-4.418127027739E-1));
#3012=CARTESIAN_POINT('',(-3.538677731881E-1,-1.436014209233E0,
4.204249832414E-1));
#3013=CARTESIAN_POINT('',(-4.003848565822E-1,-9.655778656254E-1,
1.143045722013E0));
#3014=CARTESIAN_POINT('',(-4.469019399764E-1,-1.744920771267E-1,
1.486084404625E0));
#3015=CARTESIAN_POINT('',(-4.934190233705E-1,6.745389567184E-1,
1.335623987169E0));
#3016=CARTESIAN_POINT('',(-5.399361067646E-1,1.299569102565E0,
7.416295695024E-1));
#3017=CARTESIAN_POINT('',(-5.864531901587E-1,1.493038306279E0,
-9.864522313126E-2));
#3018=CARTESIAN_POINT('',(-6.329702735529E-1,1.190699318440E0,
-9.061619048692E-1));
#3019=CARTESIAN_POINT('',(-6.794873569470E-1,4.929528745762E-1,
-1.412760322340E0));
#3020=CARTESIAN_POINT('',(-7.260044403411E-1,-3.684933704819E-1,
-1.450209261010E0));
#3021=CARTESIAN_POINT('',(-7.725215237352E-1,-1.107570329085E0,
-1.006072676789E0));
#3022=CARTESIAN_POINT('',(-8.190386071294E-1,-1.478845308699E0,
-2.278394561544E-1));
#3023=CARTESIAN_POINT('',(-8.655556905235E-1,-1.359025306025E0,
6.260546960334E-1));
#3024=CARTESIAN_POINT('',(-9.120727739176E-1,-7.879001501571E-1,
1.272048591141E0));
#3025=CARTESIAN_POINT('',(-9.585898573117E-1,4.487090471970E-2,
1.495620562429E0));
#3026=CARTESIAN_POINT('',(-1.005106940706E0,8.627412285746E-1,
1.222526824788E0));
#3027=CARTESIAN_POINT('',(-1.051624024100E0,1.394112426497E0,
5.434563526339E-1));
#3028=CARTESIAN_POINT('',(-1.098141107494E0,1.462526739407E0,
-3.160851171612E-1));
#3029=CARTESIAN_POINT('',(-1.144658190888E0,1.045265141202E0,
-1.070661033498E0));
#3030=CARTESIAN_POINT('',(-1.191175274282E0,2.808918709368E-1,
-1.469691813797E0));
#3031=CARTESIAN_POINT('',(-1.237692357676E0,-5.767599733621E-1,
-1.380667292420E0));
#3032=CARTESIAN_POINT('',(-1.284209441071E0,-1.242881370243E0,
-8.331507919657E-1));
#3033=CARTESIAN_POINT('',(-1.330726524465E0,-1.496266630888E0,
-8.961388842103E-3));
#3034=CARTESIAN_POINT('',(-1.377243607859E0,-1.252771874161E0,
8.182032797317E-1));
#3035=CARTESIAN_POINT('',(-1.423760691253E0,-5.932557180901E-1,
1.373661346830E0));
#3036=CARTESIAN_POINT('',(-1.470277774647E0,2.632654952605E-1,
1.472945110895E0));
#3037=CARTESIAN_POINT('',(-1.516794858041E0,1.032373867069E0,1.083126121387E0));
#3038=CARTESIAN_POINT('',(-1.563311941435E0,1.458605337722E0,
3.334998354069E-1));
#3039=CARTESIAN_POINT('',(-1.594323330365E0,1.419958716511E0,
-2.397780362058E-1));
#3040=CARTESIAN_POINT('',(-1.609829024829E0,1.323007734168E0,
-4.975664944458E-1));
#3041=CARTESIAN_POINT('',(-6.493861092985E-2,1.323434319005E0,
-7.292809802263E-1));
#3042=CARTESIAN_POINT('',(-8.044430539456E-2,1.181333698834E0,
-9.871525586510E-1));
#3043=CARTESIAN_POINT('',(-1.114556943240E-1,7.423865675184E-1,
-1.416835965149E0));
#3044=CARTESIAN_POINT('',(-1.579727777181E-1,-1.628184013651E-1,
-1.591316415633E0));
#3045=CARTESIAN_POINT('',(-2.044898611122E-1,-1.013886968267E0,
-1.237229686096E0));
#3046=CARTESIAN_POINT('',(-2.510069445063E-1,-1.528282059125E0,
-4.723165969864E-1));
#3047=CARTESIAN_POINT('',(-2.975240279005E-1,-1.535160352500E0,
4.494522138588E-1));
#3048=CARTESIAN_POINT('',(-3.440411112946E-1,-1.032243864321E0,
1.221964561525E0));
#3049=CARTESIAN_POINT('',(-3.905581946887E-1,-1.865394624286E-1,
1.588687523968E0));
#3050=CARTESIAN_POINT('',(-4.370752780828E-1,7.211108747479E-1,
1.427838929285E0));
#3051=CARTESIAN_POINT('',(-4.835923614770E-1,1.389294721990E0,
7.928335973426E-1));
#3052=CARTESIAN_POINT('',(-5.301094448711E-1,1.596121541016E0,
-1.054559450324E-1));
#3053=CARTESIAN_POINT('',(-5.766265282652E-1,1.272908285771E0,
-9.687256716237E-1));
#3054=CARTESIAN_POINT('',(-6.231436116593E-1,5.269876188092E-1,
-1.510300956979E0));
#3055=CARTESIAN_POINT('',(-6.696606950535E-1,-3.939351079436E-1,
-1.550335467446E0));
#3056=CARTESIAN_POINT('',(-7.161777784476E-1,-1.184039855514E0,
-1.075534542213E0));
#3057=CARTESIAN_POINT('',(-7.626948618417E-1,-1.580948622094E0,
-2.435700827849E-1));
#3058=CARTESIAN_POINT('',(-8.092119452358E-1,-1.452855935853E0,
6.692791350302E-1));
#3059=CARTESIAN_POINT('',(-8.557290286300E-1,-8.422988188226E-1,
1.359874123122E0));
#3060=CARTESIAN_POINT('',(-9.022461120241E-1,4.796890829044E-2,
1.598882082824E0));
#3061=CARTESIAN_POINT('',(-9.487631954182E-1,9.223071192880E-1,
1.306933245656E0));
#3062=CARTESIAN_POINT('',(-9.952802788123E-1,1.490365562070E0,
5.809779879010E-1));
#3063=CARTESIAN_POINT('',(-1.041797362206E0,1.563503376479E0,
-3.379084529673E-1));
#3064=CARTESIAN_POINT('',(-1.088314445601E0,1.117432955959E0,
-1.144582246488E0));
#3065=CARTESIAN_POINT('',(-1.134831528995E0,3.002853738E-1,-1.571163146178E0));
#3066=CARTESIAN_POINT('',(-1.181348612389E0,-6.165809769299E-1,
-1.475992141087E0));
#3067=CARTESIAN_POINT('',(-1.227865695783E0,-1.328693121691E0,
-8.906736822349E-1));
#3068=CARTESIAN_POINT('',(-1.274382779177E0,-1.599572757524E0,
-9.580106356381E-3));
#3069=CARTESIAN_POINT('',(-1.320899862571E0,-1.339266491636E0,
8.746941550112E-1));
#3070=CARTESIAN_POINT('',(-1.367416945965E0,-6.342156306322E-1,
1.468502486853E0));
#3071=CARTESIAN_POINT('',(-1.413934029359E0,2.814420274580E-1,
1.574641059340E0));
#3072=CARTESIAN_POINT('',(-1.460451112754E0,1.103651634845E0,1.157907956355E0));
#3073=CARTESIAN_POINT('',(-1.506968196148E0,1.559311231057E0,
3.565255285010E-1));
#3074=CARTESIAN_POINT('',(-1.537979585077E0,1.517996346943E0,
-2.563329333489E-1));
#3075=CARTESIAN_POINT('',(-1.553485279542E0,1.414351617475E0,
-5.319197749535E-1));
#3076=B_SPLINE_SURFACE_WITH_KNOTS('',3,3,((#2936,#2937,#2938,#2939,#2940,#2941,
#2942,#2943,#2944,#2945,#2946,#2947,#2948,#2949,#2950,#2951,#2952,#2953,#2954,
#2955,#2956,#2957,#2958,#2959,#2960,#2961,#2962,#2963,#2964,#2965,#2966,#2967,
#2968,#2969,#2970),(#2971,#2972,#2973,#2974,#2975,#2976,#2977,#2978,#2979,#2980,
#2981,#2982,#2983,#2984,#2985,#2986,#2987,#2988,#2989,#2990,#2991,#2992,#2993,
#2994,#2995,#2996,#2997,#2998,#2999,#3000,#3001,#3002,#3003,#3004,#3005),(#3006,
#3007,#3008,#3009,#3010,#3011,#3012,#3013,#3014,#3015,#3016,#3017,#3018,#3019,
#3020,#3021,#3022,#3023,#3024,#3025,#3026,#3027,#3028,#3029,#3030,#3031,#3032,
#3033,#3034,#3035,#3036,#3037,#3038,#3039,#3040),(#3041,#3042,#3043,#3044,#3045,
#3046,#3047,#3048,#3049,#3050,#3051,#3052,#3053,#3054,#3055,#3056,#3057,#3058,
#3059,#3060,#3061,#3062,#3063,#3064,#3065,#3066,#3067,#3068,#3069,#3070,#3071,
#3072,#3073,#3074,#3075)),.UNSPECIFIED.,.F.,.F.,.F.,(4,4),(4,1,1,1,1,1,1,1,1,1,
1,1,1,1,1,1,1,1,1,1,1,1,1,1,1,1,1,1,1,1,1,1,4),(-2.049015172689E-2,
1.040097994864E0),(2.700396144307E-1,2.932981561277E-1,3.165566978248E-1,
3.398152395218E-1,3.630737812189E-1,3.863323229160E-1,4.095908646130E-1,
4.328494063101E-1,4.561079480072E-1,4.793664897042E-1,5.026250314013E-1,
5.258835730983E-1,5.491421147954E-1,5.724006564925E-1,5.956591981895E-1,
6.189177398866E-1,6.421762815837E-1,6.654348232807E-1,6.886933649778E-1,
7.119519066748E-1,7.352104483719E-1,7.584689900690E-1,7.817275317660E-1,
8.049860734631E-1,8.282446151602E-1,8.515031568572E-1,8.747616985543E-1,
8.980202402513E-1,9.212787819484E-1,9.445373236455E-1,9.677958653425E-1,
9.910544070396E-1,1.014312948737E0),.UNSPECIFIED.);
#3078=ORIENTED_EDGE('',*,*,#3077,.T.);
#3080=ORIENTED_EDGE('',*,*,#3079,.F.);
#3081=ORIENTED_EDGE('',*,*,#2569,.T.);
#3082=ORIENTED_EDGE('',*,*,#2845,.T.);
#3083=ORIENTED_EDGE('',*,*,#2549,.T.);
#3084=ORIENTED_EDGE('',*,*,#2829,.T.);
#3085=ORIENTED_EDGE('',*,*,#2537,.F.);
#3086=ORIENTED_EDGE('',*,*,#2524,.F.);
#3087=EDGE_LOOP('',(#3078,#3080,#3081,#3082,#3083,#3084,#3085,#3086));
#3088=FACE_OUTER_BOUND('',#3087,.F.);
#3090=CARTESIAN_POINT('',(-7.140573001353E-2,1.331101596285E0,
-6.787639649234E-1));
#3091=CARTESIAN_POINT('',(-8.693854919963E-2,1.198612868855E0,
-9.385832330121E-1));
#3092=CARTESIAN_POINT('',(-1.180041875718E-1,7.774091188182E-1,
-1.377786211644E0));
#3093=CARTESIAN_POINT('',(-1.646026451301E-1,-1.136736616803E-1,
-1.577964210735E0));
#3094=CARTESIAN_POINT('',(-2.112011026884E-1,-9.668157767645E-1,
-1.252225026466E0));
#3095=CARTESIAN_POINT('',(-2.577995602467E-1,-1.497822749160E0,
-5.092659960839E-1));
#3096=CARTESIAN_POINT('',(-3.043980178050E-1,-1.529736448884E0,
4.033942269573E-1));
#3097=CARTESIAN_POINT('',(-3.509964753633E-1,-1.051928712286E0,
1.181637280223E0));
#3098=CARTESIAN_POINT('',(-3.975949329217E-1,-2.236080484330E-1,
1.566148253789E0));
#3099=CARTESIAN_POINT('',(-4.441933904800E-1,6.792208450908E-1,
1.428803638955E0));
#3100=CARTESIAN_POINT('',(-4.907918480383E-1,1.355726950069E0,
8.153681790512E-1));
#3101=CARTESIAN_POINT('',(-5.373903055966E-1,1.580492001726E0,
-6.975568510140E-2));
#3102=CARTESIAN_POINT('',(-5.839887631549E-1,1.278622166214E0,
-9.316362916721E-1));
#3103=CARTESIAN_POINT('',(-6.305872207132E-1,5.507033267392E-1,
-1.483086872035E0));
#3104=CARTESIAN_POINT('',(-6.771856782715E-1,-3.607150715833E-1,
-1.540358874119E0));
#3105=CARTESIAN_POINT('',(-7.237841358298E-1,-1.151939795168E0,
-1.084368725250E0));
#3106=CARTESIAN_POINT('',(-7.703825933881E-1,-1.559327279875E0,
-2.670566573178E-1));
#3107=CARTESIAN_POINT('',(-8.169810509464E-1,-1.447132161300E0,
6.392412155946E-1));
#3108=CARTESIAN_POINT('',(-8.635795085047E-1,-8.527389144867E-1,
1.332537867267E0));
#3109=CARTESIAN_POINT('',(-9.101779660630E-1,2.579500685450E-2,
1.581820293717E0));
#3110=CARTESIAN_POINT('',(-9.567764236213E-1,8.957337878447E-1,
1.304025231833E0));
#3111=CARTESIAN_POINT('',(-1.003374881180E0,1.467205595733E0,
5.917166246886E-1));
#3112=CARTESIAN_POINT('',(-1.049973338738E0,1.549790617012E0,
-3.177575605996E-1));
#3113=CARTESIAN_POINT('',(-1.096571796296E0,1.115970741654E0,
-1.121351919290E0));
#3114=CARTESIAN_POINT('',(-1.143170253854E0,3.102988550702E-1,
-1.551301212239E0));
#3115=CARTESIAN_POINT('',(-1.189768711413E0,-5.987675410368E-1,
-1.464342250602E0));
#3116=CARTESIAN_POINT('',(-1.236367168971E0,-1.308318945459E0,
-8.894506445682E-1));
#3117=CARTESIAN_POINT('',(-1.282965626529E0,-1.581926030442E0,
-1.818548745132E-2));
#3118=CARTESIAN_POINT('',(-1.329564084088E0,-1.328420648806E0,
8.591385715998E-1));
#3119=CARTESIAN_POINT('',(-1.376162541646E0,-6.322719895016E-1,
1.450192047268E0));
#3120=CARTESIAN_POINT('',(-1.422760999204E0,2.745521387917E-1,
1.558018416513E0));
#3121=CARTESIAN_POINT('',(-1.469359456763E0,1.089906108877E0,1.146733371605E0));
#3122=CARTESIAN_POINT('',(-1.515957914321E0,1.542043742989E0,
3.532150587477E-1));
#3123=CARTESIAN_POINT('',(-1.547023552693E0,1.501042469631E0,
-2.539346353698E-1));
#3124=CARTESIAN_POINT('',(-1.562556371879E0,1.398205612436E0,
-5.268520143849E-1));
#3125=CARTESIAN_POINT('',(-6.668718141704E-2,1.343685377662E0,
-6.851807683932E-1));
#3126=CARTESIAN_POINT('',(-8.222000060314E-2,1.209944146903E0,
-9.474562793987E-1));
#3127=CARTESIAN_POINT('',(-1.132856389753E-1,7.847584799936E-1,
-1.390811333484E0));
#3128=CARTESIAN_POINT('',(-1.598840965336E-1,-1.147482937828E-1,
-1.592881747236E0));
#3129=CARTESIAN_POINT('',(-2.064825540919E-1,-9.759557240092E-1,
-1.264063135603E0));
#3130=CARTESIAN_POINT('',(-2.530810116502E-1,-1.511982655564E0,
-5.140804234542E-1));
#3131=CARTESIAN_POINT('',(-2.996794692086E-1,-1.544198056542E0,
4.072077786616E-1));
#3132=CARTESIAN_POINT('',(-3.462779267669E-1,-1.061873288251E0,
1.192808076835E0));
#3133=CARTESIAN_POINT('',(-3.928763843252E-1,-2.257219628056E-1,
1.580954086255E0));
#3134=CARTESIAN_POINT('',(-4.394748418835E-1,6.856419677502E-1,
1.442311062186E0));
#3135=CARTESIAN_POINT('',(-4.860732994418E-1,1.368543531159E0,
8.230763922607E-1));
#3136=CARTESIAN_POINT('',(-5.326717570001E-1,1.595433435103E0,
-7.041513160317E-2));
#3137=CARTESIAN_POINT('',(-5.792702145584E-1,1.290709824925E0,
-9.404436640400E-1));
#3138=CARTESIAN_POINT('',(-6.258686721167E-1,5.559094885281E-1,
-1.497107470473E0));
#3139=CARTESIAN_POINT('',(-6.724671296750E-1,-3.641251490809E-1,
-1.554920902569E0));
#3140=CARTESIAN_POINT('',(-7.190655872333E-1,-1.162829841866E0,
-1.094619978054E0));
#3141=CARTESIAN_POINT('',(-7.656640447916E-1,-1.574068629177E0,
-2.695813200487E-1));
#3142=CARTESIAN_POINT('',(-8.122625023499E-1,-1.460812856142E0,
6.452843844460E-1));
#3143=CARTESIAN_POINT('',(-8.588609599082E-1,-8.608004179077E-1,
1.345135226662E0));
#3144=CARTESIAN_POINT('',(-9.054594174665E-1,2.603886406855E-2,
1.596774284314E0));
#3145=CARTESIAN_POINT('',(-9.520578750248E-1,9.042017501628E-1,
1.316353042478E0));
#3146=CARTESIAN_POINT('',(-9.986563325831E-1,1.481076057991E0,
5.973105122352E-1));
#3147=CARTESIAN_POINT('',(-1.045254790141E0,1.564441809948E0,
-3.207615324113E-1));
#3148=CARTESIAN_POINT('',(-1.091853247700E0,1.126520749164E0,
-1.131952798621E0));
#3149=CARTESIAN_POINT('',(-1.138451705258E0,3.132323148187E-1,
-1.565966685829E0));
#3150=CARTESIAN_POINT('',(-1.185050162816E0,-6.044280855463E-1,
-1.478185643770E0));
#3151=CARTESIAN_POINT('',(-1.231648620375E0,-1.320687347411E0,
-8.978592081886E-1));
#3152=CARTESIAN_POINT('',(-1.278247077933E0,-1.596881020639E0,
-1.835740685926E-2));
#3153=CARTESIAN_POINT('',(-1.324845535491E0,-1.340979085419E0,
8.672605752008E-1));
#3154=CARTESIAN_POINT('',(-1.371443993050E0,-6.382492736619E-1,
1.463901669231E0));
#3155=CARTESIAN_POINT('',(-1.418042450608E0,2.771476612529E-1,
1.572747392266E0));
#3156=CARTESIAN_POINT('',(-1.464640908166E0,1.100209710220E0,1.157574198547E0));
#3157=CARTESIAN_POINT('',(-1.511239365724E0,1.556621699616E0,
3.565542336770E-1));
#3158=CARTESIAN_POINT('',(-1.542305004097E0,1.515232814177E0,
-2.563352469720E-1));
#3159=CARTESIAN_POINT('',(-1.557837823283E0,1.411423772340E0,
-5.318326939858E-1));
#3160=CARTESIAN_POINT('',(-3.751515125434E-2,1.361052774104E0,
-6.940368639022E-1));
#3161=CARTESIAN_POINT('',(-5.304797044044E-2,1.225582911766E0,
-9.597023372100E-1));
#3162=CARTESIAN_POINT('',(-8.411360881264E-2,7.949016369106E-1,
-1.408787842126E0));
#3163=CARTESIAN_POINT('',(-1.307120663709E-1,-1.162314379341E-1,
-1.613470055518E0));
#3164=CARTESIAN_POINT('',(-1.773105239292E-1,-9.885701427190E-1,
-1.280401398985E0));
#3165=CARTESIAN_POINT('',(-2.239089814875E-1,-1.531525327255E0,
-5.207250135236E-1));
#3166=CARTESIAN_POINT('',(-2.705074390459E-1,-1.564157118594E0,
4.124710188840E-1));
#3167=CARTESIAN_POINT('',(-3.171058966042E-1,-1.075598208291E0,
1.208225354639E0));
#3168=CARTESIAN_POINT('',(-3.637043541625E-1,-2.286394633446E-1,
1.601388227185E0));
#3169=CARTESIAN_POINT('',(-4.103028117208E-1,6.945040243511E-1,
1.460953214899E0));
#3170=CARTESIAN_POINT('',(-4.569012692791E-1,1.386232224098E0,
8.337148156919E-1));
#3171=CARTESIAN_POINT('',(-5.034997268374E-1,1.616054724449E0,
-7.132526095812E-2));
#3172=CARTESIAN_POINT('',(-5.500981843957E-1,1.307392501980E0,
-9.525990824256E-1));
#3173=CARTESIAN_POINT('',(-5.966966419540E-1,5.630947274488E-1,
-1.516457877486E0));
#3174=CARTESIAN_POINT('',(-6.432950995123E-1,-3.688315378855E-1,
-1.575018559505E0));
#3175=CARTESIAN_POINT('',(-6.898935570706E-1,-1.177859645117E0,
-1.108768155468E0));
#3176=CARTESIAN_POINT('',(-7.364920146289E-1,-1.594413774226E0,
-2.730657113625E-1));
#3177=CARTESIAN_POINT('',(-7.830904721872E-1,-1.479694148162E0,
6.536248113855E-1));
#3178=CARTESIAN_POINT('',(-8.296889297455E-1,-8.719264317523E-1,
1.362521362685E0));
#3179=CARTESIAN_POINT('',(-8.762873873038E-1,2.637542148198E-2,
1.617412904399E0));
#3180=CARTESIAN_POINT('',(-9.228858448621E-1,9.158887347196E-1,
1.333367163139E0));
#3181=CARTESIAN_POINT('',(-9.694843024204E-1,1.500219255861E0,
6.050308674888E-1));
#3182=CARTESIAN_POINT('',(-1.016082759979E0,1.584662526475E0,
-3.249074379850E-1));
#3183=CARTESIAN_POINT('',(-1.062681217537E0,1.141081250286E0,
-1.146583510046E0));
#3184=CARTESIAN_POINT('',(-1.109279675095E0,3.172809037817E-1,
-1.586207111675E0));
#3185=CARTESIAN_POINT('',(-1.155878132654E0,-6.122404368277E-1,
-1.497291482470E0));
#3186=CARTESIAN_POINT('',(-1.202476590212E0,-1.337757489811E0,
-9.094642141494E-1));
#3187=CARTESIAN_POINT('',(-1.249075047770E0,-1.617521020311E0,
-1.859467993513E-2));
#3188=CARTESIAN_POINT('',(-1.295673505329E0,-1.358311502504E0,
8.784700878425E-1));
#3189=CARTESIAN_POINT('',(-1.342271962887E0,-6.464987704178E-1,
1.482822884765E0));
#3190=CARTESIAN_POINT('',(-1.388870420445E0,2.807298490074E-1,
1.593075460069E0));
#3191=CARTESIAN_POINT('',(-1.435468878003E0,1.114430136016E0,1.172536071579E0));
#3192=CARTESIAN_POINT('',(-1.482067335562E0,1.576741339686E0,
3.611627669185E-1));
#3193=CARTESIAN_POINT('',(-1.513132973934E0,1.534817494804E0,
-2.596484301993E-1));
#3194=CARTESIAN_POINT('',(-1.528665793120E0,1.429666700788E0,
-5.387067356257E-1));
#3195=CARTESIAN_POINT('',(-8.343121091639E-3,1.343673251317E0,
-6.851745848484E-1));
#3196=CARTESIAN_POINT('',(-2.387594027774E-2,1.209933227531E0,
-9.474477288984E-1));
#3197=CARTESIAN_POINT('',(-5.494157864994E-2,7.847513977908E-1,
-1.390798781841E0));
#3198=CARTESIAN_POINT('',(-1.015400362082E-1,-1.147472582149E-1,
-1.592867371971E0));
#3199=CARTESIAN_POINT('',(-1.481384937665E-1,-9.759469163103E-1,
-1.264051727824E0));
#3200=CARTESIAN_POINT('',(-1.947369513248E-1,-1.511969010388E0,
-5.140757840372E-1));
#3201=CARTESIAN_POINT('',(-2.413354088832E-1,-1.544184120631E0,
4.072041037371E-1));
#3202=CARTESIAN_POINT('',(-2.879338664415E-1,-1.061863705172E0,
1.192797312110E0));
#3203=CARTESIAN_POINT('',(-3.345323239998E-1,-2.257199257346E-1,
1.580939818633E0));
#3204=CARTESIAN_POINT('',(-3.811307815581E-1,6.856357800432E-1,
1.442298045774E0));
#3205=CARTESIAN_POINT('',(-4.277292391164E-1,1.368531180476E0,
8.230689642505E-1));
#3206=CARTESIAN_POINT('',(-4.743276966747E-1,1.595419036809E0,
-7.041449612837E-2));
#3207=CARTESIAN_POINT('',(-5.209261542330E-1,1.290698176667E0,
-9.404351768265E-1));
#3208=CARTESIAN_POINT('',(-5.675246117913E-1,5.559044716167E-1,
-1.497093959541E0));
#3209=CARTESIAN_POINT('',(-6.141230693496E-1,-3.641218629639E-1,
-1.554906869888E0));
#3210=CARTESIAN_POINT('',(-6.607215269079E-1,-1.162819347686E0,
-1.094610099447E0));
#3211=CARTESIAN_POINT('',(-7.073199844662E-1,-1.574054423694E0,
-2.695788871605E-1));
#3212=CARTESIAN_POINT('',(-7.539184420245E-1,-1.460799672757E0,
6.452785609537E-1));
#3213=CARTESIAN_POINT('',(-8.005168995828E-1,-8.607926494499E-1,
1.345123087232E0));
#3214=CARTESIAN_POINT('',(-8.471153571411E-1,2.603862907585E-2,
1.596759873920E0));
#3215=CARTESIAN_POINT('',(-8.937138146994E-1,9.041935900213E-1,
1.316341162799E0));
#3216=CARTESIAN_POINT('',(-9.403122722577E-1,1.481062691737E0,
5.973051216924E-1));
#3217=CARTESIAN_POINT('',(-9.869107298160E-1,1.564427691344E0,
-3.207586376375E-1));
#3218=CARTESIAN_POINT('',(-1.033509187374E0,1.126510582662E0,
-1.131942583097E0));
#3219=CARTESIAN_POINT('',(-1.080107644933E0,3.132294879939E-1,
-1.565952553463E0));
#3220=CARTESIAN_POINT('',(-1.126706102491E0,-6.044226307696E-1,
-1.478172303601E0));
#3221=CARTESIAN_POINT('',(-1.173304560049E0,-1.320675428616E0,
-8.978511052866E-1));
#3222=CARTESIAN_POINT('',(-1.219903017608E0,-1.596866609281E0,
-1.835724118933E-2));
#3223=CARTESIAN_POINT('',(-1.266501475166E0,-1.340966983497E0,
8.672527484420E-1));
#3224=CARTESIAN_POINT('',(-1.313099932724E0,-6.382435136593E-1,
1.463888457970E0));
#3225=CARTESIAN_POINT('',(-1.359698390282E0,2.771451600809E-1,
1.572733198707E0));
#3226=CARTESIAN_POINT('',(-1.406296847841E0,1.100199781168E0,1.157563751797E0));
#3227=CARTESIAN_POINT('',(-1.452895305399E0,1.556607651586E0,
3.565510158852E-1));
#3228=CARTESIAN_POINT('',(-1.483960943771E0,1.515219139669E0,
-2.563329336256E-1));
#3229=CARTESIAN_POINT('',(-1.499493762957E0,1.411411034677E0,
-5.318278943601E-1));
#3230=CARTESIAN_POINT('',(-3.635064625012E-3,1.331075231656E0,
-6.787505209009E-1));
#3231=CARTESIAN_POINT('',(-1.916788381111E-2,1.198589128381E0,
-9.385646428472E-1));
#3232=CARTESIAN_POINT('',(-5.023352218331E-2,7.773937209683E-1,
-1.377758922351E0));
#3233=CARTESIAN_POINT('',(-9.683197974162E-2,-1.136714101889E-1,
-1.577932956591E0));
#3234=CARTESIAN_POINT('',(-1.434304372999E-1,-9.667966274082E-1,
-1.252200224117E0));
#3235=CARTESIAN_POINT('',(-1.900288948582E-1,-1.497793082348E0,
-5.092559092439E-1));
#3236=CARTESIAN_POINT('',(-2.366273524165E-1,-1.529706149970E0,
4.033862370796E-1));
#3237=CARTESIAN_POINT('',(-2.832258099748E-1,-1.051907877130E0,
1.181613875978E0));
#3238=CARTESIAN_POINT('',(-3.298242675331E-1,-2.236036195125E-1,
1.566117233680E0));
#3239=CARTESIAN_POINT('',(-3.764227250914E-1,6.792073920191E-1,
1.428775339179E0));
#3240=CARTESIAN_POINT('',(-4.230211826497E-1,1.355700097695E0,
8.153520293605E-1));
#3241=CARTESIAN_POINT('',(-4.696196402080E-1,1.580460697515E0,
-6.975430347680E-2));
#3242=CARTESIAN_POINT('',(-5.162180977663E-1,1.278596841026E0,
-9.316178391026E-1));
#3243=CARTESIAN_POINT('',(-5.628165553246E-1,5.506924191656E-1,
-1.483057497091E0));
#3244=CARTESIAN_POINT('',(-6.094150128829E-1,-3.607079270357E-1,
-1.540328364810E0));
#3245=CARTESIAN_POINT('',(-6.560134704412E-1,-1.151916979130E0,
-1.084347247567E0));
#3246=CARTESIAN_POINT('',(-7.026119279995E-1,-1.559296394867E0,
-2.670513678270E-1));
#3247=CARTESIAN_POINT('',(-7.492103855579E-1,-1.447103498498E0,
6.392285543844E-1));
#3248=CARTESIAN_POINT('',(-7.958088431162E-1,-8.527220246079E-1,
1.332511474191E0));
#3249=CARTESIAN_POINT('',(-8.424073006745E-1,2.579449594250E-2,
1.581788963197E0));
#3250=CARTESIAN_POINT('',(-8.890057582328E-1,8.957160463826E-1,
1.303999403496E0));
#3251=CARTESIAN_POINT('',(-9.356042157911E-1,1.467176535344E0,
5.917049047801E-1));
#3252=CARTESIAN_POINT('',(-9.822026733494E-1,1.549759920892E0,
-3.177512668952E-1));
#3253=CARTESIAN_POINT('',(-1.028801130908E0,1.115948638041E0,
-1.121329709094E0));
#3254=CARTESIAN_POINT('',(-1.075399588466E0,3.102927090975E-1,
-1.551270486200E0));
#3255=CARTESIAN_POINT('',(-1.121998046024E0,-5.987556814734E-1,
-1.464313246926E0));
#3256=CARTESIAN_POINT('',(-1.168596503583E0,-1.308293032078E0,
-8.894330275540E-1));
#3257=CARTESIAN_POINT('',(-1.215194961141E0,-1.581894697829E0,
-1.818512725822E-2));
#3258=CARTESIAN_POINT('',(-1.261793418699E0,-1.328394337279E0,
8.591215549654E-1));
#3259=CARTESIAN_POINT('',(-1.308391876257E0,-6.322594663282E-1,
1.450163323860E0));
#3260=CARTESIAN_POINT('',(-1.354990333816E0,2.745467008408E-1,
1.557987557429E0));
#3261=CARTESIAN_POINT('',(-1.401588791374E0,1.089884521516E0,1.146710658689E0));
#3262=CARTESIAN_POINT('',(-1.448187248932E0,1.542013200309E0,
3.532080627500E-1));
#3263=CARTESIAN_POINT('',(-1.479252887305E0,1.501012739048E0,
-2.539296057820E-1));
#3264=CARTESIAN_POINT('',(-1.494785706491E0,1.398177918704E0,
-5.268415792253E-1));
#3265=B_SPLINE_SURFACE_WITH_KNOTS('',3,3,((#3090,#3091,#3092,#3093,#3094,#3095,
#3096,#3097,#3098,#3099,#3100,#3101,#3102,#3103,#3104,#3105,#3106,#3107,#3108,
#3109,#3110,#3111,#3112,#3113,#3114,#3115,#3116,#3117,#3118,#3119,#3120,#3121,
#3122,#3123,#3124),(#3125,#3126,#3127,#3128,#3129,#3130,#3131,#3132,#3133,#3134,
#3135,#3136,#3137,#3138,#3139,#3140,#3141,#3142,#3143,#3144,#3145,#3146,#3147,
#3148,#3149,#3150,#3151,#3152,#3153,#3154,#3155,#3156,#3157,#3158,#3159),(#3160,
#3161,#3162,#3163,#3164,#3165,#3166,#3167,#3168,#3169,#3170,#3171,#3172,#3173,
#3174,#3175,#3176,#3177,#3178,#3179,#3180,#3181,#3182,#3183,#3184,#3185,#3186,
#3187,#3188,#3189,#3190,#3191,#3192,#3193,#3194),(#3195,#3196,#3197,#3198,#3199,
#3200,#3201,#3202,#3203,#3204,#3205,#3206,#3207,#3208,#3209,#3210,#3211,#3212,
#3213,#3214,#3215,#3216,#3217,#3218,#3219,#3220,#3221,#3222,#3223,#3224,#3225,
#3226,#3227,#3228,#3229),(#3230,#3231,#3232,#3233,#3234,#3235,#3236,#3237,#3238,
#3239,#3240,#3241,#3242,#3243,#3244,#3245,#3246,#3247,#3248,#3249,#3250,#3251,
#3252,#3253,#3254,#3255,#3256,#3257,#3258,#3259,#3260,#3261,#3262,#3263,#3264)),
.UNSPECIFIED.,.F.,.F.,.F.,(4,1,4),(4,1,1,1,1,1,1,1,1,1,1,1,1,1,1,1,1,1,1,1,1,1,
1,1,1,1,1,1,1,1,1,1,4),(-8.435695390956E-2,5.E-1,1.084764966378E0),(
2.687626660082E-1,2.920618947873E-1,3.153611235665E-1,3.386603523456E-1,
3.619595811248E-1,3.852588099039E-1,4.085580386831E-1,4.318572674622E-1,
4.551564962414E-1,4.784557250205E-1,5.017549537997E-1,5.250541825788E-1,
5.483534113580E-1,5.716526401371E-1,5.949518689163E-1,6.182510976954E-1,
6.415503264746E-1,6.648495552537E-1,6.881487840329E-1,7.114480128120E-1,
7.347472415912E-1,7.580464703704E-1,7.813456991495E-1,8.046449279287E-1,
8.279441567078E-1,8.512433854870E-1,8.745426142661E-1,8.978418430453E-1,
9.211410718244E-1,9.444403006036E-1,9.677395293827E-1,9.910387581619E-1,
1.014337986941E0),.UNSPECIFIED.);
#3266=ORIENTED_EDGE('',*,*,#3077,.F.);
#3267=ORIENTED_EDGE('',*,*,#2522,.F.);
#3268=ORIENTED_EDGE('',*,*,#2807,.T.);
#3270=ORIENTED_EDGE('',*,*,#3269,.F.);
#3271=EDGE_LOOP('',(#3266,#3267,#3268,#3270));
#3272=FACE_OUTER_BOUND('',#3271,.F.);
#3274=CARTESIAN_POINT('',(-1.493880397997E0,1.309353495360E0,
7.198231754389E-1));
#3275=CARTESIAN_POINT('',(-1.504713731331E0,1.407347114020E0,
5.415734448200E-1));
#3276=CARTESIAN_POINT('',(-1.526380397997E0,1.529464982457E0,
1.445907280266E-1));
#3277=CARTESIAN_POINT('',(-1.558880397997E0,1.461100787037E0,
-4.747432943861E-1));
#3278=CARTESIAN_POINT('',(-1.591380397997E0,1.152387817828E0,
-1.015966043251E0));
#3279=CARTESIAN_POINT('',(-1.623880397997E0,6.541207178634E-1,
-1.390077241538E0));
#3280=CARTESIAN_POINT('',(-1.656380397997E0,4.825600637203E-2,
-1.535532129510E0));
#3281=CARTESIAN_POINT('',(-1.688880397997E0,-5.655461560479E-1,
-1.428406580281E0));
#3282=CARTESIAN_POINT('',(-1.721380397997E0,-1.086321265666E0,
-1.086321258186E0));
#3283=CARTESIAN_POINT('',(-1.753880397997E0,-1.428406561555E0,
-5.655461672449E-1));
#3284=CARTESIAN_POINT('',(-1.786380397997E0,-1.535532196932E0,
4.825604367948E-2));
#3285=CARTESIAN_POINT('',(-1.818880397997E0,-1.390076990575E0,
6.541205798307E-1));
#3286=CARTESIAN_POINT('',(-1.851380397997E0,-1.015966979680E0,
1.152388332652E0));
#3287=CARTESIAN_POINT('',(-1.883880397997E0,-4.747397996323E-1,
1.461098865775E0));
#3288=CARTESIAN_POINT('',(-1.916380397997E0,1.445776854408E-1,
1.529472152680E0));
#3289=CARTESIAN_POINT('',(-1.948880397997E0,7.401134788061E-1,
1.346261420169E0));
#3290=CARTESIAN_POINT('',(-1.981380397997E0,1.213907451968E0,
9.416031388025E-1));
#3291=CARTESIAN_POINT('',(-2.013880397997E0,1.488024879587E0,
3.820598522193E-1));
#3292=CARTESIAN_POINT('',(-2.046380397997E0,1.517375980779E0,
-2.403287454775E-1));
#3293=CARTESIAN_POINT('',(-2.078880397997E0,1.297132770936E0,
-8.231854879130E-1));
#3294=CARTESIAN_POINT('',(-2.111380397997E0,8.635232205271E-1,
-1.270635833179E0));
#3295=CARTESIAN_POINT('',(-2.143880397997E0,2.878720891124E-1,
-1.509078339006E0));
#3296=CARTESIAN_POINT('',(-2.176380397997E0,-3.351313377506E-1,
-1.499291419106E0));
#3297=CARTESIAN_POINT('',(-2.208880397997E0,-9.030087599770E-1,
-1.242884931259E0));
#3298=CARTESIAN_POINT('',(-2.241380397997E0,-1.322349595253E0,
-7.820353706067E-1));
#3299=CARTESIAN_POINT('',(-2.273880397997E0,-1.524176155653E0,
-1.925482263861E-1));
#3300=CARTESIAN_POINT('',(-2.306380397997E0,-1.475289839163E0,
4.286113197405E-1));
#3301=CARTESIAN_POINT('',(-2.338880397997E0,-1.183731992579E0,
9.792682690108E-1));
#3302=CARTESIAN_POINT('',(-2.371380397997E0,-6.974611843564E-1,
1.368844647600E0));
#3303=CARTESIAN_POINT('',(-2.403880397997E0,-9.646446377708E-2,
1.533258745344E0));
#3304=CARTESIAN_POINT('',(-2.436380397997E0,5.203997686653E-1,
1.445465964221E0));
#3305=CARTESIAN_POINT('',(-2.468880397997E0,1.051663053572E0,1.119907404520E0));
#3306=CARTESIAN_POINT('',(-2.501380397997E0,1.409937495488E0,
6.101344374512E-1));
#3307=CARTESIAN_POINT('',(-2.533880397997E0,1.536290263247E0,0.E0));
#3308=CARTESIAN_POINT('',(-2.566380397997E0,1.409937495488E0,
-6.101344374512E-1));
#3309=CARTESIAN_POINT('',(-2.598880397997E0,1.051663053572E0,
-1.119907404520E0));
#3310=CARTESIAN_POINT('',(-2.631380397997E0,5.203997686653E-1,
-1.445465964221E0));
#3311=CARTESIAN_POINT('',(-2.663880397997E0,-9.646446377710E-2,
-1.533258745344E0));
#3312=CARTESIAN_POINT('',(-2.696380397997E0,-6.974611843564E-1,
-1.368844647600E0));
#3313=CARTESIAN_POINT('',(-2.728880397997E0,-1.183731992579E0,
-9.792682690108E-1));
#3314=CARTESIAN_POINT('',(-2.761380397997E0,-1.475289839163E0,
-4.286113197405E-1));
#3315=CARTESIAN_POINT('',(-2.793880397997E0,-1.524176155653E0,
1.925482263861E-1));
#3316=CARTESIAN_POINT('',(-2.826380397997E0,-1.322349595253E0,
7.820353706067E-1));
#3317=CARTESIAN_POINT('',(-2.858880397997E0,-9.030087599770E-1,
1.242884931259E0));
#3318=CARTESIAN_POINT('',(-2.891380397997E0,-3.351313377506E-1,
1.499291419106E0));
#3319=CARTESIAN_POINT('',(-2.923880397997E0,2.878720891125E-1,
1.509078339006E0));
#3320=CARTESIAN_POINT('',(-2.956380397997E0,8.635232205271E-1,
1.270635833179E0));
#3321=CARTESIAN_POINT('',(-2.988880397997E0,1.297132770936E0,
8.231854879130E-1));
#3322=CARTESIAN_POINT('',(-3.021380397997E0,1.517375980779E0,
2.403287454775E-1));
#3323=CARTESIAN_POINT('',(-3.053880397997E0,1.488024879587E0,
-3.820598522193E-1));
#3324=CARTESIAN_POINT('',(-3.086380397997E0,1.213907451968E0,
-9.416031388025E-1));
#3325=CARTESIAN_POINT('',(-3.118880397997E0,7.401134788061E-1,
-1.346261420169E0));
#3326=CARTESIAN_POINT('',(-3.151380397997E0,1.445776854408E-1,
-1.529472152680E0));
#3327=CARTESIAN_POINT('',(-3.183880397997E0,-4.747397996324E-1,
-1.461098865775E0));
#3328=CARTESIAN_POINT('',(-3.216380397997E0,-1.015966979680E0,
-1.152388332652E0));
#3329=CARTESIAN_POINT('',(-3.248880397997E0,-1.390076990575E0,
-6.541205798307E-1));
#3330=CARTESIAN_POINT('',(-3.281380397997E0,-1.535532196932E0,
-4.825604367947E-2));
#3331=CARTESIAN_POINT('',(-3.313880397997E0,-1.428406561555E0,
5.655461672450E-1));
#3332=CARTESIAN_POINT('',(-3.346380397997E0,-1.086321265666E0,
1.086321258186E0));
#3333=CARTESIAN_POINT('',(-3.378880397997E0,-5.655461560479E-1,
1.428406580281E0));
#3334=CARTESIAN_POINT('',(-3.411380397997E0,4.825600637204E-2,
1.535532129510E0));
#3335=CARTESIAN_POINT('',(-3.443880397997E0,6.541207178635E-1,
1.390077241538E0));
#3336=CARTESIAN_POINT('',(-3.476380397997E0,1.152387817828E0,1.015966043251E0));
#3337=CARTESIAN_POINT('',(-3.508880397997E0,1.461100787037E0,
4.747432943861E-1));
#3338=CARTESIAN_POINT('',(-3.541380397997E0,1.529464982457E0,
-1.445907280266E-1));
#3339=CARTESIAN_POINT('',(-3.563047064664E0,1.407347114020E0,
-5.415734448200E-1));
#3340=CARTESIAN_POINT('',(-3.573880397997E0,1.309353495360E0,
-7.198231754389E-1));
#3341=CARTESIAN_POINT('',(-1.489161849401E0,1.321731677595E0,
7.266281387082E-1));
#3342=CARTESIAN_POINT('',(-1.499995182734E0,1.420651694568E0,
5.466932958131E-1));
#3343=CARTESIAN_POINT('',(-1.521661849401E0,1.543924023764E0,
1.459576395500E-1));
#3344=CARTESIAN_POINT('',(-1.554161849401E0,1.474913536512E0,
-4.792313558863E-1));
#3345=CARTESIAN_POINT('',(-1.586661849401E0,1.163282099979E0,
-1.025570640384E0));
#3346=CARTESIAN_POINT('',(-1.619161849401E0,6.603045524642E-1,
-1.403218558590E0));
#3347=CARTESIAN_POINT('',(-1.651661849401E0,4.871220222969E-2,
-1.550048527559E0));
#3348=CARTESIAN_POINT('',(-1.684161849401E0,-5.708926368925E-1,
-1.441910249854E0));
#3349=CARTESIAN_POINT('',(-1.716661849401E0,-1.096590977123E0,
-1.096590969571E0));
#3350=CARTESIAN_POINT('',(-1.749161849401E0,-1.441910230951E0,
-5.708926481954E-1));
#3351=CARTESIAN_POINT('',(-1.781661849401E0,-1.550048595619E0,
4.871223988983E-2));
#3352=CARTESIAN_POINT('',(-1.814161849401E0,-1.403218305255E0,
6.603044131265E-1));
#3353=CARTESIAN_POINT('',(-1.846661849401E0,-1.025571585666E0,
1.163282619670E0));
#3354=CARTESIAN_POINT('',(-1.879161849401E0,-4.792278280943E-1,
1.474911597087E0));
#3355=CARTESIAN_POINT('',(-1.911661849401E0,1.459444736640E-1,
1.543931261772E0));
#3356=CARTESIAN_POINT('',(-1.944161849401E0,7.471102596965E-1,
1.358988517361E0));
#3357=CARTESIAN_POINT('',(-1.976661849401E0,1.225383319799E0,
9.505047343504E-1));
#3358=CARTESIAN_POINT('',(-2.009161849401E0,1.502092160267E0,
3.856717160071E-1));
#3359=CARTESIAN_POINT('',(-2.041661849401E0,1.531720736779E0,
-2.426007316282E-1));
#3360=CARTESIAN_POINT('',(-2.074161849401E0,1.309395422602E0,
-8.309676032993E-1));
#3361=CARTESIAN_POINT('',(-2.106661849401E0,8.716866751064E-1,
-1.282647991815E0));
#3362=CARTESIAN_POINT('',(-2.139161849401E0,2.905935338498E-1,
-1.523344651925E0));
#3363=CARTESIAN_POINT('',(-2.171661849401E0,-3.382995553374E-1,
-1.513465209816E0));
#3364=CARTESIAN_POINT('',(-2.204161849401E0,-9.115454974052E-1,
-1.254634742315E0));
#3365=CARTESIAN_POINT('',(-2.236661849401E0,-1.334850638193E0,
-7.894284667917E-1));
#3366=CARTESIAN_POINT('',(-2.269161849401E0,-1.538585198192E0,
-1.943685117740E-1));
#3367=CARTESIAN_POINT('',(-2.301661849401E0,-1.489236727106E0,
4.326632652560E-1));
#3368=CARTESIAN_POINT('',(-2.334161849401E0,-1.194922591889E0,
9.885259378783E-1));
#3369=CARTESIAN_POINT('',(-2.366661849401E0,-7.040547449741E-1,
1.381785238937E0));
#3370=CARTESIAN_POINT('',(-2.399161849401E0,-9.737640598065E-2,
1.547753651594E0));
#3371=CARTESIAN_POINT('',(-2.431661849401E0,5.253194509316E-1,
1.459130907403E0));
#3372=CARTESIAN_POINT('',(-2.464161849401E0,1.061605118089E0,1.130494627900E0));
#3373=CARTESIAN_POINT('',(-2.496661849401E0,1.423266564621E0,
6.159024407301E-1));
#3374=CARTESIAN_POINT('',(-2.529161849401E0,1.550813828435E0,0.E0));
#3375=CARTESIAN_POINT('',(-2.561661849401E0,1.423266564621E0,
-6.159024407301E-1));
#3376=CARTESIAN_POINT('',(-2.594161849401E0,1.061605118089E0,
-1.130494627900E0));
#3377=CARTESIAN_POINT('',(-2.626661849401E0,5.253194509316E-1,
-1.459130907403E0));
#3378=CARTESIAN_POINT('',(-2.659161849401E0,-9.737640598067E-2,
-1.547753651594E0));
#3379=CARTESIAN_POINT('',(-2.691661849401E0,-7.040547449741E-1,
-1.381785238937E0));
#3380=CARTESIAN_POINT('',(-2.724161849401E0,-1.194922591889E0,
-9.885259378783E-1));
#3381=CARTESIAN_POINT('',(-2.756661849401E0,-1.489236727106E0,
-4.326632652559E-1));
#3382=CARTESIAN_POINT('',(-2.789161849401E0,-1.538585198192E0,
1.943685117740E-1));
#3383=CARTESIAN_POINT('',(-2.821661849401E0,-1.334850638193E0,
7.894284667917E-1));
#3384=CARTESIAN_POINT('',(-2.854161849401E0,-9.115454974052E-1,
1.254634742315E0));
#3385=CARTESIAN_POINT('',(-2.886661849401E0,-3.382995553373E-1,
1.513465209816E0));
#3386=CARTESIAN_POINT('',(-2.919161849401E0,2.905935338499E-1,
1.523344651925E0));
#3387=CARTESIAN_POINT('',(-2.951661849401E0,8.716866751064E-1,
1.282647991815E0));
#3388=CARTESIAN_POINT('',(-2.984161849401E0,1.309395422602E0,
8.309676032993E-1));
#3389=CARTESIAN_POINT('',(-3.016661849401E0,1.531720736779E0,
2.426007316282E-1));
#3390=CARTESIAN_POINT('',(-3.049161849401E0,1.502092160267E0,
-3.856717160071E-1));
#3391=CARTESIAN_POINT('',(-3.081661849401E0,1.225383319799E0,
-9.505047343504E-1));
#3392=CARTESIAN_POINT('',(-3.114161849401E0,7.471102596965E-1,
-1.358988517361E0));
#3393=CARTESIAN_POINT('',(-3.146661849401E0,1.459444736640E-1,
-1.543931261772E0));
#3394=CARTESIAN_POINT('',(-3.179161849401E0,-4.792278280943E-1,
-1.474911597087E0));
#3395=CARTESIAN_POINT('',(-3.211661849401E0,-1.025571585666E0,
-1.163282619670E0));
#3396=CARTESIAN_POINT('',(-3.244161849401E0,-1.403218305255E0,
-6.603044131265E-1));
#3397=CARTESIAN_POINT('',(-3.276661849401E0,-1.550048595619E0,
-4.871223988982E-2));
#3398=CARTESIAN_POINT('',(-3.309161849401E0,-1.441910230951E0,
5.708926481954E-1));
#3399=CARTESIAN_POINT('',(-3.341661849401E0,-1.096590977123E0,
1.096590969571E0));
#3400=CARTESIAN_POINT('',(-3.374161849401E0,-5.708926368925E-1,
1.441910249854E0));
#3401=CARTESIAN_POINT('',(-3.406661849401E0,4.871220222970E-2,
1.550048527559E0));
#3402=CARTESIAN_POINT('',(-3.439161849401E0,6.603045524642E-1,
1.403218558590E0));
#3403=CARTESIAN_POINT('',(-3.471661849401E0,1.163282099979E0,1.025570640384E0));
#3404=CARTESIAN_POINT('',(-3.504161849401E0,1.474913536512E0,
4.792313558862E-1));
#3405=CARTESIAN_POINT('',(-3.536661849401E0,1.543924023764E0,
-1.459576395500E-1));
#3406=CARTESIAN_POINT('',(-3.558328516067E0,1.420651694568E0,
-5.466932958131E-1));
#3407=CARTESIAN_POINT('',(-3.569161849401E0,1.321731677595E0,
-7.266281387082E-1));
#3408=CARTESIAN_POINT('',(-1.459989819238E0,1.338815318167E0,
7.360199495890E-1));
#3409=CARTESIAN_POINT('',(-1.470823152571E0,1.439013895716E0,
5.537594136395E-1));
#3410=CARTESIAN_POINT('',(-1.492489819238E0,1.563879543889E0,
1.478441706024E-1));
#3411=CARTESIAN_POINT('',(-1.524989819238E0,1.493977082585E0,
-4.854255149380E-1));
#3412=CARTESIAN_POINT('',(-1.557489819238E0,1.178317748755E0,
-1.038826341597E0));
#3413=CARTESIAN_POINT('',(-1.589989819238E0,6.688391180145E-1,
-1.421355433044E0));
#3414=CARTESIAN_POINT('',(-1.622489819238E0,4.934181697561E-2,
-1.570083208095E0));
#3415=CARTESIAN_POINT('',(-1.654989819238E0,-5.782715359378E-1,
-1.460547221989E0));
#3416=CARTESIAN_POINT('',(-1.687489819238E0,-1.110764630085E0,
-1.110764622436E0));
#3417=CARTESIAN_POINT('',(-1.719989819238E0,-1.460547202842E0,
-5.782715473867E-1));
#3418=CARTESIAN_POINT('',(-1.752489819238E0,-1.570083277034E0,
4.934185512252E-2));
#3419=CARTESIAN_POINT('',(-1.784989819238E0,-1.421355176435E0,
6.688389768759E-1));
#3420=CARTESIAN_POINT('',(-1.817489819238E0,-1.038827299096E0,
1.178318275163E0));
#3421=CARTESIAN_POINT('',(-1.849989819238E0,-4.854219415487E-1,
1.493975118093E0));
#3422=CARTESIAN_POINT('',(-1.882489819238E0,1.478308345448E-1,
1.563886875450E0));
#3423=CARTESIAN_POINT('',(-1.914989819238E0,7.567668059991E-1,
1.376553709878E0));
#3424=CARTESIAN_POINT('',(-1.947489819238E0,1.241221638993E0,
9.627901940385E-1));
#3425=CARTESIAN_POINT('',(-1.979989819238E0,1.521506995371E0,
3.906565984055E-1));
#3426=CARTESIAN_POINT('',(-2.012489819238E0,1.551518527032E0,
-2.457363935571E-1));
#3427=CARTESIAN_POINT('',(-2.044989819238E0,1.326319614664E0,
-8.417080221774E-1));
#3428=CARTESIAN_POINT('',(-2.077489819238E0,8.829533959556E-1,
-1.299226468100E0));
#3429=CARTESIAN_POINT('',(-2.109989819238E0,2.943495121388E-1,
-1.543034179643E0));
#3430=CARTESIAN_POINT('',(-2.142489819238E0,-3.426721432892E-1,
-1.533027043811E0));
#3431=CARTESIAN_POINT('',(-2.174989819238E0,-9.233274013322E-1,
-1.270851141869E0));
#3432=CARTESIAN_POINT('',(-2.207489819238E0,-1.352103843898E0,
-7.996319842019E-1));
#3433=CARTESIAN_POINT('',(-2.239989819238E0,-1.558471712952E0,
-1.968807628231E-1));
#3434=CARTESIAN_POINT('',(-2.272489819238E0,-1.508485403221E0,
4.382555226238E-1));
#3435=CARTESIAN_POINT('',(-2.304989819238E0,-1.210367200214E0,
1.001302829062E0));
#3436=CARTESIAN_POINT('',(-2.337489819238E0,-7.131547903237E-1,
1.399645083541E0));
#3437=CARTESIAN_POINT('',(-2.369989819238E0,-9.863501508276E-2,
1.567758670408E0));
#3438=CARTESIAN_POINT('',(-2.402489819238E0,5.321093076305E-1,
1.477990459906E0));
#3439=CARTESIAN_POINT('',(-2.434989819238E0,1.075326571978E0,1.145106492183E0));
#3440=CARTESIAN_POINT('',(-2.467489819238E0,1.441662563476E0,
6.238631002976E-1));
#3441=CARTESIAN_POINT('',(-2.499989819238E0,1.570858400634E0,0.E0));
#3442=CARTESIAN_POINT('',(-2.532489819238E0,1.441662563476E0,
-6.238631002976E-1));
#3443=CARTESIAN_POINT('',(-2.564989819238E0,1.075326571978E0,
-1.145106492183E0));
#3444=CARTESIAN_POINT('',(-2.597489819238E0,5.321093076305E-1,
-1.477990459906E0));
#3445=CARTESIAN_POINT('',(-2.629989819238E0,-9.863501508278E-2,
-1.567758670408E0));
#3446=CARTESIAN_POINT('',(-2.662489819238E0,-7.131547903237E-1,
-1.399645083541E0));
#3447=CARTESIAN_POINT('',(-2.694989819238E0,-1.210367200214E0,
-1.001302829062E0));
#3448=CARTESIAN_POINT('',(-2.727489819238E0,-1.508485403221E0,
-4.382555226238E-1));
#3449=CARTESIAN_POINT('',(-2.759989819238E0,-1.558471712952E0,
1.968807628231E-1));
#3450=CARTESIAN_POINT('',(-2.792489819238E0,-1.352103843898E0,
7.996319842019E-1));
#3451=CARTESIAN_POINT('',(-2.824989819238E0,-9.233274013322E-1,
1.270851141869E0));
#3452=CARTESIAN_POINT('',(-2.857489819238E0,-3.426721432892E-1,
1.533027043811E0));
#3453=CARTESIAN_POINT('',(-2.889989819238E0,2.943495121388E-1,
1.543034179642E0));
#3454=CARTESIAN_POINT('',(-2.922489819238E0,8.829533959556E-1,
1.299226468100E0));
#3455=CARTESIAN_POINT('',(-2.954989819238E0,1.326319614664E0,
8.417080221774E-1));
#3456=CARTESIAN_POINT('',(-2.987489819238E0,1.551518527032E0,
2.457363935571E-1));
#3457=CARTESIAN_POINT('',(-3.019989819238E0,1.521506995371E0,
-3.906565984055E-1));
#3458=CARTESIAN_POINT('',(-3.052489819238E0,1.241221638993E0,
-9.627901940385E-1));
#3459=CARTESIAN_POINT('',(-3.084989819238E0,7.567668059991E-1,
-1.376553709878E0));
#3460=CARTESIAN_POINT('',(-3.117489819238E0,1.478308345449E-1,
-1.563886875450E0));
#3461=CARTESIAN_POINT('',(-3.149989819238E0,-4.854219415487E-1,
-1.493975118093E0));
#3462=CARTESIAN_POINT('',(-3.182489819238E0,-1.038827299096E0,
-1.178318275163E0));
#3463=CARTESIAN_POINT('',(-3.214989819238E0,-1.421355176435E0,
-6.688389768759E-1));
#3464=CARTESIAN_POINT('',(-3.247489819238E0,-1.570083277034E0,
-4.934185512251E-2));
#3465=CARTESIAN_POINT('',(-3.279989819238E0,-1.460547202842E0,
5.782715473867E-1));
#3466=CARTESIAN_POINT('',(-3.312489819238E0,-1.110764630085E0,
1.110764622436E0));
#3467=CARTESIAN_POINT('',(-3.344989819238E0,-5.782715359377E-1,
1.460547221989E0));
#3468=CARTESIAN_POINT('',(-3.377489819238E0,4.934181697562E-2,
1.570083208095E0));
#3469=CARTESIAN_POINT('',(-3.409989819238E0,6.688391180145E-1,
1.421355433044E0));
#3470=CARTESIAN_POINT('',(-3.442489819238E0,1.178317748755E0,1.038826341597E0));
#3471=CARTESIAN_POINT('',(-3.474989819238E0,1.493977082585E0,
4.854255149380E-1));
#3472=CARTESIAN_POINT('',(-3.507489819238E0,1.563879543889E0,
-1.478441706024E-1));
#3473=CARTESIAN_POINT('',(-3.529156485905E0,1.439013895716E0,
-5.537594136395E-1));
#3474=CARTESIAN_POINT('',(-3.539989819238E0,1.338815318167E0,
-7.360199495890E-1));
#3475=CARTESIAN_POINT('',(-1.430817789075E0,1.321719749375E0,
7.266215811137E-1));
#3476=CARTESIAN_POINT('',(-1.441651122409E0,1.420638873625E0,
5.466883620750E-1));
#3477=CARTESIAN_POINT('',(-1.463317789075E0,1.543910090326E0,
1.459563223273E-1));
#3478=CARTESIAN_POINT('',(-1.495817789075E0,1.474900225872E0,
-4.792270309713E-1));
#3479=CARTESIAN_POINT('',(-1.528317789075E0,1.163271601718E0,
-1.025561384926E0));
#3480=CARTESIAN_POINT('',(-1.560817789075E0,6.602985934196E-1,
-1.403205894976E0));
#3481=CARTESIAN_POINT('',(-1.593317789075E0,4.871176261711E-2,
-1.550034538850E0));
#3482=CARTESIAN_POINT('',(-1.625817789075E0,-5.708874847628E-1,
-1.441897237059E0));
#3483=CARTESIAN_POINT('',(-1.658317789075E0,-1.096581080728E0,
-1.096581073177E0));
#3484=CARTESIAN_POINT('',(-1.690817789075E0,-1.441897218157E0,
-5.708874960656E-1));
#3485=CARTESIAN_POINT('',(-1.723317789075E0,-1.550034606909E0,
4.871180027692E-2));
#3486=CARTESIAN_POINT('',(-1.755817789075E0,-1.403205641643E0,
6.602984540832E-1));
#3487=CARTESIAN_POINT('',(-1.788317789075E0,-1.025562330199E0,
1.163272121404E0));
#3488=CARTESIAN_POINT('',(-1.820817789075E0,-4.792235032112E-1,
1.474898286465E0));
#3489=CARTESIAN_POINT('',(-1.853317789075E0,1.459431565602E-1,
1.543917328269E0));
#3490=CARTESIAN_POINT('',(-1.885817789075E0,7.471035172572E-1,
1.358976252910E0));
#3491=CARTESIAN_POINT('',(-1.918317789075E0,1.225372261093E0,
9.504961563388E-1));
#3492=CARTESIAN_POINT('',(-1.950817789075E0,1.502078604350E0,
3.856682354390E-1));
#3493=CARTESIAN_POINT('',(-1.983317789075E0,1.531706913472E0,
-2.425985422315E-1));
#3494=CARTESIAN_POINT('',(-2.015817789075E0,1.309383605713E0,
-8.309601040734E-1));
#3495=CARTESIAN_POINT('',(-2.048317789075E0,8.716788084034E-1,
-1.282636416313E0));
#3496=CARTESIAN_POINT('',(-2.080817789075E0,2.905909113330E-1,
-1.523330904210E0));
#3497=CARTESIAN_POINT('',(-2.113317789075E0,-3.382965022884E-1,
-1.513451551260E0));
#3498=CARTESIAN_POINT('',(-2.145817789075E0,-9.115372709887E-1,
-1.254623419624E0));
#3499=CARTESIAN_POINT('',(-2.178317789075E0,-1.334838591578E0,
-7.894213424436E-1));
#3500=CARTESIAN_POINT('',(-2.210817789075E0,-1.538571312936E0,
-1.943667576582E-1));
#3501=CARTESIAN_POINT('',(-2.243317789075E0,-1.489223287205E0,
4.326593606037E-1));
#3502=CARTESIAN_POINT('',(-2.275817789075E0,-1.194911808082E0,
9.885170167371E-1));
#3503=CARTESIAN_POINT('',(-2.308317789075E0,-7.040483910975E-1,
1.381772768752E0));
#3504=CARTESIAN_POINT('',(-2.340817789075E0,-9.737552718867E-2,
1.547739683596E0));
#3505=CARTESIAN_POINT('',(-2.373317789075E0,5.253147100859E-1,
1.459117739197E0));
#3506=CARTESIAN_POINT('',(-2.405817789075E0,1.061595537431E0,1.130484425535E0));
#3507=CARTESIAN_POINT('',(-2.438317789075E0,1.423253720080E0,
6.158968824008E-1));
#3508=CARTESIAN_POINT('',(-2.470817789075E0,1.550799832819E0,0.E0));
#3509=CARTESIAN_POINT('',(-2.503317789075E0,1.423253720080E0,
-6.158968824009E-1));
#3510=CARTESIAN_POINT('',(-2.535817789075E0,1.061595537431E0,
-1.130484425535E0));
#3511=CARTESIAN_POINT('',(-2.568317789075E0,5.253147100859E-1,
-1.459117739197E0));
#3512=CARTESIAN_POINT('',(-2.600817789075E0,-9.737552718869E-2,
-1.547739683596E0));
#3513=CARTESIAN_POINT('',(-2.633317789075E0,-7.040483910975E-1,
-1.381772768752E0));
#3514=CARTESIAN_POINT('',(-2.665817789075E0,-1.194911808082E0,
-9.885170167371E-1));
#3515=CARTESIAN_POINT('',(-2.698317789075E0,-1.489223287205E0,
-4.326593606036E-1));
#3516=CARTESIAN_POINT('',(-2.730817789075E0,-1.538571312936E0,
1.943667576582E-1));
#3517=CARTESIAN_POINT('',(-2.763317789075E0,-1.334838591578E0,
7.894213424436E-1));
#3518=CARTESIAN_POINT('',(-2.795817789075E0,-9.115372709887E-1,
1.254623419624E0));
#3519=CARTESIAN_POINT('',(-2.828317789075E0,-3.382965022884E-1,
1.513451551260E0));
#3520=CARTESIAN_POINT('',(-2.860817789075E0,2.905909113330E-1,
1.523330904210E0));
#3521=CARTESIAN_POINT('',(-2.893317789075E0,8.716788084035E-1,
1.282636416313E0));
#3522=CARTESIAN_POINT('',(-2.925817789075E0,1.309383605713E0,
8.309601040734E-1));
#3523=CARTESIAN_POINT('',(-2.958317789075E0,1.531706913472E0,
2.425985422315E-1));
#3524=CARTESIAN_POINT('',(-2.990817789075E0,1.502078604350E0,
-3.856682354390E-1));
#3525=CARTESIAN_POINT('',(-3.023317789075E0,1.225372261093E0,
-9.504961563388E-1));
#3526=CARTESIAN_POINT('',(-3.055817789075E0,7.471035172572E-1,
-1.358976252910E0));
#3527=CARTESIAN_POINT('',(-3.088317789075E0,1.459431565602E-1,
-1.543917328269E0));
#3528=CARTESIAN_POINT('',(-3.120817789075E0,-4.792235032112E-1,
-1.474898286465E0));
#3529=CARTESIAN_POINT('',(-3.153317789075E0,-1.025562330199E0,
-1.163272121404E0));
#3530=CARTESIAN_POINT('',(-3.185817789075E0,-1.403205641643E0,
-6.602984540832E-1));
#3531=CARTESIAN_POINT('',(-3.218317789075E0,-1.550034606909E0,
-4.871180027691E-2));
#3532=CARTESIAN_POINT('',(-3.250817789075E0,-1.441897218157E0,
5.708874960656E-1));
#3533=CARTESIAN_POINT('',(-3.283317789075E0,-1.096581080728E0,
1.096581073177E0));
#3534=CARTESIAN_POINT('',(-3.315817789075E0,-5.708874847628E-1,
1.441897237059E0));
#3535=CARTESIAN_POINT('',(-3.348317789075E0,4.871176261712E-2,
1.550034538850E0));
#3536=CARTESIAN_POINT('',(-3.380817789075E0,6.602985934196E-1,
1.403205894976E0));
#3537=CARTESIAN_POINT('',(-3.413317789075E0,1.163271601718E0,1.025561384926E0));
#3538=CARTESIAN_POINT('',(-3.445817789075E0,1.474900225872E0,
4.792270309713E-1));
#3539=CARTESIAN_POINT('',(-3.478317789075E0,1.543910090326E0,
-1.459563223274E-1));
#3540=CARTESIAN_POINT('',(-3.499984455742E0,1.420638873625E0,
-5.466883620750E-1));
#3541=CARTESIAN_POINT('',(-3.510817789075E0,1.321719749375E0,
-7.266215811137E-1));
#3542=CARTESIAN_POINT('',(-1.426109732609E0,1.309327561488E0,
7.198089181722E-1));
#3543=CARTESIAN_POINT('',(-1.436943065942E0,1.407319239225E0,
5.415627180786E-1));
#3544=CARTESIAN_POINT('',(-1.458609732609E0,1.529434688920E0,
1.445878641724E-1));
#3545=CARTESIAN_POINT('',(-1.491109732609E0,1.461071847563E0,
-4.747338913243E-1));
#3546=CARTESIAN_POINT('',(-1.523609732609E0,1.152364992916E0,
-1.015945920394E0));
#3547=CARTESIAN_POINT('',(-1.556109732609E0,6.541077619405E-1,
-1.390049708801E0));
#3548=CARTESIAN_POINT('',(-1.588609732609E0,4.825505058347E-2,
-1.535501715802E0));
#3549=CARTESIAN_POINT('',(-1.621109732609E0,-5.655349544880E-1,
-1.428378288369E0));
#3550=CARTESIAN_POINT('',(-1.653609732609E0,-1.086299749310E0,
-1.086299741829E0));
#3551=CARTESIAN_POINT('',(-1.686109732609E0,-1.428378269644E0,
-5.655349656848E-1));
#3552=CARTESIAN_POINT('',(-1.718609732609E0,-1.535501783223E0,
4.825508789019E-2));
#3553=CARTESIAN_POINT('',(-1.751109732609E0,-1.390049457843E0,
6.541076239105E-1));
#3554=CARTESIAN_POINT('',(-1.783609732609E0,-1.015946856804E0,
1.152365507730E0));
#3555=CARTESIAN_POINT('',(-1.816109732609E0,-4.747303966398E-1,
1.461069926340E0));
#3556=CARTESIAN_POINT('',(-1.848609732609E0,1.445748218450E-1,
1.529441859001E0));
#3557=CARTESIAN_POINT('',(-1.881109732609E0,7.400988196569E-1,
1.346234755276E0));
#3558=CARTESIAN_POINT('',(-1.913609732609E0,1.213883408560E0,
9.415844888234E-1));
#3559=CARTESIAN_POINT('',(-1.946109732609E0,1.487995406838E0,
3.820522849035E-1));
#3560=CARTESIAN_POINT('',(-1.978609732609E0,1.517345926684E0,
-2.403239853765E-1));
#3561=CARTESIAN_POINT('',(-2.011109732609E0,1.297107079115E0,
-8.231691833878E-1));
#3562=CARTESIAN_POINT('',(-2.043609732609E0,8.635061170476E-1,
-1.270610666173E0));
#3563=CARTESIAN_POINT('',(-2.076109732609E0,2.878663873383E-1,
-1.509048449259E0));
#3564=CARTESIAN_POINT('',(-2.108609732609E0,-3.351246999303E-1,
-1.499261723205E0));
#3565=CARTESIAN_POINT('',(-2.141109732609E0,-9.029908744223E-1,
-1.242860313905E0));
#3566=CARTESIAN_POINT('',(-2.173609732609E0,-1.322323403973E0,
-7.820198811263E-1));
#3567=CARTESIAN_POINT('',(-2.206109732609E0,-1.524145966870E0,
-1.925444126558E-1));
#3568=CARTESIAN_POINT('',(-2.238609732609E0,-1.475260618652E0,
4.286028303974E-1));
#3569=CARTESIAN_POINT('',(-2.271109732609E0,-1.183708546845E0,
9.792488730127E-1));
#3570=CARTESIAN_POINT('',(-2.303609732609E0,-6.974473700052E-1,
1.368817535409E0));
#3571=CARTESIAN_POINT('',(-2.336109732609E0,-9.646255314174E-2,
1.533228376665E0));
#3572=CARTESIAN_POINT('',(-2.368609732609E0,5.203894613029E-1,
1.445437334420E0));
#3573=CARTESIAN_POINT('',(-2.401109732609E0,1.051642223678E0,1.119885222935E0));
#3574=CARTESIAN_POINT('',(-2.433609732609E0,1.409909569387E0,
6.101223527480E-1));
#3575=CARTESIAN_POINT('',(-2.466109732609E0,1.536259834524E0,0.E0));
#3576=CARTESIAN_POINT('',(-2.498609732609E0,1.409909569387E0,
-6.101223527480E-1));
#3577=CARTESIAN_POINT('',(-2.531109732609E0,1.051642223678E0,
-1.119885222935E0));
#3578=CARTESIAN_POINT('',(-2.563609732609E0,5.203894613029E-1,
-1.445437334420E0));
#3579=CARTESIAN_POINT('',(-2.596109732609E0,-9.646255314177E-2,
-1.533228376665E0));
#3580=CARTESIAN_POINT('',(-2.628609732609E0,-6.974473700052E-1,
-1.368817535409E0));
#3581=CARTESIAN_POINT('',(-2.661109732609E0,-1.183708546845E0,
-9.792488730127E-1));
#3582=CARTESIAN_POINT('',(-2.693609732609E0,-1.475260618652E0,
-4.286028303974E-1));
#3583=CARTESIAN_POINT('',(-2.726109732609E0,-1.524145966870E0,
1.925444126558E-1));
#3584=CARTESIAN_POINT('',(-2.758609732609E0,-1.322323403973E0,
7.820198811263E-1));
#3585=CARTESIAN_POINT('',(-2.791109732609E0,-9.029908744223E-1,
1.242860313905E0));
#3586=CARTESIAN_POINT('',(-2.823609732609E0,-3.351246999303E-1,
1.499261723205E0));
#3587=CARTESIAN_POINT('',(-2.856109732609E0,2.878663873383E-1,
1.509048449259E0));
#3588=CARTESIAN_POINT('',(-2.888609732609E0,8.635061170476E-1,
1.270610666173E0));
#3589=CARTESIAN_POINT('',(-2.921109732609E0,1.297107079115E0,
8.231691833878E-1));
#3590=CARTESIAN_POINT('',(-2.953609732609E0,1.517345926684E0,
2.403239853765E-1));
#3591=CARTESIAN_POINT('',(-2.986109732609E0,1.487995406838E0,
-3.820522849036E-1));
#3592=CARTESIAN_POINT('',(-3.018609732609E0,1.213883408560E0,
-9.415844888234E-1));
#3593=CARTESIAN_POINT('',(-3.051109732609E0,7.400988196569E-1,
-1.346234755276E0));
#3594=CARTESIAN_POINT('',(-3.083609732609E0,1.445748218450E-1,
-1.529441859001E0));
#3595=CARTESIAN_POINT('',(-3.116109732609E0,-4.747303966398E-1,
-1.461069926340E0));
#3596=CARTESIAN_POINT('',(-3.148609732609E0,-1.015946856804E0,
-1.152365507730E0));
#3597=CARTESIAN_POINT('',(-3.181109732609E0,-1.390049457843E0,
-6.541076239105E-1));
#3598=CARTESIAN_POINT('',(-3.213609732609E0,-1.535501783223E0,
-4.825508789017E-2));
#3599=CARTESIAN_POINT('',(-3.246109732609E0,-1.428378269644E0,
5.655349656848E-1));
#3600=CARTESIAN_POINT('',(-3.278609732609E0,-1.086299749310E0,
1.086299741829E0));
#3601=CARTESIAN_POINT('',(-3.311109732609E0,-5.655349544880E-1,
1.428378288369E0));
#3602=CARTESIAN_POINT('',(-3.343609732609E0,4.825505058348E-2,
1.535501715802E0));
#3603=CARTESIAN_POINT('',(-3.376109732609E0,6.541077619405E-1,
1.390049708801E0));
#3604=CARTESIAN_POINT('',(-3.408609732609E0,1.152364992916E0,1.015945920394E0));
#3605=CARTESIAN_POINT('',(-3.441109732609E0,1.461071847563E0,
4.747338913243E-1));
#3606=CARTESIAN_POINT('',(-3.473609732609E0,1.529434688920E0,
-1.445878641725E-1));
#3607=CARTESIAN_POINT('',(-3.495276399275E0,1.407319239225E0,
-5.415627180786E-1));
#3608=CARTESIAN_POINT('',(-3.506109732609E0,1.309327561488E0,
-7.198089181722E-1));
#3609=B_SPLINE_SURFACE_WITH_KNOTS('',3,3,((#3274,#3275,#3276,#3277,#3278,#3279,
#3280,#3281,#3282,#3283,#3284,#3285,#3286,#3287,#3288,#3289,#3290,#3291,#3292,
#3293,#3294,#3295,#3296,#3297,#3298,#3299,#3300,#3301,#3302,#3303,#3304,#3305,
#3306,#3307,#3308,#3309,#3310,#3311,#3312,#3313,#3314,#3315,#3316,#3317,#3318,
#3319,#3320,#3321,#3322,#3323,#3324,#3325,#3326,#3327,#3328,#3329,#3330,#3331,
#3332,#3333,#3334,#3335,#3336,#3337,#3338,#3339,#3340),(#3341,#3342,#3343,#3344,
#3345,#3346,#3347,#3348,#3349,#3350,#3351,#3352,#3353,#3354,#3355,#3356,#3357,
#3358,#3359,#3360,#3361,#3362,#3363,#3364,#3365,#3366,#3367,#3368,#3369,#3370,
#3371,#3372,#3373,#3374,#3375,#3376,#3377,#3378,#3379,#3380,#3381,#3382,#3383,
#3384,#3385,#3386,#3387,#3388,#3389,#3390,#3391,#3392,#3393,#3394,#3395,#3396,
#3397,#3398,#3399,#3400,#3401,#3402,#3403,#3404,#3405,#3406,#3407),(#3408,#3409,
#3410,#3411,#3412,#3413,#3414,#3415,#3416,#3417,#3418,#3419,#3420,#3421,#3422,
#3423,#3424,#3425,#3426,#3427,#3428,#3429,#3430,#3431,#3432,#3433,#3434,#3435,
#3436,#3437,#3438,#3439,#3440,#3441,#3442,#3443,#3444,#3445,#3446,#3447,#3448,
#3449,#3450,#3451,#3452,#3453,#3454,#3455,#3456,#3457,#3458,#3459,#3460,#3461,
#3462,#3463,#3464,#3465,#3466,#3467,#3468,#3469,#3470,#3471,#3472,#3473,#3474),(
#3475,#3476,#3477,#3478,#3479,#3480,#3481,#3482,#3483,#3484,#3485,#3486,#3487,
#3488,#3489,#3490,#3491,#3492,#3493,#3494,#3495,#3496,#3497,#3498,#3499,#3500,
#3501,#3502,#3503,#3504,#3505,#3506,#3507,#3508,#3509,#3510,#3511,#3512,#3513,
#3514,#3515,#3516,#3517,#3518,#3519,#3520,#3521,#3522,#3523,#3524,#3525,#3526,
#3527,#3528,#3529,#3530,#3531,#3532,#3533,#3534,#3535,#3536,#3537,#3538,#3539,
#3540,#3541),(#3542,#3543,#3544,#3545,#3546,#3547,#3548,#3549,#3550,#3551,#3552,
#3553,#3554,#3555,#3556,#3557,#3558,#3559,#3560,#3561,#3562,#3563,#3564,#3565,
#3566,#3567,#3568,#3569,#3570,#3571,#3572,#3573,#3574,#3575,#3576,#3577,#3578,
#3579,#3580,#3581,#3582,#3583,#3584,#3585,#3586,#3587,#3588,#3589,#3590,#3591,
#3592,#3593,#3594,#3595,#3596,#3597,#3598,#3599,#3600,#3601,#3602,#3603,#3604,
#3605,#3606,#3607,#3608)),.UNSPECIFIED.,.F.,.F.,.F.,(4,1,4),(4,1,1,1,1,1,1,1,1,
1,1,1,1,1,1,1,1,1,1,1,1,1,1,1,1,1,1,1,1,1,1,1,1,1,1,1,1,1,1,1,1,1,1,1,1,1,1,1,1,
1,1,1,1,1,1,1,1,1,1,1,1,1,1,1,4),(-8.435695390957E-2,5.E-1,1.084764966378E0),(
-2.E-2,-3.75E-3,1.25E-2,2.875E-2,4.5E-2,6.125E-2,7.75E-2,9.375E-2,1.1E-1,
1.2625E-1,1.425E-1,1.5875E-1,1.75E-1,1.9125E-1,2.075E-1,2.2375E-1,2.4E-1,
2.5625E-1,2.725E-1,2.8875E-1,3.05E-1,3.2125E-1,3.375E-1,3.5375E-1,3.7E-1,
3.8625E-1,4.025E-1,4.1875E-1,4.35E-1,4.5125E-1,4.675E-1,4.8375E-1,5.E-1,
5.1625E-1,5.325E-1,5.4875E-1,5.65E-1,5.8125E-1,5.975E-1,6.1375E-1,6.3E-1,
6.4625E-1,6.625E-1,6.7875E-1,6.95E-1,7.1125E-1,7.275E-1,7.4375E-1,7.6E-1,
7.7625E-1,7.925E-1,8.0875E-1,8.25E-1,8.4125E-1,8.575E-1,8.7375E-1,8.9E-1,
9.0625E-1,9.225E-1,9.3875E-1,9.55E-1,9.7125E-1,9.875E-1,1.00375E0,1.02E0),
.UNSPECIFIED.);
#3610=ORIENTED_EDGE('',*,*,#3269,.T.);
#3612=ORIENTED_EDGE('',*,*,#3611,.T.);
#3614=ORIENTED_EDGE('',*,*,#3613,.F.);
#3616=ORIENTED_EDGE('',*,*,#3615,.F.);
#3617=EDGE_LOOP('',(#3610,#3612,#3614,#3616));
#3618=FACE_OUTER_BOUND('',#3617,.F.);
#3620=CARTESIAN_POINT('',(-1.435140617931E0,1.324159749124E0,
7.279629823275E-1));
#3621=CARTESIAN_POINT('',(-1.445973951265E0,1.423261485943E0,
5.476975922596E-1));
#3622=CARTESIAN_POINT('',(-1.467640617931E0,1.546760271112E0,
1.462257693037E-1));
#3623=CARTESIAN_POINT('',(-1.500140617931E0,1.477623008961E0,
-4.801117221747E-1));
#3624=CARTESIAN_POINT('',(-1.532640617931E0,1.165419093588E0,
-1.027454652787E0));
#3625=CARTESIAN_POINT('',(-1.565140617931E0,6.615175571246E-1,
-1.405796324630E0));
#3626=CARTESIAN_POINT('',(-1.597640617931E0,4.880168840407E-2,
-1.552896025855E0));
#3627=CARTESIAN_POINT('',(-1.630140617931E0,-5.719413884520E-1,
-1.444559094007E0));
#3628=CARTESIAN_POINT('',(-1.662640617931E0,-1.098605456594E0,
-1.098605449029E0));
#3629=CARTESIAN_POINT('',(-1.695140617931E0,-1.444559075069E0,
-5.719413997756E-1));
#3630=CARTESIAN_POINT('',(-1.727640617931E0,-1.552896094040E0,
4.880172613340E-2));
#3631=CARTESIAN_POINT('',(-1.760140617931E0,-1.405796070829E0,
6.615174175310E-1));
#3632=CARTESIAN_POINT('',(-1.792640617931E0,-1.027455599805E0,
1.165419614234E0));
#3633=CARTESIAN_POINT('',(-1.825140617931E0,-4.801081879021E-1,
1.477621065974E0));
#3634=CARTESIAN_POINT('',(-1.857640617931E0,1.462125792315E-1,
1.546767522417E0));
#3635=CARTESIAN_POINT('',(-1.890140617931E0,7.484827297536E-1,
1.361485031127E0));
#3636=CARTESIAN_POINT('',(-1.922640617931E0,1.227634395719E0,
9.522508478191E-1));
#3637=CARTESIAN_POINT('',(-1.955140617931E0,1.504851560886E0,
3.863802096668E-1));
#3638=CARTESIAN_POINT('',(-1.987640617931E0,1.534534566223E0,
-2.430463984299E-1));
#3639=CARTESIAN_POINT('',(-2.020140617931E0,1.311800831961E0,
-8.324941224967E-1));
#3640=CARTESIAN_POINT('',(-2.052640617931E0,8.732879967925E-1,
-1.285004265122E0));
#3641=CARTESIAN_POINT('',(-2.085140617931E0,2.911273652607E-1,
-1.526143094182E0));
#3642=CARTESIAN_POINT('',(-2.117640617931E0,-3.389210245302E-1,
-1.516245503161E0));
#3643=CARTESIAN_POINT('',(-2.150140617931E0,-9.132200412689E-1,
-1.256939554214E0));
#3644=CARTESIAN_POINT('',(-2.182640617931E0,-1.337302809754E0,
-7.908786770101E-1));
#3645=CARTESIAN_POINT('',(-2.215140617931E0,-1.541411637914E0,
-1.947255741473E-1));
#3646=CARTESIAN_POINT('',(-2.247640617931E0,-1.491972511804E0,
4.334580841849E-1));
#3647=CARTESIAN_POINT('',(-2.280140617931E0,-1.197117710289E0,
9.903418977488E-1));
#3648=CARTESIAN_POINT('',(-2.312640617931E0,-7.053481204077E-1,
1.384323631150E0));
#3649=CARTESIAN_POINT('',(-2.345140617931E0,-9.755529015437E-2,
1.550596934115E0));
#3650=CARTESIAN_POINT('',(-2.377640617931E0,5.262844828094E-1,
1.461811386561E0));
#3651=CARTESIAN_POINT('',(-2.410140617931E0,1.063555327202E0,1.132571389672E0));
#3652=CARTESIAN_POINT('',(-2.442640617931E0,1.425881159612E0,
6.170338770169E-1));
#3653=CARTESIAN_POINT('',(-2.475140617931E0,1.553662732617E0,0.E0));
#3654=CARTESIAN_POINT('',(-2.507640617931E0,1.425881159612E0,
-6.170338770169E-1));
#3655=CARTESIAN_POINT('',(-2.540140617931E0,1.063555327202E0,
-1.132571389672E0));
#3656=CARTESIAN_POINT('',(-2.572640617931E0,5.262844828094E-1,
-1.461811386561E0));
#3657=CARTESIAN_POINT('',(-2.605140617931E0,-9.755529015438E-2,
-1.550596934115E0));
#3658=CARTESIAN_POINT('',(-2.637640617931E0,-7.053481204077E-1,
-1.384323631150E0));
#3659=CARTESIAN_POINT('',(-2.670140617931E0,-1.197117710289E0,
-9.903418977488E-1));
#3660=CARTESIAN_POINT('',(-2.702640617931E0,-1.491972511804E0,
-4.334580841849E-1));
#3661=CARTESIAN_POINT('',(-2.735140617931E0,-1.541411637914E0,
1.947255741473E-1));
#3662=CARTESIAN_POINT('',(-2.767640617931E0,-1.337302809754E0,
7.908786770101E-1));
#3663=CARTESIAN_POINT('',(-2.800140617931E0,-9.132200412689E-1,
1.256939554214E0));
#3664=CARTESIAN_POINT('',(-2.832640617931E0,-3.389210245302E-1,
1.516245503161E0));
#3665=CARTESIAN_POINT('',(-2.865140617931E0,2.911273652607E-1,
1.526143094182E0));
#3666=CARTESIAN_POINT('',(-2.897640617931E0,8.732879967926E-1,
1.285004265122E0));
#3667=CARTESIAN_POINT('',(-2.930140617931E0,1.311800831961E0,
8.324941224967E-1));
#3668=CARTESIAN_POINT('',(-2.962640617931E0,1.534534566223E0,
2.430463984299E-1));
#3669=CARTESIAN_POINT('',(-2.995140617931E0,1.504851560886E0,
-3.863802096668E-1));
#3670=CARTESIAN_POINT('',(-3.027640617931E0,1.227634395719E0,
-9.522508478191E-1));
#3671=CARTESIAN_POINT('',(-3.060140617931E0,7.484827297536E-1,
-1.361485031127E0));
#3672=CARTESIAN_POINT('',(-3.092640617931E0,1.462125792315E-1,
-1.546767522417E0));
#3673=CARTESIAN_POINT('',(-3.125140617931E0,-4.801081879021E-1,
-1.477621065974E0));
#3674=CARTESIAN_POINT('',(-3.157640617931E0,-1.027455599805E0,
-1.165419614234E0));
#3675=CARTESIAN_POINT('',(-3.190140617931E0,-1.405796070829E0,
-6.615174175310E-1));
#3676=CARTESIAN_POINT('',(-3.222640617931E0,-1.552896094040E0,
-4.880172613338E-2));
#3677=CARTESIAN_POINT('',(-3.255140617931E0,-1.444559075069E0,
5.719413997757E-1));
#3678=CARTESIAN_POINT('',(-3.287640617931E0,-1.098605456594E0,
1.098605449029E0));
#3679=CARTESIAN_POINT('',(-3.320140617931E0,-5.719413884520E-1,
1.444559094007E0));
#3680=CARTESIAN_POINT('',(-3.352640617931E0,4.880168840408E-2,
1.552896025855E0));
#3681=CARTESIAN_POINT('',(-3.385140617931E0,6.615175571246E-1,
1.405796324630E0));
#3682=CARTESIAN_POINT('',(-3.417640617931E0,1.165419093588E0,1.027454652787E0));
#3683=CARTESIAN_POINT('',(-3.450140617931E0,1.477623008961E0,
4.801117221747E-1));
#3684=CARTESIAN_POINT('',(-3.482640617931E0,1.546760271112E0,
-1.462257693036E-1));
#3685=CARTESIAN_POINT('',(-3.504307284598E0,1.423261485943E0,
-5.476975922596E-1));
#3686=CARTESIAN_POINT('',(-3.515140617931E0,1.324159749124E0,
-7.279629823275E-1));
#3687=CARTESIAN_POINT('',(-1.378796872644E0,1.238640779083E0,
6.809485306964E-1));
#3688=CARTESIAN_POINT('',(-1.389630205977E0,1.331342171481E0,
5.123253239096E-1));
#3689=CARTESIAN_POINT('',(-1.411296872644E0,1.446864963636E0,
1.367819864122E-1));
#3690=CARTESIAN_POINT('',(-1.443796872644E0,1.382192833018E0,
-4.491043909125E-1));
#3691=CARTESIAN_POINT('',(-1.476296872644E0,1.090152162528E0,
-9.610979584914E-1));
#3692=CARTESIAN_POINT('',(-1.508796872644E0,6.187943885741E-1,
-1.315004972718E0));
#3693=CARTESIAN_POINT('',(-1.541296872644E0,4.564990091668E-2,
-1.452604449404E0));
#3694=CARTESIAN_POINT('',(-1.573796872644E0,-5.350033690802E-1,
-1.351264303884E0));
#3695=CARTESIAN_POINT('',(-1.606296872644E0,-1.027653589048E0,
-1.027653581971E0));
#3696=CARTESIAN_POINT('',(-1.638796872644E0,-1.351264286170E0,
-5.350033796725E-1));
#3697=CARTESIAN_POINT('',(-1.671296872644E0,-1.452604513185E0,
4.564993620931E-2));
#3698=CARTESIAN_POINT('',(-1.703796872644E0,-1.315004735308E0,
6.187942579959E-1));
#3699=CARTESIAN_POINT('',(-1.736296872644E0,-9.610988443479E-1,
1.090152649548E0));
#3700=CARTESIAN_POINT('',(-1.768796872644E0,-4.491010848958E-1,
1.382191015516E0));
#3701=CARTESIAN_POINT('',(-1.801296872644E0,1.367696482020E-1,
1.446871746625E0));
#3702=CARTESIAN_POINT('',(-1.833796872644E0,7.001430394823E-1,
1.273555460948E0));
#3703=CARTESIAN_POINT('',(-1.866296872644E0,1.148349378047E0,
8.907510840780E-1));
#3704=CARTESIAN_POINT('',(-1.898796872644E0,1.407662867726E0,
3.614263945422E-1));
#3705=CARTESIAN_POINT('',(-1.931296872644E0,1.435428838472E0,
-2.273495932070E-1));
#3706=CARTESIAN_POINT('',(-1.963796872644E0,1.227080044969E0,
-7.787286761685E-1));
#3707=CARTESIAN_POINT('',(-1.996296872644E0,8.168879362374E-1,
-1.202014096206E0));
#3708=CARTESIAN_POINT('',(-2.028796872644E0,2.723253193259E-1,
-1.427579317692E0));
#3709=CARTESIAN_POINT('',(-2.061296872644E0,-3.170322932329E-1,
-1.418320948479E0));
#3710=CARTESIAN_POINT('',(-2.093796872644E0,-8.542410265374E-1,
-1.175761904651E0));
#3711=CARTESIAN_POINT('',(-2.126296872644E0,-1.250935013874E0,
-7.398009049132E-1));
#3712=CARTESIAN_POINT('',(-2.158796872644E0,-1.441861764289E0,
-1.821495004879E-1));
#3713=CARTESIAN_POINT('',(-2.191296872644E0,-1.395615593672E0,
4.054638116357E-1));
#3714=CARTESIAN_POINT('',(-2.223796872644E0,-1.119803569250E0,
9.263820778401E-1));
#3715=CARTESIAN_POINT('',(-2.256296872644E0,-6.597942174002E-1,
1.294919062541E0));
#3716=CARTESIAN_POINT('',(-2.288796872644E0,-9.125482078757E-2,
1.450453841227E0));
#3717=CARTESIAN_POINT('',(-2.321296872644E0,4.922951496127E-1,
1.367402381713E0));
#3718=CARTESIAN_POINT('',(-2.353796872644E0,9.948671223053E-1,
1.059425880750E0));
#3719=CARTESIAN_POINT('',(-2.386296872644E0,1.333792657260E0,
5.771836235425E-1));
#3720=CARTESIAN_POINT('',(-2.418796872644E0,1.453321639503E0,0.E0));
#3721=CARTESIAN_POINT('',(-2.451296872644E0,1.333792657260E0,
-5.771836235425E-1));
#3722=CARTESIAN_POINT('',(-2.483796872644E0,9.948671223053E-1,
-1.059425880750E0));
#3723=CARTESIAN_POINT('',(-2.516296872644E0,4.922951496127E-1,
-1.367402381713E0));
#3724=CARTESIAN_POINT('',(-2.548796872644E0,-9.125482078759E-2,
-1.450453841227E0));
#3725=CARTESIAN_POINT('',(-2.581296872644E0,-6.597942174003E-1,
-1.294919062541E0));
#3726=CARTESIAN_POINT('',(-2.613796872644E0,-1.119803569250E0,
-9.263820778401E-1));
#3727=CARTESIAN_POINT('',(-2.646296872644E0,-1.395615593672E0,
-4.054638116357E-1));
#3728=CARTESIAN_POINT('',(-2.678796872644E0,-1.441861764289E0,
1.821495004879E-1));
#3729=CARTESIAN_POINT('',(-2.711296872644E0,-1.250935013874E0,
7.398009049132E-1));
#3730=CARTESIAN_POINT('',(-2.743796872644E0,-8.542410265374E-1,
1.175761904651E0));
#3731=CARTESIAN_POINT('',(-2.776296872644E0,-3.170322932329E-1,
1.418320948479E0));
#3732=CARTESIAN_POINT('',(-2.808796872644E0,2.723253193260E-1,
1.427579317692E0));
#3733=CARTESIAN_POINT('',(-2.841296872644E0,8.168879362374E-1,
1.202014096206E0));
#3734=CARTESIAN_POINT('',(-2.873796872644E0,1.227080044969E0,
7.787286761685E-1));
#3735=CARTESIAN_POINT('',(-2.906296872644E0,1.435428838472E0,
2.273495932070E-1));
#3736=CARTESIAN_POINT('',(-2.938796872644E0,1.407662867726E0,
-3.614263945422E-1));
#3737=CARTESIAN_POINT('',(-2.971296872644E0,1.148349378047E0,
-8.907510840780E-1));
#3738=CARTESIAN_POINT('',(-3.003796872644E0,7.001430394823E-1,
-1.273555460948E0));
#3739=CARTESIAN_POINT('',(-3.036296872644E0,1.367696482020E-1,
-1.446871746625E0));
#3740=CARTESIAN_POINT('',(-3.068796872644E0,-4.491010848958E-1,
-1.382191015516E0));
#3741=CARTESIAN_POINT('',(-3.101296872644E0,-9.610988443479E-1,
-1.090152649548E0));
#3742=CARTESIAN_POINT('',(-3.133796872644E0,-1.315004735308E0,
-6.187942579959E-1));
#3743=CARTESIAN_POINT('',(-3.166296872644E0,-1.452604513185E0,
-4.564993620929E-2));
#3744=CARTESIAN_POINT('',(-3.198796872644E0,-1.351264286170E0,
5.350033796725E-1));
#3745=CARTESIAN_POINT('',(-3.231296872644E0,-1.027653589048E0,
1.027653581971E0));
#3746=CARTESIAN_POINT('',(-3.263796872644E0,-5.350033690802E-1,
1.351264303884E0));
#3747=CARTESIAN_POINT('',(-3.296296872644E0,4.564990091668E-2,
1.452604449404E0));
#3748=CARTESIAN_POINT('',(-3.328796872644E0,6.187943885741E-1,
1.315004972718E0));
#3749=CARTESIAN_POINT('',(-3.361296872644E0,1.090152162528E0,
9.610979584914E-1));
#3750=CARTESIAN_POINT('',(-3.393796872644E0,1.382192833018E0,
4.491043909125E-1));
#3751=CARTESIAN_POINT('',(-3.426296872644E0,1.446864963636E0,
-1.367819864122E-1));
#3752=CARTESIAN_POINT('',(-3.447963539310E0,1.331342171481E0,
-5.123253239096E-1));
#3753=CARTESIAN_POINT('',(-3.458796872644E0,1.238640779083E0,
-6.809485306964E-1));
#3754=CARTESIAN_POINT('',(-1.322453127356E0,1.153121809041E0,
6.339340790654E-1));
#3755=CARTESIAN_POINT('',(-1.333286460690E0,1.239422857020E0,
4.769530555597E-1));
#3756=CARTESIAN_POINT('',(-1.354953127356E0,1.346969656159E0,
1.273382035207E-1));
#3757=CARTESIAN_POINT('',(-1.387453127356E0,1.286762657075E0,
-4.180970596503E-1));
#3758=CARTESIAN_POINT('',(-1.419953127356E0,1.014885231468E0,
-8.947412641962E-1));
#3759=CARTESIAN_POINT('',(-1.452453127356E0,5.760712200236E-1,
-1.224213620806E0));
#3760=CARTESIAN_POINT('',(-1.484953127356E0,4.249811342928E-2,
-1.352312872953E0));
#3761=CARTESIAN_POINT('',(-1.517453127356E0,-4.980653497084E-1,
-1.257969513761E0));
#3762=CARTESIAN_POINT('',(-1.549953127356E0,-9.567017215019E-1,
-9.567017149138E-1));
#3763=CARTESIAN_POINT('',(-1.582453127356E0,-1.257969497270E0,
-4.980653595694E-1));
#3764=CARTESIAN_POINT('',(-1.614953127356E0,-1.352312932330E0,
4.249814628522E-2));
#3765=CARTESIAN_POINT('',(-1.647453127356E0,-1.224213399788E0,
5.760710984609E-1));
#3766=CARTESIAN_POINT('',(-1.679953127356E0,-8.947420888909E-1,
1.014885684863E0));
#3767=CARTESIAN_POINT('',(-1.712453127356E0,-4.180939818895E-1,
1.286760965058E0));
#3768=CARTESIAN_POINT('',(-1.744953127356E0,1.273267171725E-1,
1.346975970834E0));
#3769=CARTESIAN_POINT('',(-1.777453127356E0,6.518033492111E-1,
1.185625890769E0));
#3770=CARTESIAN_POINT('',(-1.809953127356E0,1.069064360376E0,
8.292513203369E-1));
#3771=CARTESIAN_POINT('',(-1.842453127356E0,1.310474174567E0,
3.364725794176E-1));
#3772=CARTESIAN_POINT('',(-1.874953127356E0,1.336323110720E0,
-2.116527879841E-1));
#3773=CARTESIAN_POINT('',(-1.907453127356E0,1.142359257977E0,
-7.249632298403E-1));
#3774=CARTESIAN_POINT('',(-1.939953127356E0,7.604878756823E-1,
-1.119023927289E0));
#3775=CARTESIAN_POINT('',(-1.972453127356E0,2.535232733912E-1,
-1.329015541201E0));
#3776=CARTESIAN_POINT('',(-2.004953127356E0,-2.951435619357E-1,
-1.320396393798E0));
#3777=CARTESIAN_POINT('',(-2.037453127356E0,-7.952620118058E-1,
-1.094584255087E0));
#3778=CARTESIAN_POINT('',(-2.069953127356E0,-1.164567217995E0,
-6.887231328163E-1));
#3779=CARTESIAN_POINT('',(-2.102453127356E0,-1.342311890665E0,
-1.695734268285E-1));
#3780=CARTESIAN_POINT('',(-2.134953127356E0,-1.299258675541E0,
3.774695390865E-1));
#3781=CARTESIAN_POINT('',(-2.167453127356E0,-1.042489428210E0,
8.624222579314E-1));
#3782=CARTESIAN_POINT('',(-2.199953127356E0,-6.142403143928E-1,
1.205514493932E0));
#3783=CARTESIAN_POINT('',(-2.232453127356E0,-8.495435142078E-2,
1.350310748339E0));
#3784=CARTESIAN_POINT('',(-2.264953127356E0,4.583058164160E-1,
1.272993376866E0));
#3785=CARTESIAN_POINT('',(-2.297453127356E0,9.261789174081E-1,
9.862803718287E-1));
#3786=CARTESIAN_POINT('',(-2.329953127356E0,1.241704154909E0,
5.373333700681E-1));
#3787=CARTESIAN_POINT('',(-2.362453127356E0,1.352980546389E0,0.E0));
#3788=CARTESIAN_POINT('',(-2.394953127356E0,1.241704154909E0,
-5.373333700681E-1));
#3789=CARTESIAN_POINT('',(-2.427453127356E0,9.261789174081E-1,
-9.862803718287E-1));
#3790=CARTESIAN_POINT('',(-2.459953127356E0,4.583058164160E-1,
-1.272993376866E0));
#3791=CARTESIAN_POINT('',(-2.492453127356E0,-8.495435142079E-2,
-1.350310748339E0));
#3792=CARTESIAN_POINT('',(-2.524953127356E0,-6.142403143928E-1,
-1.205514493932E0));
#3793=CARTESIAN_POINT('',(-2.557453127356E0,-1.042489428210E0,
-8.624222579314E-1));
#3794=CARTESIAN_POINT('',(-2.589953127356E0,-1.299258675541E0,
-3.774695390865E-1));
#3795=CARTESIAN_POINT('',(-2.622453127356E0,-1.342311890665E0,
1.695734268285E-1));
#3796=CARTESIAN_POINT('',(-2.654953127356E0,-1.164567217995E0,
6.887231328163E-1));
#3797=CARTESIAN_POINT('',(-2.687453127356E0,-7.952620118058E-1,
1.094584255087E0));
#3798=CARTESIAN_POINT('',(-2.719953127356E0,-2.951435619357E-1,
1.320396393798E0));
#3799=CARTESIAN_POINT('',(-2.752453127356E0,2.535232733912E-1,
1.329015541201E0));
#3800=CARTESIAN_POINT('',(-2.784953127356E0,7.604878756823E-1,
1.119023927289E0));
#3801=CARTESIAN_POINT('',(-2.817453127356E0,1.142359257977E0,
7.249632298403E-1));
#3802=CARTESIAN_POINT('',(-2.849953127356E0,1.336323110720E0,
2.116527879841E-1));
#3803=CARTESIAN_POINT('',(-2.882453127356E0,1.310474174567E0,
-3.364725794176E-1));
#3804=CARTESIAN_POINT('',(-2.914953127356E0,1.069064360376E0,
-8.292513203369E-1));
#3805=CARTESIAN_POINT('',(-2.947453127356E0,6.518033492111E-1,
-1.185625890769E0));
#3806=CARTESIAN_POINT('',(-2.979953127356E0,1.273267171725E-1,
-1.346975970834E0));
#3807=CARTESIAN_POINT('',(-3.012453127356E0,-4.180939818896E-1,
-1.286760965058E0));
#3808=CARTESIAN_POINT('',(-3.044953127356E0,-8.947420888909E-1,
-1.014885684863E0));
#3809=CARTESIAN_POINT('',(-3.077453127356E0,-1.224213399788E0,
-5.760710984609E-1));
#3810=CARTESIAN_POINT('',(-3.109953127356E0,-1.352312932330E0,
-4.249814628521E-2));
#3811=CARTESIAN_POINT('',(-3.142453127356E0,-1.257969497270E0,
4.980653595694E-1));
#3812=CARTESIAN_POINT('',(-3.174953127356E0,-9.567017215019E-1,
9.567017149138E-1));
#3813=CARTESIAN_POINT('',(-3.207453127356E0,-4.980653497084E-1,
1.257969513761E0));
#3814=CARTESIAN_POINT('',(-3.239953127356E0,4.249811342929E-2,
1.352312872953E0));
#3815=CARTESIAN_POINT('',(-3.272453127356E0,5.760712200236E-1,
1.224213620806E0));
#3816=CARTESIAN_POINT('',(-3.304953127356E0,1.014885231468E0,
8.947412641962E-1));
#3817=CARTESIAN_POINT('',(-3.337453127356E0,1.286762657075E0,
4.180970596502E-1));
#3818=CARTESIAN_POINT('',(-3.369953127356E0,1.346969656159E0,
-1.273382035207E-1));
#3819=CARTESIAN_POINT('',(-3.391619794023E0,1.239422857020E0,
-4.769530555597E-1));
#3820=CARTESIAN_POINT('',(-3.402453127356E0,1.153121809041E0,
-6.339340790654E-1));
#3821=CARTESIAN_POINT('',(-1.266109382069E0,1.067602839E0,5.869196274344E-1));
#3822=CARTESIAN_POINT('',(-1.276942715402E0,1.147503542558E0,
4.415807872097E-1));
#3823=CARTESIAN_POINT('',(-1.298609382069E0,1.247074348683E0,
1.178944206292E-1));
#3824=CARTESIAN_POINT('',(-1.331109382069E0,1.191332481132E0,
-3.870897283880E-1));
#3825=CARTESIAN_POINT('',(-1.363609382069E0,9.396183004072E-1,
-8.283845699010E-1));
#3826=CARTESIAN_POINT('',(-1.396109382069E0,5.333480514731E-1,
-1.133422268894E0));
#3827=CARTESIAN_POINT('',(-1.428609382069E0,3.934632594189E-2,
-1.252021296502E0));
#3828=CARTESIAN_POINT('',(-1.461109382069E0,-4.611273303366E-1,
-1.164674723639E0));
#3829=CARTESIAN_POINT('',(-1.493609382069E0,-8.857498539557E-1,
-8.857498478562E-1));
#3830=CARTESIAN_POINT('',(-1.526109382069E0,-1.164674708370E0,
-4.611273394663E-1));
#3831=CARTESIAN_POINT('',(-1.558609382069E0,-1.252021351476E0,
3.934635636113E-2));
#3832=CARTESIAN_POINT('',(-1.591109382069E0,-1.133422064267E0,
5.333479389258E-1));
#3833=CARTESIAN_POINT('',(-1.623609382069E0,-8.283853334339E-1,
9.396187201771E-1));
#3834=CARTESIAN_POINT('',(-1.656109382069E0,-3.870868788833E-1,
1.191330914599E0));
#3835=CARTESIAN_POINT('',(-1.688609382069E0,1.178837861431E-1,
1.247080195042E0));
#3836=CARTESIAN_POINT('',(-1.721109382069E0,6.034636589398E-1,
1.097696320590E0));
#3837=CARTESIAN_POINT('',(-1.753609382069E0,9.897793427040E-1,
7.677515565958E-1));
#3838=CARTESIAN_POINT('',(-1.786109382069E0,1.213285481407E0,
3.115187642930E-1));
#3839=CARTESIAN_POINT('',(-1.818609382069E0,1.237217382968E0,
-1.959559827612E-1));
#3840=CARTESIAN_POINT('',(-1.851109382069E0,1.057638470985E0,
-6.711977835121E-1));
#3841=CARTESIAN_POINT('',(-1.883609382069E0,7.040878151272E-1,
-1.036033758373E0));
#3842=CARTESIAN_POINT('',(-1.916109382069E0,2.347212274565E-1,
-1.230451764711E0));
#3843=CARTESIAN_POINT('',(-1.948609382069E0,-2.732548306384E-1,
-1.222471839116E0));
#3844=CARTESIAN_POINT('',(-1.981109382069E0,-7.362829970742E-1,
-1.013406605523E0));
#3845=CARTESIAN_POINT('',(-2.013609382069E0,-1.078199422116E0,
-6.376453607194E-1));
#3846=CARTESIAN_POINT('',(-2.046109382069E0,-1.242762017040E0,
-1.569973531691E-1));
#3847=CARTESIAN_POINT('',(-2.078609382069E0,-1.202901757409E0,
3.494752665373E-1));
#3848=CARTESIAN_POINT('',(-2.111109382069E0,-9.651752871711E-1,
7.984624380226E-1));
#3849=CARTESIAN_POINT('',(-2.143609382069E0,-5.686864113854E-1,
1.116109925323E0));
#3850=CARTESIAN_POINT('',(-2.176109382069E0,-7.865388205399E-2,
1.250167655451E0));
#3851=CARTESIAN_POINT('',(-2.208609382069E0,4.243164832193E-1,
1.178584372019E0));
#3852=CARTESIAN_POINT('',(-2.241109382069E0,8.574907125109E-1,
9.131348629072E-1));
#3853=CARTESIAN_POINT('',(-2.273609382069E0,1.149615652557E0,
4.974831165937E-1));
#3854=CARTESIAN_POINT('',(-2.306109382069E0,1.252639453274E0,0.E0));
#3855=CARTESIAN_POINT('',(-2.338609382069E0,1.149615652557E0,
-4.974831165937E-1));
#3856=CARTESIAN_POINT('',(-2.371109382069E0,8.574907125109E-1,
-9.131348629072E-1));
#3857=CARTESIAN_POINT('',(-2.403609382069E0,4.243164832193E-1,
-1.178584372019E0));
#3858=CARTESIAN_POINT('',(-2.436109382069E0,-7.865388205400E-2,
-1.250167655451E0));
#3859=CARTESIAN_POINT('',(-2.468609382069E0,-5.686864113854E-1,
-1.116109925323E0));
#3860=CARTESIAN_POINT('',(-2.501109382069E0,-9.651752871711E-1,
-7.984624380226E-1));
#3861=CARTESIAN_POINT('',(-2.533609382069E0,-1.202901757409E0,
-3.494752665373E-1));
#3862=CARTESIAN_POINT('',(-2.566109382069E0,-1.242762017040E0,
1.569973531691E-1));
#3863=CARTESIAN_POINT('',(-2.598609382069E0,-1.078199422116E0,
6.376453607194E-1));
#3864=CARTESIAN_POINT('',(-2.631109382069E0,-7.362829970742E-1,
1.013406605523E0));
#3865=CARTESIAN_POINT('',(-2.663609382069E0,-2.732548306384E-1,
1.222471839116E0));
#3866=CARTESIAN_POINT('',(-2.696109382069E0,2.347212274565E-1,
1.230451764711E0));
#3867=CARTESIAN_POINT('',(-2.728609382069E0,7.040878151272E-1,
1.036033758373E0));
#3868=CARTESIAN_POINT('',(-2.761109382069E0,1.057638470985E0,
6.711977835121E-1));
#3869=CARTESIAN_POINT('',(-2.793609382069E0,1.237217382968E0,
1.959559827612E-1));
#3870=CARTESIAN_POINT('',(-2.826109382069E0,1.213285481407E0,
-3.115187642930E-1));
#3871=CARTESIAN_POINT('',(-2.858609382069E0,9.897793427040E-1,
-7.677515565958E-1));
#3872=CARTESIAN_POINT('',(-2.891109382069E0,6.034636589398E-1,
-1.097696320590E0));
#3873=CARTESIAN_POINT('',(-2.923609382069E0,1.178837861431E-1,
-1.247080195042E0));
#3874=CARTESIAN_POINT('',(-2.956109382069E0,-3.870868788833E-1,
-1.191330914599E0));
#3875=CARTESIAN_POINT('',(-2.988609382069E0,-8.283853334339E-1,
-9.396187201771E-1));
#3876=CARTESIAN_POINT('',(-3.021109382069E0,-1.133422064267E0,
-5.333479389258E-1));
#3877=CARTESIAN_POINT('',(-3.053609382069E0,-1.252021351476E0,
-3.934635636112E-2));
#3878=CARTESIAN_POINT('',(-3.086109382069E0,-1.164674708370E0,
4.611273394663E-1));
#3879=CARTESIAN_POINT('',(-3.118609382069E0,-8.857498539557E-1,
8.857498478562E-1));
#3880=CARTESIAN_POINT('',(-3.151109382069E0,-4.611273303366E-1,
1.164674723639E0));
#3881=CARTESIAN_POINT('',(-3.183609382069E0,3.934632594189E-2,
1.252021296502E0));
#3882=CARTESIAN_POINT('',(-3.216109382069E0,5.333480514731E-1,
1.133422268894E0));
#3883=CARTESIAN_POINT('',(-3.248609382069E0,9.396183004072E-1,
8.283845699010E-1));
#3884=CARTESIAN_POINT('',(-3.281109382069E0,1.191332481132E0,
3.870897283880E-1));
#3885=CARTESIAN_POINT('',(-3.313609382069E0,1.247074348683E0,
-1.178944206292E-1));
#3886=CARTESIAN_POINT('',(-3.335276048735E0,1.147503542558E0,
-4.415807872097E-1));
#3887=CARTESIAN_POINT('',(-3.346109382069E0,1.067602839E0,-5.869196274344E-1));
#3888=B_SPLINE_SURFACE_WITH_KNOTS('',3,3,((#3620,#3621,#3622,#3623,#3624,#3625,
#3626,#3627,#3628,#3629,#3630,#3631,#3632,#3633,#3634,#3635,#3636,#3637,#3638,
#3639,#3640,#3641,#3642,#3643,#3644,#3645,#3646,#3647,#3648,#3649,#3650,#3651,
#3652,#3653,#3654,#3655,#3656,#3657,#3658,#3659,#3660,#3661,#3662,#3663,#3664,
#3665,#3666,#3667,#3668,#3669,#3670,#3671,#3672,#3673,#3674,#3675,#3676,#3677,
#3678,#3679,#3680,#3681,#3682,#3683,#3684,#3685,#3686),(#3687,#3688,#3689,#3690,
#3691,#3692,#3693,#3694,#3695,#3696,#3697,#3698,#3699,#3700,#3701,#3702,#3703,
#3704,#3705,#3706,#3707,#3708,#3709,#3710,#3711,#3712,#3713,#3714,#3715,#3716,
#3717,#3718,#3719,#3720,#3721,#3722,#3723,#3724,#3725,#3726,#3727,#3728,#3729,
#3730,#3731,#3732,#3733,#3734,#3735,#3736,#3737,#3738,#3739,#3740,#3741,#3742,
#3743,#3744,#3745,#3746,#3747,#3748,#3749,#3750,#3751,#3752,#3753),(#3754,#3755,
#3756,#3757,#3758,#3759,#3760,#3761,#3762,#3763,#3764,#3765,#3766,#3767,#3768,
#3769,#3770,#3771,#3772,#3773,#3774,#3775,#3776,#3777,#3778,#3779,#3780,#3781,
#3782,#3783,#3784,#3785,#3786,#3787,#3788,#3789,#3790,#3791,#3792,#3793,#3794,
#3795,#3796,#3797,#3798,#3799,#3800,#3801,#3802,#3803,#3804,#3805,#3806,#3807,
#3808,#3809,#3810,#3811,#3812,#3813,#3814,#3815,#3816,#3817,#3818,#3819,#3820),(
#3821,#3822,#3823,#3824,#3825,#3826,#3827,#3828,#3829,#3830,#3831,#3832,#3833,
#3834,#3835,#3836,#3837,#3838,#3839,#3840,#3841,#3842,#3843,#3844,#3845,#3846,
#3847,#3848,#3849,#3850,#3851,#3852,#3853,#3854,#3855,#3856,#3857,#3858,#3859,
#3860,#3861,#3862,#3863,#3864,#3865,#3866,#3867,#3868,#3869,#3870,#3871,#3872,
#3873,#3874,#3875,#3876,#3877,#3878,#3879,#3880,#3881,#3882,#3883,#3884,#3885,
#3886,#3887)),.UNSPECIFIED.,.F.,.F.,.F.,(4,4),(4,1,1,1,1,1,1,1,1,1,1,1,1,1,1,1,
1,1,1,1,1,1,1,1,1,1,1,1,1,1,1,1,1,1,1,1,1,1,1,1,1,1,1,1,1,1,1,1,1,1,1,1,1,1,1,1,
1,1,1,1,1,1,1,1,4),(-4.009799486414E-2,1.020490151727E0),(-2.E-2,-3.75E-3,
1.25E-2,2.875E-2,4.5E-2,6.125E-2,7.75E-2,9.375E-2,1.1E-1,1.2625E-1,1.425E-1,
1.5875E-1,1.75E-1,1.9125E-1,2.075E-1,2.2375E-1,2.4E-1,2.5625E-1,2.725E-1,
2.8875E-1,3.05E-1,3.2125E-1,3.375E-1,3.5375E-1,3.7E-1,3.8625E-1,4.025E-1,
4.1875E-1,4.35E-1,4.5125E-1,4.675E-1,4.8375E-1,5.E-1,5.1625E-1,5.325E-1,
5.4875E-1,5.65E-1,5.8125E-1,5.975E-1,6.1375E-1,6.3E-1,6.4625E-1,6.625E-1,
6.7875E-1,6.95E-1,7.1125E-1,7.275E-1,7.4375E-1,7.6E-1,7.7625E-1,7.925E-1,
8.0875E-1,8.25E-1,8.4125E-1,8.575E-1,8.7375E-1,8.9E-1,9.0625E-1,9.225E-1,
9.3875E-1,9.55E-1,9.7125E-1,9.875E-1,1.00375E0,1.02E0),.UNSPECIFIED.);
#3889=ORIENTED_EDGE('',*,*,#2565,.T.);
#3890=ORIENTED_EDGE('',*,*,#2856,.T.);
#3891=ORIENTED_EDGE('',*,*,#2581,.T.);
#3892=ORIENTED_EDGE('',*,*,#2870,.T.);
#3893=ORIENTED_EDGE('',*,*,#2597,.T.);
#3894=ORIENTED_EDGE('',*,*,#2884,.T.);
#3895=ORIENTED_EDGE('',*,*,#2613,.T.);
#3897=ORIENTED_EDGE('',*,*,#3896,.F.);
#3898=ORIENTED_EDGE('',*,*,#3611,.F.);
#3899=ORIENTED_EDGE('',*,*,#2805,.T.);
#3900=ORIENTED_EDGE('',*,*,#2842,.T.);
#3901=EDGE_LOOP('',(#3889,#3890,#3891,#3892,#3893,#3894,#3895,#3897,#3898,#3899,
#3900));
#3902=FACE_OUTER_BOUND('',#3901,.F.);
#3904=CARTESIAN_POINT('',(-3.446514720458E0,1.414351617475E0,
5.319197749535E-1));
#3905=CARTESIAN_POINT('',(-3.462020414923E0,1.517996346943E0,
2.563329333489E-1));
#3906=CARTESIAN_POINT('',(-3.493031803852E0,1.559311231057E0,
-3.565255285011E-1));
#3907=CARTESIAN_POINT('',(-3.539548887246E0,1.103651634845E0,
-1.157907956355E0));
#3908=CARTESIAN_POINT('',(-3.586065970641E0,2.814420274580E-1,
-1.574641059340E0));
#3909=CARTESIAN_POINT('',(-3.632583054035E0,-6.342156306322E-1,
-1.468502486853E0));
#3910=CARTESIAN_POINT('',(-3.679100137429E0,-1.339266491636E0,
-8.746941550111E-1));
#3911=CARTESIAN_POINT('',(-3.725617220823E0,-1.599572757524E0,
9.580106356393E-3));
#3912=CARTESIAN_POINT('',(-3.772134304217E0,-1.328693121690E0,
8.906736822349E-1));
#3913=CARTESIAN_POINT('',(-3.818651387611E0,-6.165809769299E-1,
1.475992141087E0));
#3914=CARTESIAN_POINT('',(-3.865168471005E0,3.002853738E-1,1.571163146178E0));
#3915=CARTESIAN_POINT('',(-3.911685554399E0,1.117432955959E0,1.144582246488E0));
#3916=CARTESIAN_POINT('',(-3.958202637794E0,1.563503376479E0,
3.379084529673E-1));
#3917=CARTESIAN_POINT('',(-4.004719721188E0,1.490365562070E0,
-5.809779879010E-1));
#3918=CARTESIAN_POINT('',(-4.051236804582E0,9.223071192880E-1,
-1.306933245656E0));
#3919=CARTESIAN_POINT('',(-4.097753887976E0,4.796890829041E-2,
-1.598882082824E0));
#3920=CARTESIAN_POINT('',(-4.144270971370E0,-8.422988188226E-1,
-1.359874123122E0));
#3921=CARTESIAN_POINT('',(-4.190788054764E0,-1.452855935853E0,
-6.692791350302E-1));
#3922=CARTESIAN_POINT('',(-4.237305138158E0,-1.580948622094E0,
2.435700827849E-1));
#3923=CARTESIAN_POINT('',(-4.283822221552E0,-1.184039855514E0,
1.075534542213E0));
#3924=CARTESIAN_POINT('',(-4.330339304947E0,-3.939351079436E-1,
1.550335467446E0));
#3925=CARTESIAN_POINT('',(-4.376856388341E0,5.269876188093E-1,
1.510300956979E0));
#3926=CARTESIAN_POINT('',(-4.423373471735E0,1.272908285771E0,
9.687256716237E-1));
#3927=CARTESIAN_POINT('',(-4.469890555129E0,1.596121541016E0,
1.054559450323E-1));
#3928=CARTESIAN_POINT('',(-4.516407638523E0,1.389294721990E0,
-7.928335973426E-1));
#3929=CARTESIAN_POINT('',(-4.562924721917E0,7.211108747479E-1,
-1.427838929285E0));
#3930=CARTESIAN_POINT('',(-4.609441805311E0,-1.865394624286E-1,
-1.588687523968E0));
#3931=CARTESIAN_POINT('',(-4.655958888705E0,-1.032243864321E0,
-1.221964561525E0));
#3932=CARTESIAN_POINT('',(-4.702475972100E0,-1.535160352500E0,
-4.494522138588E-1));
#3933=CARTESIAN_POINT('',(-4.748993055494E0,-1.528282059125E0,
4.723165969864E-1));
#3934=CARTESIAN_POINT('',(-4.795510138888E0,-1.013886968267E0,
1.237229686096E0));
#3935=CARTESIAN_POINT('',(-4.842027222282E0,-1.628184013651E-1,
1.591316415633E0));
#3936=CARTESIAN_POINT('',(-4.888544305676E0,7.423865675184E-1,
1.416835965149E0));
#3937=CARTESIAN_POINT('',(-4.919555694605E0,1.181333698834E0,
9.871525586510E-1));
#3938=CARTESIAN_POINT('',(-4.935061389070E0,1.323434319005E0,
7.292809802263E-1));
#3939=CARTESIAN_POINT('',(-3.390170975171E0,1.323007734168E0,
4.975664944457E-1));
#3940=CARTESIAN_POINT('',(-3.405676669635E0,1.419958716511E0,
2.397780362058E-1));
#3941=CARTESIAN_POINT('',(-3.436688058565E0,1.458605337722E0,
-3.334998354070E-1));
#3942=CARTESIAN_POINT('',(-3.483205141959E0,1.032373867069E0,
-1.083126121387E0));
#3943=CARTESIAN_POINT('',(-3.529722225353E0,2.632654952605E-1,
-1.472945110895E0));
#3944=CARTESIAN_POINT('',(-3.576239308747E0,-5.932557180901E-1,
-1.373661346830E0));
#3945=CARTESIAN_POINT('',(-3.622756392141E0,-1.252771874161E0,
-8.182032797317E-1));
#3946=CARTESIAN_POINT('',(-3.669273475535E0,-1.496266630888E0,
8.961388842115E-3));
#3947=CARTESIAN_POINT('',(-3.715790558929E0,-1.242881370243E0,
8.331507919657E-1));
#3948=CARTESIAN_POINT('',(-3.762307642324E0,-5.767599733621E-1,
1.380667292420E0));
#3949=CARTESIAN_POINT('',(-3.808824725718E0,2.808918709369E-1,
1.469691813797E0));
#3950=CARTESIAN_POINT('',(-3.855341809112E0,1.045265141202E0,1.070661033498E0));
#3951=CARTESIAN_POINT('',(-3.901858892506E0,1.462526739407E0,
3.160851171612E-1));
#3952=CARTESIAN_POINT('',(-3.948375975900E0,1.394112426497E0,
-5.434563526339E-1));
#3953=CARTESIAN_POINT('',(-3.994893059294E0,8.627412285746E-1,
-1.222526824788E0));
#3954=CARTESIAN_POINT('',(-4.041410142688E0,4.487090471968E-2,
-1.495620562429E0));
#3955=CARTESIAN_POINT('',(-4.087927226082E0,-7.879001501571E-1,
-1.272048591141E0));
#3956=CARTESIAN_POINT('',(-4.134444309477E0,-1.359025306025E0,
-6.260546960334E-1));
#3957=CARTESIAN_POINT('',(-4.180961392871E0,-1.478845308699E0,
2.278394561544E-1));
#3958=CARTESIAN_POINT('',(-4.227478476265E0,-1.107570329085E0,
1.006072676789E0));
#3959=CARTESIAN_POINT('',(-4.273995559659E0,-3.684933704819E-1,
1.450209261010E0));
#3960=CARTESIAN_POINT('',(-4.320512643053E0,4.929528745762E-1,
1.412760322340E0));
#3961=CARTESIAN_POINT('',(-4.367029726447E0,1.190699318440E0,
9.061619048691E-1));
#3962=CARTESIAN_POINT('',(-4.413546809841E0,1.493038306279E0,
9.864522313124E-2));
#3963=CARTESIAN_POINT('',(-4.460063893235E0,1.299569102565E0,
-7.416295695024E-1));
#3964=CARTESIAN_POINT('',(-4.506580976630E0,6.745389567184E-1,
-1.335623987169E0));
#3965=CARTESIAN_POINT('',(-4.553098060024E0,-1.744920771267E-1,
-1.486084404625E0));
#3966=CARTESIAN_POINT('',(-4.599615143418E0,-9.655778656255E-1,
-1.143045722013E0));
#3967=CARTESIAN_POINT('',(-4.646132226812E0,-1.436014209233E0,
-4.204249832414E-1));
#3968=CARTESIAN_POINT('',(-4.692649310206E0,-1.429580140632E0,
4.418127027739E-1));
#3969=CARTESIAN_POINT('',(-4.739166393600E0,-9.484065235385E-1,
1.157324970271E0));
#3970=CARTESIAN_POINT('',(-4.785683476994E0,-1.523030069818E-1,
1.488543513070E0));
#3971=CARTESIAN_POINT('',(-4.832200560388E0,6.944405891961E-1,
1.325331633790E0));
#3972=CARTESIAN_POINT('',(-4.863211949318E0,1.105038945677E0,
9.233987176620E-1));
#3973=CARTESIAN_POINT('',(-4.878717643783E0,1.237962199834E0,
6.821814075795E-1));
#3974=CARTESIAN_POINT('',(-3.333827229883E0,1.231663850862E0,
4.632132139380E-1));
#3975=CARTESIAN_POINT('',(-3.349332924348E0,1.321921086080E0,
2.232231390628E-1));
#3976=CARTESIAN_POINT('',(-3.380344313277E0,1.357899444386E0,
-3.104741423129E-1));
#3977=CARTESIAN_POINT('',(-3.426861396671E0,9.610960992932E-1,
-1.008344286419E0));
#3978=CARTESIAN_POINT('',(-3.473378480065E0,2.450889630630E-1,
-1.371249162450E0));
#3979=CARTESIAN_POINT('',(-3.519895563459E0,-5.522958055480E-1,
-1.278820206808E0));
#3980=CARTESIAN_POINT('',(-3.566412646853E0,-1.166277256687E0,
-7.617124044523E-1));
#3981=CARTESIAN_POINT('',(-3.612929730248E0,-1.392960504251E0,
8.342671327835E-3));
#3982=CARTESIAN_POINT('',(-3.659446813642E0,-1.157069618796E0,
7.756279016965E-1));
#3983=CARTESIAN_POINT('',(-3.705963897036E0,-5.369389697943E-1,
1.285342443754E0));
#3984=CARTESIAN_POINT('',(-3.752480980430E0,2.614983680737E-1,
1.368220481417E0));
#3985=CARTESIAN_POINT('',(-3.798998063824E0,9.730973264441E-1,
9.967398205084E-1));
#3986=CARTESIAN_POINT('',(-3.845515147218E0,1.361550102334E0,
2.942617813551E-1));
#3987=CARTESIAN_POINT('',(-3.892032230612E0,1.297859290923E0,
-5.059347173668E-1));
#3988=CARTESIAN_POINT('',(-3.938549314006E0,8.031753378612E-1,
-1.138120403919E0));
#3989=CARTESIAN_POINT('',(-3.985066397401E0,4.177290114894E-2,
-1.392359042034E0));
#3990=CARTESIAN_POINT('',(-4.031583480795E0,-7.335014814916E-1,
-1.184223059159E0));
#3991=CARTESIAN_POINT('',(-4.078100564189E0,-1.265194676197E0,
-5.828302570366E-1));
#3992=CARTESIAN_POINT('',(-4.124617647583E0,-1.376741995304E0,
2.121088295238E-1));
#3993=CARTESIAN_POINT('',(-4.171134730977E0,-1.031100802656E0,
9.366108113646E-1));
#3994=CARTESIAN_POINT('',(-4.217651814371E0,-3.430516330202E-1,
1.350083054574E0));
#3995=CARTESIAN_POINT('',(-4.264168897765E0,4.589181303431E-1,
1.315219687700E0));
#3996=CARTESIAN_POINT('',(-4.310685981159E0,1.108490351109E0,
8.435981381146E-1));
#3997=CARTESIAN_POINT('',(-4.357203064554E0,1.389955071541E0,
9.183450123014E-2));
#3998=CARTESIAN_POINT('',(-4.403720147948E0,1.209843483139E0,
-6.904255416622E-1));
#3999=CARTESIAN_POINT('',(-4.450237231342E0,6.279670386889E-1,
-1.243409045053E0));
#4000=CARTESIAN_POINT('',(-4.496754314736E0,-1.624446918248E-1,
-1.383481285283E0));
#4001=CARTESIAN_POINT('',(-4.543271398130E0,-8.989118669295E-1,
-1.064126882502E0));
#4002=CARTESIAN_POINT('',(-4.589788481524E0,-1.336868065967E0,
-3.913977526241E-1));
#4003=CARTESIAN_POINT('',(-4.636305564918E0,-1.330878222140E0,
4.113088085614E-1));
#4004=CARTESIAN_POINT('',(-4.682822648312E0,-8.829260788097E-1,
1.077420254447E0));
#4005=CARTESIAN_POINT('',(-4.729339731707E0,-1.417876125985E-1,
1.385770610507E0));
#4006=CARTESIAN_POINT('',(-4.775856815101E0,6.464946108738E-1,
1.233827302430E0));
#4007=CARTESIAN_POINT('',(-4.806868204030E0,1.028744192521E0,
8.596448766731E-1));
#4008=CARTESIAN_POINT('',(-4.822373898495E0,1.152490080663E0,
6.350818349328E-1));
#4009=CARTESIAN_POINT('',(-3.277483484595E0,1.140319967556E0,
4.288599334303E-1));
#4010=CARTESIAN_POINT('',(-3.292989179060E0,1.223883455648E0,
2.066682419198E-1));
#4011=CARTESIAN_POINT('',(-3.324000567989E0,1.257193551051E0,
-2.874484492188E-1));
#4012=CARTESIAN_POINT('',(-3.370517651383E0,8.898183315171E-1,
-9.335624514509E-1));
#4013=CARTESIAN_POINT('',(-3.417034734778E0,2.269124308655E-1,
-1.269553214005E0));
#4014=CARTESIAN_POINT('',(-3.463551818172E0,-5.113358930060E-1,
-1.183979066785E0));
#4015=CARTESIAN_POINT('',(-3.510068901566E0,-1.079782639212E0,
-7.052215291728E-1));
#4016=CARTESIAN_POINT('',(-3.556585984960E0,-1.289654377615E0,
7.723953813557E-3));
#4017=CARTESIAN_POINT('',(-3.603103068354E0,-1.071257867349E0,
7.181050114273E-1));
#4018=CARTESIAN_POINT('',(-3.649620151748E0,-4.971179662265E-1,
1.190017595088E0));
#4019=CARTESIAN_POINT('',(-3.696137235142E0,2.421048652106E-1,
1.266749149036E0));
#4020=CARTESIAN_POINT('',(-3.742654318536E0,9.009295116867E-1,
9.228186075187E-1));
#4021=CARTESIAN_POINT('',(-3.789171401931E0,1.260573465262E0,
2.724384455490E-1));
#4022=CARTESIAN_POINT('',(-3.835688485325E0,1.201606155349E0,
-4.684130820996E-1));
#4023=CARTESIAN_POINT('',(-3.882205568719E0,7.436094471478E-1,
-1.053713983051E0));
#4024=CARTESIAN_POINT('',(-3.928722652113E0,3.867489757821E-2,
-1.289097521638E0));
#4025=CARTESIAN_POINT('',(-3.975239735507E0,-6.791028128260E-1,
-1.096397527178E0));
#4026=CARTESIAN_POINT('',(-4.021756818901E0,-1.171364046370E0,
-5.396058180398E-1));
#4027=CARTESIAN_POINT('',(-4.068273902295E0,-1.274638681909E0,
1.963782028933E-1));
#4028=CARTESIAN_POINT('',(-4.114790985689E0,-9.546312762275E-1,
8.671489459402E-1));
#4029=CARTESIAN_POINT('',(-4.161308069084E0,-3.176098955586E-1,
1.249956848138E0));
#4030=CARTESIAN_POINT('',(-4.207825152478E0,4.248833861101E-1,
1.217679053061E0));
#4031=CARTESIAN_POINT('',(-4.254342235872E0,1.026281383779E0,
7.810343713600E-1));
#4032=CARTESIAN_POINT('',(-4.300859319266E0,1.286871836804E0,
8.502377932904E-2));
#4033=CARTESIAN_POINT('',(-4.347376402660E0,1.120117863713E0,
-6.392215138221E-1));
#4034=CARTESIAN_POINT('',(-4.393893486054E0,5.813951206595E-1,
-1.151194102938E0));
#4035=CARTESIAN_POINT('',(-4.440410569448E0,-1.503973065229E-1,
-1.280878165941E0));
#4036=CARTESIAN_POINT('',(-4.486927652842E0,-8.322458682335E-1,
-9.852080429902E-1));
#4037=CARTESIAN_POINT('',(-4.533444736237E0,-1.237721922700E0,
-3.623705220067E-1));
#4038=CARTESIAN_POINT('',(-4.579961819631E0,-1.232176303647E0,
3.808049143489E-1));
#4039=CARTESIAN_POINT('',(-4.626478903025E0,-8.174456340808E-1,
9.975155386230E-1));
#4040=CARTESIAN_POINT('',(-4.672995986419E0,-1.312722182152E-1,
1.282997707943E0));
#4041=CARTESIAN_POINT('',(-4.719513069813E0,5.985486325515E-1,
1.142322971070E0));
#4042=CARTESIAN_POINT('',(-4.750524458743E0,9.524494393638E-1,
7.958910356841E-1));
#4043=CARTESIAN_POINT('',(-4.766030153207E0,1.067017961491E0,
5.879822622860E-1));
#4044=B_SPLINE_SURFACE_WITH_KNOTS('',3,3,((#3904,#3905,#3906,#3907,#3908,#3909,
#3910,#3911,#3912,#3913,#3914,#3915,#3916,#3917,#3918,#3919,#3920,#3921,#3922,
#3923,#3924,#3925,#3926,#3927,#3928,#3929,#3930,#3931,#3932,#3933,#3934,#3935,
#3936,#3937,#3938),(#3939,#3940,#3941,#3942,#3943,#3944,#3945,#3946,#3947,#3948,
#3949,#3950,#3951,#3952,#3953,#3954,#3955,#3956,#3957,#3958,#3959,#3960,#3961,
#3962,#3963,#3964,#3965,#3966,#3967,#3968,#3969,#3970,#3971,#3972,#3973),(#3974,
#3975,#3976,#3977,#3978,#3979,#3980,#3981,#3982,#3983,#3984,#3985,#3986,#3987,
#3988,#3989,#3990,#3991,#3992,#3993,#3994,#3995,#3996,#3997,#3998,#3999,#4000,
#4001,#4002,#4003,#4004,#4005,#4006,#4007,#4008),(#4009,#4010,#4011,#4012,#4013,
#4014,#4015,#4016,#4017,#4018,#4019,#4020,#4021,#4022,#4023,#4024,#4025,#4026,
#4027,#4028,#4029,#4030,#4031,#4032,#4033,#4034,#4035,#4036,#4037,#4038,#4039,
#4040,#4041,#4042,#4043)),.UNSPECIFIED.,.F.,.F.,.F.,(4,4),(4,1,1,1,1,1,1,1,1,1,
1,1,1,1,1,1,1,1,1,1,1,1,1,1,1,1,1,1,1,1,1,1,4),(-4.009799486414E-2,
1.020490151727E0),(-1.431294873665E-2,8.945592960409E-3,3.220413465747E-2,
5.546267635453E-2,7.872121805160E-2,1.019797597487E-1,1.252383014457E-1,
1.484968431428E-1,1.717553848398E-1,1.950139265369E-1,2.182724682340E-1,
2.415310099310E-1,2.647895516281E-1,2.880480933252E-1,3.113066350222E-1,
3.345651767193E-1,3.578237184163E-1,3.810822601134E-1,4.043408018105E-1,
4.275993435075E-1,4.508578852046E-1,4.741164269017E-1,4.973749685987E-1,
5.206335102958E-1,5.438920519928E-1,5.671505936899E-1,5.904091353870E-1,
6.136676770840E-1,6.369262187811E-1,6.601847604782E-1,6.834433021752E-1,
7.067018438723E-1,7.299603855693E-1),.UNSPECIFIED.);
#4046=ORIENTED_EDGE('',*,*,#4045,.F.);
#4048=ORIENTED_EDGE('',*,*,#4047,.F.);
#4049=ORIENTED_EDGE('',*,*,#3896,.T.);
#4050=ORIENTED_EDGE('',*,*,#2901,.T.);
#4051=ORIENTED_EDGE('',*,*,#2633,.T.);
#4052=ORIENTED_EDGE('',*,*,#2912,.T.);
#4053=ORIENTED_EDGE('',*,*,#2645,.T.);
#4054=ORIENTED_EDGE('',*,*,#2930,.F.);
#4055=EDGE_LOOP('',(#4046,#4048,#4049,#4050,#4051,#4052,#4053,#4054));
#4056=FACE_OUTER_BOUND('',#4055,.F.);
#4058=CARTESIAN_POINT('',(-4.799738272520E0,0.E0,0.E0));
#4059=DIRECTION('',(-1.E0,0.E0,0.E0));
#4060=DIRECTION('',(0.E0,1.E0,0.E0));
#4061=AXIS2_PLACEMENT_3D('',#4058,#4059,#4060);
#4062=CONICAL_SURFACE('',#4061,1.409683530659E0,4.2E1);
#4064=ORIENTED_EDGE('',*,*,#4063,.F.);
#4066=ORIENTED_EDGE('',*,*,#4065,.F.);
#4068=ORIENTED_EDGE('',*,*,#4067,.T.);
#4070=ORIENTED_EDGE('',*,*,#4069,.T.);
#4072=ORIENTED_EDGE('',*,*,#4071,.T.);
#4073=ORIENTED_EDGE('',*,*,#4045,.T.);
#4074=ORIENTED_EDGE('',*,*,#2928,.F.);
#4076=ORIENTED_EDGE('',*,*,#4075,.T.);
#4077=EDGE_LOOP('',(#4064,#4066,#4068,#4070,#4072,#4073,#4074,#4076));
#4078=FACE_OUTER_BOUND('',#4077,.F.);
#4080=CARTESIAN_POINT('',(-4.828696242329E0,0.E0,0.E0));
#4081=DIRECTION('',(-1.E0,0.E0,0.E0));
#4082=DIRECTION('',(0.E0,1.E0,0.E0));
#4083=AXIS2_PLACEMENT_3D('',#4080,#4081,#4082);
#4084=CONICAL_SURFACE('',#4083,1.435757403790E0,4.2E1);
#4085=ORIENTED_EDGE('',*,*,#4063,.T.);
#4087=ORIENTED_EDGE('',*,*,#4086,.T.);
#4088=ORIENTED_EDGE('',*,*,#4067,.F.);
#4090=ORIENTED_EDGE('',*,*,#4089,.F.);
#4091=EDGE_LOOP('',(#4085,#4087,#4088,#4090));
#4092=FACE_OUTER_BOUND('',#4091,.F.);
#4094=CARTESIAN_POINT('',(-3.666514720458E0,1.146915528168E0,
4.108956584772E-1));
#4095=CARTESIAN_POINT('',(-3.681343331590E0,1.223482574303E0,
1.971773279329E-1));
#4096=CARTESIAN_POINT('',(-3.711000553852E0,1.253850598006E0,
-2.737712757953E-1));
#4097=CARTESIAN_POINT('',(-3.755486387246E0,9.177751832470E-1,
-8.971611941599E-1));
#4098=CARTESIAN_POINT('',(-3.799972220641E0,3.022477404352E-1,
-1.247320420256E0));
#4099=CARTESIAN_POINT('',(-3.844458054035E0,-4.052924366554E-1,
-1.217749212888E0));
#4100=CARTESIAN_POINT('',(-3.888943887429E0,-9.894413886673E-1,
-8.174217219845E-1));
#4101=CARTESIAN_POINT('',(-3.933429720823E0,-1.272349109535E0,
-1.682275210732E-1));
#4102=CARTESIAN_POINT('',(-3.977915554217E0,-1.167883598050E0,
5.321848743291E-1));
#4103=CARTESIAN_POINT('',(-4.022401387611E0,-7.078497299610E-1,
1.070570663190E0));
#4104=CARTESIAN_POINT('',(-4.066887221005E0,-3.230729358042E-2,
1.283015604886E0));
#4105=CARTESIAN_POINT('',(-4.111373054399E0,6.530712715701E-1,
1.104839677652E0));
#4106=CARTESIAN_POINT('',(-4.155858887794E0,1.139618846573E0,
5.902894919723E-1));
#4107=CARTESIAN_POINT('',(-4.200344721188E0,1.279203459870E0,
-1.039774400867E-1));
#4108=CARTESIAN_POINT('',(-4.244830554582E0,1.029327840266E0,
-7.665878925433E-1));
#4109=CARTESIAN_POINT('',(-4.289316387976E0,4.660679366930E-1,
-1.195806622389E0));
#4110=CARTESIAN_POINT('',(-4.333802221370E0,-2.390888056897E-1,
-1.260955725928E0));
#4111=CARTESIAN_POINT('',(-4.378288054764E0,-8.714537015395E-1,
-9.422002153635E-1));
#4112=CARTESIAN_POINT('',(-4.422773888158E0,-1.238499926700E0,
-3.365868852478E-1));
#4113=CARTESIAN_POINT('',(-4.467259721552E0,-1.228478324141E0,
3.715020953908E-1));
#4114=CARTESIAN_POINT('',(-4.511745554947E0,-8.444400235448E-1,
9.664853058251E-1));
#4115=CARTESIAN_POINT('',(-4.556231388341E0,-2.033075088917E-1,
1.267216972984E0));
#4116=CARTESIAN_POINT('',(-4.600717221735E0,4.997230481360E-1,
1.182137756337E0));
#4117=CARTESIAN_POINT('',(-4.645203055129E0,1.050610289745E0,
7.371504718487E-1));
#4118=CARTESIAN_POINT('',(-4.689688888523E0,1.281633695820E0,
6.773384189482E-2));
#4119=CARTESIAN_POINT('',(-4.734174721917E0,1.122456962251E0,
-6.223047107190E-1));
#4120=CARTESIAN_POINT('',(-4.778660555311E0,6.215423251893E-1,
-1.122879324351E0));
#4121=CARTESIAN_POINT('',(-4.823146388705E0,-6.860426803596E-2,
-1.281587378913E0));
#4122=CARTESIAN_POINT('',(-4.867632222100E0,-7.378634800956E-1,
-1.050109526631E0));
#4123=CARTESIAN_POINT('',(-4.912118055494E0,-1.182477948824E0,
-4.989198384955E-1));
#4124=CARTESIAN_POINT('',(-4.956603888888E0,-1.267074503991E0,
2.041669138732E-1));
#4125=CARTESIAN_POINT('',(-5.001089722282E0,-9.659269588323E-1,
8.451003523200E-1));
#4126=CARTESIAN_POINT('',(-5.045575555676E0,-3.706105022336E-1,
1.228714730605E0));
#4127=CARTESIAN_POINT('',(-5.075232777939E0,1.012726612479E-1,
1.235124429504E0));
#4128=CARTESIAN_POINT('',(-5.090061389070E0,3.203059284298E-1,
1.175438038827E0));
#4129=CARTESIAN_POINT('',(-3.610170975171E0,1.238787740484E0,
4.438099335464E-1));
#4130=CARTESIAN_POINT('',(-3.624999586302E0,1.321488092643E0,
2.129719674602E-1));
#4131=CARTESIAN_POINT('',(-3.654656808565E0,1.354288708332E0,
-2.957013762762E-1));
#4132=CARTESIAN_POINT('',(-3.699142641959E0,9.912923991382E-1,
-9.690271526258E-1));
#4133=CARTESIAN_POINT('',(-3.743628475353E0,3.264589119637E-1,
-1.347235438983E0));
#4134=CARTESIAN_POINT('',(-3.788114308747E0,-4.377578727541E-1,
-1.315295467591E0));
#4135=CARTESIAN_POINT('',(-3.832600142141E0,-1.068699334960E0,
-8.829002512653E-1));
#4136=CARTESIAN_POINT('',(-3.877085975535E0,-1.374269019642E0,
-1.817031730753E-1));
#4137=CARTESIAN_POINT('',(-3.921571808929E0,-1.261435430983E0,
5.748148680512E-1));
#4138=CARTESIAN_POINT('',(-3.966057642324E0,-7.645511339279E-1,
1.156327367020E0));
#4139=CARTESIAN_POINT('',(-4.010543475718E0,-3.489522831692E-2,
1.385789941061E0));
#4140=CARTESIAN_POINT('',(-4.055029309112E0,7.053847166717E-1,
1.193341457380E0));
#4141=CARTESIAN_POINT('',(-4.099515142506E0,1.230906567473E0,
6.375738823239E-1));
#4142=CARTESIAN_POINT('',(-4.144000975900E0,1.381672429008E0,
-1.123064209201E-1));
#4143=CARTESIAN_POINT('',(-4.188486809294E0,1.111780840126E0,
-8.279944424528E-1));
#4144=CARTESIAN_POINT('',(-4.232972642688E0,5.034017170646E-1,
-1.291595193738E0));
#4145=CARTESIAN_POINT('',(-4.277458476082E0,-2.582407109339E-1,
-1.361962983505E0));
#4146=CARTESIAN_POINT('',(-4.321944309477E0,-9.412603939461E-1,
-1.017673967444E0));
#4147=CARTESIAN_POINT('',(-4.366430142871E0,-1.337708390989E0,
-3.635487503762E-1));
#4148=CARTESIAN_POINT('',(-4.410915976265E0,-1.326884020680E0,
4.012607991011E-1));
#4149=CARTESIAN_POINT('',(-4.455401809659E0,-9.120828195708E-1,
1.043904384245E0));
#4150=CARTESIAN_POINT('',(-4.499887643053E0,-2.195931987822E-1,
1.368725779807E0));
#4151=CARTESIAN_POINT('',(-4.544373476447E0,5.397527284828E-1,
1.276831400524E0));
#4152=CARTESIAN_POINT('',(-4.588859309841E0,1.134768093201E0,
7.961989745458E-1));
#4153=CARTESIAN_POINT('',(-4.633345143235E0,1.384297335924E0,
7.315957530821E-2));
#4154=CARTESIAN_POINT('',(-4.677830976630E0,1.212369952195E0,
-6.721536395234E-1));
#4155=CARTESIAN_POINT('',(-4.722316810024E0,6.713301840687E-1,
-1.212826147076E0));
#4156=CARTESIAN_POINT('',(-4.766802643418E0,-7.409972583033E-2,
-1.384247308860E0));
#4157=CARTESIAN_POINT('',(-4.811288476812E0,-7.969690974130E-1,
-1.134227217094E0));
#4158=CARTESIAN_POINT('',(-4.855774310206E0,-1.277198843698E0,
-5.388851787538E-1));
#4159=CARTESIAN_POINT('',(-4.900260143600E0,-1.368571898518E0,
2.205214453086E-1));
#4160=CARTESIAN_POINT('',(-4.944745976994E0,-1.043301311576E0,
9.127960431443E-1));
#4161=CARTESIAN_POINT('',(-4.989231810388E0,-4.002977860059E-1,
1.327139364184E0));
#4162=CARTESIAN_POINT('',(-5.018889032651E0,1.093849792063E-1,
1.334062503875E0));
#4163=CARTESIAN_POINT('',(-5.033717643783E0,3.459636281819E-1,
1.269595010648E0));
#4164=CARTESIAN_POINT('',(-3.553827229883E0,1.330659952799E0,
4.767242086155E-1));
#4165=CARTESIAN_POINT('',(-3.568655841014E0,1.419493610984E0,
2.287666069875E-1));
#4166=CARTESIAN_POINT('',(-3.598313063277E0,1.454726818657E0,
-3.176314767571E-1));
#4167=CARTESIAN_POINT('',(-3.642798896671E0,1.064809615030E0,
-1.040893111092E0));
#4168=CARTESIAN_POINT('',(-3.687284730065E0,3.506700834922E-1,
-1.447150457711E0));
#4169=CARTESIAN_POINT('',(-3.731770563459E0,-4.702233088528E-1,
-1.412841722294E0));
#4170=CARTESIAN_POINT('',(-3.776256396853E0,-1.147957281252E0,
-9.483787805460E-1));
#4171=CARTESIAN_POINT('',(-3.820742230248E0,-1.476188929749E0,
-1.951788250774E-1));
#4172=CARTESIAN_POINT('',(-3.865228063642E0,-1.354987263917E0,
6.174448617733E-1));
#4173=CARTESIAN_POINT('',(-3.909713897036E0,-8.212525378949E-1,
1.242084070851E0));
#4174=CARTESIAN_POINT('',(-3.954199730430E0,-3.748316305341E-2,
1.488564277237E0));
#4175=CARTESIAN_POINT('',(-3.998685563824E0,7.576981617733E-1,
1.281843237107E0));
#4176=CARTESIAN_POINT('',(-4.043171397218E0,1.322194288373E0,
6.848582726755E-1));
#4177=CARTESIAN_POINT('',(-4.087657230612E0,1.484141398146E0,
-1.206354017536E-1));
#4178=CARTESIAN_POINT('',(-4.132143064006E0,1.194233839986E0,
-8.894009923623E-1));
#4179=CARTESIAN_POINT('',(-4.176628897401E0,5.407354974363E-1,
-1.387383765086E0));
#4180=CARTESIAN_POINT('',(-4.221114730795E0,-2.773926161782E-1,
-1.462970241083E0));
#4181=CARTESIAN_POINT('',(-4.265600564189E0,-1.011067086353E0,
-1.093147719524E0));
#4182=CARTESIAN_POINT('',(-4.310086397583E0,-1.436916855278E0,
-3.905106155046E-1));
#4183=CARTESIAN_POINT('',(-4.354572230977E0,-1.425289717219E0,
4.310195028114E-1));
#4184=CARTESIAN_POINT('',(-4.399058064371E0,-9.797256155969E-1,
1.121323462666E0));
#4185=CARTESIAN_POINT('',(-4.443543897765E0,-2.358788886726E-1,
1.470234586631E0));
#4186=CARTESIAN_POINT('',(-4.488029731159E0,5.797824088297E-1,
1.371525044711E0));
#4187=CARTESIAN_POINT('',(-4.532515564554E0,1.218925896658E0,
8.552474772428E-1));
#4188=CARTESIAN_POINT('',(-4.577001397948E0,1.486960976028E0,
7.858530872161E-2));
#4189=CARTESIAN_POINT('',(-4.621487231342E0,1.302282942140E0,
-7.220025683278E-1));
#4190=CARTESIAN_POINT('',(-4.665973064736E0,7.211180429481E-1,
-1.302772969800E0));
#4191=CARTESIAN_POINT('',(-4.710458898130E0,-7.959518362472E-2,
-1.486907238807E0));
#4192=CARTESIAN_POINT('',(-4.754944731524E0,-8.560747147305E-1,
-1.218344907557E0));
#4193=CARTESIAN_POINT('',(-4.799430564918E0,-1.371919738572E0,
-5.788505190121E-1));
#4194=CARTESIAN_POINT('',(-4.843916398312E0,-1.470069293044E0,
2.368759767440E-1));
#4195=CARTESIAN_POINT('',(-4.888402231707E0,-1.120675664319E0,
9.804917339686E-1));
#4196=CARTESIAN_POINT('',(-4.932888065101E0,-4.299850697783E-1,
1.425563997762E0));
#4197=CARTESIAN_POINT('',(-4.962545287363E0,1.174972971647E-1,
1.433000578247E0));
#4198=CARTESIAN_POINT('',(-4.977373898495E0,3.716213279339E-1,
1.363751982469E0));
#4199=CARTESIAN_POINT('',(-3.497483484595E0,1.422532165115E0,
5.096384836847E-1));
#4200=CARTESIAN_POINT('',(-3.512312095727E0,1.517499129324E0,
2.445612465148E-1));
#4201=CARTESIAN_POINT('',(-3.541969317989E0,1.555164928983E0,
-3.395615772380E-1));
#4202=CARTESIAN_POINT('',(-3.586455151383E0,1.138326830921E0,
-1.112759069558E0));
#4203=CARTESIAN_POINT('',(-3.630940984778E0,3.748812550208E-1,
-1.547065476438E0));
#4204=CARTESIAN_POINT('',(-3.675426818172E0,-5.026887449515E-1,
-1.510387976997E0));
#4205=CARTESIAN_POINT('',(-3.719912651566E0,-1.227215227545E0,
-1.013857309827E0));
#4206=CARTESIAN_POINT('',(-3.764398484960E0,-1.578108839856E0,
-2.086544770794E-1));
#4207=CARTESIAN_POINT('',(-3.808884318354E0,-1.448539096850E0,
6.600748554954E-1));
#4208=CARTESIAN_POINT('',(-3.853370151748E0,-8.779539418618E-1,
1.327840774681E0));
#4209=CARTESIAN_POINT('',(-3.897855985142E0,-4.007109778990E-2,
1.591338613412E0));
#4210=CARTESIAN_POINT('',(-3.942341818536E0,8.100116068749E-1,
1.370345016835E0));
#4211=CARTESIAN_POINT('',(-3.986827651931E0,1.413482009273E0,
7.321426630271E-1));
#4212=CARTESIAN_POINT('',(-4.031313485325E0,1.586610367285E0,
-1.289643825870E-1));
#4213=CARTESIAN_POINT('',(-4.075799318719E0,1.276686839846E0,
-9.508075422718E-1));
#4214=CARTESIAN_POINT('',(-4.120285152113E0,5.780692778079E-1,
-1.483172336435E0));
#4215=CARTESIAN_POINT('',(-4.164770985507E0,-2.965445214224E-1,
-1.563977498660E0));
#4216=CARTESIAN_POINT('',(-4.209256818901E0,-1.080873778759E0,
-1.168621471604E0));
#4217=CARTESIAN_POINT('',(-4.253742652295E0,-1.536125319567E0,
-4.174724806331E-1));
#4218=CARTESIAN_POINT('',(-4.298228485689E0,-1.523695413757E0,
4.607782065217E-1));
#4219=CARTESIAN_POINT('',(-4.342714319084E0,-1.047368411623E0,
1.198742541086E0));
#4220=CARTESIAN_POINT('',(-4.387200152478E0,-2.521645785631E-1,
1.571743393455E0));
#4221=CARTESIAN_POINT('',(-4.431685985872E0,6.198120891765E-1,
1.466218688898E0));
#4222=CARTESIAN_POINT('',(-4.476171819266E0,1.303083700114E0,
9.142959799399E-1));
#4223=CARTESIAN_POINT('',(-4.520657652660E0,1.589624616132E0,
8.401104213500E-2));
#4224=CARTESIAN_POINT('',(-4.565143486054E0,1.392195932084E0,
-7.718514971321E-1));
#4225=CARTESIAN_POINT('',(-4.609629319448E0,7.709059018275E-1,
-1.392719792524E0));
#4226=CARTESIAN_POINT('',(-4.654115152842E0,-8.509064141910E-2,
-1.589567168753E0));
#4227=CARTESIAN_POINT('',(-4.698600986237E0,-9.151803320480E-1,
-1.302462598020E0));
#4228=CARTESIAN_POINT('',(-4.743086819631E0,-1.466640633446E0,
-6.188158592704E-1));
#4229=CARTESIAN_POINT('',(-4.787572653025E0,-1.571566687570E0,
2.532305081795E-1));
#4230=CARTESIAN_POINT('',(-4.832058486419E0,-1.198050017062E0,
1.048187424793E0));
#4231=CARTESIAN_POINT('',(-4.876544319813E0,-4.596723535507E-1,
1.523988631341E0));
#4232=CARTESIAN_POINT('',(-4.906201542076E0,1.256096151231E-1,
1.531938652618E0));
#4233=CARTESIAN_POINT('',(-4.921030153207E0,3.972790276860E-1,
1.457908954291E0));
#4234=B_SPLINE_SURFACE_WITH_KNOTS('',3,3,((#4094,#4095,#4096,#4097,#4098,#4099,
#4100,#4101,#4102,#4103,#4104,#4105,#4106,#4107,#4108,#4109,#4110,#4111,#4112,
#4113,#4114,#4115,#4116,#4117,#4118,#4119,#4120,#4121,#4122,#4123,#4124,#4125,
#4126,#4127,#4128),(#4129,#4130,#4131,#4132,#4133,#4134,#4135,#4136,#4137,#4138,
#4139,#4140,#4141,#4142,#4143,#4144,#4145,#4146,#4147,#4148,#4149,#4150,#4151,
#4152,#4153,#4154,#4155,#4156,#4157,#4158,#4159,#4160,#4161,#4162,#4163),(#4164,
#4165,#4166,#4167,#4168,#4169,#4170,#4171,#4172,#4173,#4174,#4175,#4176,#4177,
#4178,#4179,#4180,#4181,#4182,#4183,#4184,#4185,#4186,#4187,#4188,#4189,#4190,
#4191,#4192,#4193,#4194,#4195,#4196,#4197,#4198),(#4199,#4200,#4201,#4202,#4203,
#4204,#4205,#4206,#4207,#4208,#4209,#4210,#4211,#4212,#4213,#4214,#4215,#4216,
#4217,#4218,#4219,#4220,#4221,#4222,#4223,#4224,#4225,#4226,#4227,#4228,#4229,
#4230,#4231,#4232,#4233)),.UNSPECIFIED.,.F.,.F.,.F.,(4,4),(4,1,1,1,1,1,1,1,1,1,
1,1,1,1,1,1,1,1,1,1,1,1,1,1,1,1,1,1,1,1,1,1,4),(-2.049015172689E-2,
1.040097994864E0),(-1.368794873665E-2,8.554967960409E-3,3.079788465747E-2,
5.304080135453E-2,7.528371805160E-2,9.752663474866E-2,1.197695514457E-1,
1.420124681428E-1,1.642553848398E-1,1.864983015369E-1,2.087412182340E-1,
2.309841349310E-1,2.532270516281E-1,2.754699683252E-1,2.977128850222E-1,
3.199558017193E-1,3.421987184163E-1,3.644416351134E-1,3.866845518105E-1,
4.089274685075E-1,4.311703852046E-1,4.534133019017E-1,4.756562185987E-1,
4.978991352958E-1,5.201420519928E-1,5.423849686899E-1,5.646278853870E-1,
5.868708020840E-1,6.091137187811E-1,6.313566354782E-1,6.535995521752E-1,
6.758424688723E-1,6.980853855693E-1),.UNSPECIFIED.);
#4235=ORIENTED_EDGE('',*,*,#4086,.F.);
#4236=ORIENTED_EDGE('',*,*,#4075,.F.);
#4237=ORIENTED_EDGE('',*,*,#2926,.F.);
#4238=ORIENTED_EDGE('',*,*,#2649,.T.);
#4239=ORIENTED_EDGE('',*,*,#2915,.T.);
#4241=ORIENTED_EDGE('',*,*,#4240,.T.);
#4243=ORIENTED_EDGE('',*,*,#4242,.T.);
#4244=ORIENTED_EDGE('',*,*,#4069,.F.);
#4245=EDGE_LOOP('',(#4235,#4236,#4237,#4238,#4239,#4241,#4243,#4244));
#4246=FACE_OUTER_BOUND('',#4245,.F.);
#4248=CARTESIAN_POINT('',(-1.653890617931E0,1.067602839E0,5.869196274344E-1));
#4249=CARTESIAN_POINT('',(-1.664723951265E0,1.147503542558E0,
4.415807872097E-1));
#4250=CARTESIAN_POINT('',(-1.686390617931E0,1.247074348683E0,
1.178944206292E-1));
#4251=CARTESIAN_POINT('',(-1.718890617931E0,1.191332481132E0,
-3.870897283880E-1));
#4252=CARTESIAN_POINT('',(-1.751390617931E0,9.396183004072E-1,
-8.283845699010E-1));
#4253=CARTESIAN_POINT('',(-1.783890617931E0,5.333480514731E-1,
-1.133422268894E0));
#4254=CARTESIAN_POINT('',(-1.816390617931E0,3.934632594188E-2,
-1.252021296502E0));
#4255=CARTESIAN_POINT('',(-1.848890617931E0,-4.611273303366E-1,
-1.164674723639E0));
#4256=CARTESIAN_POINT('',(-1.881390617931E0,-8.857498539557E-1,
-8.857498478562E-1));
#4257=CARTESIAN_POINT('',(-1.913890617931E0,-1.164674708370E0,
-4.611273394663E-1));
#4258=CARTESIAN_POINT('',(-1.946390617931E0,-1.252021351476E0,
3.934635636113E-2));
#4259=CARTESIAN_POINT('',(-1.978890617931E0,-1.133422064267E0,
5.333479389258E-1));
#4260=CARTESIAN_POINT('',(-2.011390617931E0,-8.283853334339E-1,
9.396187201771E-1));
#4261=CARTESIAN_POINT('',(-2.043890617931E0,-3.870868788833E-1,
1.191330914599E0));
#4262=CARTESIAN_POINT('',(-2.076390617931E0,1.178837861431E-1,
1.247080195042E0));
#4263=CARTESIAN_POINT('',(-2.108890617931E0,6.034636589398E-1,
1.097696320590E0));
#4264=CARTESIAN_POINT('',(-2.141390617931E0,9.897793427041E-1,
7.677515565958E-1));
#4265=CARTESIAN_POINT('',(-2.173890617931E0,1.213285481407E0,
3.115187642930E-1));
#4266=CARTESIAN_POINT('',(-2.206390617931E0,1.237217382968E0,
-1.959559827612E-1));
#4267=CARTESIAN_POINT('',(-2.238890617931E0,1.057638470985E0,
-6.711977835121E-1));
#4268=CARTESIAN_POINT('',(-2.271390617931E0,7.040878151272E-1,
-1.036033758373E0));
#4269=CARTESIAN_POINT('',(-2.303890617931E0,2.347212274565E-1,
-1.230451764711E0));
#4270=CARTESIAN_POINT('',(-2.336390617931E0,-2.732548306384E-1,
-1.222471839116E0));
#4271=CARTESIAN_POINT('',(-2.368890617931E0,-7.362829970742E-1,
-1.013406605523E0));
#4272=CARTESIAN_POINT('',(-2.401390617931E0,-1.078199422116E0,
-6.376453607194E-1));
#4273=CARTESIAN_POINT('',(-2.433890617931E0,-1.242762017040E0,
-1.569973531691E-1));
#4274=CARTESIAN_POINT('',(-2.466390617931E0,-1.202901757409E0,
3.494752665373E-1));
#4275=CARTESIAN_POINT('',(-2.498890617931E0,-9.651752871711E-1,
7.984624380226E-1));
#4276=CARTESIAN_POINT('',(-2.531390617931E0,-5.686864113854E-1,
1.116109925323E0));
#4277=CARTESIAN_POINT('',(-2.563890617931E0,-7.865388205399E-2,
1.250167655451E0));
#4278=CARTESIAN_POINT('',(-2.596390617931E0,4.243164832193E-1,
1.178584372019E0));
#4279=CARTESIAN_POINT('',(-2.628890617931E0,8.574907125109E-1,
9.131348629072E-1));
#4280=CARTESIAN_POINT('',(-2.661390617931E0,1.149615652557E0,
4.974831165937E-1));
#4281=CARTESIAN_POINT('',(-2.693890617931E0,1.252639453274E0,0.E0));
#4282=CARTESIAN_POINT('',(-2.726390617931E0,1.149615652557E0,
-4.974831165937E-1));
#4283=CARTESIAN_POINT('',(-2.758890617931E0,8.574907125109E-1,
-9.131348629072E-1));
#4284=CARTESIAN_POINT('',(-2.791390617931E0,4.243164832193E-1,
-1.178584372019E0));
#4285=CARTESIAN_POINT('',(-2.823890617931E0,-7.865388205400E-2,
-1.250167655451E0));
#4286=CARTESIAN_POINT('',(-2.856390617931E0,-5.686864113854E-1,
-1.116109925323E0));
#4287=CARTESIAN_POINT('',(-2.888890617931E0,-9.651752871711E-1,
-7.984624380226E-1));
#4288=CARTESIAN_POINT('',(-2.921390617931E0,-1.202901757409E0,
-3.494752665373E-1));
#4289=CARTESIAN_POINT('',(-2.953890617931E0,-1.242762017040E0,
1.569973531691E-1));
#4290=CARTESIAN_POINT('',(-2.986390617931E0,-1.078199422116E0,
6.376453607194E-1));
#4291=CARTESIAN_POINT('',(-3.018890617931E0,-7.362829970742E-1,
1.013406605523E0));
#4292=CARTESIAN_POINT('',(-3.051390617931E0,-2.732548306384E-1,
1.222471839116E0));
#4293=CARTESIAN_POINT('',(-3.083890617931E0,2.347212274565E-1,
1.230451764711E0));
#4294=CARTESIAN_POINT('',(-3.116390617931E0,7.040878151272E-1,
1.036033758373E0));
#4295=CARTESIAN_POINT('',(-3.148890617931E0,1.057638470985E0,
6.711977835121E-1));
#4296=CARTESIAN_POINT('',(-3.181390617931E0,1.237217382968E0,
1.959559827612E-1));
#4297=CARTESIAN_POINT('',(-3.213890617931E0,1.213285481407E0,
-3.115187642930E-1));
#4298=CARTESIAN_POINT('',(-3.246390617931E0,9.897793427040E-1,
-7.677515565958E-1));
#4299=CARTESIAN_POINT('',(-3.278890617931E0,6.034636589398E-1,
-1.097696320590E0));
#4300=CARTESIAN_POINT('',(-3.311390617931E0,1.178837861431E-1,
-1.247080195042E0));
#4301=CARTESIAN_POINT('',(-3.343890617931E0,-3.870868788833E-1,
-1.191330914599E0));
#4302=CARTESIAN_POINT('',(-3.376390617931E0,-8.283853334339E-1,
-9.396187201771E-1));
#4303=CARTESIAN_POINT('',(-3.408890617931E0,-1.133422064267E0,
-5.333479389258E-1));
#4304=CARTESIAN_POINT('',(-3.441390617931E0,-1.252021351476E0,
-3.934635636112E-2));
#4305=CARTESIAN_POINT('',(-3.473890617931E0,-1.164674708370E0,
4.611273394663E-1));
#4306=CARTESIAN_POINT('',(-3.506390617931E0,-8.857498539557E-1,
8.857498478562E-1));
#4307=CARTESIAN_POINT('',(-3.538890617931E0,-4.611273303366E-1,
1.164674723639E0));
#4308=CARTESIAN_POINT('',(-3.571390617931E0,3.934632594189E-2,
1.252021296502E0));
#4309=CARTESIAN_POINT('',(-3.603890617931E0,5.333480514731E-1,
1.133422268894E0));
#4310=CARTESIAN_POINT('',(-3.636390617931E0,9.396183004072E-1,
8.283845699010E-1));
#4311=CARTESIAN_POINT('',(-3.668890617931E0,1.191332481132E0,
3.870897283880E-1));
#4312=CARTESIAN_POINT('',(-3.701390617931E0,1.247074348683E0,
-1.178944206292E-1));
#4313=CARTESIAN_POINT('',(-3.723057284598E0,1.147503542558E0,
-4.415807872097E-1));
#4314=CARTESIAN_POINT('',(-3.733890617931E0,1.067602839E0,-5.869196274344E-1));
#4315=CARTESIAN_POINT('',(-1.597546872644E0,1.153121809041E0,
6.339340790654E-1));
#4316=CARTESIAN_POINT('',(-1.608380205977E0,1.239422857020E0,
4.769530555597E-1));
#4317=CARTESIAN_POINT('',(-1.630046872644E0,1.346969656159E0,
1.273382035207E-1));
#4318=CARTESIAN_POINT('',(-1.662546872644E0,1.286762657075E0,
-4.180970596502E-1));
#4319=CARTESIAN_POINT('',(-1.695046872644E0,1.014885231468E0,
-8.947412641962E-1));
#4320=CARTESIAN_POINT('',(-1.727546872644E0,5.760712200236E-1,
-1.224213620806E0));
#4321=CARTESIAN_POINT('',(-1.760046872644E0,4.249811342928E-2,
-1.352312872953E0));
#4322=CARTESIAN_POINT('',(-1.792546872644E0,-4.980653497084E-1,
-1.257969513761E0));
#4323=CARTESIAN_POINT('',(-1.825046872644E0,-9.567017215019E-1,
-9.567017149138E-1));
#4324=CARTESIAN_POINT('',(-1.857546872644E0,-1.257969497270E0,
-4.980653595694E-1));
#4325=CARTESIAN_POINT('',(-1.890046872644E0,-1.352312932330E0,
4.249814628522E-2));
#4326=CARTESIAN_POINT('',(-1.922546872644E0,-1.224213399788E0,
5.760710984609E-1));
#4327=CARTESIAN_POINT('',(-1.955046872644E0,-8.947420888909E-1,
1.014885684863E0));
#4328=CARTESIAN_POINT('',(-1.987546872644E0,-4.180939818895E-1,
1.286760965058E0));
#4329=CARTESIAN_POINT('',(-2.020046872644E0,1.273267171725E-1,
1.346975970834E0));
#4330=CARTESIAN_POINT('',(-2.052546872644E0,6.518033492111E-1,
1.185625890769E0));
#4331=CARTESIAN_POINT('',(-2.085046872644E0,1.069064360376E0,
8.292513203369E-1));
#4332=CARTESIAN_POINT('',(-2.117546872644E0,1.310474174567E0,
3.364725794176E-1));
#4333=CARTESIAN_POINT('',(-2.150046872644E0,1.336323110720E0,
-2.116527879841E-1));
#4334=CARTESIAN_POINT('',(-2.182546872644E0,1.142359257977E0,
-7.249632298403E-1));
#4335=CARTESIAN_POINT('',(-2.215046872644E0,7.604878756823E-1,
-1.119023927289E0));
#4336=CARTESIAN_POINT('',(-2.247546872644E0,2.535232733912E-1,
-1.329015541201E0));
#4337=CARTESIAN_POINT('',(-2.280046872644E0,-2.951435619357E-1,
-1.320396393798E0));
#4338=CARTESIAN_POINT('',(-2.312546872644E0,-7.952620118058E-1,
-1.094584255087E0));
#4339=CARTESIAN_POINT('',(-2.345046872644E0,-1.164567217995E0,
-6.887231328163E-1));
#4340=CARTESIAN_POINT('',(-2.377546872644E0,-1.342311890665E0,
-1.695734268285E-1));
#4341=CARTESIAN_POINT('',(-2.410046872644E0,-1.299258675541E0,
3.774695390865E-1));
#4342=CARTESIAN_POINT('',(-2.442546872644E0,-1.042489428210E0,
8.624222579314E-1));
#4343=CARTESIAN_POINT('',(-2.475046872644E0,-6.142403143928E-1,
1.205514493932E0));
#4344=CARTESIAN_POINT('',(-2.507546872644E0,-8.495435142078E-2,
1.350310748339E0));
#4345=CARTESIAN_POINT('',(-2.540046872644E0,4.583058164160E-1,
1.272993376866E0));
#4346=CARTESIAN_POINT('',(-2.572546872644E0,9.261789174081E-1,
9.862803718287E-1));
#4347=CARTESIAN_POINT('',(-2.605046872644E0,1.241704154909E0,
5.373333700681E-1));
#4348=CARTESIAN_POINT('',(-2.637546872644E0,1.352980546389E0,0.E0));
#4349=CARTESIAN_POINT('',(-2.670046872644E0,1.241704154909E0,
-5.373333700681E-1));
#4350=CARTESIAN_POINT('',(-2.702546872644E0,9.261789174081E-1,
-9.862803718287E-1));
#4351=CARTESIAN_POINT('',(-2.735046872644E0,4.583058164160E-1,
-1.272993376866E0));
#4352=CARTESIAN_POINT('',(-2.767546872644E0,-8.495435142080E-2,
-1.350310748339E0));
#4353=CARTESIAN_POINT('',(-2.800046872644E0,-6.142403143928E-1,
-1.205514493932E0));
#4354=CARTESIAN_POINT('',(-2.832546872644E0,-1.042489428210E0,
-8.624222579314E-1));
#4355=CARTESIAN_POINT('',(-2.865046872644E0,-1.299258675541E0,
-3.774695390865E-1));
#4356=CARTESIAN_POINT('',(-2.897546872644E0,-1.342311890665E0,
1.695734268285E-1));
#4357=CARTESIAN_POINT('',(-2.930046872644E0,-1.164567217995E0,
6.887231328163E-1));
#4358=CARTESIAN_POINT('',(-2.962546872644E0,-7.952620118058E-1,
1.094584255087E0));
#4359=CARTESIAN_POINT('',(-2.995046872644E0,-2.951435619357E-1,
1.320396393798E0));
#4360=CARTESIAN_POINT('',(-3.027546872644E0,2.535232733912E-1,
1.329015541201E0));
#4361=CARTESIAN_POINT('',(-3.060046872644E0,7.604878756823E-1,
1.119023927289E0));
#4362=CARTESIAN_POINT('',(-3.092546872644E0,1.142359257977E0,
7.249632298403E-1));
#4363=CARTESIAN_POINT('',(-3.125046872644E0,1.336323110720E0,
2.116527879841E-1));
#4364=CARTESIAN_POINT('',(-3.157546872644E0,1.310474174567E0,
-3.364725794176E-1));
#4365=CARTESIAN_POINT('',(-3.190046872644E0,1.069064360376E0,
-8.292513203369E-1));
#4366=CARTESIAN_POINT('',(-3.222546872644E0,6.518033492111E-1,
-1.185625890769E0));
#4367=CARTESIAN_POINT('',(-3.255046872644E0,1.273267171725E-1,
-1.346975970834E0));
#4368=CARTESIAN_POINT('',(-3.287546872644E0,-4.180939818895E-1,
-1.286760965058E0));
#4369=CARTESIAN_POINT('',(-3.320046872644E0,-8.947420888909E-1,
-1.014885684863E0));
#4370=CARTESIAN_POINT('',(-3.352546872644E0,-1.224213399788E0,
-5.760710984609E-1));
#4371=CARTESIAN_POINT('',(-3.385046872644E0,-1.352312932330E0,
-4.249814628521E-2));
#4372=CARTESIAN_POINT('',(-3.417546872644E0,-1.257969497270E0,
4.980653595694E-1));
#4373=CARTESIAN_POINT('',(-3.450046872644E0,-9.567017215019E-1,
9.567017149138E-1));
#4374=CARTESIAN_POINT('',(-3.482546872644E0,-4.980653497084E-1,
1.257969513761E0));
#4375=CARTESIAN_POINT('',(-3.515046872644E0,4.249811342929E-2,
1.352312872953E0));
#4376=CARTESIAN_POINT('',(-3.547546872644E0,5.760712200236E-1,
1.224213620806E0));
#4377=CARTESIAN_POINT('',(-3.580046872644E0,1.014885231468E0,
8.947412641962E-1));
#4378=CARTESIAN_POINT('',(-3.612546872644E0,1.286762657075E0,
4.180970596502E-1));
#4379=CARTESIAN_POINT('',(-3.645046872644E0,1.346969656159E0,
-1.273382035207E-1));
#4380=CARTESIAN_POINT('',(-3.666713539310E0,1.239422857020E0,
-4.769530555597E-1));
#4381=CARTESIAN_POINT('',(-3.677546872644E0,1.153121809041E0,
-6.339340790654E-1));
#4382=CARTESIAN_POINT('',(-1.541203127356E0,1.238640779083E0,
6.809485306964E-1));
#4383=CARTESIAN_POINT('',(-1.552036460690E0,1.331342171481E0,
5.123253239096E-1));
#4384=CARTESIAN_POINT('',(-1.573703127356E0,1.446864963636E0,
1.367819864121E-1));
#4385=CARTESIAN_POINT('',(-1.606203127356E0,1.382192833018E0,
-4.491043909125E-1));
#4386=CARTESIAN_POINT('',(-1.638703127356E0,1.090152162528E0,
-9.610979584914E-1));
#4387=CARTESIAN_POINT('',(-1.671203127356E0,6.187943885741E-1,
-1.315004972718E0));
#4388=CARTESIAN_POINT('',(-1.703703127356E0,4.564990091667E-2,
-1.452604449404E0));
#4389=CARTESIAN_POINT('',(-1.736203127356E0,-5.350033690802E-1,
-1.351264303884E0));
#4390=CARTESIAN_POINT('',(-1.768703127356E0,-1.027653589048E0,
-1.027653581971E0));
#4391=CARTESIAN_POINT('',(-1.801203127356E0,-1.351264286170E0,
-5.350033796725E-1));
#4392=CARTESIAN_POINT('',(-1.833703127356E0,-1.452604513185E0,
4.564993620931E-2));
#4393=CARTESIAN_POINT('',(-1.866203127356E0,-1.315004735308E0,
6.187942579959E-1));
#4394=CARTESIAN_POINT('',(-1.898703127356E0,-9.610988443479E-1,
1.090152649548E0));
#4395=CARTESIAN_POINT('',(-1.931203127356E0,-4.491010848958E-1,
1.382191015516E0));
#4396=CARTESIAN_POINT('',(-1.963703127356E0,1.367696482020E-1,
1.446871746625E0));
#4397=CARTESIAN_POINT('',(-1.996203127356E0,7.001430394823E-1,
1.273555460948E0));
#4398=CARTESIAN_POINT('',(-2.028703127356E0,1.148349378047E0,
8.907510840780E-1));
#4399=CARTESIAN_POINT('',(-2.061203127356E0,1.407662867726E0,
3.614263945422E-1));
#4400=CARTESIAN_POINT('',(-2.093703127356E0,1.435428838472E0,
-2.273495932070E-1));
#4401=CARTESIAN_POINT('',(-2.126203127356E0,1.227080044969E0,
-7.787286761685E-1));
#4402=CARTESIAN_POINT('',(-2.158703127356E0,8.168879362374E-1,
-1.202014096206E0));
#4403=CARTESIAN_POINT('',(-2.191203127356E0,2.723253193259E-1,
-1.427579317692E0));
#4404=CARTESIAN_POINT('',(-2.223703127356E0,-3.170322932329E-1,
-1.418320948479E0));
#4405=CARTESIAN_POINT('',(-2.256203127356E0,-8.542410265374E-1,
-1.175761904651E0));
#4406=CARTESIAN_POINT('',(-2.288703127356E0,-1.250935013874E0,
-7.398009049132E-1));
#4407=CARTESIAN_POINT('',(-2.321203127356E0,-1.441861764289E0,
-1.821495004879E-1));
#4408=CARTESIAN_POINT('',(-2.353703127356E0,-1.395615593672E0,
4.054638116357E-1));
#4409=CARTESIAN_POINT('',(-2.386203127356E0,-1.119803569250E0,
9.263820778401E-1));
#4410=CARTESIAN_POINT('',(-2.418703127356E0,-6.597942174002E-1,
1.294919062541E0));
#4411=CARTESIAN_POINT('',(-2.451203127356E0,-9.125482078758E-2,
1.450453841227E0));
#4412=CARTESIAN_POINT('',(-2.483703127356E0,4.922951496127E-1,
1.367402381713E0));
#4413=CARTESIAN_POINT('',(-2.516203127356E0,9.948671223053E-1,
1.059425880750E0));
#4414=CARTESIAN_POINT('',(-2.548703127356E0,1.333792657260E0,
5.771836235425E-1));
#4415=CARTESIAN_POINT('',(-2.581203127356E0,1.453321639503E0,0.E0));
#4416=CARTESIAN_POINT('',(-2.613703127356E0,1.333792657260E0,
-5.771836235425E-1));
#4417=CARTESIAN_POINT('',(-2.646203127356E0,9.948671223053E-1,
-1.059425880750E0));
#4418=CARTESIAN_POINT('',(-2.678703127356E0,4.922951496127E-1,
-1.367402381713E0));
#4419=CARTESIAN_POINT('',(-2.711203127356E0,-9.125482078759E-2,
-1.450453841227E0));
#4420=CARTESIAN_POINT('',(-2.743703127356E0,-6.597942174003E-1,
-1.294919062541E0));
#4421=CARTESIAN_POINT('',(-2.776203127356E0,-1.119803569250E0,
-9.263820778401E-1));
#4422=CARTESIAN_POINT('',(-2.808703127356E0,-1.395615593672E0,
-4.054638116357E-1));
#4423=CARTESIAN_POINT('',(-2.841203127356E0,-1.441861764289E0,
1.821495004879E-1));
#4424=CARTESIAN_POINT('',(-2.873703127356E0,-1.250935013874E0,
7.398009049132E-1));
#4425=CARTESIAN_POINT('',(-2.906203127356E0,-8.542410265374E-1,
1.175761904651E0));
#4426=CARTESIAN_POINT('',(-2.938703127356E0,-3.170322932329E-1,
1.418320948479E0));
#4427=CARTESIAN_POINT('',(-2.971203127356E0,2.723253193260E-1,
1.427579317692E0));
#4428=CARTESIAN_POINT('',(-3.003703127356E0,8.168879362374E-1,
1.202014096206E0));
#4429=CARTESIAN_POINT('',(-3.036203127356E0,1.227080044969E0,
7.787286761685E-1));
#4430=CARTESIAN_POINT('',(-3.068703127356E0,1.435428838472E0,
2.273495932070E-1));
#4431=CARTESIAN_POINT('',(-3.101203127356E0,1.407662867726E0,
-3.614263945422E-1));
#4432=CARTESIAN_POINT('',(-3.133703127356E0,1.148349378047E0,
-8.907510840780E-1));
#4433=CARTESIAN_POINT('',(-3.166203127356E0,7.001430394823E-1,
-1.273555460948E0));
#4434=CARTESIAN_POINT('',(-3.198703127356E0,1.367696482020E-1,
-1.446871746625E0));
#4435=CARTESIAN_POINT('',(-3.231203127356E0,-4.491010848958E-1,
-1.382191015516E0));
#4436=CARTESIAN_POINT('',(-3.263703127356E0,-9.610988443479E-1,
-1.090152649548E0));
#4437=CARTESIAN_POINT('',(-3.296203127356E0,-1.315004735308E0,
-6.187942579959E-1));
#4438=CARTESIAN_POINT('',(-3.328703127356E0,-1.452604513185E0,
-4.564993620929E-2));
#4439=CARTESIAN_POINT('',(-3.361203127356E0,-1.351264286170E0,
5.350033796725E-1));
#4440=CARTESIAN_POINT('',(-3.393703127356E0,-1.027653589048E0,
1.027653581971E0));
#4441=CARTESIAN_POINT('',(-3.426203127356E0,-5.350033690802E-1,
1.351264303884E0));
#4442=CARTESIAN_POINT('',(-3.458703127356E0,4.564990091668E-2,
1.452604449404E0));
#4443=CARTESIAN_POINT('',(-3.491203127356E0,6.187943885741E-1,
1.315004972718E0));
#4444=CARTESIAN_POINT('',(-3.523703127356E0,1.090152162528E0,
9.610979584914E-1));
#4445=CARTESIAN_POINT('',(-3.556203127356E0,1.382192833018E0,
4.491043909125E-1));
#4446=CARTESIAN_POINT('',(-3.588703127356E0,1.446864963636E0,
-1.367819864122E-1));
#4447=CARTESIAN_POINT('',(-3.610369794023E0,1.331342171481E0,
-5.123253239096E-1));
#4448=CARTESIAN_POINT('',(-3.621203127356E0,1.238640779083E0,
-6.809485306964E-1));
#4449=CARTESIAN_POINT('',(-1.484859382069E0,1.324159749124E0,
7.279629823275E-1));
#4450=CARTESIAN_POINT('',(-1.495692715402E0,1.423261485943E0,
5.476975922596E-1));
#4451=CARTESIAN_POINT('',(-1.517359382069E0,1.546760271112E0,
1.462257693036E-1));
#4452=CARTESIAN_POINT('',(-1.549859382069E0,1.477623008961E0,
-4.801117221747E-1));
#4453=CARTESIAN_POINT('',(-1.582359382069E0,1.165419093588E0,
-1.027454652787E0));
#4454=CARTESIAN_POINT('',(-1.614859382069E0,6.615175571246E-1,
-1.405796324630E0));
#4455=CARTESIAN_POINT('',(-1.647359382069E0,4.880168840406E-2,
-1.552896025855E0));
#4456=CARTESIAN_POINT('',(-1.679859382069E0,-5.719413884520E-1,
-1.444559094007E0));
#4457=CARTESIAN_POINT('',(-1.712359382069E0,-1.098605456594E0,
-1.098605449029E0));
#4458=CARTESIAN_POINT('',(-1.744859382069E0,-1.444559075069E0,
-5.719413997756E-1));
#4459=CARTESIAN_POINT('',(-1.777359382069E0,-1.552896094040E0,
4.880172613339E-2));
#4460=CARTESIAN_POINT('',(-1.809859382069E0,-1.405796070829E0,
6.615174175310E-1));
#4461=CARTESIAN_POINT('',(-1.842359382069E0,-1.027455599805E0,
1.165419614234E0));
#4462=CARTESIAN_POINT('',(-1.874859382069E0,-4.801081879021E-1,
1.477621065974E0));
#4463=CARTESIAN_POINT('',(-1.907359382069E0,1.462125792315E-1,
1.546767522417E0));
#4464=CARTESIAN_POINT('',(-1.939859382069E0,7.484827297536E-1,
1.361485031127E0));
#4465=CARTESIAN_POINT('',(-1.972359382069E0,1.227634395719E0,
9.522508478191E-1));
#4466=CARTESIAN_POINT('',(-2.004859382069E0,1.504851560886E0,
3.863802096668E-1));
#4467=CARTESIAN_POINT('',(-2.037359382069E0,1.534534566223E0,
-2.430463984299E-1));
#4468=CARTESIAN_POINT('',(-2.069859382069E0,1.311800831961E0,
-8.324941224967E-1));
#4469=CARTESIAN_POINT('',(-2.102359382069E0,8.732879967925E-1,
-1.285004265122E0));
#4470=CARTESIAN_POINT('',(-2.134859382069E0,2.911273652607E-1,
-1.526143094182E0));
#4471=CARTESIAN_POINT('',(-2.167359382069E0,-3.389210245302E-1,
-1.516245503161E0));
#4472=CARTESIAN_POINT('',(-2.199859382069E0,-9.132200412689E-1,
-1.256939554214E0));
#4473=CARTESIAN_POINT('',(-2.232359382069E0,-1.337302809754E0,
-7.908786770101E-1));
#4474=CARTESIAN_POINT('',(-2.264859382069E0,-1.541411637914E0,
-1.947255741473E-1));
#4475=CARTESIAN_POINT('',(-2.297359382069E0,-1.491972511804E0,
4.334580841849E-1));
#4476=CARTESIAN_POINT('',(-2.329859382069E0,-1.197117710289E0,
9.903418977488E-1));
#4477=CARTESIAN_POINT('',(-2.362359382069E0,-7.053481204077E-1,
1.384323631150E0));
#4478=CARTESIAN_POINT('',(-2.394859382069E0,-9.755529015437E-2,
1.550596934115E0));
#4479=CARTESIAN_POINT('',(-2.427359382069E0,5.262844828094E-1,
1.461811386561E0));
#4480=CARTESIAN_POINT('',(-2.459859382069E0,1.063555327202E0,1.132571389672E0));
#4481=CARTESIAN_POINT('',(-2.492359382069E0,1.425881159612E0,
6.170338770169E-1));
#4482=CARTESIAN_POINT('',(-2.524859382069E0,1.553662732617E0,0.E0));
#4483=CARTESIAN_POINT('',(-2.557359382069E0,1.425881159612E0,
-6.170338770169E-1));
#4484=CARTESIAN_POINT('',(-2.589859382069E0,1.063555327202E0,
-1.132571389672E0));
#4485=CARTESIAN_POINT('',(-2.622359382069E0,5.262844828094E-1,
-1.461811386561E0));
#4486=CARTESIAN_POINT('',(-2.654859382069E0,-9.755529015438E-2,
-1.550596934115E0));
#4487=CARTESIAN_POINT('',(-2.687359382069E0,-7.053481204077E-1,
-1.384323631150E0));
#4488=CARTESIAN_POINT('',(-2.719859382069E0,-1.197117710289E0,
-9.903418977488E-1));
#4489=CARTESIAN_POINT('',(-2.752359382069E0,-1.491972511804E0,
-4.334580841849E-1));
#4490=CARTESIAN_POINT('',(-2.784859382069E0,-1.541411637914E0,
1.947255741473E-1));
#4491=CARTESIAN_POINT('',(-2.817359382069E0,-1.337302809754E0,
7.908786770101E-1));
#4492=CARTESIAN_POINT('',(-2.849859382069E0,-9.132200412689E-1,
1.256939554214E0));
#4493=CARTESIAN_POINT('',(-2.882359382069E0,-3.389210245302E-1,
1.516245503161E0));
#4494=CARTESIAN_POINT('',(-2.914859382069E0,2.911273652607E-1,
1.526143094182E0));
#4495=CARTESIAN_POINT('',(-2.947359382069E0,8.732879967926E-1,
1.285004265122E0));
#4496=CARTESIAN_POINT('',(-2.979859382069E0,1.311800831961E0,
8.324941224967E-1));
#4497=CARTESIAN_POINT('',(-3.012359382069E0,1.534534566223E0,
2.430463984299E-1));
#4498=CARTESIAN_POINT('',(-3.044859382069E0,1.504851560886E0,
-3.863802096668E-1));
#4499=CARTESIAN_POINT('',(-3.077359382069E0,1.227634395719E0,
-9.522508478191E-1));
#4500=CARTESIAN_POINT('',(-3.109859382069E0,7.484827297536E-1,
-1.361485031127E0));
#4501=CARTESIAN_POINT('',(-3.142359382069E0,1.462125792315E-1,
-1.546767522417E0));
#4502=CARTESIAN_POINT('',(-3.174859382069E0,-4.801081879021E-1,
-1.477621065974E0));
#4503=CARTESIAN_POINT('',(-3.207359382069E0,-1.027455599805E0,
-1.165419614234E0));
#4504=CARTESIAN_POINT('',(-3.239859382069E0,-1.405796070829E0,
-6.615174175310E-1));
#4505=CARTESIAN_POINT('',(-3.272359382069E0,-1.552896094040E0,
-4.880172613338E-2));
#4506=CARTESIAN_POINT('',(-3.304859382069E0,-1.444559075069E0,
5.719413997757E-1));
#4507=CARTESIAN_POINT('',(-3.337359382069E0,-1.098605456594E0,
1.098605449029E0));
#4508=CARTESIAN_POINT('',(-3.369859382069E0,-5.719413884520E-1,
1.444559094007E0));
#4509=CARTESIAN_POINT('',(-3.402359382069E0,4.880168840408E-2,
1.552896025855E0));
#4510=CARTESIAN_POINT('',(-3.434859382069E0,6.615175571246E-1,
1.405796324630E0));
#4511=CARTESIAN_POINT('',(-3.467359382069E0,1.165419093588E0,1.027454652787E0));
#4512=CARTESIAN_POINT('',(-3.499859382069E0,1.477623008961E0,
4.801117221747E-1));
#4513=CARTESIAN_POINT('',(-3.532359382069E0,1.546760271112E0,
-1.462257693036E-1));
#4514=CARTESIAN_POINT('',(-3.554026048735E0,1.423261485943E0,
-5.476975922596E-1));
#4515=CARTESIAN_POINT('',(-3.564859382069E0,1.324159749124E0,
-7.279629823275E-1));
#4516=B_SPLINE_SURFACE_WITH_KNOTS('',3,3,((#4248,#4249,#4250,#4251,#4252,#4253,
#4254,#4255,#4256,#4257,#4258,#4259,#4260,#4261,#4262,#4263,#4264,#4265,#4266,
#4267,#4268,#4269,#4270,#4271,#4272,#4273,#4274,#4275,#4276,#4277,#4278,#4279,
#4280,#4281,#4282,#4283,#4284,#4285,#4286,#4287,#4288,#4289,#4290,#4291,#4292,
#4293,#4294,#4295,#4296,#4297,#4298,#4299,#4300,#4301,#4302,#4303,#4304,#4305,
#4306,#4307,#4308,#4309,#4310,#4311,#4312,#4313,#4314),(#4315,#4316,#4317,#4318,
#4319,#4320,#4321,#4322,#4323,#4324,#4325,#4326,#4327,#4328,#4329,#4330,#4331,
#4332,#4333,#4334,#4335,#4336,#4337,#4338,#4339,#4340,#4341,#4342,#4343,#4344,
#4345,#4346,#4347,#4348,#4349,#4350,#4351,#4352,#4353,#4354,#4355,#4356,#4357,
#4358,#4359,#4360,#4361,#4362,#4363,#4364,#4365,#4366,#4367,#4368,#4369,#4370,
#4371,#4372,#4373,#4374,#4375,#4376,#4377,#4378,#4379,#4380,#4381),(#4382,#4383,
#4384,#4385,#4386,#4387,#4388,#4389,#4390,#4391,#4392,#4393,#4394,#4395,#4396,
#4397,#4398,#4399,#4400,#4401,#4402,#4403,#4404,#4405,#4406,#4407,#4408,#4409,
#4410,#4411,#4412,#4413,#4414,#4415,#4416,#4417,#4418,#4419,#4420,#4421,#4422,
#4423,#4424,#4425,#4426,#4427,#4428,#4429,#4430,#4431,#4432,#4433,#4434,#4435,
#4436,#4437,#4438,#4439,#4440,#4441,#4442,#4443,#4444,#4445,#4446,#4447,#4448),(
#4449,#4450,#4451,#4452,#4453,#4454,#4455,#4456,#4457,#4458,#4459,#4460,#4461,
#4462,#4463,#4464,#4465,#4466,#4467,#4468,#4469,#4470,#4471,#4472,#4473,#4474,
#4475,#4476,#4477,#4478,#4479,#4480,#4481,#4482,#4483,#4484,#4485,#4486,#4487,
#4488,#4489,#4490,#4491,#4492,#4493,#4494,#4495,#4496,#4497,#4498,#4499,#4500,
#4501,#4502,#4503,#4504,#4505,#4506,#4507,#4508,#4509,#4510,#4511,#4512,#4513,
#4514,#4515)),.UNSPECIFIED.,.F.,.F.,.F.,(4,4),(4,1,1,1,1,1,1,1,1,1,1,1,1,1,1,1,
1,1,1,1,1,1,1,1,1,1,1,1,1,1,1,1,1,1,1,1,1,1,1,1,1,1,1,1,1,1,1,1,1,1,1,1,1,1,1,1,
1,1,1,1,1,1,1,1,4),(-2.049015172689E-2,1.040097994864E0),(-2.E-2,-3.75E-3,
1.25E-2,2.875E-2,4.5E-2,6.125E-2,7.75E-2,9.375E-2,1.1E-1,1.2625E-1,1.425E-1,
1.5875E-1,1.75E-1,1.9125E-1,2.075E-1,2.2375E-1,2.4E-1,2.5625E-1,2.725E-1,
2.8875E-1,3.05E-1,3.2125E-1,3.375E-1,3.5375E-1,3.7E-1,3.8625E-1,4.025E-1,
4.1875E-1,4.35E-1,4.5125E-1,4.675E-1,4.8375E-1,5.E-1,5.1625E-1,5.325E-1,
5.4875E-1,5.65E-1,5.8125E-1,5.975E-1,6.1375E-1,6.3E-1,6.4625E-1,6.625E-1,
6.7875E-1,6.95E-1,7.1125E-1,7.275E-1,7.4375E-1,7.6E-1,7.7625E-1,7.925E-1,
8.0875E-1,8.25E-1,8.4125E-1,8.575E-1,8.7375E-1,8.9E-1,9.0625E-1,9.225E-1,
9.3875E-1,9.55E-1,9.7125E-1,9.875E-1,1.00375E0,1.02E0),.UNSPECIFIED.);
#4517=ORIENTED_EDGE('',*,*,#2585,.T.);
#4518=ORIENTED_EDGE('',*,*,#2859,.T.);
#4519=ORIENTED_EDGE('',*,*,#3079,.T.);
#4520=ORIENTED_EDGE('',*,*,#3615,.T.);
#4521=ORIENTED_EDGE('',*,*,#4240,.F.);
#4522=ORIENTED_EDGE('',*,*,#2629,.T.);
#4523=ORIENTED_EDGE('',*,*,#2898,.T.);
#4524=ORIENTED_EDGE('',*,*,#2617,.T.);
#4525=ORIENTED_EDGE('',*,*,#2887,.T.);
#4526=ORIENTED_EDGE('',*,*,#2601,.T.);
#4527=ORIENTED_EDGE('',*,*,#2873,.T.);
#4528=EDGE_LOOP('',(#4517,#4518,#4519,#4520,#4521,#4522,#4523,#4524,#4525,#4526,
#4527));
#4529=FACE_OUTER_BOUND('',#4528,.F.);
#4531=CARTESIAN_POINT('',(-3.505204436165E0,1.398205692212E0,
5.268518026704E-1));
#4532=CARTESIAN_POINT('',(-3.520737248824E0,1.501042464870E0,
2.539345227626E-1));
#4533=CARTESIAN_POINT('',(-3.551802874143E0,1.542043702494E0,
-3.532148960331E-1));
#4534=CARTESIAN_POINT('',(-3.598401312120E0,1.089906447220E0,
-1.146732945201E0));
#4535=CARTESIAN_POINT('',(-3.644999750098E0,2.745530397872E-1,
-1.558018180654E0));
#4536=CARTESIAN_POINT('',(-3.691598188076E0,-6.322707514343E-1,
-1.450192504221E0));
#4537=CARTESIAN_POINT('',(-3.738196626054E0,-1.328419658158E0,
-8.591399635430E-1));
#4538=CARTESIAN_POINT('',(-3.784795064032E0,-1.581925978611E0,
1.818339066345E-2));
#4539=CARTESIAN_POINT('',(-3.831393502010E0,-1.308320279963E0,
8.894485465494E-1));
#4540=CARTESIAN_POINT('',(-3.877991939987E0,-5.987701730433E-1,
1.464341092343E0));
#4541=CARTESIAN_POINT('',(-3.924590377965E0,3.102956397187E-1,
1.551301777952E0));
#4542=CARTESIAN_POINT('',(-3.971188815943E0,1.115968098737E0,1.121354442395E0));
#4543=CARTESIAN_POINT('',(-4.017787253921E0,1.549789730693E0,
3.177615053579E-1));
#4544=CARTESIAN_POINT('',(-4.064385691899E0,1.467207182852E0,
-5.917124862833E-1));
#4545=CARTESIAN_POINT('',(-4.110984129877E0,8.957377186072E-1,
-1.304022439670E0));
#4546=CARTESIAN_POINT('',(-4.157582567854E0,2.580021511452E-2,
-1.581820132836E0));
#4547=CARTESIAN_POINT('',(-4.204181005832E0,-8.527341571536E-1,
-1.332540821498E0));
#4548=CARTESIAN_POINT('',(-4.250779443810E0,-1.447129672007E0,
-6.392466629810E-1));
#4549=CARTESIAN_POINT('',(-4.297377881788E0,-1.559328281668E0,
2.670503580349E-1));
#4550=CARTESIAN_POINT('',(-4.343976319766E0,-1.151944378342E0,
1.084363745683E0));
#4551=CARTESIAN_POINT('',(-4.390574757744E0,-3.607220222859E-1,
1.540357168431E0));
#4552=CARTESIAN_POINT('',(-4.437173195721E0,5.506962264390E-1,
1.483089427520E0));
#4553=CARTESIAN_POINT('',(-4.483771633699E0,1.278617431981E0,
9.316426601880E-1));
#4554=CARTESIAN_POINT('',(-4.530370071677E0,1.580491558807E0,
6.976399798456E-2));
#4555=CARTESIAN_POINT('',(-4.576968509655E0,1.355731375910E0,
-8.153606727578E-1));
#4556=CARTESIAN_POINT('',(-4.623566947633E0,6.792290336881E-1,
-1.428799662180E0));
#4557=CARTESIAN_POINT('',(-4.670165385611E0,-2.235986408611E-1,
-1.566149520233E0));
#4558=CARTESIAN_POINT('',(-4.716763823588E0,-1.051921281247E0,
-1.181643793856E0));
#4559=CARTESIAN_POINT('',(-4.763362261566E0,-1.529733756565E0,
-4.034041387525E-1));
#4560=CARTESIAN_POINT('',(-4.809960699544E0,-1.497826108739E0,
5.092558790989E-1));
#4561=CARTESIAN_POINT('',(-4.856559137522E0,-9.668244761143E-1,
1.252218213927E0));
#4562=CARTESIAN_POINT('',(-4.903157575500E0,-1.136850652729E-1,
1.577963313019E0));
#4563=CARTESIAN_POINT('',(-4.949756013478E0,7.773987806773E-1,
1.377791957802E0));
#4564=CARTESIAN_POINT('',(-4.980821638796E0,1.198605676420E0,
9.385923799221E-1));
#4565=CARTESIAN_POINT('',(-4.996354451455E0,1.331096354590E0,
6.787742441404E-1));
#4566=CARTESIAN_POINT('',(-3.500485887568E0,1.411423852870E0,
5.318324802699E-1));
#4567=CARTESIAN_POINT('',(-3.516018700227E0,1.515232809370E0,
2.563351333002E-1));
#4568=CARTESIAN_POINT('',(-3.547084325546E0,1.556621658739E0,
-3.565540694242E-1));
#4569=CARTESIAN_POINT('',(-3.593682763524E0,1.100210051762E0,
-1.157573768112E0));
#4570=CARTESIAN_POINT('',(-3.640281201502E0,2.771485707662E-1,
-1.572747154177E0));
#4571=CARTESIAN_POINT('',(-3.686879639480E0,-6.382480238903E-1,
-1.463902130503E0));
#4572=CARTESIAN_POINT('',(-3.733478077457E0,-1.340978085406E0,
-8.672619803029E-1));
#4573=CARTESIAN_POINT('',(-3.780076515435E0,-1.596880968317E0,
1.835529024907E-2));
#4574=CARTESIAN_POINT('',(-3.826674953413E0,-1.320688694532E0,
8.978570903358E-1));
#4575=CARTESIAN_POINT('',(-3.873273391391E0,-6.044307424350E-1,
1.478184474561E0));
#4576=CARTESIAN_POINT('',(-3.919871829369E0,3.132290690704E-1,
1.565967256890E0));
#4577=CARTESIAN_POINT('',(-3.966470267347E0,1.126518081261E0,1.131955345578E0));
#4578=CARTESIAN_POINT('',(-4.013068705324E0,1.564440915251E0,
3.207655144620E-1));
#4579=CARTESIAN_POINT('',(-4.059667143302E0,1.481077660115E0,
-5.973063347068E-1));
#4580=CARTESIAN_POINT('',(-4.106265581280E0,9.042057180854E-1,
-1.316350223919E0));
#4581=CARTESIAN_POINT('',(-4.152864019258E0,2.604412156569E-2,
-1.596774121913E0));
#4582=CARTESIAN_POINT('',(-4.199462457236E0,-8.607956156004E-1,
-1.345138208821E0));
#4583=CARTESIAN_POINT('',(-4.246060895214E0,-1.460810343316E0,
-6.452898833301E-1));
#4584=CARTESIAN_POINT('',(-4.292659333191E0,-1.574069640439E0,
2.695749612145E-1));
#4585=CARTESIAN_POINT('',(-4.339257771169E0,-1.162834468367E0,
1.094614951412E0));
#4586=CARTESIAN_POINT('',(-4.385856209147E0,-3.641321654931E-1,
1.554919180756E0));
#4587=CARTESIAN_POINT('',(-4.432454647125E0,5.559023211041E-1,
1.497110050117E0));
#4588=CARTESIAN_POINT('',(-4.479053085103E0,1.290705045936E0,
9.404500927617E-1));
#4589=CARTESIAN_POINT('',(-4.525651523081E0,1.595432987997E0,
7.042352307350E-2));
#4590=CARTESIAN_POINT('',(-4.572249961058E0,1.368547998840E0,
-8.230688150053E-1));
#4591=CARTESIAN_POINT('',(-4.618848399036E0,6.856502337597E-1,
-1.442307047816E0));
#4592=CARTESIAN_POINT('',(-4.665446837014E0,-2.257124662977E-1,
-1.580955364673E0));
#4593=CARTESIAN_POINT('',(-4.712045274992E0,-1.061865786961E0,
-1.192814652046E0));
#4594=CARTESIAN_POINT('',(-4.758643712970E0,-1.544195338771E0,
-4.072177841596E-1));
#4595=CARTESIAN_POINT('',(-4.805242150948E0,-1.511986046904E0,
5.140702108267E-1));
#4596=CARTESIAN_POINT('',(-4.851840588925E0,-9.759645055997E-1,
1.264056258661E0));
#4597=CARTESIAN_POINT('',(-4.898439026903E0,-1.147598051810E-1,
1.592880841034E0));
#4598=CARTESIAN_POINT('',(-4.945037464881E0,7.847480441195E-1,
1.390817133964E0));
#4599=CARTESIAN_POINT('',(-4.976103090200E0,1.209936886473E0,
9.474655127804E-1));
#4600=CARTESIAN_POINT('',(-4.991635902859E0,1.343680086414E0,
6.851911447864E-1));
#4601=CARTESIAN_POINT('',(-3.471313857405E0,1.429666782358E0,
5.387065191474E-1));
#4602=CARTESIAN_POINT('',(-3.486846670065E0,1.534817489935E0,
2.596483150583E-1));
#4603=CARTESIAN_POINT('',(-3.517912295383E0,1.576741298281E0,
-3.611626005427E-1));
#4604=CARTESIAN_POINT('',(-3.564510733361E0,1.114430481973E0,
-1.172535635581E0));
#4605=CARTESIAN_POINT('',(-3.611109171339E0,2.807307702763E-1,
-1.593075218903E0));
#4606=CARTESIAN_POINT('',(-3.657707609317E0,-6.464975044928E-1,
-1.482823351999E0));
#4607=CARTESIAN_POINT('',(-3.704306047295E0,-1.358310489565E0,
-8.784715111059E-1));
#4608=CARTESIAN_POINT('',(-3.750904485272E0,-1.617520967313E0,
1.859253596734E-2));
#4609=CARTESIAN_POINT('',(-3.797502923250E0,-1.337758854343E0,
9.094620689229E-1));
#4610=CARTESIAN_POINT('',(-3.844101361228E0,-6.122431280572E-1,
1.497290298149E0));
#4611=CARTESIAN_POINT('',(-3.890699799206E0,3.172776160815E-1,
1.586207690117E0));
#4612=CARTESIAN_POINT('',(-3.937298237184E0,1.141078547901E0,1.146586089923E0));
#4613=CARTESIAN_POINT('',(-3.983896675162E0,1.584661620214E0,
3.249114715044E-1));
#4614=CARTESIAN_POINT('',(-4.030495113140E0,1.500220878692E0,
-6.050266359650E-1));
#4615=CARTESIAN_POINT('',(-4.077093551117E0,9.158927539285E-1,
-1.333364308149E0));
#4616=CARTESIAN_POINT('',(-4.123691989095E0,2.638074693331E-2,
-1.617412739899E0));
#4617=CARTESIAN_POINT('',(-4.170290427073E0,-8.719215673743E-1,
-1.362524383389E0));
#4618=CARTESIAN_POINT('',(-4.216888865051E0,-1.479691602858E0,
-6.536303813438E-1));
#4619=CARTESIAN_POINT('',(-4.263487303029E0,-1.594414798559E0,
2.730592703392E-1));
#4620=CARTESIAN_POINT('',(-4.310085741007E0,-1.177864331417E0,
1.108763063856E0));
#4621=CARTESIAN_POINT('',(-4.356684178984E0,-3.688386449862E-1,
1.575016815437E0));
#4622=CARTESIAN_POINT('',(-4.403282616962E0,5.630874673844E-1,
1.516460490473E0));
#4623=CARTESIAN_POINT('',(-4.449881054940E0,1.307387661222E0,
9.526055942398E-1));
#4624=CARTESIAN_POINT('',(-4.496479492918E0,1.616054271565E0,
7.133376088983E-2));
#4625=CARTESIAN_POINT('',(-4.543077930896E0,1.386236749525E0,
-8.337071404990E-1));
#4626=CARTESIAN_POINT('',(-4.589676368874E0,6.945123972005E-1,
-1.460949148642E0));
#4627=CARTESIAN_POINT('',(-4.636274806851E0,-2.286298440925E-1,
-1.601389522126E0));
#4628=CARTESIAN_POINT('',(-4.682873244829E0,-1.075590610045E0,
-1.208232014836E0));
#4629=CARTESIAN_POINT('',(-4.729471682807E0,-1.564154365696E0,
-4.124811537050E-1));
#4630=CARTESIAN_POINT('',(-4.776070120785E0,-1.531528762428E0,
5.207146688959E-1));
#4631=CARTESIAN_POINT('',(-4.822668558763E0,-9.885790378133E-1,
1.280394433157E0));
#4632=CARTESIAN_POINT('',(-4.869266996741E0,-1.162430981194E-1,
1.613469137603E0));
#4633=CARTESIAN_POINT('',(-4.915865434718E0,7.948910661508E-1,
1.408793717578E0));
#4634=CARTESIAN_POINT('',(-4.946931060037E0,1.225575557494E0,
9.597116899350E-1));
#4635=CARTESIAN_POINT('',(-4.962463872696E0,1.361047414465E0,
6.940473744123E-1));
#4636=CARTESIAN_POINT('',(-3.442141827243E0,1.411411115205E0,
5.318276806460E-1));
#4637=CARTESIAN_POINT('',(-3.457674639902E0,1.515219134862E0,
2.563328199548E-1));
#4638=CARTESIAN_POINT('',(-3.488740265221E0,1.556607610709E0,
-3.565508516338E-1));
#4639=CARTESIAN_POINT('',(-3.535338703198E0,1.100200122706E0,
-1.157563321366E0));
#4640=CARTESIAN_POINT('',(-3.581937141176E0,2.771460695859E-1,
-1.572732960620E0));
#4641=CARTESIAN_POINT('',(-3.628535579154E0,-6.382422638991E-1,
-1.463888919238E0));
#4642=CARTESIAN_POINT('',(-3.675134017132E0,-1.340965983493E0,
-8.672541535315E-1));
#4643=CARTESIAN_POINT('',(-3.721732455110E0,-1.596866556960E0,
1.835512459824E-2));
#4644=CARTESIAN_POINT('',(-3.768330893088E0,-1.320676775724E0,
8.978489874529E-1));
#4645=CARTESIAN_POINT('',(-3.814929331065E0,-6.044252876343E-1,
1.478171134403E0));
#4646=CARTESIAN_POINT('',(-3.861527769043E0,3.132262422748E-1,
1.565953124519E0));
#4647=CARTESIAN_POINT('',(-3.908126207021E0,1.126507914783E0,1.131945130031E0));
#4648=CARTESIAN_POINT('',(-3.954724644999E0,1.564426796655E0,
3.207626196523E-1));
#4649=CARTESIAN_POINT('',(-4.001323082977E0,1.481064293846E0,
-5.973009442017E-1));
#4650=CARTESIAN_POINT('',(-4.047921520955E0,9.041975579082E-1,
-1.316338344264E0));
#4651=CARTESIAN_POINT('',(-4.094519958932E0,2.604388652554E-2,
-1.596759711520E0));
#4652=CARTESIAN_POINT('',(-4.141118396910E0,-8.607878471859E-1,
-1.345126069364E0));
#4653=CARTESIAN_POINT('',(-4.187716834888E0,-1.460797159954E0,
-6.452840597882E-1));
#4654=CARTESIAN_POINT('',(-4.234315272866E0,-1.574055434947E0,
2.695725283838E-1));
#4655=CARTESIAN_POINT('',(-4.280913710844E0,-1.162823974146E0,
1.094605072850E0));
#4656=CARTESIAN_POINT('',(-4.327512148822E0,-3.641288793128E-1,
1.554905148091E0));
#4657=CARTESIAN_POINT('',(-4.374110586800E0,5.558973042574E-1,
1.497096539162E0));
#4658=CARTESIAN_POINT('',(-4.420709024777E0,1.290693397721E0,
9.404416054901E-1));
#4659=CARTESIAN_POINT('',(-4.467307462755E0,1.595418589707E0,
7.042288752296E-2));
#4660=CARTESIAN_POINT('',(-4.513905900733E0,1.368535648117E0,
-8.230613870635E-1));
#4661=CARTESIAN_POINT('',(-4.560504338711E0,6.856440459782E-1,
-1.442294031440E0));
#4662=CARTESIAN_POINT('',(-4.607102776689E0,-2.257104293125E-1,
-1.580941097039E0));
#4663=CARTESIAN_POINT('',(-4.653701214667E0,-1.061856203950E0,
-1.192803887262E0));
#4664=CARTESIAN_POINT('',(-4.700299652644E0,-1.544181402885E0,
-4.072141091449E-1));
#4665=CARTESIAN_POINT('',(-4.746898090622E0,-1.511972401697E0,
5.140655715018E-1));
#4666=CARTESIAN_POINT('',(-4.793496528600E0,-9.759556978215E-1,
1.264044850943E0));
#4667=CARTESIAN_POINT('',(-4.840094966578E0,-1.147587695092E-1,
1.592866465777E0));
#4668=CARTESIAN_POINT('',(-4.886693404556E0,7.847409620108E-1,
1.390804582269E0));
#4669=CARTESIAN_POINT('',(-4.917759029874E0,1.209925967167E0,
9.474569621968E-1));
#4670=CARTESIAN_POINT('',(-4.933291842534E0,1.343667960116E0,
6.851849611480E-1));
#4671=CARTESIAN_POINT('',(-3.437433770776E0,1.398177998478E0,
5.268413675150E-1));
#4672=CARTESIAN_POINT('',(-3.452966583435E0,1.501012734287E0,
2.539294931770E-1));
#4673=CARTESIAN_POINT('',(-3.484032208754E0,1.542013159815E0,
-3.532079000386E-1));
#4674=CARTESIAN_POINT('',(-3.530630646732E0,1.089884859853E0,
-1.146710232293E0));
#4675=CARTESIAN_POINT('',(-3.577229084710E0,2.745476018185E-1,
-1.557987321574E0));
#4676=CARTESIAN_POINT('',(-3.623827522687E0,-6.322582282855E-1,
-1.450163780803E0));
#4677=CARTESIAN_POINT('',(-3.670425960665E0,-1.328393346650E0,
-8.591229468811E-1));
#4678=CARTESIAN_POINT('',(-3.717024398643E0,-1.581894645998E0,
1.818303051188E-2));
#4679=CARTESIAN_POINT('',(-3.763622836621E0,-1.308294366556E0,
8.894309295767E-1));
#4680=CARTESIAN_POINT('',(-3.810221274599E0,-5.987583134278E-1,
1.464312088690E0));
#4681=CARTESIAN_POINT('',(-3.856819712577E0,3.102894938097E-1,
1.551271051902E0));
#4682=CARTESIAN_POINT('',(-3.903418150555E0,1.115945995177E0,1.121332232149E0));
#4683=CARTESIAN_POINT('',(-3.950016588532E0,1.549759034591E0,
3.177552115753E-1));
#4684=CARTESIAN_POINT('',(-3.996615026510E0,1.467178122432E0,
-5.917007664568E-1));
#4685=CARTESIAN_POINT('',(-4.043213464488E0,8.957199770673E-1,
-1.303996611388E0));
#4686=CARTESIAN_POINT('',(-4.089811902466E0,2.579970409937E-2,
-1.581788802320E0));
#4687=CARTESIAN_POINT('',(-4.136410340444E0,-8.527172673690E-1,
-1.332514428363E0));
#4688=CARTESIAN_POINT('',(-4.183008778422E0,-1.447101009254E0,
-6.392340016629E-1));
#4689=CARTESIAN_POINT('',(-4.229607216399E0,-1.559297396639E0,
2.670450686690E-1));
#4690=CARTESIAN_POINT('',(-4.276205654377E0,-1.151921562213E0,
1.084342268099E0));
#4691=CARTESIAN_POINT('',(-4.322804092355E0,-3.607148776006E-1,
1.540326659156E0));
#4692=CARTESIAN_POINT('',(-4.369402530333E0,5.506853190061E-1,
1.483060052526E0));
#4693=CARTESIAN_POINT('',(-4.416000968311E0,1.278592106887E0,
9.316242074924E-1));
#4694=CARTESIAN_POINT('',(-4.462599406289E0,1.580460254606E0,
6.976261619531E-2));
#4695=CARTESIAN_POINT('',(-4.509197844266E0,1.355704523448E0,
-8.153445232158E-1));
#4696=CARTESIAN_POINT('',(-4.555796282244E0,6.792155804543E-1,
-1.428771362483E0));
#4697=CARTESIAN_POINT('',(-4.602394720222E0,-2.235942121270E-1,
-1.566118500099E0));
#4698=CARTESIAN_POINT('',(-4.648993158200E0,-1.051900446238E0,
-1.181620389482E0));
#4699=CARTESIAN_POINT('',(-4.695591596178E0,-1.529703457705E0,
-4.033961486786E-1));
#4700=CARTESIAN_POINT('',(-4.742190034156E0,-1.497796441861E0,
5.092457924593E-1));
#4701=CARTESIAN_POINT('',(-4.788788472133E0,-9.668053265857E-1,
1.252193411712E0));
#4702=CARTESIAN_POINT('',(-4.835386910111E0,-1.136828135556E-1,
1.577932058894E0));
#4703=CARTESIAN_POINT('',(-4.881985348089E0,7.773833830322E-1,
1.377764668395E0));
#4704=CARTESIAN_POINT('',(-4.913050973408E0,1.198581936088E0,
9.385737895760E-1));
#4705=CARTESIAN_POINT('',(-4.928583786067E0,1.331069990065E0,
6.787607999143E-1));
#4706=B_SPLINE_SURFACE_WITH_KNOTS('',3,3,((#4531,#4532,#4533,#4534,#4535,#4536,
#4537,#4538,#4539,#4540,#4541,#4542,#4543,#4544,#4545,#4546,#4547,#4548,#4549,
#4550,#4551,#4552,#4553,#4554,#4555,#4556,#4557,#4558,#4559,#4560,#4561,#4562,
#4563,#4564,#4565),(#4566,#4567,#4568,#4569,#4570,#4571,#4572,#4573,#4574,#4575,
#4576,#4577,#4578,#4579,#4580,#4581,#4582,#4583,#4584,#4585,#4586,#4587,#4588,
#4589,#4590,#4591,#4592,#4593,#4594,#4595,#4596,#4597,#4598,#4599,#4600),(#4601,
#4602,#4603,#4604,#4605,#4606,#4607,#4608,#4609,#4610,#4611,#4612,#4613,#4614,
#4615,#4616,#4617,#4618,#4619,#4620,#4621,#4622,#4623,#4624,#4625,#4626,#4627,
#4628,#4629,#4630,#4631,#4632,#4633,#4634,#4635),(#4636,#4637,#4638,#4639,#4640,
#4641,#4642,#4643,#4644,#4645,#4646,#4647,#4648,#4649,#4650,#4651,#4652,#4653,
#4654,#4655,#4656,#4657,#4658,#4659,#4660,#4661,#4662,#4663,#4664,#4665,#4666,
#4667,#4668,#4669,#4670),(#4671,#4672,#4673,#4674,#4675,#4676,#4677,#4678,#4679,
#4680,#4681,#4682,#4683,#4684,#4685,#4686,#4687,#4688,#4689,#4690,#4691,#4692,
#4693,#4694,#4695,#4696,#4697,#4698,#4699,#4700,#4701,#4702,#4703,#4704,#4705)),
.UNSPECIFIED.,.F.,.F.,.F.,(4,1,4),(4,1,1,1,1,1,1,1,1,1,1,1,1,1,1,1,1,1,1,1,1,1,
1,1,1,1,1,1,1,1,1,1,4),(-8.435695390957E-2,5.E-1,1.084764966378E0),(
-1.433798091626E-2,8.961238072661E-3,3.226045706158E-2,5.555967605050E-2,
7.885889503942E-2,1.021581140283E-1,1.254573330173E-1,1.487565520062E-1,
1.720557709951E-1,1.953549899840E-1,2.186542089729E-1,2.419534279618E-1,
2.652526469508E-1,2.885518659397E-1,3.118510849286E-1,3.351503039175E-1,
3.584495229064E-1,3.817487418954E-1,4.050479608843E-1,4.283471798732E-1,
4.516463988621E-1,4.749456178510E-1,4.982448368400E-1,5.215440558289E-1,
5.448432748178E-1,5.681424938067E-1,5.914417127956E-1,6.147409317845E-1,
6.380401507735E-1,6.613393697624E-1,6.846385887513E-1,7.079378077402E-1,
7.312370267291E-1),.UNSPECIFIED.);
#4707=ORIENTED_EDGE('',*,*,#4071,.F.);
#4708=ORIENTED_EDGE('',*,*,#4242,.F.);
#4709=ORIENTED_EDGE('',*,*,#3613,.T.);
#4710=ORIENTED_EDGE('',*,*,#4047,.T.);
#4711=EDGE_LOOP('',(#4707,#4708,#4709,#4710));
#4712=FACE_OUTER_BOUND('',#4711,.F.);
#4714=CARTESIAN_POINT('',(-5.E0,0.E0,0.E0));
#4715=DIRECTION('',(1.E0,0.E0,0.E0));
#4716=DIRECTION('',(0.E0,-1.E0,0.E0));
#4717=AXIS2_PLACEMENT_3D('',#4714,#4715,#4716);
#4718=PLANE('',#4717);
#4720=ORIENTED_EDGE('',*,*,#4719,.F.);
#4722=ORIENTED_EDGE('',*,*,#4721,.F.);
#4724=ORIENTED_EDGE('',*,*,#4723,.F.);
#4726=ORIENTED_EDGE('',*,*,#4725,.F.);
#4728=ORIENTED_EDGE('',*,*,#4727,.F.);
#4730=ORIENTED_EDGE('',*,*,#4729,.F.);
#4731=EDGE_LOOP('',(#4720,#4722,#4724,#4726,#4728,#4730));
#4732=FACE_OUTER_BOUND('',#4731,.F.);
#4733=ORIENTED_EDGE('',*,*,#4089,.T.);
#4734=ORIENTED_EDGE('',*,*,#4065,.T.);
#4735=EDGE_LOOP('',(#4733,#4734));
#4736=FACE_BOUND('',#4735,.F.);
#4738=CARTESIAN_POINT('',(-4.95E0,9.787218669292E0,1.105196E1));
#4739=DIRECTION('',(0.E0,-5.E-1,-8.660254037844E-1));
#4740=DIRECTION('',(-1.E0,0.E0,0.E0));
#4741=AXIS2_PLACEMENT_3D('',#4738,#4739,#4740);
#4742=CYLINDRICAL_SURFACE('',#4741,5.E-2);
#4743=ORIENTED_EDGE('',*,*,#4719,.T.);
#4745=ORIENTED_EDGE('',*,*,#4744,.T.);
#4747=ORIENTED_EDGE('',*,*,#4746,.F.);
#4749=ORIENTED_EDGE('',*,*,#4748,.T.);
#4750=EDGE_LOOP('',(#4743,#4745,#4747,#4749));
#4751=FACE_OUTER_BOUND('',#4750,.F.);
#4753=CARTESIAN_POINT('',(-4.95E0,1.703183294109E0,-2.95E0));
#4754=DIRECTION('',(0.E0,8.660254037844E-1,5.E-1));
#4755=DIRECTION('',(0.E0,5.E-1,-8.660254037844E-1));
#4756=AXIS2_PLACEMENT_3D('',#4753,#4754,#4755);
#4757=SPHERICAL_SURFACE('',#4756,5.E-2);
#4759=ORIENTED_EDGE('',*,*,#4758,.F.);
#4761=ORIENTED_EDGE('',*,*,#4760,.F.);
#4762=ORIENTED_EDGE('',*,*,#4744,.F.);
#4763=EDGE_LOOP('',(#4759,#4761,#4762));
#4764=FACE_OUTER_BOUND('',#4763,.F.);
#4766=CARTESIAN_POINT('',(-4.95E0,1.249570734612E1,-2.95E0));
#4767=DIRECTION('',(0.E0,-1.E0,0.E0));
#4768=DIRECTION('',(-1.E0,0.E0,0.E0));
#4769=AXIS2_PLACEMENT_3D('',#4766,#4767,#4768);
#4770=CYLINDRICAL_SURFACE('',#4769,5.E-2);
#4771=ORIENTED_EDGE('',*,*,#4729,.T.);
#4773=ORIENTED_EDGE('',*,*,#4772,.T.);
#4775=ORIENTED_EDGE('',*,*,#4774,.F.);
#4776=ORIENTED_EDGE('',*,*,#4758,.T.);
#4777=EDGE_LOOP('',(#4771,#4773,#4775,#4776));
#4778=FACE_OUTER_BOUND('',#4777,.F.);
#4780=CARTESIAN_POINT('',(-4.95E0,-1.703183294109E0,-2.95E0));
#4781=DIRECTION('',(0.E0,8.660254037844E-1,-5.E-1));
#4782=DIRECTION('',(0.E0,-5.E-1,-8.660254037844E-1));
#4783=AXIS2_PLACEMENT_3D('',#4780,#4781,#4782);
#4784=SPHERICAL_SURFACE('',#4783,5.E-2);
#4786=ORIENTED_EDGE('',*,*,#4785,.F.);
#4788=ORIENTED_EDGE('',*,*,#4787,.F.);
#4789=ORIENTED_EDGE('',*,*,#4772,.F.);
#4790=EDGE_LOOP('',(#4786,#4788,#4789));
#4791=FACE_OUTER_BOUND('',#4790,.F.);
#4793=CARTESIAN_POINT('',(-4.95E0,2.916750465935E0,-1.095196E1));
#4794=DIRECTION('',(0.E0,-5.E-1,8.660254037844E-1));
#4795=DIRECTION('',(-1.E0,0.E0,0.E0));
#4796=AXIS2_PLACEMENT_3D('',#4793,#4794,#4795);
#4797=CYLINDRICAL_SURFACE('',#4796,5.E-2);
#4798=ORIENTED_EDGE('',*,*,#4727,.T.);
#4800=ORIENTED_EDGE('',*,*,#4799,.T.);
#4802=ORIENTED_EDGE('',*,*,#4801,.F.);
#4803=ORIENTED_EDGE('',*,*,#4785,.T.);
#4804=EDGE_LOOP('',(#4798,#4800,#4802,#4803));
#4805=FACE_OUTER_BOUND('',#4804,.F.);
#4807=CARTESIAN_POINT('',(-4.95E0,-3.406366588219E0,0.E0));
#4808=DIRECTION('',(0.E0,0.E0,-1.E0));
#4809=DIRECTION('',(0.E0,-1.E0,0.E0));
#4810=AXIS2_PLACEMENT_3D('',#4807,#4808,#4809);
#4811=SPHERICAL_SURFACE('',#4810,5.E-2);
#4813=ORIENTED_EDGE('',*,*,#4812,.F.);
#4815=ORIENTED_EDGE('',*,*,#4814,.F.);
#4816=ORIENTED_EDGE('',*,*,#4799,.F.);
#4817=EDGE_LOOP('',(#4813,#4815,#4816));
#4818=FACE_OUTER_BOUND('',#4817,.F.);
#4820=CARTESIAN_POINT('',(-4.95E0,-9.729483642373E0,-1.095196E1));
#4821=DIRECTION('',(0.E0,5.E-1,8.660254037844E-1));
#4822=DIRECTION('',(-1.E0,0.E0,0.E0));
#4823=AXIS2_PLACEMENT_3D('',#4820,#4821,#4822);
#4824=CYLINDRICAL_SURFACE('',#4823,5.E-2);
#4825=ORIENTED_EDGE('',*,*,#4725,.T.);
#4827=ORIENTED_EDGE('',*,*,#4826,.T.);
#4829=ORIENTED_EDGE('',*,*,#4828,.F.);
#4830=ORIENTED_EDGE('',*,*,#4812,.T.);
#4831=EDGE_LOOP('',(#4825,#4827,#4829,#4830));
#4832=FACE_OUTER_BOUND('',#4831,.F.);
#4834=CARTESIAN_POINT('',(-4.95E0,-1.703183294109E0,2.95E0));
#4835=DIRECTION('',(0.E0,-8.660254037844E-1,-5.E-1));
#4836=DIRECTION('',(0.E0,-5.E-1,8.660254037844E-1));
#4837=AXIS2_PLACEMENT_3D('',#4834,#4835,#4836);
#4838=SPHERICAL_SURFACE('',#4837,5.E-2);
#4840=ORIENTED_EDGE('',*,*,#4839,.F.);
#4842=ORIENTED_EDGE('',*,*,#4841,.F.);
#4843=ORIENTED_EDGE('',*,*,#4826,.F.);
#4844=EDGE_LOOP('',(#4840,#4842,#4843));
#4845=FACE_OUTER_BOUND('',#4844,.F.);
#4847=CARTESIAN_POINT('',(-4.95E0,-1.249570734612E1,2.95E0));
#4848=DIRECTION('',(0.E0,1.E0,0.E0));
#4849=DIRECTION('',(-1.E0,0.E0,0.E0));
#4850=AXIS2_PLACEMENT_3D('',#4847,#4848,#4849);
#4851=CYLINDRICAL_SURFACE('',#4850,5.E-2);
#4853=ORIENTED_EDGE('',*,*,#4852,.F.);
#4854=ORIENTED_EDGE('',*,*,#4839,.T.);
#4855=ORIENTED_EDGE('',*,*,#4723,.T.);
#4857=ORIENTED_EDGE('',*,*,#4856,.T.);
#4858=EDGE_LOOP('',(#4853,#4854,#4855,#4857));
#4859=FACE_OUTER_BOUND('',#4858,.F.);
#4861=CARTESIAN_POINT('',(0.E0,1.732050807569E0,3.E0));
#4862=DIRECTION('',(0.E0,0.E0,1.E0));
#4863=DIRECTION('',(0.E0,-1.E0,0.E0));
#4864=AXIS2_PLACEMENT_3D('',#4861,#4862,#4863);
#4865=PLANE('',#4864);
#4867=ORIENTED_EDGE('',*,*,#4866,.T.);
#4869=ORIENTED_EDGE('',*,*,#4868,.T.);
#4870=ORIENTED_EDGE('',*,*,#4852,.T.);
#4872=ORIENTED_EDGE('',*,*,#4871,.F.);
#4873=EDGE_LOOP('',(#4867,#4869,#4870,#4872));
#4874=FACE_OUTER_BOUND('',#4873,.F.);
#4876=CARTESIAN_POINT('',(-5.E-2,1.249570734612E1,2.95E0));
#4877=DIRECTION('',(0.E0,-1.E0,0.E0));
#4878=DIRECTION('',(1.E0,0.E0,0.E0));
#4879=AXIS2_PLACEMENT_3D('',#4876,#4877,#4878);
#4880=CYLINDRICAL_SURFACE('',#4879,5.E-2);
#4881=ORIENTED_EDGE('',*,*,#4866,.F.);
#4883=ORIENTED_EDGE('',*,*,#4882,.T.);
#4884=ORIENTED_EDGE('',*,*,#2485,.T.);
#4886=ORIENTED_EDGE('',*,*,#4885,.T.);
#4887=EDGE_LOOP('',(#4881,#4883,#4884,#4886));
#4888=FACE_OUTER_BOUND('',#4887,.F.);
#4890=CARTESIAN_POINT('',(-5.E-2,1.703183294109E0,2.95E0));
#4891=DIRECTION('',(0.E0,8.660254037844E-1,-5.E-1));
#4892=DIRECTION('',(0.E0,5.E-1,8.660254037844E-1));
#4893=AXIS2_PLACEMENT_3D('',#4890,#4891,#4892);
#4894=SPHERICAL_SURFACE('',#4893,5.E-2);
#4896=ORIENTED_EDGE('',*,*,#4895,.F.);
#4898=ORIENTED_EDGE('',*,*,#4897,.F.);
#4899=ORIENTED_EDGE('',*,*,#4882,.F.);
#4900=EDGE_LOOP('',(#4896,#4898,#4899));
#4901=FACE_OUTER_BOUND('',#4900,.F.);
#4903=CARTESIAN_POINT('',(6.886101124334E0,1.703183294109E0,2.95E0));
#4904=DIRECTION('',(-1.E0,0.E0,0.E0));
#4905=DIRECTION('',(0.E0,0.E0,1.E0));
#4906=AXIS2_PLACEMENT_3D('',#4903,#4904,#4905);
#4907=CYLINDRICAL_SURFACE('',#4906,5.E-2);
#4909=ORIENTED_EDGE('',*,*,#4908,.F.);
#4910=ORIENTED_EDGE('',*,*,#4895,.T.);
#4911=ORIENTED_EDGE('',*,*,#4871,.T.);
#4913=ORIENTED_EDGE('',*,*,#4912,.T.);
#4914=EDGE_LOOP('',(#4909,#4910,#4911,#4913));
#4915=FACE_OUTER_BOUND('',#4914,.F.);
#4917=CARTESIAN_POINT('',(0.E0,3.464101615138E0,0.E0));
#4918=DIRECTION('',(0.E0,8.660254037844E-1,5.E-1));
#4919=DIRECTION('',(0.E0,-5.E-1,8.660254037844E-1));
#4920=AXIS2_PLACEMENT_3D('',#4917,#4918,#4919);
#4921=PLANE('',#4920);
#4923=ORIENTED_EDGE('',*,*,#4922,.T.);
#4925=ORIENTED_EDGE('',*,*,#4924,.F.);
#4927=ORIENTED_EDGE('',*,*,#4926,.T.);
#4928=ORIENTED_EDGE('',*,*,#4908,.T.);
#4929=EDGE_LOOP('',(#4923,#4925,#4927,#4928));
#4930=FACE_OUTER_BOUND('',#4929,.F.);
#4932=CARTESIAN_POINT('',(-4.95E0,-2.974485492854E0,1.105196E1));
#4933=DIRECTION('',(0.E0,5.E-1,-8.660254037844E-1));
#4934=DIRECTION('',(-1.E0,0.E0,0.E0));
#4935=AXIS2_PLACEMENT_3D('',#4932,#4933,#4934);
#4936=CYLINDRICAL_SURFACE('',#4935,5.E-2);
#4937=ORIENTED_EDGE('',*,*,#4922,.F.);
#4939=ORIENTED_EDGE('',*,*,#4938,.T.);
#4940=ORIENTED_EDGE('',*,*,#4721,.T.);
#4942=ORIENTED_EDGE('',*,*,#4941,.T.);
#4943=EDGE_LOOP('',(#4937,#4939,#4940,#4942));
#4944=FACE_OUTER_BOUND('',#4943,.F.);
#4946=CARTESIAN_POINT('',(-4.95E0,1.703183294109E0,2.95E0));
#4947=DIRECTION('',(7.071067811865E-1,6.123724356958E-1,3.535533905933E-1));
#4948=DIRECTION('',(-7.071067811865E-1,6.123724356958E-1,3.535533905933E-1));
#4949=AXIS2_PLACEMENT_3D('',#4946,#4947,#4948);
#4950=SPHERICAL_SURFACE('',#4949,5.E-2);
#4951=ORIENTED_EDGE('',*,*,#4912,.F.);
#4952=ORIENTED_EDGE('',*,*,#4856,.F.);
#4953=ORIENTED_EDGE('',*,*,#4938,.F.);
#4954=EDGE_LOOP('',(#4951,#4952,#4953));
#4955=FACE_OUTER_BOUND('',#4954,.F.);
#4957=CARTESIAN_POINT('',(-4.95E0,3.406366588219E0,0.E0));
#4958=DIRECTION('',(0.E0,0.E0,1.E0));
#4959=DIRECTION('',(0.E0,1.E0,0.E0));
#4960=AXIS2_PLACEMENT_3D('',#4957,#4958,#4959);
#4961=SPHERICAL_SURFACE('',#4960,5.E-2);
#4963=ORIENTED_EDGE('',*,*,#4962,.F.);
#4964=ORIENTED_EDGE('',*,*,#4941,.F.);
#4965=ORIENTED_EDGE('',*,*,#4748,.F.);
#4966=EDGE_LOOP('',(#4963,#4964,#4965));
#4967=FACE_OUTER_BOUND('',#4966,.F.);
#4969=CARTESIAN_POINT('',(6.886101124334E0,3.406366588219E0,0.E0));
#4970=DIRECTION('',(-1.E0,0.E0,0.E0));
#4971=DIRECTION('',(0.E0,8.660254037844E-1,5.E-1));
#4972=AXIS2_PLACEMENT_3D('',#4969,#4970,#4971);
#4973=CYLINDRICAL_SURFACE('',#4972,5.E-2);
#4975=ORIENTED_EDGE('',*,*,#4974,.F.);
#4977=ORIENTED_EDGE('',*,*,#4976,.T.);
#4978=ORIENTED_EDGE('',*,*,#4924,.T.);
#4979=ORIENTED_EDGE('',*,*,#4962,.T.);
#4980=EDGE_LOOP('',(#4975,#4977,#4978,#4979));
#4981=FACE_OUTER_BOUND('',#4980,.F.);
#4983=CARTESIAN_POINT('',(0.E0,1.732050807569E0,-3.E0));
#4984=DIRECTION('',(0.E0,8.660254037844E-1,-5.E-1));
#4985=DIRECTION('',(0.E0,5.E-1,8.660254037844E-1));
#4986=AXIS2_PLACEMENT_3D('',#4983,#4984,#4985);
#4987=PLANE('',#4986);
#4989=ORIENTED_EDGE('',*,*,#4988,.T.);
#4990=ORIENTED_EDGE('',*,*,#4974,.T.);
#4991=ORIENTED_EDGE('',*,*,#4746,.T.);
#4993=ORIENTED_EDGE('',*,*,#4992,.F.);
#4994=EDGE_LOOP('',(#4989,#4990,#4991,#4993));
#4995=FACE_OUTER_BOUND('',#4994,.F.);
#4997=CARTESIAN_POINT('',(-5.E-2,-2.916750465935E0,-1.095196E1));
#4998=DIRECTION('',(0.E0,5.E-1,8.660254037844E-1));
#4999=DIRECTION('',(1.E0,0.E0,0.E0));
#5000=AXIS2_PLACEMENT_3D('',#4997,#4998,#4999);
#5001=CYLINDRICAL_SURFACE('',#5000,5.E-2);
#5002=ORIENTED_EDGE('',*,*,#4988,.F.);
#5004=ORIENTED_EDGE('',*,*,#5003,.T.);
#5005=ORIENTED_EDGE('',*,*,#2489,.T.);
#5007=ORIENTED_EDGE('',*,*,#5006,.T.);
#5008=EDGE_LOOP('',(#5002,#5004,#5005,#5007));
#5009=FACE_OUTER_BOUND('',#5008,.F.);
#5011=CARTESIAN_POINT('',(-5.E-2,1.703183294109E0,-2.95E0));
#5012=DIRECTION('',(-7.071067811865E-1,6.123724356958E-1,-3.535533905933E-1));
#5013=DIRECTION('',(7.071067811865E-1,6.123724356958E-1,-3.535533905933E-1));
#5014=AXIS2_PLACEMENT_3D('',#5011,#5012,#5013);
#5015=SPHERICAL_SURFACE('',#5014,5.E-2);
#5017=ORIENTED_EDGE('',*,*,#5016,.F.);
#5019=ORIENTED_EDGE('',*,*,#5018,.F.);
#5020=ORIENTED_EDGE('',*,*,#5003,.F.);
#5021=EDGE_LOOP('',(#5017,#5019,#5020));
#5022=FACE_OUTER_BOUND('',#5021,.F.);
#5024=CARTESIAN_POINT('',(6.886101124334E0,1.703183294109E0,-2.95E0));
#5025=DIRECTION('',(-1.E0,0.E0,0.E0));
#5026=DIRECTION('',(0.E0,8.660254037844E-1,-5.E-1));
#5027=AXIS2_PLACEMENT_3D('',#5024,#5025,#5026);
#5028=CYLINDRICAL_SURFACE('',#5027,5.E-2);
#5030=ORIENTED_EDGE('',*,*,#5029,.F.);
#5031=ORIENTED_EDGE('',*,*,#5016,.T.);
#5032=ORIENTED_EDGE('',*,*,#4992,.T.);
#5033=ORIENTED_EDGE('',*,*,#4760,.T.);
#5034=EDGE_LOOP('',(#5030,#5031,#5032,#5033));
#5035=FACE_OUTER_BOUND('',#5034,.F.);
#5037=CARTESIAN_POINT('',(0.E0,-1.732050807569E0,-3.E0));
#5038=DIRECTION('',(0.E0,0.E0,-1.E0));
#5039=DIRECTION('',(0.E0,1.E0,0.E0));
#5040=AXIS2_PLACEMENT_3D('',#5037,#5038,#5039);
#5041=PLANE('',#5040);
#5043=ORIENTED_EDGE('',*,*,#5042,.F.);
#5045=ORIENTED_EDGE('',*,*,#5044,.T.);
#5046=ORIENTED_EDGE('',*,*,#5029,.T.);
#5047=ORIENTED_EDGE('',*,*,#4774,.T.);
#5048=EDGE_LOOP('',(#5043,#5045,#5046,#5047));
#5049=FACE_OUTER_BOUND('',#5048,.F.);
#5051=CARTESIAN_POINT('',(6.886101124334E0,-1.703183294109E0,-2.95E0));
#5052=DIRECTION('',(-1.E0,0.E0,0.E0));
#5053=DIRECTION('',(0.E0,0.E0,-1.E0));
#5054=AXIS2_PLACEMENT_3D('',#5051,#5052,#5053);
#5055=CYLINDRICAL_SURFACE('',#5054,5.E-2);
#5057=ORIENTED_EDGE('',*,*,#5056,.F.);
#5059=ORIENTED_EDGE('',*,*,#5058,.T.);
#5060=ORIENTED_EDGE('',*,*,#5042,.T.);
#5061=ORIENTED_EDGE('',*,*,#4787,.T.);
#5062=EDGE_LOOP('',(#5057,#5059,#5060,#5061));
#5063=FACE_OUTER_BOUND('',#5062,.F.);
#5065=CARTESIAN_POINT('',(0.E0,-3.464101615138E0,0.E0));
#5066=DIRECTION('',(0.E0,-8.660254037844E-1,-5.E-1));
#5067=DIRECTION('',(0.E0,5.E-1,-8.660254037844E-1));
#5068=AXIS2_PLACEMENT_3D('',#5065,#5066,#5067);
#5069=PLANE('',#5068);
#5071=ORIENTED_EDGE('',*,*,#5070,.F.);
#5073=ORIENTED_EDGE('',*,*,#5072,.T.);
#5074=ORIENTED_EDGE('',*,*,#5056,.T.);
#5075=ORIENTED_EDGE('',*,*,#4801,.T.);
#5076=EDGE_LOOP('',(#5071,#5073,#5074,#5075));
#5077=FACE_OUTER_BOUND('',#5076,.F.);
#5079=CARTESIAN_POINT('',(6.886101124334E0,-3.406366588219E0,0.E0));
#5080=DIRECTION('',(-1.E0,0.E0,0.E0));
#5081=DIRECTION('',(0.E0,-8.660254037844E-1,-5.E-1));
#5082=AXIS2_PLACEMENT_3D('',#5079,#5080,#5081);
#5083=CYLINDRICAL_SURFACE('',#5082,5.E-2);
#5085=ORIENTED_EDGE('',*,*,#5084,.F.);
#5087=ORIENTED_EDGE('',*,*,#5086,.T.);
#5088=ORIENTED_EDGE('',*,*,#5070,.T.);
#5089=ORIENTED_EDGE('',*,*,#4814,.T.);
#5090=EDGE_LOOP('',(#5085,#5087,#5088,#5089));
#5091=FACE_OUTER_BOUND('',#5090,.F.);
#5093=CARTESIAN_POINT('',(0.E0,-1.732050807569E0,3.E0));
#5094=DIRECTION('',(0.E0,-8.660254037844E-1,5.E-1));
#5095=DIRECTION('',(0.E0,-5.E-1,-8.660254037844E-1));
#5096=AXIS2_PLACEMENT_3D('',#5093,#5094,#5095);
#5097=PLANE('',#5096);
#5099=ORIENTED_EDGE('',*,*,#5098,.F.);
#5101=ORIENTED_EDGE('',*,*,#5100,.T.);
#5102=ORIENTED_EDGE('',*,*,#5084,.T.);
#5103=ORIENTED_EDGE('',*,*,#4828,.T.);
#5104=EDGE_LOOP('',(#5099,#5101,#5102,#5103));
#5105=FACE_OUTER_BOUND('',#5104,.F.);
#5107=CARTESIAN_POINT('',(6.886101124334E0,-1.703183294109E0,2.95E0));
#5108=DIRECTION('',(-1.E0,0.E0,0.E0));
#5109=DIRECTION('',(0.E0,-8.660254037844E-1,5.E-1));
#5110=AXIS2_PLACEMENT_3D('',#5107,#5108,#5109);
#5111=CYLINDRICAL_SURFACE('',#5110,5.E-2);
#5112=ORIENTED_EDGE('',*,*,#4868,.F.);
#5114=ORIENTED_EDGE('',*,*,#5113,.T.);
#5115=ORIENTED_EDGE('',*,*,#5098,.T.);
#5116=ORIENTED_EDGE('',*,*,#4841,.T.);
#5117=EDGE_LOOP('',(#5112,#5114,#5115,#5116));
#5118=FACE_OUTER_BOUND('',#5117,.F.);
#5120=CARTESIAN_POINT('',(-5.E-2,-1.703183294109E0,2.95E0));
#5121=DIRECTION('',(-7.071067811865E-1,-6.123724356958E-1,3.535533905933E-1));
#5122=DIRECTION('',(7.071067811865E-1,-6.123724356958E-1,3.535533905933E-1));
#5123=AXIS2_PLACEMENT_3D('',#5120,#5121,#5122);
#5124=SPHERICAL_SURFACE('',#5123,5.E-2);
#5126=ORIENTED_EDGE('',*,*,#5125,.F.);
#5127=ORIENTED_EDGE('',*,*,#5113,.F.);
#5128=ORIENTED_EDGE('',*,*,#4885,.F.);
#5129=EDGE_LOOP('',(#5126,#5127,#5128));
#5130=FACE_OUTER_BOUND('',#5129,.F.);
#5132=CARTESIAN_POINT('',(-5.E-2,2.974485492854E0,1.105196E1));
#5133=DIRECTION('',(0.E0,-5.E-1,-8.660254037844E-1));
#5134=DIRECTION('',(1.E0,0.E0,0.E0));
#5135=AXIS2_PLACEMENT_3D('',#5132,#5133,#5134);
#5136=CYLINDRICAL_SURFACE('',#5135,5.E-2);
#5137=ORIENTED_EDGE('',*,*,#5100,.F.);
#5138=ORIENTED_EDGE('',*,*,#5125,.T.);
#5139=ORIENTED_EDGE('',*,*,#2495,.T.);
#5141=ORIENTED_EDGE('',*,*,#5140,.T.);
#5142=EDGE_LOOP('',(#5137,#5138,#5139,#5141));
#5143=FACE_OUTER_BOUND('',#5142,.F.);
#5145=CARTESIAN_POINT('',(-5.E-2,-3.406366588219E0,0.E0));
#5146=DIRECTION('',(-7.071067811865E-1,-6.123724356958E-1,-3.535533905933E-1));
#5147=DIRECTION('',(7.071067811865E-1,-6.123724356958E-1,-3.535533905933E-1));
#5148=AXIS2_PLACEMENT_3D('',#5145,#5146,#5147);
#5149=SPHERICAL_SURFACE('',#5148,5.E-2);
#5151=ORIENTED_EDGE('',*,*,#5150,.F.);
#5152=ORIENTED_EDGE('',*,*,#5086,.F.);
#5153=ORIENTED_EDGE('',*,*,#5140,.F.);
#5154=EDGE_LOOP('',(#5151,#5152,#5153));
#5155=FACE_OUTER_BOUND('',#5154,.F.);
#5157=CARTESIAN_POINT('',(-5.E-2,-9.787218669292E0,1.105196E1));
#5158=DIRECTION('',(0.E0,5.E-1,-8.660254037844E-1));
#5159=DIRECTION('',(1.E0,0.E0,0.E0));
#5160=AXIS2_PLACEMENT_3D('',#5157,#5158,#5159);
#5161=CYLINDRICAL_SURFACE('',#5160,5.E-2);
#5162=ORIENTED_EDGE('',*,*,#5072,.F.);
#5163=ORIENTED_EDGE('',*,*,#5150,.T.);
#5164=ORIENTED_EDGE('',*,*,#2493,.T.);
#5166=ORIENTED_EDGE('',*,*,#5165,.T.);
#5167=EDGE_LOOP('',(#5162,#5163,#5164,#5166));
#5168=FACE_OUTER_BOUND('',#5167,.F.);
#5170=CARTESIAN_POINT('',(-5.E-2,-1.703183294109E0,-2.95E0));
#5171=DIRECTION('',(-7.071067811865E-1,0.E0,-7.071067811865E-1));
#5172=DIRECTION('',(7.071067811865E-1,0.E0,-7.071067811865E-1));
#5173=AXIS2_PLACEMENT_3D('',#5170,#5171,#5172);
#5174=SPHERICAL_SURFACE('',#5173,5.E-2);
#5176=ORIENTED_EDGE('',*,*,#5175,.F.);
#5177=ORIENTED_EDGE('',*,*,#5058,.F.);
#5178=ORIENTED_EDGE('',*,*,#5165,.F.);
#5179=EDGE_LOOP('',(#5176,#5177,#5178));
#5180=FACE_OUTER_BOUND('',#5179,.F.);
#5182=CARTESIAN_POINT('',(-5.E-2,-1.249570734612E1,-2.95E0));
#5183=DIRECTION('',(0.E0,1.E0,0.E0));
#5184=DIRECTION('',(1.E0,0.E0,0.E0));
#5185=AXIS2_PLACEMENT_3D('',#5182,#5183,#5184);
#5186=CYLINDRICAL_SURFACE('',#5185,5.E-2);
#5187=ORIENTED_EDGE('',*,*,#5044,.F.);
#5188=ORIENTED_EDGE('',*,*,#5175,.T.);
#5189=ORIENTED_EDGE('',*,*,#2491,.T.);
#5190=ORIENTED_EDGE('',*,*,#5018,.T.);
#5191=EDGE_LOOP('',(#5187,#5188,#5189,#5190));
#5192=FACE_OUTER_BOUND('',#5191,.F.);
#5194=CARTESIAN_POINT('',(-5.E-2,3.406366588219E0,0.E0));
#5195=DIRECTION('',(-7.071067811865E-1,6.123724356958E-1,3.535533905933E-1));
#5196=DIRECTION('',(7.071067811865E-1,6.123724356958E-1,3.535533905933E-1));
#5197=AXIS2_PLACEMENT_3D('',#5194,#5195,#5196);
#5198=SPHERICAL_SURFACE('',#5197,5.E-2);
#5200=ORIENTED_EDGE('',*,*,#5199,.F.);
#5201=ORIENTED_EDGE('',*,*,#4976,.F.);
#5202=ORIENTED_EDGE('',*,*,#5006,.F.);
#5203=EDGE_LOOP('',(#5200,#5201,#5202));
#5204=FACE_OUTER_BOUND('',#5203,.F.);
#5206=CARTESIAN_POINT('',(-5.E-2,9.729483642373E0,-1.095196E1));
#5207=DIRECTION('',(0.E0,-5.E-1,8.660254037844E-1));
#5208=DIRECTION('',(1.E0,0.E0,0.E0));
#5209=AXIS2_PLACEMENT_3D('',#5206,#5207,#5208);
#5210=CYLINDRICAL_SURFACE('',#5209,5.E-2);
#5211=ORIENTED_EDGE('',*,*,#2487,.T.);
#5212=ORIENTED_EDGE('',*,*,#4897,.T.);
#5213=ORIENTED_EDGE('',*,*,#4926,.F.);
#5214=ORIENTED_EDGE('',*,*,#5199,.T.);
#5215=EDGE_LOOP('',(#5211,#5212,#5213,#5214));
#5216=FACE_OUTER_BOUND('',#5215,.F.);
#5218=CLOSED_SHELL('',(#2505,#2528,#2543,#2559,#2575,#2591,#2607,#2623,#2639,
#2655,#2811,#2823,#2836,#2850,#2864,#2878,#2892,#2906,#2920,#2935,#3089,#3273,
#3619,#3903,#4057,#4079,#4093,#4247,#4530,#4713,#4737,#4752,#4765,#4779,#4792,
#4806,#4819,#4833,#4846,#4860,#4875,#4889,#4902,#4916,#4931,#4945,#4956,#4968,
#4982,#4996,#5010,#5023,#5036,#5050,#5064,#5078,#5092,#5106,#5119,#5131,#5144,
#5156,#5169,#5181,#5193,#5205,#5217));
#5219=MANIFOLD_SOLID_BREP('',#5218);
#5222=PLANE_ANGLE_MEASURE_WITH_UNIT(PLANE_ANGLE_MEASURE(1.745329251994E-2),
#5221);
#5223=(CONVERSION_BASED_UNIT('DEGREE',#5222)NAMED_UNIT(*)PLANE_ANGLE_UNIT());
#5225=UNCERTAINTY_MEASURE_WITH_UNIT(LENGTH_MEASURE(1.065060384459E-3),#5220,
'distance_accuracy_value',
'Maximum model space distance between geometric entities at asserted connectivities');
#5228=APPLICATION_CONTEXT('automotive_design');
#5229=APPLICATION_PROTOCOL_DEFINITION('international standard',
'automotive_design',2001,#5228);
#5230=PRODUCT_DEFINITION_CONTEXT('part definition',#5228,'design');
#5231=PRODUCT_CONTEXT('',#5228,'mechanical');
#5232=PRODUCT('001_ROUND_HEX_STANDOFFS','001_ROUND_HEX_STANDOFFS',
'NOT SPECIFIED',(#5231));
#5233=PRODUCT_DEFINITION_FORMATION('463','LAST_VERSION',#5232);
#5241=DERIVED_UNIT_ELEMENT(#5240,2.E0);
#5242=DERIVED_UNIT((#5241));
#5243=MEASURE_REPRESENTATION_ITEM('surface area measure',AREA_MEASURE(
2.192979089903E2),#5242);
#5248=DERIVED_UNIT_ELEMENT(#5247,3.E0);
#5249=DERIVED_UNIT((#5248));
#5250=MEASURE_REPRESENTATION_ITEM('volume measure',VOLUME_MEASURE(
1.264232353580E2),#5249);
#5254=CARTESIAN_POINT('centre point',(-2.500000026674E0,8.106380024008E-6,
-1.650384981531E-6));
#5259=DERIVED_UNIT_ELEMENT(#5258,2.E0);
#5260=DERIVED_UNIT((#5259));
#5261=MEASURE_REPRESENTATION_ITEM('surface area measure',AREA_MEASURE(
2.192979089903E2),#5260);
#5266=DERIVED_UNIT_ELEMENT(#5265,3.E0);
#5267=DERIVED_UNIT((#5266));
#5268=MEASURE_REPRESENTATION_ITEM('volume measure',VOLUME_MEASURE(
1.264232353580E2),#5267);
#5272=CARTESIAN_POINT('centre point',(-2.500000026674E0,8.106380024008E-6,
-1.650384981531E-6));
#5277=PRODUCT_RELATED_PRODUCT_CATEGORY('part','',(#5232));
#5279=GENERAL_PROPERTY('','THREAD_SIZE','user defined attribute');
#5280=GENERAL_PROPERTY_ASSOCIATION('user defined attribute','',#5279,#5278);
#5281=DESCRIPTIVE_REPRESENTATION_ITEM('THREAD_SIZE','M3X0.5');
#5285=GENERAL_PROPERTY('','OD','user defined attribute');
#5286=GENERAL_PROPERTY_ASSOCIATION('user defined attribute','',#5285,#5284);
#5287=VALUE_REPRESENTATION_ITEM('OD',NUMERIC_MEASURE(6.E0));
#5290=DESCRIPTIVE_REPRESENTATION_ITEM('attribute description','Real Number');
#5295=GENERAL_PROPERTY('','L','user defined attribute');
#5296=GENERAL_PROPERTY_ASSOCIATION('user defined attribute','',#5295,#5294);
#5297=VALUE_REPRESENTATION_ITEM('L',NUMERIC_MEASURE(5.E0));
#5300=DESCRIPTIVE_REPRESENTATION_ITEM('attribute description','Real Number');
#5305=GENERAL_PROPERTY('','SUPPLIER','user defined attribute');
#5306=GENERAL_PROPERTY_ASSOCIATION('user defined attribute','',#5305,#5304);
#5307=DESCRIPTIVE_REPRESENTATION_ITEM('SUPPLIER','RAF');
#5311=GENERAL_PROPERTY('','ADDRESS','user defined attribute');
#5312=GENERAL_PROPERTY_ASSOCIATION('user defined attribute','',#5311,#5310);
#5313=DESCRIPTIVE_REPRESENTATION_ITEM('ADDRESS',
'95 Silvermine Rd, Seymour CT 06483');
#5317=GENERAL_PROPERTY('','PHONE','user defined attribute');
#5318=GENERAL_PROPERTY_ASSOCIATION('user defined attribute','',#5317,#5316);
#5319=DESCRIPTIVE_REPRESENTATION_ITEM('PHONE','203-888-2133');
#5323=GENERAL_PROPERTY('','EMAIL','user defined attribute');
#5324=GENERAL_PROPERTY_ASSOCIATION('user defined attribute','',#5323,#5322);
#5325=DESCRIPTIVE_REPRESENTATION_ITEM('EMAIL','info@rafhdwe.com');
#5329=GENERAL_PROPERTY('','RAF_MATERIAL','user defined attribute');
#5330=GENERAL_PROPERTY_ASSOCIATION('user defined attribute','',#5329,#5328);
#5331=DESCRIPTIVE_REPRESENTATION_ITEM('RAF_MATERIAL','Stainless Steel');
#5335=GENERAL_PROPERTY('','RAF_FINISH','user defined attribute');
#5336=GENERAL_PROPERTY_ASSOCIATION('user defined attribute','',#5335,#5334);
#5337=DESCRIPTIVE_REPRESENTATION_ITEM('RAF_FINISH','No Plating');
#1=COLOUR_RGB('',0.E0,0.E0,5.01961E-1);
#2=COLOUR_RGB('',0.E0,9.4118E-2,9.76471E-1);
#3=DRAUGHTING_PRE_DEFINED_COLOUR('green');
#4=COLOUR_RGB('',1.1E-2,1.2E-2,1.E0);
#5=COLOUR_RGB('',6.2745E-2,3.68627E-1,1.41176E-1);
#6=COLOUR_RGB('',1.80392E-1,2.07843E-1,1.80392E-1);
#7=COLOUR_RGB('',1.80392E-1,6.E-1,5.72549E-1);
#8=COLOUR_RGB('',2.31373E-1,6.94118E-1,2.62745E-1);
#9=COLOUR_RGB('',2.4E-1,2.4E-1,2.4E-1);
#10=COLOUR_RGB('',3.3E-1,5.6E-1,5.8E-1);
#11=COLOUR_RGB('',3.4902E-1,3.4902E-1,3.4902E-1);
#12=COLOUR_RGB('',3.52941E-1,3.4902E-1,3.41176E-1);
#13=COLOUR_RGB('',3.92157E-1,0.E0,3.92157E-1);
#14=COLOUR_RGB('',3.92E-1,1.2E-2,1.2E-2);
#15=COLOUR_RGB('',3.96078E-1,4.03922E-1,3.84314E-1);
#16=COLOUR_RGB('',4.1E-1,0.E0,2.2E-1);
#17=COLOUR_RGB('',4.23529E-1,4.23529E-1,4.23529E-1);
#18=COLOUR_RGB('',4.58824E-1,4.54902E-1,2.90196E-1);
#19=COLOUR_RGB('',4.62745E-1,4.5098E-1,4.31373E-1);
#20=COLOUR_RGB('',4.62745E-1,5.09804E-1,5.01961E-1);
#21=COLOUR_RGB('',4.86275E-1,2.78431E-1,0.E0);
#22=COLOUR_RGB('',5.E-1,7.05882E-1,7.05882E-1);
#23=COLOUR_RGB('',5.05882E-1,4.78431E-1,4.07843E-1);
#24=COLOUR_RGB('',5.05882E-1,4.90196E-1,3.68627E-1);
#25=COLOUR_RGB('',5.17647E-1,6.5098E-1,7.56863E-1);
#26=COLOUR_RGB('',5.2E-1,6.8E-1,6.5E-1);
#27=COLOUR_RGB('',5.23922E-1,6.23922E-1,6.33333E-1);
#28=COLOUR_RGB('',5.33333E-1,6.70588E-1,8.27451E-1);
#29=COLOUR_RGB('',5.56863E-1,5.05882E-1,3.72549E-1);
#30=COLOUR_RGB('',5.64706E-1,9.33333E-1,5.64706E-1);
#31=COLOUR_RGB('',5.76471E-1,4.43137E-1,2.5098E-1);
#32=COLOUR_RGB('',5.80392E-1,5.84314E-1,5.60784E-1);
#33=COLOUR_RGB('',5.84314E-1,5.56863E-1,4.86275E-1);
#34=COLOUR_RGB('',6.E-1,6.6E-1,6.66667E-1);
#35=COLOUR_RGB('',6.E-1,8.E-1,1.E0);
#36=COLOUR_RGB('',6.07843E-1,6.11765E-1,5.92157E-1);
#37=COLOUR_RGB('',6.11765E-1,5.37255E-1,5.01961E-1);
#38=COLOUR_RGB('',6.11765E-1,5.52941E-1,3.05882E-1);
#39=COLOUR_RGB('',6.27451E-1,6.31373E-1,6.11765E-1);
#40=COLOUR_RGB('',6.27451E-1,6.35294E-1,6.27451E-1);
#41=COLOUR_RGB('',6.27451E-1,7.09804E-1,6.27451E-1);
#42=COLOUR_RGB('',6.39216E-1,4.E-1,2.07843E-1);
#43=COLOUR_RGB('',6.39216E-1,6.5098E-1,6.98039E-1);
#44=COLOUR_RGB('',6.54902E-1,6.58824E-1,6.70588E-1);
#45=COLOUR_RGB('',6.66667E-1,4.66667E-1,3.37255E-1);
#46=COLOUR_RGB('',6.66667E-1,6.66667E-1,6.66667E-1);
#47=COLOUR_RGB('',6.66667E-1,6.98039E-1,7.2549E-1);
#48=COLOUR_RGB('',6.78431E-1,5.96078E-1,4.27451E-1);
#49=COLOUR_RGB('',6.78431E-1,6.07843E-1,3.84314E-1);
#50=COLOUR_RGB('',6.78431E-1,7.01961E-1,6.94118E-1);
#51=COLOUR_RGB('',6.86275E-1,7.21569E-1,7.2549E-1);
#52=COLOUR_RGB('',6.952E-1,7.426E-1,7.9E-1);
#53=COLOUR_RGB('',6.98039E-1,0.E0,9.29412E-1);
#54=COLOUR_RGB('',7.E-1,7.E-1,7.E-1);
#55=COLOUR_RGB('',7.01961E-1,6.94118E-1,6.90196E-1);
#56=COLOUR_RGB('',7.05882E-1,6.7451E-1,6.62745E-1);
#57=COLOUR_RGB('',7.05882E-1,6.86275E-1,6.70588E-1);
#58=COLOUR_RGB('',7.09804E-1,7.17647E-1,7.09804E-1);
#59=COLOUR_RGB('',7.17647E-1,6.23529E-1,4.94118E-1);
#60=COLOUR_RGB('',7.2E-1,8.2E-1,8.3E-1);
#61=COLOUR_RGB('',7.29412E-1,7.68627E-1,7.84314E-1);
#62=COLOUR_RGB('',7.33333E-1,6.5098E-1,5.37255E-1);
#63=COLOUR_RGB('',7.33333E-1,6.82353E-1,4.7451E-1);
#64=COLOUR_RGB('',7.45098E-1,6.35294E-1,5.96078E-1);
#65=COLOUR_RGB('',7.45098E-1,7.09804E-1,1.E-1);
#66=COLOUR_RGB('',7.49804E-1,7.49804E-1,7.49804E-1);
#67=COLOUR_RGB('',7.5E-1,7.8E-1,8.15686E-1);
#68=COLOUR_RGB('',7.68627E-1,7.72549E-1,7.88235E-1);
#69=COLOUR_RGB('',7.76471E-1,6.15686E-1,4.11765E-1);
#70=COLOUR_RGB('',7.76471E-1,7.76471E-1,7.76471E-1);
#71=COLOUR_RGB('',7.80392E-1,7.4902E-1,7.05882E-1);
#72=COLOUR_RGB('',7.84314E-1,7.84314E-1,7.84314E-1);
#73=COLOUR_RGB('',7.92157E-1,7.84314E-1,8.03922E-1);
#74=COLOUR_RGB('',7.92157E-1,8.43137E-1,8.78431E-1);
#75=COLOUR_RGB('',8.E-1,5.84314E-1,3.76471E-1);
#76=COLOUR_RGB('',8.E-1,7.52941E-1,6.23529E-1);
#77=COLOUR_RGB('',8.E-1,7.88235E-1,8.47059E-1);
#78=COLOUR_RGB('',8.15686E-1,6.98039E-1,3.37255E-1);
#79=COLOUR_RGB('',8.2E-1,5.8E-1,4.66667E-1);
#80=COLOUR_RGB('',8.27451E-1,0.E0,0.E0);
#81=COLOUR_RGB('',8.27451E-1,8.31373E-1,8.35294E-1);
#82=COLOUR_RGB('',8.5098E-1,7.09804E-1,6.66667E-1);
#83=COLOUR_RGB('',8.54902E-1,7.21569E-1,4.70588E-1);
#84=COLOUR_RGB('',8.54902E-1,7.84314E-1,6.03922E-1);
#85=COLOUR_RGB('',8.54902E-1,8.54902E-1,8.54902E-1);
#86=COLOUR_RGB('',8.70588E-1,7.01961E-1,5.80392E-1);
#87=COLOUR_RGB('',8.8E-1,5.E-1,2.E-1);
#88=COLOUR_RGB('',8.78431E-1,7.33333E-1,3.29412E-1);
#89=COLOUR_RGB('',8.8E-1,8.3E-1,5.09804E-1);
#90=COLOUR_RGB('',8.8E-1,9.1E-1,9.1E-1);
#91=COLOUR_RGB('',8.784E-1,9.49E-1,1.E0);
#92=COLOUR_RGB('',9.1E-1,8.62745E-1,8.3E-1);
#93=COLOUR_RGB('',9.09804E-1,8.94118E-1,8.5098E-1);
#94=COLOUR_RGB('',9.2E-1,5.3E-1,2.5E-1);
#95=COLOUR_RGB('',9.2549E-1,6.35294E-1,2.86275E-1);
#96=COLOUR_RGB('',9.3E-1,9.2E-1,9.3E-1);
#97=COLOUR_RGB('',9.45098E-1,6.58824E-1,4.39216E-1);
#98=COLOUR_RGB('',9.6E-1,9.6E-1,9.6E-1);
#99=COLOUR_RGB('',9.68627E-1,9.68627E-1,5.37255E-1);
#100=COLOUR_RGB('',9.8E-1,6.27E-1,0.E0);
#101=COLOUR_RGB('',9.8E-1,7.3E-1,7.7E-1);
#102=COLOUR_RGB('',9.80392E-1,8.07843E-1,8.7451E-1);
#103=COLOUR_RGB('',9.88235E-1,4.E-1,0.E0);
#104=DRAUGHTING_PRE_DEFINED_COLOUR('red');
#105=COLOUR_RGB('',1.E0,7.5E-1,7.E-2);
#106=COLOUR_RGB('',1.E0,7.52941E-1,7.96078E-1);
#107=COLOUR_RGB('',1.E0,7.96078E-1,2.11765E-1);
#108=COLOUR_RGB('',1.E0,8.E-1,8.3E-1);
#109=COLOUR_RGB('',1.E0,8.15686E-1,2.94118E-1);
#110=COLOUR_RGB('',1.E0,8.43137E-1,0.E0);
#111=COLOUR_RGB('',1.E0,9.4902E-1,0.E0);
#112=DRAUGHTING_PRE_DEFINED_COLOUR('yellow');
#113=COLOUR_RGB('',1.E0,1.E0,9.49E-1);
#114=DRAUGHTING_PRE_DEFINED_COLOUR('white');
#119=CIRCLE('',#118,1.59E0);
#124=CIRCLE('',#123,1.59E0);
#181=B_SPLINE_CURVE_WITH_KNOTS('',3,(#149,#150,#151,#152,#153,#154,#155,#156,
#157,#158,#159,#160,#161,#162,#163,#164,#165,#166,#167,#168,#169,#170,#171,#172,
#173,#174,#175,#176,#177,#178,#179,#180),.UNSPECIFIED.,.F.,.F.,(4,1,1,1,1,1,1,1,
1,1,1,1,1,1,1,1,1,1,1,1,1,1,1,1,1,1,1,1,1,4),(0.E0,3.448275862069E-2,
6.896551724138E-2,1.034482758621E-1,1.379310344828E-1,1.724137931034E-1,
2.068965517241E-1,2.413793103448E-1,2.758620689655E-1,3.103448275862E-1,
3.448275862069E-1,3.793103448276E-1,4.137931034483E-1,4.482758620690E-1,
4.827586206897E-1,5.172413793103E-1,5.517241379310E-1,5.862068965517E-1,
6.206896551724E-1,6.551724137931E-1,6.896551724138E-1,7.241379310345E-1,
7.586206896552E-1,7.931034482759E-1,8.275862068966E-1,8.620689655172E-1,
8.965517241379E-1,9.310344827586E-1,9.655172413793E-1,1.E0),.UNSPECIFIED.);
#186=CIRCLE('',#185,1.229367061317E0);
#210=B_SPLINE_CURVE_WITH_KNOTS('',3,(#187,#188,#189,#190,#191,#192,#193,#194,
#195,#196,#197,#198,#199,#200,#201,#202,#203,#204,#205,#206,#207,#208,#209),
.UNSPECIFIED.,.F.,.F.,(4,1,1,1,1,1,1,1,1,1,1,1,1,1,1,1,1,1,1,1,4),(0.E0,5.E-2,
1.E-1,1.5E-1,2.E-1,2.5E-1,3.E-1,3.5E-1,4.E-1,4.5E-1,5.E-1,5.5E-1,6.E-1,6.5E-1,
7.E-1,7.5E-1,8.E-1,8.5E-1,9.E-1,9.5E-1,1.E0),.UNSPECIFIED.);
#232=B_SPLINE_CURVE_WITH_KNOTS('',3,(#211,#212,#213,#214,#215,#216,#217,#218,
#219,#220,#221,#222,#223,#224,#225,#226,#227,#228,#229,#230,#231),.UNSPECIFIED.,
.F.,.F.,(4,1,1,1,1,1,1,1,1,1,1,1,1,1,1,1,1,1,4),(0.E0,5.555555555556E-2,
1.111111111111E-1,1.666666666667E-1,2.222222222222E-1,2.777777777778E-1,
3.333333333333E-1,3.888888888889E-1,4.444444444444E-1,5.E-1,5.555555555556E-1,
6.111111111111E-1,6.666666666667E-1,7.222222222222E-1,7.777777777778E-1,
8.333333333333E-1,8.888888888889E-1,9.444444444444E-1,1.E0),.UNSPECIFIED.);
#254=B_SPLINE_CURVE_WITH_KNOTS('',3,(#233,#234,#235,#236,#237,#238,#239,#240,
#241,#242,#243,#244,#245,#246,#247,#248,#249,#250,#251,#252,#253),.UNSPECIFIED.,
.F.,.F.,(4,1,1,1,1,1,1,1,1,1,1,1,1,1,1,1,1,1,4),(0.E0,5.555555555556E-2,
1.111111111111E-1,1.666666666667E-1,2.222222222222E-1,2.777777777778E-1,
3.333333333333E-1,3.888888888889E-1,4.444444444444E-1,5.E-1,5.555555555556E-1,
6.111111111111E-1,6.666666666667E-1,7.222222222222E-1,7.777777777778E-1,
8.333333333333E-1,8.888888888889E-1,9.444444444444E-1,1.E0),.UNSPECIFIED.);
#280=B_SPLINE_CURVE_WITH_KNOTS('',3,(#259,#260,#261,#262,#263,#264,#265,#266,
#267,#268,#269,#270,#271,#272,#273,#274,#275,#276,#277,#278,#279),.UNSPECIFIED.,
.F.,.F.,(4,1,1,1,1,1,1,1,1,1,1,1,1,1,1,1,1,1,4),(0.E0,5.555555555556E-2,
1.111111111111E-1,1.666666666667E-1,2.222222222222E-1,2.777777777778E-1,
3.333333333333E-1,3.888888888889E-1,4.444444444444E-1,5.E-1,5.555555555556E-1,
6.111111111111E-1,6.666666666667E-1,7.222222222222E-1,7.777777777778E-1,
8.333333333333E-1,8.888888888889E-1,9.444444444444E-1,1.E0),.UNSPECIFIED.);
#306=B_SPLINE_CURVE_WITH_KNOTS('',3,(#285,#286,#287,#288,#289,#290,#291,#292,
#293,#294,#295,#296,#297,#298,#299,#300,#301,#302,#303,#304,#305),.UNSPECIFIED.,
.F.,.F.,(4,1,1,1,1,1,1,1,1,1,1,1,1,1,1,1,1,1,4),(0.E0,5.555555555556E-2,
1.111111111111E-1,1.666666666667E-1,2.222222222222E-1,2.777777777778E-1,
3.333333333333E-1,3.888888888889E-1,4.444444444444E-1,5.E-1,5.555555555556E-1,
6.111111111111E-1,6.666666666667E-1,7.222222222222E-1,7.777777777778E-1,
8.333333333333E-1,8.888888888889E-1,9.444444444444E-1,1.E0),.UNSPECIFIED.);
#328=B_SPLINE_CURVE_WITH_KNOTS('',3,(#307,#308,#309,#310,#311,#312,#313,#314,
#315,#316,#317,#318,#319,#320,#321,#322,#323,#324,#325,#326,#327),.UNSPECIFIED.,
.F.,.F.,(4,1,1,1,1,1,1,1,1,1,1,1,1,1,1,1,1,1,4),(0.E0,5.555555555556E-2,
1.111111111111E-1,1.666666666667E-1,2.222222222222E-1,2.777777777778E-1,
3.333333333333E-1,3.888888888889E-1,4.444444444444E-1,5.E-1,5.555555555556E-1,
6.111111111111E-1,6.666666666667E-1,7.222222222222E-1,7.777777777778E-1,
8.333333333333E-1,8.888888888889E-1,9.444444444444E-1,1.E0),.UNSPECIFIED.);
#354=B_SPLINE_CURVE_WITH_KNOTS('',3,(#333,#334,#335,#336,#337,#338,#339,#340,
#341,#342,#343,#344,#345,#346,#347,#348,#349,#350,#351,#352,#353),.UNSPECIFIED.,
.F.,.F.,(4,1,1,1,1,1,1,1,1,1,1,1,1,1,1,1,1,1,4),(0.E0,5.555555555556E-2,
1.111111111111E-1,1.666666666667E-1,2.222222222222E-1,2.777777777778E-1,
3.333333333333E-1,3.888888888889E-1,4.444444444444E-1,5.E-1,5.555555555556E-1,
6.111111111111E-1,6.666666666667E-1,7.222222222222E-1,7.777777777778E-1,
8.333333333333E-1,8.888888888889E-1,9.444444444444E-1,1.E0),.UNSPECIFIED.);
#376=B_SPLINE_CURVE_WITH_KNOTS('',3,(#355,#356,#357,#358,#359,#360,#361,#362,
#363,#364,#365,#366,#367,#368,#369,#370,#371,#372,#373,#374,#375),.UNSPECIFIED.,
.F.,.F.,(4,1,1,1,1,1,1,1,1,1,1,1,1,1,1,1,1,1,4),(0.E0,5.555555555556E-2,
1.111111111111E-1,1.666666666667E-1,2.222222222222E-1,2.777777777778E-1,
3.333333333333E-1,3.888888888889E-1,4.444444444444E-1,5.E-1,5.555555555556E-1,
6.111111111111E-1,6.666666666667E-1,7.222222222222E-1,7.777777777778E-1,
8.333333333333E-1,8.888888888889E-1,9.444444444444E-1,1.E0),.UNSPECIFIED.);
#402=B_SPLINE_CURVE_WITH_KNOTS('',3,(#381,#382,#383,#384,#385,#386,#387,#388,
#389,#390,#391,#392,#393,#394,#395,#396,#397,#398,#399,#400,#401),.UNSPECIFIED.,
.F.,.F.,(4,1,1,1,1,1,1,1,1,1,1,1,1,1,1,1,1,1,4),(0.E0,5.555555555556E-2,
1.111111111111E-1,1.666666666667E-1,2.222222222222E-1,2.777777777778E-1,
3.333333333333E-1,3.888888888889E-1,4.444444444444E-1,5.E-1,5.555555555556E-1,
6.111111111111E-1,6.666666666667E-1,7.222222222222E-1,7.777777777778E-1,
8.333333333333E-1,8.888888888889E-1,9.444444444444E-1,1.E0),.UNSPECIFIED.);
#424=B_SPLINE_CURVE_WITH_KNOTS('',3,(#403,#404,#405,#406,#407,#408,#409,#410,
#411,#412,#413,#414,#415,#416,#417,#418,#419,#420,#421,#422,#423),.UNSPECIFIED.,
.F.,.F.,(4,1,1,1,1,1,1,1,1,1,1,1,1,1,1,1,1,1,4),(0.E0,5.555555555556E-2,
1.111111111111E-1,1.666666666667E-1,2.222222222222E-1,2.777777777778E-1,
3.333333333333E-1,3.888888888889E-1,4.444444444444E-1,5.E-1,5.555555555556E-1,
6.111111111111E-1,6.666666666667E-1,7.222222222222E-1,7.777777777778E-1,
8.333333333333E-1,8.888888888889E-1,9.444444444444E-1,1.E0),.UNSPECIFIED.);
#450=B_SPLINE_CURVE_WITH_KNOTS('',3,(#429,#430,#431,#432,#433,#434,#435,#436,
#437,#438,#439,#440,#441,#442,#443,#444,#445,#446,#447,#448,#449),.UNSPECIFIED.,
.F.,.F.,(4,1,1,1,1,1,1,1,1,1,1,1,1,1,1,1,1,1,4),(0.E0,5.555555555556E-2,
1.111111111111E-1,1.666666666667E-1,2.222222222222E-1,2.777777777778E-1,
3.333333333333E-1,3.888888888889E-1,4.444444444444E-1,5.E-1,5.555555555556E-1,
6.111111111111E-1,6.666666666667E-1,7.222222222222E-1,7.777777777778E-1,
8.333333333333E-1,8.888888888889E-1,9.444444444444E-1,1.E0),.UNSPECIFIED.);
#472=B_SPLINE_CURVE_WITH_KNOTS('',3,(#451,#452,#453,#454,#455,#456,#457,#458,
#459,#460,#461,#462,#463,#464,#465,#466,#467,#468,#469,#470,#471),.UNSPECIFIED.,
.F.,.F.,(4,1,1,1,1,1,1,1,1,1,1,1,1,1,1,1,1,1,4),(0.E0,5.555555555556E-2,
1.111111111111E-1,1.666666666667E-1,2.222222222222E-1,2.777777777778E-1,
3.333333333333E-1,3.888888888889E-1,4.444444444444E-1,5.E-1,5.555555555556E-1,
6.111111111111E-1,6.666666666667E-1,7.222222222222E-1,7.777777777778E-1,
8.333333333333E-1,8.888888888889E-1,9.444444444444E-1,1.E0),.UNSPECIFIED.);
#494=B_SPLINE_CURVE_WITH_KNOTS('',3,(#473,#474,#475,#476,#477,#478,#479,#480,
#481,#482,#483,#484,#485,#486,#487,#488,#489,#490,#491,#492,#493),.UNSPECIFIED.,
.F.,.F.,(4,1,1,1,1,1,1,1,1,1,1,1,1,1,1,1,1,1,4),(0.E0,5.555555555556E-2,
1.111111111111E-1,1.666666666667E-1,2.222222222222E-1,2.777777777778E-1,
3.333333333333E-1,3.888888888889E-1,4.444444444444E-1,5.E-1,5.555555555556E-1,
6.111111111111E-1,6.666666666667E-1,7.222222222222E-1,7.777777777778E-1,
8.333333333333E-1,8.888888888889E-1,9.444444444444E-1,1.E0),.UNSPECIFIED.);
#520=B_SPLINE_CURVE_WITH_KNOTS('',3,(#499,#500,#501,#502,#503,#504,#505,#506,
#507,#508,#509,#510,#511,#512,#513,#514,#515,#516,#517,#518,#519),.UNSPECIFIED.,
.F.,.F.,(4,1,1,1,1,1,1,1,1,1,1,1,1,1,1,1,1,1,4),(0.E0,5.555555555556E-2,
1.111111111111E-1,1.666666666667E-1,2.222222222222E-1,2.777777777778E-1,
3.333333333333E-1,3.888888888889E-1,4.444444444444E-1,5.E-1,5.555555555556E-1,
6.111111111111E-1,6.666666666667E-1,7.222222222222E-1,7.777777777778E-1,
8.333333333333E-1,8.888888888889E-1,9.444444444444E-1,1.E0),.UNSPECIFIED.);
#546=B_SPLINE_CURVE_WITH_KNOTS('',3,(#525,#526,#527,#528,#529,#530,#531,#532,
#533,#534,#535,#536,#537,#538,#539,#540,#541,#542,#543,#544,#545),.UNSPECIFIED.,
.F.,.F.,(4,1,1,1,1,1,1,1,1,1,1,1,1,1,1,1,1,1,4),(0.E0,5.555555555556E-2,
1.111111111111E-1,1.666666666667E-1,2.222222222222E-1,2.777777777778E-1,
3.333333333333E-1,3.888888888889E-1,4.444444444444E-1,5.E-1,5.555555555556E-1,
6.111111111111E-1,6.666666666667E-1,7.222222222222E-1,7.777777777778E-1,
8.333333333333E-1,8.888888888889E-1,9.444444444444E-1,1.E0),.UNSPECIFIED.);
#559=B_SPLINE_CURVE_WITH_KNOTS('',3,(#547,#548,#549,#550,#551,#552,#553,#554,
#555,#556,#557,#558),.UNSPECIFIED.,.F.,.F.,(4,1,1,1,1,1,1,1,1,4),(0.E0,
1.111111111111E-1,2.222222222222E-1,3.333333333333E-1,4.444444444444E-1,
5.555555555556E-1,6.666666666667E-1,7.777777777778E-1,8.888888888889E-1,1.E0),
.UNSPECIFIED.);
#581=B_SPLINE_CURVE_WITH_KNOTS('',3,(#560,#561,#562,#563,#564,#565,#566,#567,
#568,#569,#570,#571,#572,#573,#574,#575,#576,#577,#578,#579,#580),.UNSPECIFIED.,
.F.,.F.,(4,1,1,1,1,1,1,1,1,1,1,1,1,1,1,1,1,1,4),(0.E0,5.555555555556E-2,
1.111111111111E-1,1.666666666667E-1,2.222222222222E-1,2.777777777778E-1,
3.333333333333E-1,3.888888888889E-1,4.444444444444E-1,5.E-1,5.555555555556E-1,
6.111111111111E-1,6.666666666667E-1,7.222222222222E-1,7.777777777778E-1,
8.333333333333E-1,8.888888888889E-1,9.444444444444E-1,1.E0),.UNSPECIFIED.);
#592=B_SPLINE_CURVE_WITH_KNOTS('',3,(#582,#583,#584,#585,#586,#587,#588,#589,
#590,#591),.UNSPECIFIED.,.F.,.F.,(4,1,1,1,1,1,1,4),(0.E0,1.428571428571E-1,
2.857142857143E-1,4.285714285714E-1,5.714285714286E-1,7.142857142857E-1,
8.571428571429E-1,1.E0),.UNSPECIFIED.);
#697=B_SPLINE_CURVE_WITH_KNOTS('',3,(#593,#594,#595,#596,#597,#598,#599,#600,
#601,#602,#603,#604,#605,#606,#607,#608,#609,#610,#611,#612,#613,#614,#615,#616,
#617,#618,#619,#620,#621,#622,#623,#624,#625,#626,#627,#628,#629,#630,#631,#632,
#633,#634,#635,#636,#637,#638,#639,#640,#641,#642,#643,#644,#645,#646,#647,#648,
#649,#650,#651,#652,#653,#654,#655,#656,#657,#658,#659,#660,#661,#662,#663,#664,
#665,#666,#667,#668,#669,#670,#671,#672,#673,#674,#675,#676,#677,#678,#679,#680,
#681,#682,#683,#684,#685,#686,#687,#688,#689,#690,#691,#692,#693,#694,#695,
#696),.UNSPECIFIED.,.F.,.F.,(4,1,1,1,1,1,1,1,1,1,1,1,1,1,1,1,1,1,1,1,1,1,1,1,1,
1,1,1,1,1,1,1,1,1,1,1,1,1,1,1,1,1,1,1,1,1,1,1,1,1,1,1,1,1,1,1,1,1,1,1,1,1,1,1,1,
1,1,1,1,1,1,1,1,1,1,1,1,1,1,1,1,1,1,1,1,1,1,1,1,1,1,1,1,1,1,1,1,1,1,1,1,4),
(0.E0,9.900990099010E-3,1.980198019802E-2,2.970297029703E-2,3.960396039604E-2,
4.950495049505E-2,5.940594059406E-2,6.930693069307E-2,7.920792079208E-2,
8.910891089109E-2,9.900990099010E-2,1.089108910891E-1,1.188118811881E-1,
1.287128712871E-1,1.386138613861E-1,1.485148514851E-1,1.584158415842E-1,
1.683168316832E-1,1.782178217822E-1,1.881188118812E-1,1.980198019802E-1,
2.079207920792E-1,2.178217821782E-1,2.277227722772E-1,2.376237623762E-1,
2.475247524752E-1,2.574257425743E-1,2.673267326733E-1,2.772277227723E-1,
2.871287128713E-1,2.970297029703E-1,3.069306930693E-1,3.168316831683E-1,
3.267326732673E-1,3.366336633663E-1,3.465346534653E-1,3.564356435644E-1,
3.663366336634E-1,3.762376237624E-1,3.861386138614E-1,3.960396039604E-1,
4.059405940594E-1,4.158415841584E-1,4.257425742574E-1,4.356435643564E-1,
4.455445544554E-1,4.554455445545E-1,4.653465346535E-1,4.752475247525E-1,
4.851485148515E-1,4.950495049505E-1,5.049504950495E-1,5.148514851485E-1,
5.247524752475E-1,5.346534653465E-1,5.445544554455E-1,5.544554455446E-1,
5.643564356436E-1,5.742574257426E-1,5.841584158416E-1,5.940594059406E-1,
6.039603960396E-1,6.138613861386E-1,6.237623762376E-1,6.336633663366E-1,
6.435643564356E-1,6.534653465347E-1,6.633663366337E-1,6.732673267327E-1,
6.831683168317E-1,6.930693069307E-1,7.029702970297E-1,7.128712871287E-1,
7.227722772277E-1,7.326732673267E-1,7.425742574257E-1,7.524752475248E-1,
7.623762376238E-1,7.722772277228E-1,7.821782178218E-1,7.920792079208E-1,
8.019801980198E-1,8.118811881188E-1,8.217821782178E-1,8.316831683168E-1,
8.415841584158E-1,8.514851485149E-1,8.613861386139E-1,8.712871287129E-1,
8.811881188119E-1,8.910891089109E-1,9.009900990099E-1,9.108910891089E-1,
9.207920792079E-1,9.306930693069E-1,9.405940594059E-1,9.504950495050E-1,
9.603960396040E-1,9.702970297030E-1,9.801980198020E-1,9.900990099010E-1,1.E0),
.UNSPECIFIED.);
#727=B_SPLINE_CURVE_WITH_KNOTS('',3,(#706,#707,#708,#709,#710,#711,#712,#713,
#714,#715,#716,#717,#718,#719,#720,#721,#722,#723,#724,#725,#726),.UNSPECIFIED.,
.F.,.F.,(4,1,1,1,1,1,1,1,1,1,1,1,1,1,1,1,1,1,4),(0.E0,5.555555555556E-2,
1.111111111111E-1,1.666666666667E-1,2.222222222222E-1,2.777777777778E-1,
3.333333333333E-1,3.888888888889E-1,4.444444444444E-1,5.E-1,5.555555555556E-1,
6.111111111111E-1,6.666666666667E-1,7.222222222222E-1,7.777777777778E-1,
8.333333333333E-1,8.888888888889E-1,9.444444444444E-1,1.E0),.UNSPECIFIED.);
#749=B_SPLINE_CURVE_WITH_KNOTS('',3,(#728,#729,#730,#731,#732,#733,#734,#735,
#736,#737,#738,#739,#740,#741,#742,#743,#744,#745,#746,#747,#748),.UNSPECIFIED.,
.F.,.F.,(4,1,1,1,1,1,1,1,1,1,1,1,1,1,1,1,1,1,4),(0.E0,5.555555555556E-2,
1.111111111111E-1,1.666666666667E-1,2.222222222222E-1,2.777777777778E-1,
3.333333333333E-1,3.888888888889E-1,4.444444444444E-1,5.E-1,5.555555555556E-1,
6.111111111111E-1,6.666666666667E-1,7.222222222222E-1,7.777777777778E-1,
8.333333333333E-1,8.888888888889E-1,9.444444444444E-1,1.E0),.UNSPECIFIED.);
#775=B_SPLINE_CURVE_WITH_KNOTS('',3,(#754,#755,#756,#757,#758,#759,#760,#761,
#762,#763,#764,#765,#766,#767,#768,#769,#770,#771,#772,#773,#774),.UNSPECIFIED.,
.F.,.F.,(4,1,1,1,1,1,1,1,1,1,1,1,1,1,1,1,1,1,4),(0.E0,5.555555555556E-2,
1.111111111111E-1,1.666666666667E-1,2.222222222222E-1,2.777777777778E-1,
3.333333333333E-1,3.888888888889E-1,4.444444444444E-1,5.E-1,5.555555555556E-1,
6.111111111111E-1,6.666666666667E-1,7.222222222222E-1,7.777777777778E-1,
8.333333333333E-1,8.888888888889E-1,9.444444444444E-1,1.E0),.UNSPECIFIED.);
#801=B_SPLINE_CURVE_WITH_KNOTS('',3,(#780,#781,#782,#783,#784,#785,#786,#787,
#788,#789,#790,#791,#792,#793,#794,#795,#796,#797,#798,#799,#800),.UNSPECIFIED.,
.F.,.F.,(4,1,1,1,1,1,1,1,1,1,1,1,1,1,1,1,1,1,4),(0.E0,5.555555555556E-2,
1.111111111111E-1,1.666666666667E-1,2.222222222222E-1,2.777777777778E-1,
3.333333333333E-1,3.888888888889E-1,4.444444444444E-1,5.E-1,5.555555555556E-1,
6.111111111111E-1,6.666666666667E-1,7.222222222222E-1,7.777777777778E-1,
8.333333333333E-1,8.888888888889E-1,9.444444444444E-1,1.E0),.UNSPECIFIED.);
#823=B_SPLINE_CURVE_WITH_KNOTS('',3,(#802,#803,#804,#805,#806,#807,#808,#809,
#810,#811,#812,#813,#814,#815,#816,#817,#818,#819,#820,#821,#822),.UNSPECIFIED.,
.F.,.F.,(4,1,1,1,1,1,1,1,1,1,1,1,1,1,1,1,1,1,4),(0.E0,5.555555555556E-2,
1.111111111111E-1,1.666666666667E-1,2.222222222222E-1,2.777777777778E-1,
3.333333333333E-1,3.888888888889E-1,4.444444444444E-1,5.E-1,5.555555555556E-1,
6.111111111111E-1,6.666666666667E-1,7.222222222222E-1,7.777777777778E-1,
8.333333333333E-1,8.888888888889E-1,9.444444444444E-1,1.E0),.UNSPECIFIED.);
#849=B_SPLINE_CURVE_WITH_KNOTS('',3,(#828,#829,#830,#831,#832,#833,#834,#835,
#836,#837,#838,#839,#840,#841,#842,#843,#844,#845,#846,#847,#848),.UNSPECIFIED.,
.F.,.F.,(4,1,1,1,1,1,1,1,1,1,1,1,1,1,1,1,1,1,4),(0.E0,5.555555555556E-2,
1.111111111111E-1,1.666666666667E-1,2.222222222222E-1,2.777777777778E-1,
3.333333333333E-1,3.888888888889E-1,4.444444444444E-1,5.E-1,5.555555555556E-1,
6.111111111111E-1,6.666666666667E-1,7.222222222222E-1,7.777777777778E-1,
8.333333333333E-1,8.888888888889E-1,9.444444444444E-1,1.E0),.UNSPECIFIED.);
#871=B_SPLINE_CURVE_WITH_KNOTS('',3,(#850,#851,#852,#853,#854,#855,#856,#857,
#858,#859,#860,#861,#862,#863,#864,#865,#866,#867,#868,#869,#870),.UNSPECIFIED.,
.F.,.F.,(4,1,1,1,1,1,1,1,1,1,1,1,1,1,1,1,1,1,4),(0.E0,5.555555555556E-2,
1.111111111111E-1,1.666666666667E-1,2.222222222222E-1,2.777777777778E-1,
3.333333333333E-1,3.888888888889E-1,4.444444444444E-1,5.E-1,5.555555555556E-1,
6.111111111111E-1,6.666666666667E-1,7.222222222222E-1,7.777777777778E-1,
8.333333333333E-1,8.888888888889E-1,9.444444444444E-1,1.E0),.UNSPECIFIED.);
#897=B_SPLINE_CURVE_WITH_KNOTS('',3,(#876,#877,#878,#879,#880,#881,#882,#883,
#884,#885,#886,#887,#888,#889,#890,#891,#892,#893,#894,#895,#896),.UNSPECIFIED.,
.F.,.F.,(4,1,1,1,1,1,1,1,1,1,1,1,1,1,1,1,1,1,4),(0.E0,5.555555555556E-2,
1.111111111111E-1,1.666666666667E-1,2.222222222222E-1,2.777777777778E-1,
3.333333333333E-1,3.888888888889E-1,4.444444444444E-1,5.E-1,5.555555555556E-1,
6.111111111111E-1,6.666666666667E-1,7.222222222222E-1,7.777777777778E-1,
8.333333333333E-1,8.888888888889E-1,9.444444444444E-1,1.E0),.UNSPECIFIED.);
#919=B_SPLINE_CURVE_WITH_KNOTS('',3,(#898,#899,#900,#901,#902,#903,#904,#905,
#906,#907,#908,#909,#910,#911,#912,#913,#914,#915,#916,#917,#918),.UNSPECIFIED.,
.F.,.F.,(4,1,1,1,1,1,1,1,1,1,1,1,1,1,1,1,1,1,4),(0.E0,5.555555555556E-2,
1.111111111111E-1,1.666666666667E-1,2.222222222222E-1,2.777777777778E-1,
3.333333333333E-1,3.888888888889E-1,4.444444444444E-1,5.E-1,5.555555555556E-1,
6.111111111111E-1,6.666666666667E-1,7.222222222222E-1,7.777777777778E-1,
8.333333333333E-1,8.888888888889E-1,9.444444444444E-1,1.E0),.UNSPECIFIED.);
#945=B_SPLINE_CURVE_WITH_KNOTS('',3,(#924,#925,#926,#927,#928,#929,#930,#931,
#932,#933,#934,#935,#936,#937,#938,#939,#940,#941,#942,#943,#944),.UNSPECIFIED.,
.F.,.F.,(4,1,1,1,1,1,1,1,1,1,1,1,1,1,1,1,1,1,4),(0.E0,5.555555555556E-2,
1.111111111111E-1,1.666666666667E-1,2.222222222222E-1,2.777777777778E-1,
3.333333333333E-1,3.888888888889E-1,4.444444444444E-1,5.E-1,5.555555555556E-1,
6.111111111111E-1,6.666666666667E-1,7.222222222222E-1,7.777777777778E-1,
8.333333333333E-1,8.888888888889E-1,9.444444444444E-1,1.E0),.UNSPECIFIED.);
#967=B_SPLINE_CURVE_WITH_KNOTS('',3,(#946,#947,#948,#949,#950,#951,#952,#953,
#954,#955,#956,#957,#958,#959,#960,#961,#962,#963,#964,#965,#966),.UNSPECIFIED.,
.F.,.F.,(4,1,1,1,1,1,1,1,1,1,1,1,1,1,1,1,1,1,4),(0.E0,5.555555555556E-2,
1.111111111111E-1,1.666666666667E-1,2.222222222222E-1,2.777777777778E-1,
3.333333333333E-1,3.888888888889E-1,4.444444444444E-1,5.E-1,5.555555555556E-1,
6.111111111111E-1,6.666666666667E-1,7.222222222222E-1,7.777777777778E-1,
8.333333333333E-1,8.888888888889E-1,9.444444444444E-1,1.E0),.UNSPECIFIED.);
#989=B_SPLINE_CURVE_WITH_KNOTS('',3,(#968,#969,#970,#971,#972,#973,#974,#975,
#976,#977,#978,#979,#980,#981,#982,#983,#984,#985,#986,#987,#988),.UNSPECIFIED.,
.F.,.F.,(4,1,1,1,1,1,1,1,1,1,1,1,1,1,1,1,1,1,4),(0.E0,5.555555555556E-2,
1.111111111111E-1,1.666666666667E-1,2.222222222222E-1,2.777777777778E-1,
3.333333333333E-1,3.888888888889E-1,4.444444444444E-1,5.E-1,5.555555555556E-1,
6.111111111111E-1,6.666666666667E-1,7.222222222222E-1,7.777777777778E-1,
8.333333333333E-1,8.888888888889E-1,9.444444444444E-1,1.E0),.UNSPECIFIED.);
#1015=B_SPLINE_CURVE_WITH_KNOTS('',3,(#994,#995,#996,#997,#998,#999,#1000,#1001,
#1002,#1003,#1004,#1005,#1006,#1007,#1008,#1009,#1010,#1011,#1012,#1013,#1014),
.UNSPECIFIED.,.F.,.F.,(4,1,1,1,1,1,1,1,1,1,1,1,1,1,1,1,1,1,4),(0.E0,
5.555555555556E-2,1.111111111111E-1,1.666666666667E-1,2.222222222222E-1,
2.777777777778E-1,3.333333333333E-1,3.888888888889E-1,4.444444444444E-1,5.E-1,
5.555555555556E-1,6.111111111111E-1,6.666666666667E-1,7.222222222222E-1,
7.777777777778E-1,8.333333333333E-1,8.888888888889E-1,9.444444444444E-1,1.E0),
.UNSPECIFIED.);
#1041=B_SPLINE_CURVE_WITH_KNOTS('',3,(#1020,#1021,#1022,#1023,#1024,#1025,#1026,
#1027,#1028,#1029,#1030,#1031,#1032,#1033,#1034,#1035,#1036,#1037,#1038,#1039,
#1040),.UNSPECIFIED.,.F.,.F.,(4,1,1,1,1,1,1,1,1,1,1,1,1,1,1,1,1,1,4),(0.E0,
5.555555555556E-2,1.111111111111E-1,1.666666666667E-1,2.222222222222E-1,
2.777777777778E-1,3.333333333333E-1,3.888888888889E-1,4.444444444444E-1,5.E-1,
5.555555555556E-1,6.111111111111E-1,6.666666666667E-1,7.222222222222E-1,
7.777777777778E-1,8.333333333333E-1,8.888888888889E-1,9.444444444444E-1,1.E0),
.UNSPECIFIED.);
#1074=B_SPLINE_CURVE_WITH_KNOTS('',3,(#1042,#1043,#1044,#1045,#1046,#1047,#1048,
#1049,#1050,#1051,#1052,#1053,#1054,#1055,#1056,#1057,#1058,#1059,#1060,#1061,
#1062,#1063,#1064,#1065,#1066,#1067,#1068,#1069,#1070,#1071,#1072,#1073),
.UNSPECIFIED.,.F.,.F.,(4,1,1,1,1,1,1,1,1,1,1,1,1,1,1,1,1,1,1,1,1,1,1,1,1,1,1,1,
1,4),(0.E0,3.448275862069E-2,6.896551724138E-2,1.034482758621E-1,
1.379310344828E-1,1.724137931034E-1,2.068965517241E-1,2.413793103448E-1,
2.758620689655E-1,3.103448275862E-1,3.448275862069E-1,3.793103448276E-1,
4.137931034483E-1,4.482758620690E-1,4.827586206897E-1,5.172413793103E-1,
5.517241379310E-1,5.862068965517E-1,6.206896551724E-1,6.551724137931E-1,
6.896551724138E-1,7.241379310345E-1,7.586206896552E-1,7.931034482759E-1,
8.275862068966E-1,8.620689655172E-1,8.965517241379E-1,9.310344827586E-1,
9.655172413793E-1,1.E0),.UNSPECIFIED.);
#1079=CIRCLE('',#1078,1.229367061317E0);
#1103=B_SPLINE_CURVE_WITH_KNOTS('',3,(#1080,#1081,#1082,#1083,#1084,#1085,#1086,
#1087,#1088,#1089,#1090,#1091,#1092,#1093,#1094,#1095,#1096,#1097,#1098,#1099,
#1100,#1101,#1102),.UNSPECIFIED.,.F.,.F.,(4,1,1,1,1,1,1,1,1,1,1,1,1,1,1,1,1,1,1,
1,4),(0.E0,5.E-2,1.E-1,1.5E-1,2.E-1,2.5E-1,3.E-1,3.5E-1,4.E-1,4.5E-1,5.E-1,
5.5E-1,6.E-1,6.5E-1,7.E-1,7.5E-1,8.E-1,8.5E-1,9.E-1,9.5E-1,1.E0),.UNSPECIFIED.);
#1122=B_SPLINE_CURVE_WITH_KNOTS('',3,(#1108,#1109,#1110,#1111,#1112,#1113,#1114,
#1115,#1116,#1117,#1118,#1119,#1120,#1121),.UNSPECIFIED.,.F.,.F.,(4,1,1,1,1,1,1,
1,1,1,1,4),(0.E0,9.090909090909E-2,1.818181818182E-1,2.727272727273E-1,
3.636363636364E-1,4.545454545455E-1,5.454545454545E-1,6.363636363636E-1,
7.272727272727E-1,8.181818181818E-1,9.090909090909E-1,1.E0),.UNSPECIFIED.);
#1231=B_SPLINE_CURVE_WITH_KNOTS('',3,(#1123,#1124,#1125,#1126,#1127,#1128,#1129,
#1130,#1131,#1132,#1133,#1134,#1135,#1136,#1137,#1138,#1139,#1140,#1141,#1142,
#1143,#1144,#1145,#1146,#1147,#1148,#1149,#1150,#1151,#1152,#1153,#1154,#1155,
#1156,#1157,#1158,#1159,#1160,#1161,#1162,#1163,#1164,#1165,#1166,#1167,#1168,
#1169,#1170,#1171,#1172,#1173,#1174,#1175,#1176,#1177,#1178,#1179,#1180,#1181,
#1182,#1183,#1184,#1185,#1186,#1187,#1188,#1189,#1190,#1191,#1192,#1193,#1194,
#1195,#1196,#1197,#1198,#1199,#1200,#1201,#1202,#1203,#1204,#1205,#1206,#1207,
#1208,#1209,#1210,#1211,#1212,#1213,#1214,#1215,#1216,#1217,#1218,#1219,#1220,
#1221,#1222,#1223,#1224,#1225,#1226,#1227,#1228,#1229,#1230),.UNSPECIFIED.,.F.,
.F.,(4,1,1,1,1,1,1,1,1,1,1,1,1,1,1,1,1,1,1,1,1,1,1,1,1,1,1,1,1,1,1,1,1,1,1,1,1,
1,1,1,1,1,1,1,1,1,1,1,1,1,1,1,1,1,1,1,1,1,1,1,1,1,1,1,1,1,1,1,1,1,1,1,1,1,1,1,1,
1,1,1,1,1,1,1,1,1,1,1,1,1,1,1,1,1,1,1,1,1,1,1,1,1,1,1,1,4),(0.E0,
9.523809523810E-3,1.904761904762E-2,2.857142857143E-2,3.809523809524E-2,
4.761904761905E-2,5.714285714286E-2,6.666666666667E-2,7.619047619048E-2,
8.571428571429E-2,9.523809523810E-2,1.047619047619E-1,1.142857142857E-1,
1.238095238095E-1,1.333333333333E-1,1.428571428571E-1,1.523809523810E-1,
1.619047619048E-1,1.714285714286E-1,1.809523809524E-1,1.904761904762E-1,2.E-1,
2.095238095238E-1,2.190476190476E-1,2.285714285714E-1,2.380952380952E-1,
2.476190476190E-1,2.571428571429E-1,2.666666666667E-1,2.761904761905E-1,
2.857142857143E-1,2.952380952381E-1,3.047619047619E-1,3.142857142857E-1,
3.238095238095E-1,3.333333333333E-1,3.428571428571E-1,3.523809523810E-1,
3.619047619048E-1,3.714285714286E-1,3.809523809524E-1,3.904761904762E-1,4.E-1,
4.095238095238E-1,4.190476190476E-1,4.285714285714E-1,4.380952380952E-1,
4.476190476190E-1,4.571428571429E-1,4.666666666667E-1,4.761904761905E-1,
4.857142857143E-1,4.952380952381E-1,5.047619047619E-1,5.142857142857E-1,
5.238095238095E-1,5.333333333333E-1,5.428571428571E-1,5.523809523810E-1,
5.619047619048E-1,5.714285714286E-1,5.809523809524E-1,5.904761904762E-1,6.E-1,
6.095238095238E-1,6.190476190476E-1,6.285714285714E-1,6.380952380952E-1,
6.476190476190E-1,6.571428571429E-1,6.666666666667E-1,6.761904761905E-1,
6.857142857143E-1,6.952380952381E-1,7.047619047619E-1,7.142857142857E-1,
7.238095238095E-1,7.333333333333E-1,7.428571428571E-1,7.523809523810E-1,
7.619047619048E-1,7.714285714286E-1,7.809523809524E-1,7.904761904762E-1,8.E-1,
8.095238095238E-1,8.190476190476E-1,8.285714285714E-1,8.380952380952E-1,
8.476190476190E-1,8.571428571429E-1,8.666666666667E-1,8.761904761905E-1,
8.857142857143E-1,8.952380952381E-1,9.047619047619E-1,9.142857142857E-1,
9.238095238095E-1,9.333333333333E-1,9.428571428571E-1,9.523809523810E-1,
9.619047619048E-1,9.714285714286E-1,9.809523809524E-1,9.904761904762E-1,1.E0),
.UNSPECIFIED.);
#1320=B_SPLINE_CURVE_WITH_KNOTS('',3,(#1232,#1233,#1234,#1235,#1236,#1237,#1238,
#1239,#1240,#1241,#1242,#1243,#1244,#1245,#1246,#1247,#1248,#1249,#1250,#1251,
#1252,#1253,#1254,#1255,#1256,#1257,#1258,#1259,#1260,#1261,#1262,#1263,#1264,
#1265,#1266,#1267,#1268,#1269,#1270,#1271,#1272,#1273,#1274,#1275,#1276,#1277,
#1278,#1279,#1280,#1281,#1282,#1283,#1284,#1285,#1286,#1287,#1288,#1289,#1290,
#1291,#1292,#1293,#1294,#1295,#1296,#1297,#1298,#1299,#1300,#1301,#1302,#1303,
#1304,#1305,#1306,#1307,#1308,#1309,#1310,#1311,#1312,#1313,#1314,#1315,#1316,
#1317,#1318,#1319),.UNSPECIFIED.,.F.,.F.,(4,1,1,1,1,1,1,1,1,1,1,1,1,1,1,1,1,1,1,
1,1,1,1,1,1,1,1,1,1,1,1,1,1,1,1,1,1,1,1,1,1,1,1,1,1,1,1,1,1,1,1,1,1,1,1,1,1,1,1,
1,1,1,1,1,1,1,1,1,1,1,1,1,1,1,1,1,1,1,1,1,1,1,1,1,1,4),(0.E0,1.176470588235E-2,
2.352941176471E-2,3.529411764706E-2,4.705882352941E-2,5.882352941176E-2,
7.058823529412E-2,8.235294117647E-2,9.411764705882E-2,1.058823529412E-1,
1.176470588235E-1,1.294117647059E-1,1.411764705882E-1,1.529411764706E-1,
1.647058823529E-1,1.764705882353E-1,1.882352941176E-1,2.E-1,2.117647058824E-1,
2.235294117647E-1,2.352941176471E-1,2.470588235294E-1,2.588235294118E-1,
2.705882352941E-1,2.823529411765E-1,2.941176470588E-1,3.058823529412E-1,
3.176470588235E-1,3.294117647059E-1,3.411764705882E-1,3.529411764706E-1,
3.647058823529E-1,3.764705882353E-1,3.882352941176E-1,4.E-1,4.117647058824E-1,
4.235294117647E-1,4.352941176471E-1,4.470588235294E-1,4.588235294118E-1,
4.705882352941E-1,4.823529411765E-1,4.941176470588E-1,5.058823529412E-1,
5.176470588235E-1,5.294117647059E-1,5.411764705882E-1,5.529411764706E-1,
5.647058823529E-1,5.764705882353E-1,5.882352941176E-1,6.E-1,6.117647058824E-1,
6.235294117647E-1,6.352941176471E-1,6.470588235294E-1,6.588235294118E-1,
6.705882352941E-1,6.823529411765E-1,6.941176470588E-1,7.058823529412E-1,
7.176470588235E-1,7.294117647059E-1,7.411764705882E-1,7.529411764706E-1,
7.647058823529E-1,7.764705882353E-1,7.882352941176E-1,8.E-1,8.117647058824E-1,
8.235294117647E-1,8.352941176471E-1,8.470588235294E-1,8.588235294118E-1,
8.705882352941E-1,8.823529411765E-1,8.941176470588E-1,9.058823529412E-1,
9.176470588235E-1,9.294117647059E-1,9.411764705882E-1,9.529411764706E-1,
9.647058823529E-1,9.764705882353E-1,9.882352941176E-1,1.E0),.UNSPECIFIED.);
#1328=B_SPLINE_CURVE_WITH_KNOTS('',3,(#1321,#1322,#1323,#1324,#1325,#1326,
#1327),.UNSPECIFIED.,.F.,.F.,(4,1,1,1,4),(0.E0,2.5E-1,5.E-1,7.5E-1,1.E0),
.UNSPECIFIED.);
#1478=B_SPLINE_CURVE_WITH_KNOTS('',3,(#1329,#1330,#1331,#1332,#1333,#1334,#1335,
#1336,#1337,#1338,#1339,#1340,#1341,#1342,#1343,#1344,#1345,#1346,#1347,#1348,
#1349,#1350,#1351,#1352,#1353,#1354,#1355,#1356,#1357,#1358,#1359,#1360,#1361,
#1362,#1363,#1364,#1365,#1366,#1367,#1368,#1369,#1370,#1371,#1372,#1373,#1374,
#1375,#1376,#1377,#1378,#1379,#1380,#1381,#1382,#1383,#1384,#1385,#1386,#1387,
#1388,#1389,#1390,#1391,#1392,#1393,#1394,#1395,#1396,#1397,#1398,#1399,#1400,
#1401,#1402,#1403,#1404,#1405,#1406,#1407,#1408,#1409,#1410,#1411,#1412,#1413,
#1414,#1415,#1416,#1417,#1418,#1419,#1420,#1421,#1422,#1423,#1424,#1425,#1426,
#1427,#1428,#1429,#1430,#1431,#1432,#1433,#1434,#1435,#1436,#1437,#1438,#1439,
#1440,#1441,#1442,#1443,#1444,#1445,#1446,#1447,#1448,#1449,#1450,#1451,#1452,
#1453,#1454,#1455,#1456,#1457,#1458,#1459,#1460,#1461,#1462,#1463,#1464,#1465,
#1466,#1467,#1468,#1469,#1470,#1471,#1472,#1473,#1474,#1475,#1476,#1477),
.UNSPECIFIED.,.F.,.F.,(4,1,1,1,1,1,1,1,1,1,1,1,1,1,1,1,1,1,1,1,1,1,1,1,1,1,1,1,
1,1,1,1,1,1,1,1,1,1,1,1,1,1,1,1,1,1,1,1,1,1,1,1,1,1,1,1,1,1,1,1,1,1,1,1,1,1,1,1,
1,1,1,1,1,1,1,1,1,1,1,1,1,1,1,1,1,1,1,1,1,1,1,1,1,1,1,1,1,1,1,1,1,1,1,1,1,1,1,1,
1,1,1,1,1,1,1,1,1,1,1,1,1,1,1,1,1,1,1,1,1,1,1,1,1,1,1,1,1,1,1,1,1,1,1,1,1,1,4),(
0.E0,6.849315068493E-3,1.369863013699E-2,2.054794520548E-2,2.739726027397E-2,
3.424657534247E-2,4.109589041096E-2,4.794520547945E-2,5.479452054795E-2,
6.164383561644E-2,6.849315068493E-2,7.534246575342E-2,8.219178082192E-2,
8.904109589041E-2,9.589041095890E-2,1.027397260274E-1,1.095890410959E-1,
1.164383561644E-1,1.232876712329E-1,1.301369863014E-1,1.369863013699E-1,
1.438356164384E-1,1.506849315068E-1,1.575342465753E-1,1.643835616438E-1,
1.712328767123E-1,1.780821917808E-1,1.849315068493E-1,1.917808219178E-1,
1.986301369863E-1,2.054794520548E-1,2.123287671233E-1,2.191780821918E-1,
2.260273972603E-1,2.328767123288E-1,2.397260273973E-1,2.465753424658E-1,
2.534246575342E-1,2.602739726027E-1,2.671232876712E-1,2.739726027397E-1,
2.808219178082E-1,2.876712328767E-1,2.945205479452E-1,3.013698630137E-1,
3.082191780822E-1,3.150684931507E-1,3.219178082192E-1,3.287671232877E-1,
3.356164383562E-1,3.424657534247E-1,3.493150684932E-1,3.561643835616E-1,
3.630136986301E-1,3.698630136986E-1,3.767123287671E-1,3.835616438356E-1,
3.904109589041E-1,3.972602739726E-1,4.041095890411E-1,4.109589041096E-1,
4.178082191781E-1,4.246575342466E-1,4.315068493151E-1,4.383561643836E-1,
4.452054794521E-1,4.520547945205E-1,4.589041095890E-1,4.657534246575E-1,
4.726027397260E-1,4.794520547945E-1,4.863013698630E-1,4.931506849315E-1,5.E-1,
5.068493150685E-1,5.136986301370E-1,5.205479452055E-1,5.273972602740E-1,
5.342465753425E-1,5.410958904110E-1,5.479452054795E-1,5.547945205479E-1,
5.616438356164E-1,5.684931506849E-1,5.753424657534E-1,5.821917808219E-1,
5.890410958904E-1,5.958904109589E-1,6.027397260274E-1,6.095890410959E-1,
6.164383561644E-1,6.232876712329E-1,6.301369863014E-1,6.369863013699E-1,
6.438356164384E-1,6.506849315068E-1,6.575342465753E-1,6.643835616438E-1,
6.712328767123E-1,6.780821917808E-1,6.849315068493E-1,6.917808219178E-1,
6.986301369863E-1,7.054794520548E-1,7.123287671233E-1,7.191780821918E-1,
7.260273972603E-1,7.328767123288E-1,7.397260273973E-1,7.465753424658E-1,
7.534246575342E-1,7.602739726027E-1,7.671232876712E-1,7.739726027397E-1,
7.808219178082E-1,7.876712328767E-1,7.945205479452E-1,8.013698630137E-1,
8.082191780822E-1,8.150684931507E-1,8.219178082192E-1,8.287671232877E-1,
8.356164383562E-1,8.424657534247E-1,8.493150684932E-1,8.561643835616E-1,
8.630136986301E-1,8.698630136986E-1,8.767123287671E-1,8.835616438356E-1,
8.904109589041E-1,8.972602739726E-1,9.041095890411E-1,9.109589041096E-1,
9.178082191781E-1,9.246575342466E-1,9.315068493151E-1,9.383561643836E-1,
9.452054794521E-1,9.520547945205E-1,9.589041095890E-1,9.657534246575E-1,
9.726027397260E-1,9.794520547945E-1,9.863013698630E-1,9.931506849315E-1,1.E0),
.UNSPECIFIED.);
#1628=B_SPLINE_CURVE_WITH_KNOTS('',3,(#1479,#1480,#1481,#1482,#1483,#1484,#1485,
#1486,#1487,#1488,#1489,#1490,#1491,#1492,#1493,#1494,#1495,#1496,#1497,#1498,
#1499,#1500,#1501,#1502,#1503,#1504,#1505,#1506,#1507,#1508,#1509,#1510,#1511,
#1512,#1513,#1514,#1515,#1516,#1517,#1518,#1519,#1520,#1521,#1522,#1523,#1524,
#1525,#1526,#1527,#1528,#1529,#1530,#1531,#1532,#1533,#1534,#1535,#1536,#1537,
#1538,#1539,#1540,#1541,#1542,#1543,#1544,#1545,#1546,#1547,#1548,#1549,#1550,
#1551,#1552,#1553,#1554,#1555,#1556,#1557,#1558,#1559,#1560,#1561,#1562,#1563,
#1564,#1565,#1566,#1567,#1568,#1569,#1570,#1571,#1572,#1573,#1574,#1575,#1576,
#1577,#1578,#1579,#1580,#1581,#1582,#1583,#1584,#1585,#1586,#1587,#1588,#1589,
#1590,#1591,#1592,#1593,#1594,#1595,#1596,#1597,#1598,#1599,#1600,#1601,#1602,
#1603,#1604,#1605,#1606,#1607,#1608,#1609,#1610,#1611,#1612,#1613,#1614,#1615,
#1616,#1617,#1618,#1619,#1620,#1621,#1622,#1623,#1624,#1625,#1626,#1627),
.UNSPECIFIED.,.F.,.F.,(4,1,1,1,1,1,1,1,1,1,1,1,1,1,1,1,1,1,1,1,1,1,1,1,1,1,1,1,
1,1,1,1,1,1,1,1,1,1,1,1,1,1,1,1,1,1,1,1,1,1,1,1,1,1,1,1,1,1,1,1,1,1,1,1,1,1,1,1,
1,1,1,1,1,1,1,1,1,1,1,1,1,1,1,1,1,1,1,1,1,1,1,1,1,1,1,1,1,1,1,1,1,1,1,1,1,1,1,1,
1,1,1,1,1,1,1,1,1,1,1,1,1,1,1,1,1,1,1,1,1,1,1,1,1,1,1,1,1,1,1,1,1,1,1,1,1,1,4),(
0.E0,6.849315068493E-3,1.369863013699E-2,2.054794520548E-2,2.739726027397E-2,
3.424657534247E-2,4.109589041096E-2,4.794520547945E-2,5.479452054795E-2,
6.164383561644E-2,6.849315068493E-2,7.534246575342E-2,8.219178082192E-2,
8.904109589041E-2,9.589041095890E-2,1.027397260274E-1,1.095890410959E-1,
1.164383561644E-1,1.232876712329E-1,1.301369863014E-1,1.369863013699E-1,
1.438356164384E-1,1.506849315068E-1,1.575342465753E-1,1.643835616438E-1,
1.712328767123E-1,1.780821917808E-1,1.849315068493E-1,1.917808219178E-1,
1.986301369863E-1,2.054794520548E-1,2.123287671233E-1,2.191780821918E-1,
2.260273972603E-1,2.328767123288E-1,2.397260273973E-1,2.465753424658E-1,
2.534246575342E-1,2.602739726027E-1,2.671232876712E-1,2.739726027397E-1,
2.808219178082E-1,2.876712328767E-1,2.945205479452E-1,3.013698630137E-1,
3.082191780822E-1,3.150684931507E-1,3.219178082192E-1,3.287671232877E-1,
3.356164383562E-1,3.424657534247E-1,3.493150684932E-1,3.561643835616E-1,
3.630136986301E-1,3.698630136986E-1,3.767123287671E-1,3.835616438356E-1,
3.904109589041E-1,3.972602739726E-1,4.041095890411E-1,4.109589041096E-1,
4.178082191781E-1,4.246575342466E-1,4.315068493151E-1,4.383561643836E-1,
4.452054794521E-1,4.520547945205E-1,4.589041095890E-1,4.657534246575E-1,
4.726027397260E-1,4.794520547945E-1,4.863013698630E-1,4.931506849315E-1,5.E-1,
5.068493150685E-1,5.136986301370E-1,5.205479452055E-1,5.273972602740E-1,
5.342465753425E-1,5.410958904110E-1,5.479452054795E-1,5.547945205479E-1,
5.616438356164E-1,5.684931506849E-1,5.753424657534E-1,5.821917808219E-1,
5.890410958904E-1,5.958904109589E-1,6.027397260274E-1,6.095890410959E-1,
6.164383561644E-1,6.232876712329E-1,6.301369863014E-1,6.369863013699E-1,
6.438356164384E-1,6.506849315068E-1,6.575342465753E-1,6.643835616438E-1,
6.712328767123E-1,6.780821917808E-1,6.849315068493E-1,6.917808219178E-1,
6.986301369863E-1,7.054794520548E-1,7.123287671233E-1,7.191780821918E-1,
7.260273972603E-1,7.328767123288E-1,7.397260273973E-1,7.465753424658E-1,
7.534246575342E-1,7.602739726027E-1,7.671232876712E-1,7.739726027397E-1,
7.808219178082E-1,7.876712328767E-1,7.945205479452E-1,8.013698630137E-1,
8.082191780822E-1,8.150684931507E-1,8.219178082192E-1,8.287671232877E-1,
8.356164383562E-1,8.424657534247E-1,8.493150684932E-1,8.561643835616E-1,
8.630136986301E-1,8.698630136986E-1,8.767123287671E-1,8.835616438356E-1,
8.904109589041E-1,8.972602739726E-1,9.041095890411E-1,9.109589041096E-1,
9.178082191781E-1,9.246575342466E-1,9.315068493151E-1,9.383561643836E-1,
9.452054794521E-1,9.520547945205E-1,9.589041095890E-1,9.657534246575E-1,
9.726027397260E-1,9.794520547945E-1,9.863013698630E-1,9.931506849315E-1,1.E0),
.UNSPECIFIED.);
#1647=B_SPLINE_CURVE_WITH_KNOTS('',3,(#1633,#1634,#1635,#1636,#1637,#1638,#1639,
#1640,#1641,#1642,#1643,#1644,#1645,#1646),.UNSPECIFIED.,.F.,.F.,(4,1,1,1,1,1,1,
1,1,1,1,4),(0.E0,9.090909090909E-2,1.818181818182E-1,2.727272727273E-1,
3.636363636364E-1,4.545454545455E-1,5.454545454545E-1,6.363636363636E-1,
7.272727272727E-1,8.181818181818E-1,9.090909090909E-1,1.E0),.UNSPECIFIED.);
#1756=B_SPLINE_CURVE_WITH_KNOTS('',3,(#1648,#1649,#1650,#1651,#1652,#1653,#1654,
#1655,#1656,#1657,#1658,#1659,#1660,#1661,#1662,#1663,#1664,#1665,#1666,#1667,
#1668,#1669,#1670,#1671,#1672,#1673,#1674,#1675,#1676,#1677,#1678,#1679,#1680,
#1681,#1682,#1683,#1684,#1685,#1686,#1687,#1688,#1689,#1690,#1691,#1692,#1693,
#1694,#1695,#1696,#1697,#1698,#1699,#1700,#1701,#1702,#1703,#1704,#1705,#1706,
#1707,#1708,#1709,#1710,#1711,#1712,#1713,#1714,#1715,#1716,#1717,#1718,#1719,
#1720,#1721,#1722,#1723,#1724,#1725,#1726,#1727,#1728,#1729,#1730,#1731,#1732,
#1733,#1734,#1735,#1736,#1737,#1738,#1739,#1740,#1741,#1742,#1743,#1744,#1745,
#1746,#1747,#1748,#1749,#1750,#1751,#1752,#1753,#1754,#1755),.UNSPECIFIED.,.F.,
.F.,(4,1,1,1,1,1,1,1,1,1,1,1,1,1,1,1,1,1,1,1,1,1,1,1,1,1,1,1,1,1,1,1,1,1,1,1,1,
1,1,1,1,1,1,1,1,1,1,1,1,1,1,1,1,1,1,1,1,1,1,1,1,1,1,1,1,1,1,1,1,1,1,1,1,1,1,1,1,
1,1,1,1,1,1,1,1,1,1,1,1,1,1,1,1,1,1,1,1,1,1,1,1,1,1,1,1,4),(0.E0,
9.523809523810E-3,1.904761904762E-2,2.857142857143E-2,3.809523809524E-2,
4.761904761905E-2,5.714285714286E-2,6.666666666667E-2,7.619047619048E-2,
8.571428571429E-2,9.523809523810E-2,1.047619047619E-1,1.142857142857E-1,
1.238095238095E-1,1.333333333333E-1,1.428571428571E-1,1.523809523810E-1,
1.619047619048E-1,1.714285714286E-1,1.809523809524E-1,1.904761904762E-1,2.E-1,
2.095238095238E-1,2.190476190476E-1,2.285714285714E-1,2.380952380952E-1,
2.476190476190E-1,2.571428571429E-1,2.666666666667E-1,2.761904761905E-1,
2.857142857143E-1,2.952380952381E-1,3.047619047619E-1,3.142857142857E-1,
3.238095238095E-1,3.333333333333E-1,3.428571428571E-1,3.523809523810E-1,
3.619047619048E-1,3.714285714286E-1,3.809523809524E-1,3.904761904762E-1,4.E-1,
4.095238095238E-1,4.190476190476E-1,4.285714285714E-1,4.380952380952E-1,
4.476190476190E-1,4.571428571429E-1,4.666666666667E-1,4.761904761905E-1,
4.857142857143E-1,4.952380952381E-1,5.047619047619E-1,5.142857142857E-1,
5.238095238095E-1,5.333333333333E-1,5.428571428571E-1,5.523809523810E-1,
5.619047619048E-1,5.714285714286E-1,5.809523809524E-1,5.904761904762E-1,6.E-1,
6.095238095238E-1,6.190476190476E-1,6.285714285714E-1,6.380952380952E-1,
6.476190476190E-1,6.571428571429E-1,6.666666666667E-1,6.761904761905E-1,
6.857142857143E-1,6.952380952381E-1,7.047619047619E-1,7.142857142857E-1,
7.238095238095E-1,7.333333333333E-1,7.428571428571E-1,7.523809523810E-1,
7.619047619048E-1,7.714285714286E-1,7.809523809524E-1,7.904761904762E-1,8.E-1,
8.095238095238E-1,8.190476190476E-1,8.285714285714E-1,8.380952380952E-1,
8.476190476190E-1,8.571428571429E-1,8.666666666667E-1,8.761904761905E-1,
8.857142857143E-1,8.952380952381E-1,9.047619047619E-1,9.142857142857E-1,
9.238095238095E-1,9.333333333333E-1,9.428571428571E-1,9.523809523810E-1,
9.619047619048E-1,9.714285714286E-1,9.809523809524E-1,9.904761904762E-1,1.E0),
.UNSPECIFIED.);
#1790=B_SPLINE_CURVE_WITH_KNOTS('',3,(#1769,#1770,#1771,#1772,#1773,#1774,#1775,
#1776,#1777,#1778,#1779,#1780,#1781,#1782,#1783,#1784,#1785,#1786,#1787,#1788,
#1789),.UNSPECIFIED.,.F.,.F.,(4,1,1,1,1,1,1,1,1,1,1,1,1,1,1,1,1,1,4),(0.E0,
5.555555555556E-2,1.111111111111E-1,1.666666666667E-1,2.222222222222E-1,
2.777777777778E-1,3.333333333333E-1,3.888888888889E-1,4.444444444444E-1,5.E-1,
5.555555555556E-1,6.111111111111E-1,6.666666666667E-1,7.222222222222E-1,
7.777777777778E-1,8.333333333333E-1,8.888888888889E-1,9.444444444444E-1,1.E0),
.UNSPECIFIED.);
#1801=B_SPLINE_CURVE_WITH_KNOTS('',3,(#1791,#1792,#1793,#1794,#1795,#1796,#1797,
#1798,#1799,#1800),.UNSPECIFIED.,.F.,.F.,(4,1,1,1,1,1,1,4),(0.E0,
1.428571428571E-1,2.857142857143E-1,4.285714285714E-1,5.714285714286E-1,
7.142857142857E-1,8.571428571429E-1,1.E0),.UNSPECIFIED.);
#1819=B_SPLINE_CURVE_WITH_KNOTS('',3,(#1806,#1807,#1808,#1809,#1810,#1811,#1812,
#1813,#1814,#1815,#1816,#1817,#1818),.UNSPECIFIED.,.F.,.F.,(4,1,1,1,1,1,1,1,1,1,
4),(0.E0,1.E-1,2.E-1,3.E-1,4.E-1,5.E-1,6.E-1,7.E-1,8.E-1,9.E-1,1.E0),
.UNSPECIFIED.);
#1915=B_SPLINE_CURVE_WITH_KNOTS('',3,(#1824,#1825,#1826,#1827,#1828,#1829,#1830,
#1831,#1832,#1833,#1834,#1835,#1836,#1837,#1838,#1839,#1840,#1841,#1842,#1843,
#1844,#1845,#1846,#1847,#1848,#1849,#1850,#1851,#1852,#1853,#1854,#1855,#1856,
#1857,#1858,#1859,#1860,#1861,#1862,#1863,#1864,#1865,#1866,#1867,#1868,#1869,
#1870,#1871,#1872,#1873,#1874,#1875,#1876,#1877,#1878,#1879,#1880,#1881,#1882,
#1883,#1884,#1885,#1886,#1887,#1888,#1889,#1890,#1891,#1892,#1893,#1894,#1895,
#1896,#1897,#1898,#1899,#1900,#1901,#1902,#1903,#1904,#1905,#1906,#1907,#1908,
#1909,#1910,#1911,#1912,#1913,#1914),.UNSPECIFIED.,.F.,.F.,(4,1,1,1,1,1,1,1,1,1,
1,1,1,1,1,1,1,1,1,1,1,1,1,1,1,1,1,1,1,1,1,1,1,1,1,1,1,1,1,1,1,1,1,1,1,1,1,1,1,1,
1,1,1,1,1,1,1,1,1,1,1,1,1,1,1,1,1,1,1,1,1,1,1,1,1,1,1,1,1,1,1,1,1,1,1,1,1,1,4),(
0.E0,1.136363636364E-2,2.272727272727E-2,3.409090909091E-2,4.545454545455E-2,
5.681818181818E-2,6.818181818182E-2,7.954545454545E-2,9.090909090909E-2,
1.022727272727E-1,1.136363636364E-1,1.25E-1,1.363636363636E-1,1.477272727273E-1,
1.590909090909E-1,1.704545454545E-1,1.818181818182E-1,1.931818181818E-1,
2.045454545455E-1,2.159090909091E-1,2.272727272727E-1,2.386363636364E-1,2.5E-1,
2.613636363636E-1,2.727272727273E-1,2.840909090909E-1,2.954545454545E-1,
3.068181818182E-1,3.181818181818E-1,3.295454545455E-1,3.409090909091E-1,
3.522727272727E-1,3.636363636364E-1,3.75E-1,3.863636363636E-1,3.977272727273E-1,
4.090909090909E-1,4.204545454545E-1,4.318181818182E-1,4.431818181818E-1,
4.545454545455E-1,4.659090909091E-1,4.772727272727E-1,4.886363636364E-1,5.E-1,
5.113636363636E-1,5.227272727273E-1,5.340909090909E-1,5.454545454545E-1,
5.568181818182E-1,5.681818181818E-1,5.795454545455E-1,5.909090909091E-1,
6.022727272727E-1,6.136363636364E-1,6.25E-1,6.363636363636E-1,6.477272727273E-1,
6.590909090909E-1,6.704545454545E-1,6.818181818182E-1,6.931818181818E-1,
7.045454545455E-1,7.159090909091E-1,7.272727272727E-1,7.386363636364E-1,7.5E-1,
7.613636363636E-1,7.727272727273E-1,7.840909090909E-1,7.954545454545E-1,
8.068181818182E-1,8.181818181818E-1,8.295454545455E-1,8.409090909091E-1,
8.522727272727E-1,8.636363636364E-1,8.75E-1,8.863636363636E-1,8.977272727273E-1,
9.090909090909E-1,9.204545454545E-1,9.318181818182E-1,9.431818181818E-1,
9.545454545455E-1,9.659090909091E-1,9.772727272727E-1,9.886363636364E-1,1.E0),
.UNSPECIFIED.);
#2020=B_SPLINE_CURVE_WITH_KNOTS('',3,(#1916,#1917,#1918,#1919,#1920,#1921,#1922,
#1923,#1924,#1925,#1926,#1927,#1928,#1929,#1930,#1931,#1932,#1933,#1934,#1935,
#1936,#1937,#1938,#1939,#1940,#1941,#1942,#1943,#1944,#1945,#1946,#1947,#1948,
#1949,#1950,#1951,#1952,#1953,#1954,#1955,#1956,#1957,#1958,#1959,#1960,#1961,
#1962,#1963,#1964,#1965,#1966,#1967,#1968,#1969,#1970,#1971,#1972,#1973,#1974,
#1975,#1976,#1977,#1978,#1979,#1980,#1981,#1982,#1983,#1984,#1985,#1986,#1987,
#1988,#1989,#1990,#1991,#1992,#1993,#1994,#1995,#1996,#1997,#1998,#1999,#2000,
#2001,#2002,#2003,#2004,#2005,#2006,#2007,#2008,#2009,#2010,#2011,#2012,#2013,
#2014,#2015,#2016,#2017,#2018,#2019),.UNSPECIFIED.,.F.,.F.,(4,1,1,1,1,1,1,1,1,1,
1,1,1,1,1,1,1,1,1,1,1,1,1,1,1,1,1,1,1,1,1,1,1,1,1,1,1,1,1,1,1,1,1,1,1,1,1,1,1,1,
1,1,1,1,1,1,1,1,1,1,1,1,1,1,1,1,1,1,1,1,1,1,1,1,1,1,1,1,1,1,1,1,1,1,1,1,1,1,1,1,
1,1,1,1,1,1,1,1,1,1,1,4),(0.E0,9.900990099010E-3,1.980198019802E-2,
2.970297029703E-2,3.960396039604E-2,4.950495049505E-2,5.940594059406E-2,
6.930693069307E-2,7.920792079208E-2,8.910891089109E-2,9.900990099010E-2,
1.089108910891E-1,1.188118811881E-1,1.287128712871E-1,1.386138613861E-1,
1.485148514851E-1,1.584158415842E-1,1.683168316832E-1,1.782178217822E-1,
1.881188118812E-1,1.980198019802E-1,2.079207920792E-1,2.178217821782E-1,
2.277227722772E-1,2.376237623762E-1,2.475247524752E-1,2.574257425743E-1,
2.673267326733E-1,2.772277227723E-1,2.871287128713E-1,2.970297029703E-1,
3.069306930693E-1,3.168316831683E-1,3.267326732673E-1,3.366336633663E-1,
3.465346534653E-1,3.564356435644E-1,3.663366336634E-1,3.762376237624E-1,
3.861386138614E-1,3.960396039604E-1,4.059405940594E-1,4.158415841584E-1,
4.257425742574E-1,4.356435643564E-1,4.455445544554E-1,4.554455445545E-1,
4.653465346535E-1,4.752475247525E-1,4.851485148515E-1,4.950495049505E-1,
5.049504950495E-1,5.148514851485E-1,5.247524752475E-1,5.346534653465E-1,
5.445544554455E-1,5.544554455446E-1,5.643564356436E-1,5.742574257426E-1,
5.841584158416E-1,5.940594059406E-1,6.039603960396E-1,6.138613861386E-1,
6.237623762376E-1,6.336633663366E-1,6.435643564356E-1,6.534653465347E-1,
6.633663366337E-1,6.732673267327E-1,6.831683168317E-1,6.930693069307E-1,
7.029702970297E-1,7.128712871287E-1,7.227722772277E-1,7.326732673267E-1,
7.425742574257E-1,7.524752475248E-1,7.623762376238E-1,7.722772277228E-1,
7.821782178218E-1,7.920792079208E-1,8.019801980198E-1,8.118811881188E-1,
8.217821782178E-1,8.316831683168E-1,8.415841584158E-1,8.514851485149E-1,
8.613861386139E-1,8.712871287129E-1,8.811881188119E-1,8.910891089109E-1,
9.009900990099E-1,9.108910891089E-1,9.207920792079E-1,9.306930693069E-1,
9.405940594059E-1,9.504950495050E-1,9.603960396040E-1,9.702970297030E-1,
9.801980198020E-1,9.900990099010E-1,1.E0),.UNSPECIFIED.);
#2028=B_SPLINE_CURVE_WITH_KNOTS('',3,(#2021,#2022,#2023,#2024,#2025,#2026,
#2027),.UNSPECIFIED.,.F.,.F.,(4,1,1,1,4),(0.E0,2.5E-1,5.E-1,7.5E-1,1.E0),
.UNSPECIFIED.);
#2033=CIRCLE('',#2032,1.59E0);
#2038=CIRCLE('',#2037,1.59E0);
#2067=CIRCLE('',#2066,5.E-2);
#2072=CIRCLE('',#2071,5.E-2);
#2077=CIRCLE('',#2076,5.E-2);
#2082=CIRCLE('',#2081,5.E-2);
#2087=CIRCLE('',#2086,5.E-2);
#2092=CIRCLE('',#2091,5.E-2);
#2097=CIRCLE('',#2096,5.E-2);
#2102=CIRCLE('',#2101,5.E-2);
#2107=CIRCLE('',#2106,5.E-2);
#2112=CIRCLE('',#2111,5.E-2);
#2117=CIRCLE('',#2116,5.E-2);
#2122=CIRCLE('',#2121,5.E-2);
#2143=CIRCLE('',#2142,5.E-2);
#2148=CIRCLE('',#2147,5.E-2);
#2153=CIRCLE('',#2152,5.E-2);
#2174=CIRCLE('',#2173,5.E-2);
#2179=CIRCLE('',#2178,5.E-2);
#2184=CIRCLE('',#2183,5.E-2);
#2189=CIRCLE('',#2188,5.E-2);
#2194=CIRCLE('',#2193,5.E-2);
#2199=CIRCLE('',#2198,5.E-2);
#2220=CIRCLE('',#2219,5.E-2);
#2225=CIRCLE('',#2224,5.E-2);
#2230=CIRCLE('',#2229,5.E-2);
#2283=CIRCLE('',#2282,5.E-2);
#2288=CIRCLE('',#2287,5.E-2);
#2293=CIRCLE('',#2292,5.E-2);
#2298=CIRCLE('',#2297,5.E-2);
#2303=CIRCLE('',#2302,5.E-2);
#2308=CIRCLE('',#2307,5.E-2);
#2313=CIRCLE('',#2312,5.E-2);
#2318=CIRCLE('',#2317,5.E-2);
#2323=CIRCLE('',#2322,5.E-2);
#2328=CIRCLE('',#2327,5.E-2);
#2333=CIRCLE('',#2332,5.E-2);
#2338=CIRCLE('',#2337,5.E-2);
#2485=EDGE_CURVE('',#2414,#2415,#128,.T.);
#2487=EDGE_CURVE('',#2451,#2414,#132,.T.);
#2489=EDGE_CURVE('',#2445,#2451,#136,.T.);
#2491=EDGE_CURVE('',#2435,#2445,#140,.T.);
#2493=EDGE_CURVE('',#2425,#2435,#144,.T.);
#2495=EDGE_CURVE('',#2415,#2425,#148,.T.);
#2499=EDGE_CURVE('',#2388,#2392,#119,.T.);
#2501=EDGE_CURVE('',#2392,#2388,#124,.T.);
#2505=ADVANCED_FACE('',(#2498,#2504),#2484,.T.);
#2511=EDGE_CURVE('',#2382,#2383,#186,.T.);
#2513=EDGE_CURVE('',#2383,#2387,#592,.T.);
#2515=EDGE_CURVE('',#2387,#2388,#701,.T.);
#2518=EDGE_CURVE('',#2391,#2392,#705,.T.);
#2520=EDGE_CURVE('',#2391,#2393,#559,.T.);
#2522=EDGE_CURVE('',#2393,#2384,#1320,.T.);
#2524=EDGE_CURVE('',#2384,#2382,#1122,.T.);
#2528=ADVANCED_FACE('',(#2527),#2510,.F.);
#2534=EDGE_CURVE('',#2371,#2383,#181,.T.);
#2537=EDGE_CURVE('',#2382,#2363,#210,.T.);
#2539=EDGE_CURVE('',#2363,#2371,#753,.T.);
#2543=ADVANCED_FACE('',(#2542),#2533,.F.);
#2549=EDGE_CURVE('',#2339,#2340,#232,.T.);
#2551=EDGE_CURVE('',#2339,#2364,#779,.T.);
#2553=EDGE_CURVE('',#2367,#2364,#254,.T.);
#2555=EDGE_CURVE('',#2340,#2367,#258,.T.);
#2559=ADVANCED_FACE('',(#2558),#2548,.F.);
#2565=EDGE_CURVE('',#2341,#2342,#280,.T.);
#2567=EDGE_CURVE('',#2369,#2341,#284,.T.);
#2569=EDGE_CURVE('',#2365,#2369,#306,.T.);
#2571=EDGE_CURVE('',#2365,#2342,#827,.T.);
#2575=ADVANCED_FACE('',(#2574),#2564,.F.);
#2581=EDGE_CURVE('',#2343,#2344,#328,.T.);
#2583=EDGE_CURVE('',#2350,#2343,#332,.T.);
#2585=EDGE_CURVE('',#2349,#2350,#354,.T.);
#2587=EDGE_CURVE('',#2349,#2344,#875,.T.);
#2591=ADVANCED_FACE('',(#2590),#2580,.F.);
#2597=EDGE_CURVE('',#2345,#2346,#376,.T.);
#2599=EDGE_CURVE('',#2352,#2345,#380,.T.);
#2601=EDGE_CURVE('',#2351,#2352,#402,.T.);
#2603=EDGE_CURVE('',#2351,#2346,#923,.T.);
#2607=ADVANCED_FACE('',(#2606),#2596,.F.);
#2613=EDGE_CURVE('',#2347,#2348,#424,.T.);
#2615=EDGE_CURVE('',#2354,#2347,#428,.T.);
#2617=EDGE_CURVE('',#2353,#2354,#450,.T.);
#2619=EDGE_CURVE('',#2353,#2348,#993,.T.);
#2623=ADVANCED_FACE('',(#2622),#2612,.F.);
#2629=EDGE_CURVE('',#2355,#2356,#472,.T.);
#2631=EDGE_CURVE('',#2355,#2358,#1019,.T.);
#2633=EDGE_CURVE('',#2357,#2358,#494,.T.);
#2635=EDGE_CURVE('',#2356,#2357,#498,.T.);
#2639=ADVANCED_FACE('',(#2638),#2628,.F.);
#2645=EDGE_CURVE('',#2359,#2360,#520,.T.);
#2647=EDGE_CURVE('',#2362,#2359,#524,.T.);
#2649=EDGE_CURVE('',#2361,#2362,#546,.T.);
#2651=EDGE_CURVE('',#2361,#2360,#1107,.T.);
#2655=ADVANCED_FACE('',(#2654),#2644,.F.);
#2798=EDGE_CURVE('',#2387,#2391,#581,.T.);
#2802=EDGE_CURVE('',#2371,#2367,#749,.T.);
#2805=EDGE_CURVE('',#2373,#2364,#1632,.T.);
#2807=EDGE_CURVE('',#2393,#2373,#697,.T.);
#2811=ADVANCED_FACE('',(#2810),#2796,.F.);
#2823=ADVANCED_FACE('',(#2822),#2816,.F.);
#2829=EDGE_CURVE('',#2340,#2363,#727,.T.);
#2836=ADVANCED_FACE('',(#2835),#2828,.F.);
#2842=EDGE_CURVE('',#2364,#2341,#775,.T.);
#2845=EDGE_CURVE('',#2369,#2339,#801,.T.);
#2850=ADVANCED_FACE('',(#2849),#2841,.F.);
#2856=EDGE_CURVE('',#2342,#2343,#823,.T.);
#2859=EDGE_CURVE('',#2350,#2365,#849,.T.);
#2864=ADVANCED_FACE('',(#2863),#2855,.F.);
#2870=EDGE_CURVE('',#2344,#2345,#871,.T.);
#2873=EDGE_CURVE('',#2352,#2349,#897,.T.);
#2878=ADVANCED_FACE('',(#2877),#2869,.F.);
#2884=EDGE_CURVE('',#2346,#2347,#919,.T.);
#2887=EDGE_CURVE('',#2354,#2351,#945,.T.);
#2892=ADVANCED_FACE('',(#2891),#2883,.F.);
#2898=EDGE_CURVE('',#2356,#2353,#967,.T.);
#2901=EDGE_CURVE('',#2348,#2357,#989,.T.);
#2906=ADVANCED_FACE('',(#2905),#2897,.F.);
#2912=EDGE_CURVE('',#2358,#2359,#1015,.T.);
#2915=EDGE_CURVE('',#2362,#2355,#1041,.T.);
#2920=ADVANCED_FACE('',(#2919),#2911,.F.);
#2926=EDGE_CURVE('',#2361,#2404,#1074,.T.);
#2928=EDGE_CURVE('',#2404,#2405,#1079,.T.);
#2930=EDGE_CURVE('',#2405,#2360,#1103,.T.);
#2935=ADVANCED_FACE('',(#2934),#2925,.F.);
#3077=EDGE_CURVE('',#2384,#2375,#1231,.T.);
#3079=EDGE_CURVE('',#2365,#2375,#1823,.T.);
#3089=ADVANCED_FACE('',(#3088),#3076,.F.);
#3269=EDGE_CURVE('',#2375,#2373,#1328,.T.);
#3273=ADVANCED_FACE('',(#3272),#3265,.F.);
#3611=EDGE_CURVE('',#2373,#2377,#1628,.T.);
#3613=EDGE_CURVE('',#2379,#2377,#2028,.T.);
#3615=EDGE_CURVE('',#2375,#2379,#1478,.T.);
#3619=ADVANCED_FACE('',(#3618),#3609,.F.);
#3896=EDGE_CURVE('',#2377,#2348,#1760,.T.);
#3903=ADVANCED_FACE('',(#3902),#3888,.F.);
#4045=EDGE_CURVE('',#2406,#2405,#1647,.T.);
#4047=EDGE_CURVE('',#2377,#2406,#1756,.T.);
#4057=ADVANCED_FACE('',(#4056),#4044,.F.);
#4063=EDGE_CURVE('',#2396,#2397,#1764,.T.);
#4065=EDGE_CURVE('',#2400,#2396,#2038,.T.);
#4067=EDGE_CURVE('',#2400,#2401,#1768,.T.);
#4069=EDGE_CURVE('',#2401,#2407,#1819,.T.);
#4071=EDGE_CURVE('',#2407,#2406,#1915,.T.);
#4075=EDGE_CURVE('',#2404,#2397,#1801,.T.);
#4079=ADVANCED_FACE('',(#4078),#4062,.F.);
#4086=EDGE_CURVE('',#2397,#2401,#1790,.T.);
#4089=EDGE_CURVE('',#2396,#2400,#2033,.T.);
#4093=ADVANCED_FACE('',(#4092),#4084,.F.);
#4240=EDGE_CURVE('',#2355,#2379,#1805,.T.);
#4242=EDGE_CURVE('',#2379,#2407,#2020,.T.);
#4247=ADVANCED_FACE('',(#4246),#4234,.F.);
#4530=ADVANCED_FACE('',(#4529),#4516,.F.);
#4713=ADVANCED_FACE('',(#4712),#4706,.F.);
#4719=EDGE_CURVE('',#2458,#2459,#2042,.T.);
#4721=EDGE_CURVE('',#2471,#2458,#2046,.T.);
#4723=EDGE_CURVE('',#2467,#2471,#2050,.T.);
#4725=EDGE_CURVE('',#2465,#2467,#2054,.T.);
#4727=EDGE_CURVE('',#2463,#2465,#2058,.T.);
#4729=EDGE_CURVE('',#2459,#2463,#2062,.T.);
#4737=ADVANCED_FACE('',(#4732,#4736),#4718,.F.);
#4744=EDGE_CURVE('',#2459,#2455,#2077,.T.);
#4746=EDGE_CURVE('',#2461,#2455,#2211,.T.);
#4748=EDGE_CURVE('',#2461,#2458,#2199,.T.);
#4752=ADVANCED_FACE('',(#4751),#4742,.T.);
#4758=EDGE_CURVE('',#2453,#2459,#2067,.T.);
#4760=EDGE_CURVE('',#2455,#2453,#2072,.T.);
#4765=ADVANCED_FACE('',(#4764),#4757,.T.);
#4772=EDGE_CURVE('',#2463,#2441,#2092,.T.);
#4774=EDGE_CURVE('',#2453,#2441,#2246,.T.);
#4779=ADVANCED_FACE('',(#4778),#4770,.T.);
#4785=EDGE_CURVE('',#2437,#2463,#2082,.T.);
#4787=EDGE_CURVE('',#2441,#2437,#2087,.T.);
#4792=ADVANCED_FACE('',(#4791),#4784,.T.);
#4799=EDGE_CURVE('',#2465,#2431,#2107,.T.);
#4801=EDGE_CURVE('',#2437,#2431,#2262,.T.);
#4806=ADVANCED_FACE('',(#4805),#4797,.T.);
#4812=EDGE_CURVE('',#2427,#2465,#2097,.T.);
#4814=EDGE_CURVE('',#2431,#2427,#2102,.T.);
#4819=ADVANCED_FACE('',(#4818),#4811,.T.);
#4826=EDGE_CURVE('',#2467,#2421,#2122,.T.);
#4828=EDGE_CURVE('',#2427,#2421,#2278,.T.);
#4833=ADVANCED_FACE('',(#4832),#4824,.T.);
#4839=EDGE_CURVE('',#2417,#2467,#2112,.T.);
#4841=EDGE_CURVE('',#2421,#2417,#2117,.T.);
#4846=ADVANCED_FACE('',(#4845),#4838,.T.);
#4852=EDGE_CURVE('',#2417,#2469,#2134,.T.);
#4856=EDGE_CURVE('',#2471,#2469,#2179,.T.);
#4860=ADVANCED_FACE('',(#4859),#4851,.T.);
#4866=EDGE_CURVE('',#2410,#2411,#2126,.T.);
#4868=EDGE_CURVE('',#2411,#2417,#2130,.T.);
#4871=EDGE_CURVE('',#2410,#2469,#2138,.T.);
#4875=ADVANCED_FACE('',(#4874),#4865,.T.);
#4882=EDGE_CURVE('',#2410,#2414,#2153,.T.);
#4885=EDGE_CURVE('',#2415,#2411,#2293,.T.);
#4889=ADVANCED_FACE('',(#4888),#4880,.T.);
#4895=EDGE_CURVE('',#2479,#2410,#2143,.T.);
#4897=EDGE_CURVE('',#2414,#2479,#2148,.T.);
#4902=ADVANCED_FACE('',(#4901),#4894,.T.);
#4908=EDGE_CURVE('',#2479,#2474,#2169,.T.);
#4912=EDGE_CURVE('',#2469,#2474,#2174,.T.);
#4916=ADVANCED_FACE('',(#4915),#4907,.T.);
#4922=EDGE_CURVE('',#2474,#2475,#2157,.T.);
#4924=EDGE_CURVE('',#2477,#2475,#2161,.T.);
#4926=EDGE_CURVE('',#2477,#2479,#2165,.T.);
#4931=ADVANCED_FACE('',(#4930),#4921,.T.);
#4938=EDGE_CURVE('',#2474,#2471,#2184,.T.);
#4941=EDGE_CURVE('',#2458,#2475,#2194,.T.);
#4945=ADVANCED_FACE('',(#4944),#4936,.T.);
#4956=ADVANCED_FACE('',(#4955),#4950,.T.);
#4962=EDGE_CURVE('',#2475,#2461,#2189,.T.);
#4968=ADVANCED_FACE('',(#4967),#4961,.T.);
#4974=EDGE_CURVE('',#2449,#2461,#2207,.T.);
#4976=EDGE_CURVE('',#2449,#2477,#2333,.T.);
#4982=ADVANCED_FACE('',(#4981),#4973,.T.);
#4988=EDGE_CURVE('',#2448,#2449,#2203,.T.);
#4992=EDGE_CURVE('',#2448,#2455,#2215,.T.);
#4996=ADVANCED_FACE('',(#4995),#4987,.T.);
#5003=EDGE_CURVE('',#2448,#2445,#2230,.T.);
#5006=EDGE_CURVE('',#2451,#2449,#2338,.T.);
#5010=ADVANCED_FACE('',(#5009),#5001,.T.);
#5016=EDGE_CURVE('',#2443,#2448,#2220,.T.);
#5018=EDGE_CURVE('',#2445,#2443,#2225,.T.);
#5023=ADVANCED_FACE('',(#5022),#5015,.T.);
#5029=EDGE_CURVE('',#2443,#2453,#2242,.T.);
#5036=ADVANCED_FACE('',(#5035),#5028,.T.);
#5042=EDGE_CURVE('',#2440,#2441,#2234,.T.);
#5044=EDGE_CURVE('',#2440,#2443,#2238,.T.);
#5050=ADVANCED_FACE('',(#5049),#5041,.T.);
#5056=EDGE_CURVE('',#2433,#2437,#2258,.T.);
#5058=EDGE_CURVE('',#2433,#2440,#2318,.T.);
#5064=ADVANCED_FACE('',(#5063),#5055,.T.);
#5070=EDGE_CURVE('',#2430,#2431,#2250,.T.);
#5072=EDGE_CURVE('',#2430,#2433,#2254,.T.);
#5078=ADVANCED_FACE('',(#5077),#5069,.T.);
#5084=EDGE_CURVE('',#2423,#2427,#2274,.T.);
#5086=EDGE_CURVE('',#2423,#2430,#2303,.T.);
#5092=ADVANCED_FACE('',(#5091),#5083,.T.);
#5098=EDGE_CURVE('',#2420,#2421,#2266,.T.);
#5100=EDGE_CURVE('',#2420,#2423,#2270,.T.);
#5106=ADVANCED_FACE('',(#5105),#5097,.T.);
#5113=EDGE_CURVE('',#2411,#2420,#2288,.T.);
#5119=ADVANCED_FACE('',(#5118),#5111,.T.);
#5125=EDGE_CURVE('',#2420,#2415,#2283,.T.);
#5131=ADVANCED_FACE('',(#5130),#5124,.T.);
#5140=EDGE_CURVE('',#2425,#2423,#2308,.T.);
#5144=ADVANCED_FACE('',(#5143),#5136,.T.);
#5150=EDGE_CURVE('',#2430,#2425,#2298,.T.);
#5156=ADVANCED_FACE('',(#5155),#5149,.T.);
#5165=EDGE_CURVE('',#2435,#2433,#2323,.T.);
#5169=ADVANCED_FACE('',(#5168),#5161,.T.);
#5175=EDGE_CURVE('',#2440,#2435,#2313,.T.);
#5181=ADVANCED_FACE('',(#5180),#5174,.T.);
#5193=ADVANCED_FACE('',(#5192),#5186,.T.);
#5199=EDGE_CURVE('',#2477,#2451,#2328,.T.);
#5205=ADVANCED_FACE('',(#5204),#5198,.T.);
#5217=ADVANCED_FACE('',(#5216),#5210,.T.);
#5220=(LENGTH_UNIT()NAMED_UNIT(*)SI_UNIT(.MILLI.,.METRE.));
#5221=(NAMED_UNIT(*)PLANE_ANGLE_UNIT()SI_UNIT($,.RADIAN.));
#5224=(NAMED_UNIT(*)SI_UNIT($,.STERADIAN.)SOLID_ANGLE_UNIT());
#5226=(GEOMETRIC_REPRESENTATION_CONTEXT(3)GLOBAL_UNCERTAINTY_ASSIGNED_CONTEXT((
#5225))GLOBAL_UNIT_ASSIGNED_CONTEXT((#5220,#5223,#5224))REPRESENTATION_CONTEXT(
'ID1','3'));
#5227=ADVANCED_BREP_SHAPE_REPRESENTATION('',(#5219),#5226);
#5234=PRODUCT_DEFINITION('part definition','',#5233,#5230);
#5235=PRODUCT_DEFINITION_SHAPE('','SHAPE FOR 001_ROUND_HEX_STANDOFFS.',#5234);
#5236=SHAPE_ASPECT('','solid data associated with 001_ROUND_HEX_STANDOFFS',
#5235,.F.);
#5237=PROPERTY_DEFINITION('',
'shape for solid data with which properties are associated',#5236);
#5238=SHAPE_REPRESENTATION('',(#5219),#5226);
#5239=SHAPE_DEFINITION_REPRESENTATION(#5237,#5238);
#5240=(LENGTH_UNIT()NAMED_UNIT(*)SI_UNIT(.MILLI.,.METRE.));
#5244=PROPERTY_DEFINITION('geometric validation property',
'area of 001_ROUND_HEX_STANDOFFS',#5236);
#5245=REPRESENTATION('surface area',(#5243),#5226);
#5246=PROPERTY_DEFINITION_REPRESENTATION(#5244,#5245);
#5247=(LENGTH_UNIT()NAMED_UNIT(*)SI_UNIT(.MILLI.,.METRE.));
#5251=PROPERTY_DEFINITION('geometric validation property',
'volume of 001_ROUND_HEX_STANDOFFS',#5236);
#5252=REPRESENTATION('volume',(#5250),#5226);
#5253=PROPERTY_DEFINITION_REPRESENTATION(#5251,#5252);
#5255=PROPERTY_DEFINITION('geometric validation property',
'centroid of 001_ROUND_HEX_STANDOFFS',#5236);
#5256=REPRESENTATION('centroid',(#5254),#5226);
#5257=PROPERTY_DEFINITION_REPRESENTATION(#5255,#5256);
#5258=(LENGTH_UNIT()NAMED_UNIT(*)SI_UNIT(.MILLI.,.METRE.));
#5262=PROPERTY_DEFINITION('geometric validation property',
'area of 001_ROUND_HEX_STANDOFFS',#5235);
#5263=REPRESENTATION('surface area',(#5261),#5226);
#5264=PROPERTY_DEFINITION_REPRESENTATION(#5262,#5263);
#5265=(LENGTH_UNIT()NAMED_UNIT(*)SI_UNIT(.MILLI.,.METRE.));
#5269=PROPERTY_DEFINITION('geometric validation property',
'volume of 001_ROUND_HEX_STANDOFFS',#5235);
#5270=REPRESENTATION('volume',(#5268),#5226);
#5271=PROPERTY_DEFINITION_REPRESENTATION(#5269,#5270);
#5273=PROPERTY_DEFINITION('geometric validation property',
'centroid of 001_ROUND_HEX_STANDOFFS',#5235);
#5274=REPRESENTATION('centroid',(#5272),#5226);
#5275=PROPERTY_DEFINITION_REPRESENTATION(#5273,#5274);
#5276=SHAPE_DEFINITION_REPRESENTATION(#5235,#5227);
#5278=PROPERTY_DEFINITION('THREAD_SIZE','user defined attribute',#5234);
#5282=REPRESENTATION('',(#5281),#5226);
#5283=PROPERTY_DEFINITION_REPRESENTATION(#5278,#5282);
#5284=PROPERTY_DEFINITION('OD','user defined attribute',#5234);
#5288=REPRESENTATION('',(#5287),#5226);
#5289=PROPERTY_DEFINITION_REPRESENTATION(#5284,#5288);
#5291=REPRESENTATION('',(#5290),#5226);
#5292=PROPERTY_DEFINITION('attribute type designation','Real Number',#5285);
#5293=PROPERTY_DEFINITION_REPRESENTATION(#5292,#5291);
#5294=PROPERTY_DEFINITION('L','user defined attribute',#5234);
#5298=REPRESENTATION('',(#5297),#5226);
#5299=PROPERTY_DEFINITION_REPRESENTATION(#5294,#5298);
#5301=REPRESENTATION('',(#5300),#5226);
#5302=PROPERTY_DEFINITION('attribute type designation','Real Number',#5295);
#5303=PROPERTY_DEFINITION_REPRESENTATION(#5302,#5301);
#5304=PROPERTY_DEFINITION('SUPPLIER','user defined attribute',#5234);
#5308=REPRESENTATION('',(#5307),#5226);
#5309=PROPERTY_DEFINITION_REPRESENTATION(#5304,#5308);
#5310=PROPERTY_DEFINITION('ADDRESS','user defined attribute',#5234);
#5314=REPRESENTATION('',(#5313),#5226);
#5315=PROPERTY_DEFINITION_REPRESENTATION(#5310,#5314);
#5316=PROPERTY_DEFINITION('PHONE','user defined attribute',#5234);
#5320=REPRESENTATION('',(#5319),#5226);
#5321=PROPERTY_DEFINITION_REPRESENTATION(#5316,#5320);
#5322=PROPERTY_DEFINITION('EMAIL','user defined attribute',#5234);
#5326=REPRESENTATION('',(#5325),#5226);
#5327=PROPERTY_DEFINITION_REPRESENTATION(#5322,#5326);
#5328=PROPERTY_DEFINITION('RAF_MATERIAL','user defined attribute',#5234);
#5332=REPRESENTATION('',(#5331),#5226);
#5333=PROPERTY_DEFINITION_REPRESENTATION(#5328,#5332);
#5334=PROPERTY_DEFINITION('RAF_FINISH','user defined attribute',#5234);
#5338=REPRESENTATION('',(#5337),#5226);
#5339=PROPERTY_DEFINITION_REPRESENTATION(#5334,#5338);
ENDSEC;
END-ISO-10303-21;
