ISO-10303-21;
HEADER;
FILE_DESCRIPTION((''),'2;1');
FILE_NAME('001_ROUND_THUMB_NUTS_MM','2020-12-23T',('SYSTEM'),(''),
'PRO/ENGINEER BY PARAMETRIC TECHNOLOGY CORPORATION, 2016360',
'PRO/ENGINEER BY PARAMETRIC TECHNOLOGY CORPORATION, 2016360','');
FILE_SCHEMA(('AUTOMOTIVE_DESIGN { 1 0 10303 214 1 1 1 1 }'));
ENDSEC;
DATA;
#115=CARTESIAN_POINT('',(6.E0,0.E0,0.E0));
#116=DIRECTION('',(1.E0,0.E0,0.E0));
#117=DIRECTION('',(0.E0,1.E0,0.E0));
#118=AXIS2_PLACEMENT_3D('',#115,#116,#117);
#120=CARTESIAN_POINT('',(6.E0,0.E0,0.E0));
#121=DIRECTION('',(1.E0,0.E0,0.E0));
#122=DIRECTION('',(0.E0,-1.E0,0.E0));
#123=AXIS2_PLACEMENT_3D('',#120,#121,#122);
#125=DIRECTION('',(-1.E0,0.E0,0.E0));
#126=VECTOR('',#125,2.54E-1);
#127=CARTESIAN_POINT('',(6.E0,3.E0,0.E0));
#128=LINE('',#127,#126);
#129=DIRECTION('',(-1.E0,0.E0,0.E0));
#130=VECTOR('',#129,2.54E-1);
#131=CARTESIAN_POINT('',(6.E0,-3.E0,0.E0));
#132=LINE('',#131,#130);
#133=CARTESIAN_POINT('',(6.E0,0.E0,0.E0));
#134=DIRECTION('',(-1.E0,0.E0,0.E0));
#135=DIRECTION('',(0.E0,1.E0,0.E0));
#136=AXIS2_PLACEMENT_3D('',#133,#134,#135);
#138=CARTESIAN_POINT('',(6.E0,0.E0,0.E0));
#139=DIRECTION('',(1.E0,0.E0,0.E0));
#140=DIRECTION('',(0.E0,1.E0,0.E0));
#141=AXIS2_PLACEMENT_3D('',#138,#139,#140);
#143=CARTESIAN_POINT('',(5.746E0,0.E0,0.E0));
#144=DIRECTION('',(1.E0,0.E0,0.E0));
#145=DIRECTION('',(0.E0,1.E0,0.E0));
#146=AXIS2_PLACEMENT_3D('',#143,#144,#145);
#148=CARTESIAN_POINT('',(4.530487277779E0,4.936059095720E0,0.E0));
#149=DIRECTION('',(0.E0,0.E0,-1.E0));
#150=DIRECTION('',(5.317203509278E-1,-8.469199893787E-1,0.E0));
#151=AXIS2_PLACEMENT_3D('',#148,#149,#150);
#153=CARTESIAN_POINT('',(4.530487277779E0,-4.936059095720E0,0.E0));
#154=DIRECTION('',(0.E0,0.E0,1.E0));
#155=DIRECTION('',(5.317203509278E-1,8.469199893787E-1,0.E0));
#156=AXIS2_PLACEMENT_3D('',#153,#154,#155);
#158=CARTESIAN_POINT('',(5.746E0,0.E0,0.E0));
#159=DIRECTION('',(-1.E0,0.E0,0.E0));
#160=DIRECTION('',(0.E0,1.E0,0.E0));
#161=AXIS2_PLACEMENT_3D('',#158,#159,#160);
#163=CARTESIAN_POINT('',(3.E0,0.E0,0.E0));
#164=DIRECTION('',(1.E0,0.E0,0.E0));
#165=DIRECTION('',(0.E0,1.E0,0.E0));
#166=AXIS2_PLACEMENT_3D('',#163,#164,#165);
#168=CARTESIAN_POINT('',(3.E0,0.E0,0.E0));
#169=DIRECTION('',(-1.E0,0.E0,0.E0));
#170=DIRECTION('',(0.E0,1.E0,0.E0));
#171=AXIS2_PLACEMENT_3D('',#168,#169,#170);
#173=CARTESIAN_POINT('',(3.E0,0.E0,0.E0));
#174=DIRECTION('',(-1.E0,0.E0,0.E0));
#175=DIRECTION('',(0.E0,-1.E0,0.E0));
#176=AXIS2_PLACEMENT_3D('',#173,#174,#175);
#178=CARTESIAN_POINT('',(3.E0,0.E0,0.E0));
#179=DIRECTION('',(-1.E0,0.E0,0.E0));
#180=DIRECTION('',(0.E0,1.E0,0.E0));
#181=AXIS2_PLACEMENT_3D('',#178,#179,#180);
#183=CARTESIAN_POINT('',(2.768055276131E0,-3.817995885219E0,2.402079406944E-1));
#184=CARTESIAN_POINT('',(2.739751742380E0,-3.845217505215E0,2.582939417783E-1));
#185=CARTESIAN_POINT('',(2.682371722091E0,-3.900202730253E0,2.948260379502E-1));
#186=CARTESIAN_POINT('',(2.623447588790E0,-3.956273208412E0,3.320791745718E-1));
#187=CARTESIAN_POINT('',(2.5936E0,-3.984580133362E0,3.508862505431E-1));
#189=CARTESIAN_POINT('',(2.5936E0,-3.946659083397E0,6.510622700171E-1));
#190=CARTESIAN_POINT('',(2.623440446047E0,-3.914572023450E0,6.622361665069E-1));
#191=CARTESIAN_POINT('',(2.682357490738E0,-3.851006349699E0,6.843720761221E-1));
#192=CARTESIAN_POINT('',(2.739744656303E0,-3.788655744832E0,7.060848539837E-1));
#193=CARTESIAN_POINT('',(2.768055276131E0,-3.757783809349E0,7.168355993650E-1));
#195=CARTESIAN_POINT('',(2.768055276131E0,-3.757783809349E0,7.168355993650E-1));
#196=CARTESIAN_POINT('',(2.739751742380E0,-3.782524001742E0,7.381907605853E-1));
#197=CARTESIAN_POINT('',(2.682371722091E0,-3.832496966115E0,7.813262663196E-1));
#198=CARTESIAN_POINT('',(2.623447588790E0,-3.883456255734E0,8.253131451672E-1));
#199=CARTESIAN_POINT('',(2.5936E0,-3.909182820480E0,8.475197201632E-1));
#201=CARTESIAN_POINT('',(2.5936E0,-3.833938758162E0,1.140575994253E0));
#202=CARTESIAN_POINT('',(2.623440446047E0,-3.800704253687E0,1.147640206253E0));
#203=CARTESIAN_POINT('',(2.682357490738E0,-3.734865449130E0,1.161634676174E0));
#204=CARTESIAN_POINT('',(2.739744656303E0,-3.670285164747E0,1.175361639374E0));
#205=CARTESIAN_POINT('',(2.768055276131E0,-3.638309238014E0,1.182158332417E0));
#207=CARTESIAN_POINT('',(2.768055276131E0,-3.638309238014E0,1.182158332417E0));
#208=CARTESIAN_POINT('',(2.739751742380E0,-3.660177835192E0,1.206445870124E0));
#209=CARTESIAN_POINT('',(2.682371722091E0,-3.704350435400E0,1.255504512727E0));
#210=CARTESIAN_POINT('',(2.623447588790E0,-3.749394878038E0,1.305531434445E0));
#211=CARTESIAN_POINT('',(2.5936E0,-3.772135359286E0,1.330787297513E0));
#213=CARTESIAN_POINT('',(2.5936E0,-3.660754928426E0,1.612102153713E0));
#214=CARTESIAN_POINT('',(2.623440446047E0,-3.626897107414E0,1.614945274379E0));
#215=CARTESIAN_POINT('',(2.682357490738E0,-3.559823489328E0,1.620577603456E0));
#216=CARTESIAN_POINT('',(2.739744656303E0,-3.494031995091E0,1.626102269585E0));
#217=CARTESIAN_POINT('',(2.768055276131E0,-3.461456356575E0,1.628837722379E0));
#219=CARTESIAN_POINT('',(2.768055276131E0,-3.461456356575E0,1.628837722379E0));
#220=CARTESIAN_POINT('',(2.739751742380E0,-3.480108477696E0,1.655674607595E0));
#221=CARTESIAN_POINT('',(2.682371722091E0,-3.517784085446E0,1.709882702968E0));
#222=CARTESIAN_POINT('',(2.623447588790E0,-3.556203303336E0,1.765160713115E0));
#223=CARTESIAN_POINT('',(2.5936E0,-3.575599070113E0,1.793067564206E0));
#225=CARTESIAN_POINT('',(2.5936E0,-3.429838806640E0,2.058204499185E0));
#226=CARTESIAN_POINT('',(2.623440446047E0,-3.395891627153E0,2.056781690807E0));
#227=CARTESIAN_POINT('',(2.682357490738E0,-3.328640986564E0,2.053963053846E0));
#228=CARTESIAN_POINT('',(2.739744656303E0,-3.262675853640E0,2.051198295618E0));
#229=CARTESIAN_POINT('',(2.768055276131E0,-3.230014240619E0,2.049829368439E0));
#231=CARTESIAN_POINT('',(2.768055276131E0,-3.230014240619E0,2.049829368439E0));
#232=CARTESIAN_POINT('',(2.739751742380E0,-3.245155730591E0,2.078792367453E0));
#233=CARTESIAN_POINT('',(2.682371722091E0,-3.275740179043E0,2.137295021547E0));
#234=CARTESIAN_POINT('',(2.623447588790E0,-3.306928278167E0,2.196952352883E0));
#235=CARTESIAN_POINT('',(2.5936E0,-3.322673447644E0,2.227070084286E0));
#237=CARTESIAN_POINT('',(2.5936E0,-3.144832077987E0,2.471847730194E0));
#238=CARTESIAN_POINT('',(2.623440446047E0,-3.111330907324E0,2.466181431309E0));
#239=CARTESIAN_POINT('',(2.682357490738E0,-3.044963827008E0,2.454956279898E0));
#240=CARTESIAN_POINT('',(2.739744656303E0,-2.979865364948E0,2.443945699203E0));
#241=CARTESIAN_POINT('',(2.768055276131E0,-2.947632870572E0,2.438493980851E0));
#243=CARTESIAN_POINT('',(2.768055276131E0,-2.947632870572E0,2.438493980851E0));
#244=CARTESIAN_POINT('',(2.739751742380E0,-2.959024939053E0,2.469126329865E0));
#245=CARTESIAN_POINT('',(2.682371722091E0,-2.982035893183E0,2.531000920879E0));
#246=CARTESIAN_POINT('',(2.623447588790E0,-3.005501018589E0,2.594096741651E0));
#247=CARTESIAN_POINT('',(2.5936E0,-3.017347280037E0,2.625950378749E0));
#249=CARTESIAN_POINT('',(2.5936E0,-2.810229468832E0,2.846508445887E0));
#250=CARTESIAN_POINT('',(2.623440446047E0,-2.777702640468E0,2.836688017414E0));
#251=CARTESIAN_POINT('',(2.682357490738E0,-2.713265768927E0,2.817233378896E0));
#252=CARTESIAN_POINT('',(2.739744656303E0,-2.650060619366E0,2.798150619169E0));
#253=CARTESIAN_POINT('',(2.768055276131E0,-2.618765569325E0,2.788702086498E0));
#255=CARTESIAN_POINT('',(2.768055276131E0,-2.618765569325E0,2.788702086498E0));
#256=CARTESIAN_POINT('',(2.739751742380E0,-2.626228556590E0,2.820520695070E0));
#257=CARTESIAN_POINT('',(2.682371722091E0,-2.641303119906E0,2.884791423742E0));
#258=CARTESIAN_POINT('',(2.623447588790E0,-2.656675212548E0,2.950330675165E0));
#259=CARTESIAN_POINT('',(2.5936E0,-2.664435743348E0,2.983417867073E0));
#261=CARTESIAN_POINT('',(2.5936E0,-2.431307862205E0,3.176278022967E0));
#262=CARTESIAN_POINT('',(2.623440446047E0,-2.400268343653E0,3.162458338929E0));
#263=CARTESIAN_POINT('',(2.682357490738E0,-2.338777888843E0,3.135081024575E0));
#264=CARTESIAN_POINT('',(2.739744656303E0,-2.278462834748E0,3.108227032336E0));
#265=CARTESIAN_POINT('',(2.768055276131E0,-2.248598770675E0,3.094930694351E0));
#267=CARTESIAN_POINT('',(2.768055276131E0,-2.248598770675E0,3.094930694351E0));
#268=CARTESIAN_POINT('',(2.739751742380E0,-2.252014980957E0,3.127433764017E0));
#269=CARTESIAN_POINT('',(2.682371722091E0,-2.258915418591E0,3.193087042562E0));
#270=CARTESIAN_POINT('',(2.623447588790E0,-2.265952051384E0,3.260036131489E0));
#271=CARTESIAN_POINT('',(2.5936E0,-2.269504463329E0,3.293835073426E0));
#273=CARTESIAN_POINT('',(2.5936E0,-2.014043078197E0,3.455955798208E0));
#274=CARTESIAN_POINT('',(2.623440446047E0,-1.984980381207E0,3.438354803279E0));
#275=CARTESIAN_POINT('',(2.682357490738E0,-1.927406084334E0,3.403486569691E0));
#276=CARTESIAN_POINT('',(2.739744656303E0,-1.870932330137E0,3.369284848439E0));
#277=CARTESIAN_POINT('',(2.768055276131E0,-1.842970226164E0,3.352350396333E0));
#279=CARTESIAN_POINT('',(2.768055276131E0,-1.842970226164E0,3.352350396333E0));
#280=CARTESIAN_POINT('',(2.739751742380E0,-1.842285783785E0,3.385025334268E0));
#281=CARTESIAN_POINT('',(2.682371722091E0,-1.840903271713E0,3.451025771263E0));
#282=CARTESIAN_POINT('',(2.623447588790E0,-1.839493472756E0,3.518328870568E0));
#283=CARTESIAN_POINT('',(2.5936E0,-1.838781742188E0,3.552306533028E0));
#285=CARTESIAN_POINT('',(2.5936E0,-1.565015631715E0,3.681131086023E0));
#286=CARTESIAN_POINT('',(2.623440446047E0,-1.538388092380E0,3.660026358406E0));
#287=CARTESIAN_POINT('',(2.682357490738E0,-1.485637934499E0,3.618217098458E0));
#288=CARTESIAN_POINT('',(2.739744656303E0,-1.433896105040E0,3.577207029768E0));
#289=CARTESIAN_POINT('',(2.768055276131E0,-1.408276940249E0,3.556901529967E0));
#291=CARTESIAN_POINT('',(2.768055276131E0,-1.408276940249E0,3.556901529967E0));
#292=CARTESIAN_POINT('',(2.739751742380E0,-1.403502639275E0,3.589233032880E0));
#293=CARTESIAN_POINT('',(2.682371722091E0,-1.393858980539E0,3.654539762008E0));
#294=CARTESIAN_POINT('',(2.623447588790E0,-1.384024983202E0,3.721135461610E0));
#295=CARTESIAN_POINT('',(2.5936E0,-1.379060334537E0,3.754755996560E0));
#297=CARTESIAN_POINT('',(2.5936E0,-1.091306953826E0,3.848252737611E0));
#298=CARTESIAN_POINT('',(2.623440446047E0,-1.067534504348E0,3.823977111468E0));
#299=CARTESIAN_POINT('',(2.682357490738E0,-1.020440386960E0,3.775886182164E0));
#300=CARTESIAN_POINT('',(2.739744656303E0,-9.742464817974E-1,3.728714519319E0));
#301=CARTESIAN_POINT('',(2.768055276131E0,-9.513742857231E-1,3.705358201684E0));
#303=CARTESIAN_POINT('',(2.768055276131E0,-9.513742857231E-1,3.705358201684E0));
#304=CARTESIAN_POINT('',(2.739751742380E0,-9.425854197316E-1,3.736836382460E0));
#305=CARTESIAN_POINT('',(2.682371722091E0,-9.248327005897E-1,3.800419477590E0));
#306=CARTESIAN_POINT('',(2.623447588790E0,-9.067295928872E-1,3.865257523525E0));
#307=CARTESIAN_POINT('',(2.5936E0,-8.975903216002E-1,3.897990715044E0));
#309=CARTESIAN_POINT('',(2.5936E0,-6.003877133603E-1,3.954685144692E0));
#310=CARTESIAN_POINT('',(2.623440446047E0,-5.798452594680E-1,3.927621461149E0));
#311=CARTESIAN_POINT('',(2.682357490738E0,-5.391498849364E-1,3.874007285172E0));
#312=CARTESIAN_POINT('',(2.739744656303E0,-4.992324095508E-1,3.821417953473E0));
#313=CARTESIAN_POINT('',(2.768055276131E0,-4.794678903874E-1,3.795379161086E0));
#315=CARTESIAN_POINT('',(2.768055276131E0,-4.794678903874E-1,3.795379161086E0));
#316=CARTESIAN_POINT('',(2.739751742380E0,-4.668030650459E-1,3.825507590011E0));
#317=CARTESIAN_POINT('',(2.682371722091E0,-4.412212564843E-1,3.886364307750E0));
#318=CARTESIAN_POINT('',(2.623447588790E0,-4.151345352381E-1,3.948422165300E0));
#319=CARTESIAN_POINT('',(2.5936E0,-4.019647730970E-1,3.979751791405E0));
#321=CARTESIAN_POINT('',(2.5936E0,-1.000000000004E-1,3.998749804626E0));
#322=CARTESIAN_POINT('',(2.623440446047E0,-8.301150846333E-2,3.969324874140E0));
#323=CARTESIAN_POINT('',(2.682357490738E0,-4.935666715507E-2,3.911032979074E0));
#324=CARTESIAN_POINT('',(2.739744656303E0,-1.634514397852E-2,3.853855343697E0));
#325=CARTESIAN_POINT('',(2.768055276131E0,0.E0,3.825544723869E0));
#327=CARTESIAN_POINT('',(2.768055276131E0,0.E0,3.825544723869E0));
#328=CARTESIAN_POINT('',(2.739751742380E0,1.634105283020E-2,3.853848257620E0));
#329=CARTESIAN_POINT('',(2.682371722091E0,4.934851040867E-2,3.911018851175E0));
#330=CARTESIAN_POINT('',(2.623447588790E0,8.300744202098E-2,3.969317830856E0));
#331=CARTESIAN_POINT('',(2.5936E0,1.E-1,3.998749804626E0));
#333=CARTESIAN_POINT('',(2.5936E0,4.019647730966E-1,3.979751791405E0));
#334=CARTESIAN_POINT('',(2.623440446047E0,4.151313836185E-1,3.948429662707E0));
#335=CARTESIAN_POINT('',(2.682357490738E0,4.412149347515E-1,3.886379346557E0));
#336=CARTESIAN_POINT('',(2.739744656303E0,4.667998942784E-1,3.825515132969E0));
#337=CARTESIAN_POINT('',(2.768055276131E0,4.794678903874E-1,3.795379161086E0));
#339=CARTESIAN_POINT('',(2.768055276131E0,4.794678903874E-1,3.795379161086E0));
#340=CARTESIAN_POINT('',(2.739751742380E0,4.992274625415E-1,3.821411436029E0));
#341=CARTESIAN_POINT('',(2.682371722091E0,5.391400218131E-1,3.873994290988E0));
#342=CARTESIAN_POINT('',(2.623447588790E0,5.798403423332E-1,3.927614983064E0));
#343=CARTESIAN_POINT('',(2.5936E0,6.003877133599E-1,3.954685144692E0));
#345=CARTESIAN_POINT('',(2.5936E0,8.975903215998E-1,3.897990715044E0));
#346=CARTESIAN_POINT('',(2.623440446047E0,9.067274057931E-1,3.865265356814E0));
#347=CARTESIAN_POINT('',(2.682357490738E0,9.248283135680E-1,3.800435190135E0));
#348=CARTESIAN_POINT('',(2.739744656303E0,9.425832193498E-1,3.736844263342E0));
#349=CARTESIAN_POINT('',(2.768055276131E0,9.513742857231E-1,3.705358201684E0));
#351=CARTESIAN_POINT('',(2.768055276131E0,9.513742857231E-1,3.705358201684E0));
#352=CARTESIAN_POINT('',(2.739751742380E0,9.742407569445E-1,3.728708673291E0));
#353=CARTESIAN_POINT('',(2.682371722091E0,1.020428973007E0,3.775874526619E0));
#354=CARTESIAN_POINT('',(2.623447588790E0,1.067528814067E0,3.823971300745E0));
#355=CARTESIAN_POINT('',(2.5936E0,1.091306953826E0,3.848252737611E0));
#357=CARTESIAN_POINT('',(2.5936E0,1.379060334537E0,3.754755996560E0));
#358=CARTESIAN_POINT('',(2.623440446047E0,1.384023795126E0,3.721143507248E0));
#359=CARTESIAN_POINT('',(2.682357490738E0,1.393856597414E0,3.654555900495E0));
#360=CARTESIAN_POINT('',(2.739744656303E0,1.403501443980E0,3.589241127400E0));
#361=CARTESIAN_POINT('',(2.768055276131E0,1.408276940249E0,3.556901529967E0));
#363=CARTESIAN_POINT('',(2.768055276131E0,1.408276940249E0,3.556901529967E0));
#364=CARTESIAN_POINT('',(2.739751742380E0,1.433889692627E0,3.577201947353E0));
#365=CARTESIAN_POINT('',(2.682371722091E0,1.485625149722E0,3.618206965368E0));
#366=CARTESIAN_POINT('',(2.623447588790E0,1.538381718692E0,3.660021306683E0));
#367=CARTESIAN_POINT('',(2.5936E0,1.565015631715E0,3.681131086023E0));
#369=CARTESIAN_POINT('',(2.5936E0,1.838781742188E0,3.552306533029E0));
#370=CARTESIAN_POINT('',(2.623440446047E0,1.839493302433E0,3.518337001668E0));
#371=CARTESIAN_POINT('',(2.682357490738E0,1.840902930069E0,3.451042081178E0));
#372=CARTESIAN_POINT('',(2.739744656303E0,1.842285612428E0,3.385033514770E0));
#373=CARTESIAN_POINT('',(2.768055276131E0,1.842970226164E0,3.352350396333E0));
#375=CARTESIAN_POINT('',(2.768055276131E0,1.842970226164E0,3.352350396333E0));
#376=CARTESIAN_POINT('',(2.739751742380E0,1.870925331293E0,3.369280609788E0));
#377=CARTESIAN_POINT('',(2.682371722091E0,1.927392130356E0,3.403478118861E0));
#378=CARTESIAN_POINT('',(2.623447588790E0,1.984973424629E0,3.438350590225E0));
#379=CARTESIAN_POINT('',(2.5936E0,2.014043078197E0,3.455955798208E0));
#381=CARTESIAN_POINT('',(2.5936E0,2.269504463329E0,3.293835073426E0));
#382=CARTESIAN_POINT('',(2.623440446047E0,2.265952901502E0,3.260044219820E0));
#383=CARTESIAN_POINT('',(2.682357490738E0,2.258917123815E0,3.193103266688E0));
#384=CARTESIAN_POINT('',(2.739744656303E0,2.252015836239E0,3.127441901491E0));
#385=CARTESIAN_POINT('',(2.768055276131E0,2.248598770675E0,3.094930694351E0));
#387=CARTESIAN_POINT('',(2.768055276131E0,2.248598770675E0,3.094930694351E0));
#388=CARTESIAN_POINT('',(2.739751742380E0,2.278455359848E0,3.108223704296E0));
#389=CARTESIAN_POINT('',(2.682371722091E0,2.338762985726E0,3.135074389280E0));
#390=CARTESIAN_POINT('',(2.623447588790E0,2.400260913893E0,3.162455030988E0));
#391=CARTESIAN_POINT('',(2.5936E0,2.431307862204E0,3.176278022967E0));
#393=CARTESIAN_POINT('',(2.5936E0,2.664435743348E0,2.983417867073E0));
#394=CARTESIAN_POINT('',(2.623440446047E0,2.656677069699E0,2.950338593169E0));
#395=CARTESIAN_POINT('',(2.682357490738E0,2.641306845106E0,2.884807306215E0));
#396=CARTESIAN_POINT('',(2.739744656303E0,2.626230425024E0,2.820528661182E0));
#397=CARTESIAN_POINT('',(2.768055276131E0,2.618765569325E0,2.788702086498E0));
#399=CARTESIAN_POINT('',(2.768055276131E0,2.618765569325E0,2.788702086498E0));
#400=CARTESIAN_POINT('',(2.739751742380E0,2.650052786294E0,2.798148254225E0));
#401=CARTESIAN_POINT('',(2.682371722091E0,2.713250151702E0,2.817228663778E0));
#402=CARTESIAN_POINT('',(2.623447588790E0,2.777694854699E0,2.836685666753E0));
#403=CARTESIAN_POINT('',(2.5936E0,2.810229468832E0,2.846508445887E0));
#405=CARTESIAN_POINT('',(2.5936E0,3.017347280037E0,2.625950378750E0));
#406=CARTESIAN_POINT('',(2.623440446047E0,3.005503853485E0,2.594104364457E0));
#407=CARTESIAN_POINT('',(2.682357490738E0,2.982041579610E0,2.531016211222E0));
#408=CARTESIAN_POINT('',(2.739744656303E0,2.959027791173E0,2.469133998984E0));
#409=CARTESIAN_POINT('',(2.768055276131E0,2.947632870572E0,2.438493980851E0));
#411=CARTESIAN_POINT('',(2.768055276131E0,2.947632870572E0,2.438493980851E0));
#412=CARTESIAN_POINT('',(2.739751742380E0,2.979857297236E0,2.443944334652E0));
#413=CARTESIAN_POINT('',(2.682371722091E0,3.044947741969E0,2.454953559317E0));
#414=CARTESIAN_POINT('',(2.623447588790E0,3.111322888333E0,2.466180074999E0));
#415=CARTESIAN_POINT('',(2.5936E0,3.144832077987E0,2.471847730194E0));
#417=CARTESIAN_POINT('',(2.5936E0,3.322673447644E0,2.227070084286E0));
#418=CARTESIAN_POINT('',(2.623440446047E0,3.306932046100E0,2.196959560275E0));
#419=CARTESIAN_POINT('',(2.682357490738E0,3.275747737019E0,2.137309478623E0));
#420=CARTESIAN_POINT('',(2.739744656303E0,3.245159521417E0,2.078799618633E0));
#421=CARTESIAN_POINT('',(2.768055276131E0,3.230014240619E0,2.049829368439E0));
#423=CARTESIAN_POINT('',(2.768055276131E0,3.230014240619E0,2.049829368439E0));
#424=CARTESIAN_POINT('',(2.739751742380E0,3.262667678521E0,2.051197952979E0));
#425=CARTESIAN_POINT('',(2.682371722091E0,3.328624687381E0,2.053962370708E0));
#426=CARTESIAN_POINT('',(2.623447588790E0,3.395883501402E0,2.056781350238E0));
#427=CARTESIAN_POINT('',(2.5936E0,3.429838806640E0,2.058204499186E0));
#429=CARTESIAN_POINT('',(2.5936E0,3.575599070113E0,1.793067564207E0));
#430=CARTESIAN_POINT('',(2.623440446047E0,3.556207944883E0,1.765167391427E0));
#431=CARTESIAN_POINT('',(2.682357490738E0,3.517793395777E0,1.709896098779E0));
#432=CARTESIAN_POINT('',(2.739744656303E0,3.480113147444E0,1.655681326482E0));
#433=CARTESIAN_POINT('',(2.768055276131E0,3.461456356575E0,1.628837722379E0));
#435=CARTESIAN_POINT('',(2.768055276131E0,3.461456356575E0,1.628837722379E0));
#436=CARTESIAN_POINT('',(2.739751742380E0,3.494023841491E0,1.626102954262E0));
#437=CARTESIAN_POINT('',(2.682371722091E0,3.559807233049E0,1.620578968534E0));
#438=CARTESIAN_POINT('',(2.623447588790E0,3.626889003053E0,1.614945954922E0));
#439=CARTESIAN_POINT('',(2.5936E0,3.660754928426E0,1.612102153713E0));
#441=CARTESIAN_POINT('',(2.5936E0,3.772135359286E0,1.330787297513E0));
#442=CARTESIAN_POINT('',(2.623440446047E0,3.74940032E0,1.305537478356E0));
#443=CARTESIAN_POINT('',(2.682357490738E0,3.704361351257E0,1.255516636015E0));
#444=CARTESIAN_POINT('',(2.739744656303E0,3.660183310217E0,1.206451950756E0));
#445=CARTESIAN_POINT('',(2.768055276131E0,3.638309238014E0,1.182158332417E0));
#447=CARTESIAN_POINT('',(2.768055276131E0,3.638309238014E0,1.182158332417E0));
#448=CARTESIAN_POINT('',(2.739751742380E0,3.670277161253E0,1.175363340570E0));
#449=CARTESIAN_POINT('',(2.682371722091E0,3.734849492126E0,1.161638067940E0));
#450=CARTESIAN_POINT('',(2.623447588790E0,3.800696298526E0,1.147641897175E0));
#451=CARTESIAN_POINT('',(2.5936E0,3.833938758161E0,1.140575994254E0));
#453=CARTESIAN_POINT('',(2.5936E0,3.909182820480E0,8.475197201635E-1));
#454=CARTESIAN_POINT('',(2.623440446047E0,3.883462412287E0,8.253184593615E-1));
#455=CARTESIAN_POINT('',(2.682357490738E0,3.832509315349E0,7.813369258918E-1));
#456=CARTESIAN_POINT('',(2.739744656303E0,3.782530195700E0,7.381961070665E-1));
#457=CARTESIAN_POINT('',(2.768055276131E0,3.757783809349E0,7.168355993650E-1));
#459=CARTESIAN_POINT('',(2.768055276131E0,3.757783809349E0,7.168355993650E-1));
#460=CARTESIAN_POINT('',(2.739751742380E0,3.788648017664E0,7.060875448682E-1));
#461=CARTESIAN_POINT('',(2.682371722091E0,3.850990943622E0,6.843774410858E-1));
#462=CARTESIAN_POINT('',(2.623447588790E0,3.914564342946E0,6.622388411416E-1));
#463=CARTESIAN_POINT('',(2.5936E0,3.946659083397E0,6.510622700174E-1));
#465=CARTESIAN_POINT('',(2.5936E0,3.984580133362E0,3.508862505434E-1));
#466=CARTESIAN_POINT('',(2.623440446047E0,3.956279982464E0,3.320836752415E-1));
#467=CARTESIAN_POINT('',(2.682357490738E0,3.900216318107E0,2.948350656992E-1));
#468=CARTESIAN_POINT('',(2.739744656303E0,3.845224320423E0,2.582984697921E-1));
#469=CARTESIAN_POINT('',(2.768055276131E0,3.817995885219E0,2.402079406944E-1));
#471=CARTESIAN_POINT('',(2.768055276131E0,3.817995885219E0,2.402079406944E-1));
#472=CARTESIAN_POINT('',(2.739751742380E0,3.847269631608E0,2.256763267879E-1));
#473=CARTESIAN_POINT('',(2.682371722091E0,3.906399967466E0,1.963237731582E-1));
#474=CARTESIAN_POINT('',(2.623447588790E0,3.966697369231E0,1.663918829810E-1));
#475=CARTESIAN_POINT('',(2.5936E0,3.997138237267E0,1.512809048574E-1));
#477=DIRECTION('',(7.071067811865E-1,7.071067811865E-1,-1.148644737619E-11));
#478=VECTOR('',#477,5.747363917477E-1);
#479=CARTESIAN_POINT('',(2.593600000005E0,-3.999999999995E0,
6.497237494706E-11));
#480=LINE('',#479,#478);
#481=CARTESIAN_POINT('',(2.5936E0,-3.997138237267E0,1.512809048570E-1));
#482=CARTESIAN_POINT('',(2.623440446047E0,-3.966704653951E0,1.663882668143E-1));
#483=CARTESIAN_POINT('',(2.682357490738E0,-3.906414579653E0,1.963165196054E-1));
#484=CARTESIAN_POINT('',(2.739744656303E0,-3.847276960588E0,2.256726886510E-1));
#485=CARTESIAN_POINT('',(2.768055276131E0,-3.817995885219E0,2.402079406944E-1));
#487=DIRECTION('',(1.E0,0.E0,0.E0));
#488=VECTOR('',#487,2.1872E0);
#489=CARTESIAN_POINT('',(4.064E-1,4.019647730970E-1,-3.979751791405E0));
#490=LINE('',#489,#488);
#491=CARTESIAN_POINT('',(4.064E-1,0.E0,0.E0));
#492=DIRECTION('',(-1.E0,0.E0,0.E0));
#493=DIRECTION('',(0.E0,1.004911932743E-1,-9.949379478512E-1));
#494=AXIS2_PLACEMENT_3D('',#491,#492,#493);
#496=DIRECTION('',(1.E0,0.E0,0.E0));
#497=VECTOR('',#496,2.1872E0);
#498=CARTESIAN_POINT('',(4.064E-1,1.000000000004E-1,-3.998749804626E0));
#499=LINE('',#498,#497);
#500=CARTESIAN_POINT('',(2.5936E0,0.E0,0.E0));
#501=DIRECTION('',(-1.E0,0.E0,0.E0));
#502=DIRECTION('',(0.E0,1.004911932743E-1,-9.949379478512E-1));
#503=AXIS2_PLACEMENT_3D('',#500,#501,#502);
#505=DIRECTION('',(1.E0,0.E0,0.E0));
#506=VECTOR('',#505,2.1872E0);
#507=CARTESIAN_POINT('',(4.064E-1,8.975903216002E-1,-3.897990715044E0));
#508=LINE('',#507,#506);
#509=CARTESIAN_POINT('',(4.064E-1,0.E0,0.E0));
#510=DIRECTION('',(-1.E0,0.E0,0.E0));
#511=DIRECTION('',(0.E0,2.243975804E-1,-9.744976787610E-1));
#512=AXIS2_PLACEMENT_3D('',#509,#510,#511);
#514=DIRECTION('',(1.E0,0.E0,0.E0));
#515=VECTOR('',#514,2.1872E0);
#516=CARTESIAN_POINT('',(4.064E-1,6.003877133603E-1,-3.954685144692E0));
#517=LINE('',#516,#515);
#518=CARTESIAN_POINT('',(2.5936E0,0.E0,0.E0));
#519=DIRECTION('',(-1.E0,0.E0,0.E0));
#520=DIRECTION('',(0.E0,2.243975804E-1,-9.744976787610E-1));
#521=AXIS2_PLACEMENT_3D('',#518,#519,#520);
#523=DIRECTION('',(1.E0,0.E0,0.E0));
#524=VECTOR('',#523,2.1872E0);
#525=CARTESIAN_POINT('',(4.064E-1,1.379060334537E0,-3.754755996560E0));
#526=LINE('',#525,#524);
#527=CARTESIAN_POINT('',(4.064E-1,0.E0,0.E0));
#528=DIRECTION('',(-1.E0,0.E0,0.E0));
#529=DIRECTION('',(0.E0,3.447650836343E-1,-9.386889991401E-1));
#530=AXIS2_PLACEMENT_3D('',#527,#528,#529);
#532=DIRECTION('',(1.E0,0.E0,0.E0));
#533=VECTOR('',#532,2.1872E0);
#534=CARTESIAN_POINT('',(4.064E-1,1.091306953826E0,-3.848252737611E0));
#535=LINE('',#534,#533);
#536=CARTESIAN_POINT('',(2.5936E0,0.E0,0.E0));
#537=DIRECTION('',(-1.E0,0.E0,0.E0));
#538=DIRECTION('',(0.E0,3.447650836343E-1,-9.386889991401E-1));
#539=AXIS2_PLACEMENT_3D('',#536,#537,#538);
#541=DIRECTION('',(1.E0,0.E0,0.E0));
#542=VECTOR('',#541,2.1872E0);
#543=CARTESIAN_POINT('',(4.064E-1,1.838781742188E0,-3.552306533028E0));
#544=LINE('',#543,#542);
#545=CARTESIAN_POINT('',(4.064E-1,0.E0,0.E0));
#546=DIRECTION('',(-1.E0,0.E0,0.E0));
#547=DIRECTION('',(0.E0,4.596954355470E-1,-8.880766332571E-1));
#548=AXIS2_PLACEMENT_3D('',#545,#546,#547);
#550=DIRECTION('',(1.E0,0.E0,0.E0));
#551=VECTOR('',#550,2.1872E0);
#552=CARTESIAN_POINT('',(4.064E-1,1.565015631715E0,-3.681131086023E0));
#553=LINE('',#552,#551);
#554=CARTESIAN_POINT('',(2.5936E0,0.E0,0.E0));
#555=DIRECTION('',(-1.E0,0.E0,0.E0));
#556=DIRECTION('',(0.E0,4.596954355470E-1,-8.880766332571E-1));
#557=AXIS2_PLACEMENT_3D('',#554,#555,#556);
#559=DIRECTION('',(1.E0,0.E0,0.E0));
#560=VECTOR('',#559,2.1872E0);
#561=CARTESIAN_POINT('',(4.064E-1,2.269504463329E0,-3.293835073426E0));
#562=LINE('',#561,#560);
#563=CARTESIAN_POINT('',(4.064E-1,0.E0,0.E0));
#564=DIRECTION('',(-1.E0,0.E0,0.E0));
#565=DIRECTION('',(0.E0,5.673761158323E-1,-8.234587683564E-1));
#566=AXIS2_PLACEMENT_3D('',#563,#564,#565);
#568=DIRECTION('',(1.E0,0.E0,0.E0));
#569=VECTOR('',#568,2.1872E0);
#570=CARTESIAN_POINT('',(4.064E-1,2.014043078197E0,-3.455955798208E0));
#571=LINE('',#570,#569);
#572=CARTESIAN_POINT('',(2.5936E0,0.E0,0.E0));
#573=DIRECTION('',(-1.E0,0.E0,0.E0));
#574=DIRECTION('',(0.E0,5.673761158323E-1,-8.234587683564E-1));
#575=AXIS2_PLACEMENT_3D('',#572,#573,#574);
#577=DIRECTION('',(1.E0,0.E0,0.E0));
#578=VECTOR('',#577,2.1872E0);
#579=CARTESIAN_POINT('',(4.064E-1,2.664435743348E0,-2.983417867073E0));
#580=LINE('',#579,#578);
#581=CARTESIAN_POINT('',(4.064E-1,0.E0,0.E0));
#582=DIRECTION('',(-1.E0,0.E0,0.E0));
#583=DIRECTION('',(0.E0,6.661089358369E-1,-7.458544667683E-1));
#584=AXIS2_PLACEMENT_3D('',#581,#582,#583);
#586=DIRECTION('',(1.E0,0.E0,0.E0));
#587=VECTOR('',#586,2.1872E0);
#588=CARTESIAN_POINT('',(4.064E-1,2.431307862205E0,-3.176278022967E0));
#589=LINE('',#588,#587);
#590=CARTESIAN_POINT('',(2.5936E0,0.E0,0.E0));
#591=DIRECTION('',(-1.E0,0.E0,0.E0));
#592=DIRECTION('',(0.E0,6.661089358369E-1,-7.458544667683E-1));
#593=AXIS2_PLACEMENT_3D('',#590,#591,#592);
#595=DIRECTION('',(1.E0,0.E0,0.E0));
#596=VECTOR('',#595,2.1872E0);
#597=CARTESIAN_POINT('',(4.064E-1,3.017347280037E0,-2.625950378749E0));
#598=LINE('',#597,#596);
#599=CARTESIAN_POINT('',(4.064E-1,0.E0,0.E0));
#600=DIRECTION('',(-1.E0,0.E0,0.E0));
#601=DIRECTION('',(0.E0,7.543368200092E-1,-6.564875946873E-1));
#602=AXIS2_PLACEMENT_3D('',#599,#600,#601);
#604=DIRECTION('',(1.E0,0.E0,0.E0));
#605=VECTOR('',#604,2.1872E0);
#606=CARTESIAN_POINT('',(4.064E-1,2.810229468832E0,-2.846508445887E0));
#607=LINE('',#606,#605);
#608=CARTESIAN_POINT('',(2.5936E0,0.E0,0.E0));
#609=DIRECTION('',(-1.E0,0.E0,0.E0));
#610=DIRECTION('',(0.E0,7.543368200092E-1,-6.564875946873E-1));
#611=AXIS2_PLACEMENT_3D('',#608,#609,#610);
#613=DIRECTION('',(1.E0,0.E0,0.E0));
#614=VECTOR('',#613,2.1872E0);
#615=CARTESIAN_POINT('',(4.064E-1,3.322673447644E0,-2.227070084286E0));
#616=LINE('',#615,#614);
#617=CARTESIAN_POINT('',(4.064E-1,0.E0,0.E0));
#618=DIRECTION('',(-1.E0,0.E0,0.E0));
#619=DIRECTION('',(0.E0,8.306683619110E-1,-5.567675210715E-1));
#620=AXIS2_PLACEMENT_3D('',#617,#618,#619);
#622=DIRECTION('',(1.E0,0.E0,0.E0));
#623=VECTOR('',#622,2.1872E0);
#624=CARTESIAN_POINT('',(4.064E-1,3.144832077987E0,-2.471847730194E0));
#625=LINE('',#624,#623);
#626=CARTESIAN_POINT('',(2.5936E0,0.E0,0.E0));
#627=DIRECTION('',(-1.E0,0.E0,0.E0));
#628=DIRECTION('',(0.E0,8.306683619110E-1,-5.567675210715E-1));
#629=AXIS2_PLACEMENT_3D('',#626,#627,#628);
#631=DIRECTION('',(1.E0,0.E0,0.E0));
#632=VECTOR('',#631,2.1872E0);
#633=CARTESIAN_POINT('',(4.064E-1,3.575599070113E0,-1.793067564206E0));
#634=LINE('',#633,#632);
#635=CARTESIAN_POINT('',(4.064E-1,0.E0,0.E0));
#636=DIRECTION('',(-1.E0,0.E0,0.E0));
#637=DIRECTION('',(0.E0,8.938997675282E-1,-4.482668910516E-1));
#638=AXIS2_PLACEMENT_3D('',#635,#636,#637);
#640=DIRECTION('',(1.E0,0.E0,0.E0));
#641=VECTOR('',#640,2.1872E0);
#642=CARTESIAN_POINT('',(4.064E-1,3.429838806640E0,-2.058204499185E0));
#643=LINE('',#642,#641);
#644=CARTESIAN_POINT('',(2.5936E0,0.E0,0.E0));
#645=DIRECTION('',(-1.E0,0.E0,0.E0));
#646=DIRECTION('',(0.E0,8.938997675282E-1,-4.482668910516E-1));
#647=AXIS2_PLACEMENT_3D('',#644,#645,#646);
#649=DIRECTION('',(1.E0,0.E0,0.E0));
#650=VECTOR('',#649,2.1872E0);
#651=CARTESIAN_POINT('',(4.064E-1,3.772135359286E0,-1.330787297513E0));
#652=LINE('',#651,#650);
#653=CARTESIAN_POINT('',(4.064E-1,0.E0,0.E0));
#654=DIRECTION('',(-1.E0,0.E0,0.E0));
#655=DIRECTION('',(0.E0,9.430338398216E-1,-3.326968243781E-1));
#656=AXIS2_PLACEMENT_3D('',#653,#654,#655);
#658=DIRECTION('',(1.E0,0.E0,0.E0));
#659=VECTOR('',#658,2.1872E0);
#660=CARTESIAN_POINT('',(4.064E-1,3.660754928426E0,-1.612102153713E0));
#661=LINE('',#660,#659);
#662=CARTESIAN_POINT('',(2.5936E0,0.E0,0.E0));
#663=DIRECTION('',(-1.E0,0.E0,0.E0));
#664=DIRECTION('',(0.E0,9.430338398216E-1,-3.326968243781E-1));
#665=AXIS2_PLACEMENT_3D('',#662,#663,#664);
#667=DIRECTION('',(1.E0,0.E0,0.E0));
#668=VECTOR('',#667,2.1872E0);
#669=CARTESIAN_POINT('',(4.064E-1,3.909182820480E0,-8.475197201632E-1));
#670=LINE('',#669,#668);
#671=CARTESIAN_POINT('',(4.064E-1,0.E0,0.E0));
#672=DIRECTION('',(-1.E0,0.E0,0.E0));
#673=DIRECTION('',(0.E0,9.772957051200E-1,-2.118799300408E-1));
#674=AXIS2_PLACEMENT_3D('',#671,#672,#673);
#676=DIRECTION('',(1.E0,0.E0,0.E0));
#677=VECTOR('',#676,2.1872E0);
#678=CARTESIAN_POINT('',(4.064E-1,3.833938758162E0,-1.140575994253E0));
#679=LINE('',#678,#677);
#680=CARTESIAN_POINT('',(2.5936E0,0.E0,0.E0));
#681=DIRECTION('',(-1.E0,0.E0,0.E0));
#682=DIRECTION('',(0.E0,9.772957051200E-1,-2.118799300408E-1));
#683=AXIS2_PLACEMENT_3D('',#680,#681,#682);
#685=DIRECTION('',(1.E0,0.E0,0.E0));
#686=VECTOR('',#685,2.1872E0);
#687=CARTESIAN_POINT('',(4.064E-1,3.984580133362E0,-3.508862505431E-1));
#688=LINE('',#687,#686);
#689=CARTESIAN_POINT('',(4.064E-1,0.E0,0.E0));
#690=DIRECTION('',(-1.E0,0.E0,0.E0));
#691=DIRECTION('',(0.E0,9.961450333404E-1,-8.772156263577E-2));
#692=AXIS2_PLACEMENT_3D('',#689,#690,#691);
#694=DIRECTION('',(1.E0,0.E0,0.E0));
#695=VECTOR('',#694,2.1872E0);
#696=CARTESIAN_POINT('',(4.064E-1,3.946659083397E0,-6.510622700171E-1));
#697=LINE('',#696,#695);
#698=CARTESIAN_POINT('',(2.5936E0,0.E0,0.E0));
#699=DIRECTION('',(-1.E0,0.E0,0.E0));
#700=DIRECTION('',(0.E0,9.961450333404E-1,-8.772156263577E-2));
#701=AXIS2_PLACEMENT_3D('',#698,#699,#700);
#703=DIRECTION('',(1.E0,0.E0,0.E0));
#704=VECTOR('',#703,2.1872E0);
#705=CARTESIAN_POINT('',(4.064E-1,3.997138237267E0,1.512809048574E-1));
#706=LINE('',#705,#704);
#707=CARTESIAN_POINT('',(4.064E-1,0.E0,0.E0));
#708=DIRECTION('',(-1.E0,0.E0,0.E0));
#709=DIRECTION('',(0.E0,9.992845593169E-1,3.782022621435E-2));
#710=AXIS2_PLACEMENT_3D('',#707,#708,#709);
#712=CARTESIAN_POINT('',(4.064E-1,0.E0,0.E0));
#713=DIRECTION('',(-1.E0,0.E0,0.E0));
#714=DIRECTION('',(0.E0,1.E0,0.E0));
#715=AXIS2_PLACEMENT_3D('',#712,#713,#714);
#717=DIRECTION('',(1.E0,0.E0,0.E0));
#718=VECTOR('',#717,2.1872E0);
#719=CARTESIAN_POINT('',(4.064E-1,3.997138237267E0,-1.512809048570E-1));
#720=LINE('',#719,#718);
#721=CARTESIAN_POINT('',(2.5936E0,0.E0,0.E0));
#722=DIRECTION('',(-1.E0,0.E0,0.E0));
#723=DIRECTION('',(0.E0,1.E0,0.E0));
#724=AXIS2_PLACEMENT_3D('',#721,#722,#723);
#726=CARTESIAN_POINT('',(2.5936E0,0.E0,0.E0));
#727=DIRECTION('',(-1.E0,0.E0,0.E0));
#728=DIRECTION('',(0.E0,9.992845593169E-1,3.782022621435E-2));
#729=AXIS2_PLACEMENT_3D('',#726,#727,#728);
#731=DIRECTION('',(1.E0,0.E0,0.E0));
#732=VECTOR('',#731,2.1872E0);
#733=CARTESIAN_POINT('',(4.064E-1,3.946659083397E0,6.510622700174E-1));
#734=LINE('',#733,#732);
#735=CARTESIAN_POINT('',(4.064E-1,0.E0,0.E0));
#736=DIRECTION('',(-1.E0,0.E0,0.E0));
#737=DIRECTION('',(0.E0,9.866647708492E-1,1.627655675044E-1));
#738=AXIS2_PLACEMENT_3D('',#735,#736,#737);
#740=DIRECTION('',(1.E0,0.E0,0.E0));
#741=VECTOR('',#740,2.1872E0);
#742=CARTESIAN_POINT('',(4.064E-1,3.984580133362E0,3.508862505434E-1));
#743=LINE('',#742,#741);
#744=CARTESIAN_POINT('',(2.5936E0,0.E0,0.E0));
#745=DIRECTION('',(-1.E0,0.E0,0.E0));
#746=DIRECTION('',(0.E0,9.866647708492E-1,1.627655675044E-1));
#747=AXIS2_PLACEMENT_3D('',#744,#745,#746);
#749=DIRECTION('',(1.E0,0.E0,0.E0));
#750=VECTOR('',#749,2.1872E0);
#751=CARTESIAN_POINT('',(4.064E-1,3.833938758161E0,1.140575994254E0));
#752=LINE('',#751,#750);
#753=CARTESIAN_POINT('',(4.064E-1,0.E0,0.E0));
#754=DIRECTION('',(-1.E0,0.E0,0.E0));
#755=DIRECTION('',(0.E0,9.584846895404E-1,2.851439985634E-1));
#756=AXIS2_PLACEMENT_3D('',#753,#754,#755);
#758=DIRECTION('',(1.E0,0.E0,0.E0));
#759=VECTOR('',#758,2.1872E0);
#760=CARTESIAN_POINT('',(4.064E-1,3.909182820480E0,8.475197201635E-1));
#761=LINE('',#760,#759);
#762=CARTESIAN_POINT('',(2.5936E0,0.E0,0.E0));
#763=DIRECTION('',(-1.E0,0.E0,0.E0));
#764=DIRECTION('',(0.E0,9.584846895404E-1,2.851439985634E-1));
#765=AXIS2_PLACEMENT_3D('',#762,#763,#764);
#767=DIRECTION('',(1.E0,0.E0,0.E0));
#768=VECTOR('',#767,2.1872E0);
#769=CARTESIAN_POINT('',(4.064E-1,3.660754928426E0,1.612102153713E0));
#770=LINE('',#769,#768);
#771=CARTESIAN_POINT('',(4.064E-1,0.E0,0.E0));
#772=DIRECTION('',(-1.E0,0.E0,0.E0));
#773=DIRECTION('',(0.E0,9.151887321064E-1,4.030255384283E-1));
#774=AXIS2_PLACEMENT_3D('',#771,#772,#773);
#776=DIRECTION('',(1.E0,0.E0,0.E0));
#777=VECTOR('',#776,2.1872E0);
#778=CARTESIAN_POINT('',(4.064E-1,3.772135359286E0,1.330787297513E0));
#779=LINE('',#778,#777);
#780=CARTESIAN_POINT('',(2.5936E0,0.E0,0.E0));
#781=DIRECTION('',(-1.E0,0.E0,0.E0));
#782=DIRECTION('',(0.E0,9.151887321064E-1,4.030255384283E-1));
#783=AXIS2_PLACEMENT_3D('',#780,#781,#782);
#785=DIRECTION('',(1.E0,0.E0,0.E0));
#786=VECTOR('',#785,2.1872E0);
#787=CARTESIAN_POINT('',(4.064E-1,3.429838806640E0,2.058204499186E0));
#788=LINE('',#787,#786);
#789=CARTESIAN_POINT('',(4.064E-1,0.E0,0.E0));
#790=DIRECTION('',(-1.E0,0.E0,0.E0));
#791=DIRECTION('',(0.E0,8.574597016599E-1,5.145511247964E-1));
#792=AXIS2_PLACEMENT_3D('',#789,#790,#791);
#794=DIRECTION('',(1.E0,0.E0,0.E0));
#795=VECTOR('',#794,2.1872E0);
#796=CARTESIAN_POINT('',(4.064E-1,3.575599070113E0,1.793067564207E0));
#797=LINE('',#796,#795);
#798=CARTESIAN_POINT('',(2.5936E0,0.E0,0.E0));
#799=DIRECTION('',(-1.E0,0.E0,0.E0));
#800=DIRECTION('',(0.E0,8.574597016599E-1,5.145511247964E-1));
#801=AXIS2_PLACEMENT_3D('',#798,#799,#800);
#803=DIRECTION('',(1.E0,0.E0,0.E0));
#804=VECTOR('',#803,2.1872E0);
#805=CARTESIAN_POINT('',(4.064E-1,3.144832077987E0,2.471847730194E0));
#806=LINE('',#805,#804);
#807=CARTESIAN_POINT('',(4.064E-1,0.E0,0.E0));
#808=DIRECTION('',(-1.E0,0.E0,0.E0));
#809=DIRECTION('',(0.E0,7.862080194967E-1,6.179619325486E-1));
#810=AXIS2_PLACEMENT_3D('',#807,#808,#809);
#812=DIRECTION('',(1.E0,0.E0,0.E0));
#813=VECTOR('',#812,2.1872E0);
#814=CARTESIAN_POINT('',(4.064E-1,3.322673447644E0,2.227070084286E0));
#815=LINE('',#814,#813);
#816=CARTESIAN_POINT('',(2.5936E0,0.E0,0.E0));
#817=DIRECTION('',(-1.E0,0.E0,0.E0));
#818=DIRECTION('',(0.E0,7.862080194967E-1,6.179619325486E-1));
#819=AXIS2_PLACEMENT_3D('',#816,#817,#818);
#821=DIRECTION('',(1.E0,0.E0,0.E0));
#822=VECTOR('',#821,2.1872E0);
#823=CARTESIAN_POINT('',(4.064E-1,2.810229468832E0,2.846508445887E0));
#824=LINE('',#823,#822);
#825=CARTESIAN_POINT('',(4.064E-1,0.E0,0.E0));
#826=DIRECTION('',(-1.E0,0.E0,0.E0));
#827=DIRECTION('',(0.E0,7.025573672080E-1,7.116271114718E-1));
#828=AXIS2_PLACEMENT_3D('',#825,#826,#827);
#830=DIRECTION('',(1.E0,0.E0,0.E0));
#831=VECTOR('',#830,2.1872E0);
#832=CARTESIAN_POINT('',(4.064E-1,3.017347280037E0,2.625950378750E0));
#833=LINE('',#832,#831);
#834=CARTESIAN_POINT('',(2.5936E0,0.E0,0.E0));
#835=DIRECTION('',(-1.E0,0.E0,0.E0));
#836=DIRECTION('',(0.E0,7.025573672080E-1,7.116271114718E-1));
#837=AXIS2_PLACEMENT_3D('',#834,#835,#836);
#839=DIRECTION('',(1.E0,0.E0,0.E0));
#840=VECTOR('',#839,2.1872E0);
#841=CARTESIAN_POINT('',(4.064E-1,2.431307862204E0,3.176278022967E0));
#842=LINE('',#841,#840);
#843=CARTESIAN_POINT('',(4.064E-1,0.E0,0.E0));
#844=DIRECTION('',(-1.E0,0.E0,0.E0));
#845=DIRECTION('',(0.E0,6.078269655511E-1,7.940695057418E-1));
#846=AXIS2_PLACEMENT_3D('',#843,#844,#845);
#848=DIRECTION('',(1.E0,0.E0,0.E0));
#849=VECTOR('',#848,2.1872E0);
#850=CARTESIAN_POINT('',(4.064E-1,2.664435743348E0,2.983417867073E0));
#851=LINE('',#850,#849);
#852=CARTESIAN_POINT('',(2.5936E0,0.E0,0.E0));
#853=DIRECTION('',(-1.E0,0.E0,0.E0));
#854=DIRECTION('',(0.E0,6.078269655511E-1,7.940695057418E-1));
#855=AXIS2_PLACEMENT_3D('',#852,#853,#854);
#857=DIRECTION('',(1.E0,0.E0,0.E0));
#858=VECTOR('',#857,2.1872E0);
#859=CARTESIAN_POINT('',(4.064E-1,2.014043078197E0,3.455955798208E0));
#860=LINE('',#859,#858);
#861=CARTESIAN_POINT('',(4.064E-1,0.E0,0.E0));
#862=DIRECTION('',(-1.E0,0.E0,0.E0));
#863=DIRECTION('',(0.E0,5.035107695492E-1,8.639889495520E-1));
#864=AXIS2_PLACEMENT_3D('',#861,#862,#863);
#866=DIRECTION('',(1.E0,0.E0,0.E0));
#867=VECTOR('',#866,2.1872E0);
#868=CARTESIAN_POINT('',(4.064E-1,2.269504463329E0,3.293835073426E0));
#869=LINE('',#868,#867);
#870=CARTESIAN_POINT('',(2.5936E0,0.E0,0.E0));
#871=DIRECTION('',(-1.E0,0.E0,0.E0));
#872=DIRECTION('',(0.E0,5.035107695492E-1,8.639889495520E-1));
#873=AXIS2_PLACEMENT_3D('',#870,#871,#872);
#875=DIRECTION('',(1.E0,0.E0,0.E0));
#876=VECTOR('',#875,2.1872E0);
#877=CARTESIAN_POINT('',(4.064E-1,1.565015631715E0,3.681131086023E0));
#878=LINE('',#877,#876);
#879=CARTESIAN_POINT('',(4.064E-1,0.E0,0.E0));
#880=DIRECTION('',(-1.E0,0.E0,0.E0));
#881=DIRECTION('',(0.E0,3.912539079287E-1,9.202827715059E-1));
#882=AXIS2_PLACEMENT_3D('',#879,#880,#881);
#884=DIRECTION('',(1.E0,0.E0,0.E0));
#885=VECTOR('',#884,2.1872E0);
#886=CARTESIAN_POINT('',(4.064E-1,1.838781742188E0,3.552306533029E0));
#887=LINE('',#886,#885);
#888=CARTESIAN_POINT('',(2.5936E0,0.E0,0.E0));
#889=DIRECTION('',(-1.E0,0.E0,0.E0));
#890=DIRECTION('',(0.E0,3.912539079287E-1,9.202827715059E-1));
#891=AXIS2_PLACEMENT_3D('',#888,#889,#890);
#893=DIRECTION('',(1.E0,0.E0,0.E0));
#894=VECTOR('',#893,2.1872E0);
#895=CARTESIAN_POINT('',(4.064E-1,1.091306953826E0,3.848252737611E0));
#896=LINE('',#895,#894);
#897=CARTESIAN_POINT('',(4.064E-1,0.E0,0.E0));
#898=DIRECTION('',(-1.E0,0.E0,0.E0));
#899=DIRECTION('',(0.E0,2.728267384565E-1,9.620631844028E-1));
#900=AXIS2_PLACEMENT_3D('',#897,#898,#899);
#902=DIRECTION('',(1.E0,0.E0,0.E0));
#903=VECTOR('',#902,2.1872E0);
#904=CARTESIAN_POINT('',(4.064E-1,1.379060334537E0,3.754755996560E0));
#905=LINE('',#904,#903);
#906=CARTESIAN_POINT('',(2.5936E0,0.E0,0.E0));
#907=DIRECTION('',(-1.E0,0.E0,0.E0));
#908=DIRECTION('',(0.E0,2.728267384565E-1,9.620631844028E-1));
#909=AXIS2_PLACEMENT_3D('',#906,#907,#908);
#911=DIRECTION('',(1.E0,0.E0,0.E0));
#912=VECTOR('',#911,2.1872E0);
#913=CARTESIAN_POINT('',(4.064E-1,6.003877133599E-1,3.954685144692E0));
#914=LINE('',#913,#912);
#915=CARTESIAN_POINT('',(4.064E-1,0.E0,0.E0));
#916=DIRECTION('',(-1.E0,0.E0,0.E0));
#917=DIRECTION('',(0.E0,1.500969283400E-1,9.886712861730E-1));
#918=AXIS2_PLACEMENT_3D('',#915,#916,#917);
#920=DIRECTION('',(1.E0,0.E0,0.E0));
#921=VECTOR('',#920,2.1872E0);
#922=CARTESIAN_POINT('',(4.064E-1,8.975903215998E-1,3.897990715044E0));
#923=LINE('',#922,#921);
#924=CARTESIAN_POINT('',(2.5936E0,0.E0,0.E0));
#925=DIRECTION('',(-1.E0,0.E0,0.E0));
#926=DIRECTION('',(0.E0,1.500969283400E-1,9.886712861730E-1));
#927=AXIS2_PLACEMENT_3D('',#924,#925,#926);
#929=DIRECTION('',(1.E0,0.E0,0.E0));
#930=VECTOR('',#929,2.1872E0);
#931=CARTESIAN_POINT('',(4.064E-1,1.E-1,3.998749804626E0));
#932=LINE('',#931,#930);
#933=CARTESIAN_POINT('',(4.064E-1,0.E0,0.E0));
#934=DIRECTION('',(-1.E0,0.E0,0.E0));
#935=DIRECTION('',(0.E0,2.5E-2,9.996874511566E-1));
#936=AXIS2_PLACEMENT_3D('',#933,#934,#935);
#938=DIRECTION('',(1.E0,0.E0,0.E0));
#939=VECTOR('',#938,2.1872E0);
#940=CARTESIAN_POINT('',(4.064E-1,4.019647730966E-1,3.979751791405E0));
#941=LINE('',#940,#939);
#942=CARTESIAN_POINT('',(2.5936E0,0.E0,0.E0));
#943=DIRECTION('',(-1.E0,0.E0,0.E0));
#944=DIRECTION('',(0.E0,2.5E-2,9.996874511566E-1));
#945=AXIS2_PLACEMENT_3D('',#942,#943,#944);
#947=DIRECTION('',(1.E0,0.E0,0.E0));
#948=VECTOR('',#947,2.1872E0);
#949=CARTESIAN_POINT('',(4.064E-1,-4.019647730970E-1,3.979751791405E0));
#950=LINE('',#949,#948);
#951=CARTESIAN_POINT('',(4.064E-1,0.E0,0.E0));
#952=DIRECTION('',(-1.E0,0.E0,0.E0));
#953=DIRECTION('',(0.E0,-1.004911932743E-1,9.949379478512E-1));
#954=AXIS2_PLACEMENT_3D('',#951,#952,#953);
#956=DIRECTION('',(1.E0,0.E0,0.E0));
#957=VECTOR('',#956,2.1872E0);
#958=CARTESIAN_POINT('',(4.064E-1,-1.000000000004E-1,3.998749804626E0));
#959=LINE('',#958,#957);
#960=CARTESIAN_POINT('',(2.5936E0,0.E0,0.E0));
#961=DIRECTION('',(-1.E0,0.E0,0.E0));
#962=DIRECTION('',(0.E0,-1.004911932743E-1,9.949379478512E-1));
#963=AXIS2_PLACEMENT_3D('',#960,#961,#962);
#965=DIRECTION('',(1.E0,0.E0,0.E0));
#966=VECTOR('',#965,2.1872E0);
#967=CARTESIAN_POINT('',(4.064E-1,-8.975903216002E-1,3.897990715044E0));
#968=LINE('',#967,#966);
#969=CARTESIAN_POINT('',(4.064E-1,0.E0,0.E0));
#970=DIRECTION('',(-1.E0,0.E0,0.E0));
#971=DIRECTION('',(0.E0,-2.243975804E-1,9.744976787610E-1));
#972=AXIS2_PLACEMENT_3D('',#969,#970,#971);
#974=DIRECTION('',(1.E0,0.E0,0.E0));
#975=VECTOR('',#974,2.1872E0);
#976=CARTESIAN_POINT('',(4.064E-1,-6.003877133603E-1,3.954685144692E0));
#977=LINE('',#976,#975);
#978=CARTESIAN_POINT('',(2.5936E0,0.E0,0.E0));
#979=DIRECTION('',(-1.E0,0.E0,0.E0));
#980=DIRECTION('',(0.E0,-2.243975804E-1,9.744976787610E-1));
#981=AXIS2_PLACEMENT_3D('',#978,#979,#980);
#983=DIRECTION('',(1.E0,0.E0,0.E0));
#984=VECTOR('',#983,2.1872E0);
#985=CARTESIAN_POINT('',(4.064E-1,-1.379060334537E0,3.754755996560E0));
#986=LINE('',#985,#984);
#987=CARTESIAN_POINT('',(4.064E-1,0.E0,0.E0));
#988=DIRECTION('',(-1.E0,0.E0,0.E0));
#989=DIRECTION('',(0.E0,-3.447650836343E-1,9.386889991401E-1));
#990=AXIS2_PLACEMENT_3D('',#987,#988,#989);
#992=DIRECTION('',(1.E0,0.E0,0.E0));
#993=VECTOR('',#992,2.1872E0);
#994=CARTESIAN_POINT('',(4.064E-1,-1.091306953826E0,3.848252737611E0));
#995=LINE('',#994,#993);
#996=CARTESIAN_POINT('',(2.5936E0,0.E0,0.E0));
#997=DIRECTION('',(-1.E0,0.E0,0.E0));
#998=DIRECTION('',(0.E0,-3.447650836343E-1,9.386889991401E-1));
#999=AXIS2_PLACEMENT_3D('',#996,#997,#998);
#1001=DIRECTION('',(1.E0,0.E0,0.E0));
#1002=VECTOR('',#1001,2.1872E0);
#1003=CARTESIAN_POINT('',(4.064E-1,-1.838781742188E0,3.552306533028E0));
#1004=LINE('',#1003,#1002);
#1005=CARTESIAN_POINT('',(4.064E-1,0.E0,0.E0));
#1006=DIRECTION('',(-1.E0,0.E0,0.E0));
#1007=DIRECTION('',(0.E0,-4.596954355470E-1,8.880766332571E-1));
#1008=AXIS2_PLACEMENT_3D('',#1005,#1006,#1007);
#1010=DIRECTION('',(1.E0,0.E0,0.E0));
#1011=VECTOR('',#1010,2.1872E0);
#1012=CARTESIAN_POINT('',(4.064E-1,-1.565015631715E0,3.681131086023E0));
#1013=LINE('',#1012,#1011);
#1014=CARTESIAN_POINT('',(2.5936E0,0.E0,0.E0));
#1015=DIRECTION('',(-1.E0,0.E0,0.E0));
#1016=DIRECTION('',(0.E0,-4.596954355470E-1,8.880766332571E-1));
#1017=AXIS2_PLACEMENT_3D('',#1014,#1015,#1016);
#1019=DIRECTION('',(1.E0,0.E0,0.E0));
#1020=VECTOR('',#1019,2.1872E0);
#1021=CARTESIAN_POINT('',(4.064E-1,-2.269504463329E0,3.293835073426E0));
#1022=LINE('',#1021,#1020);
#1023=CARTESIAN_POINT('',(4.064E-1,0.E0,0.E0));
#1024=DIRECTION('',(-1.E0,0.E0,0.E0));
#1025=DIRECTION('',(0.E0,-5.673761158323E-1,8.234587683564E-1));
#1026=AXIS2_PLACEMENT_3D('',#1023,#1024,#1025);
#1028=DIRECTION('',(1.E0,0.E0,0.E0));
#1029=VECTOR('',#1028,2.1872E0);
#1030=CARTESIAN_POINT('',(4.064E-1,-2.014043078197E0,3.455955798208E0));
#1031=LINE('',#1030,#1029);
#1032=CARTESIAN_POINT('',(2.5936E0,0.E0,0.E0));
#1033=DIRECTION('',(-1.E0,0.E0,0.E0));
#1034=DIRECTION('',(0.E0,-5.673761158323E-1,8.234587683564E-1));
#1035=AXIS2_PLACEMENT_3D('',#1032,#1033,#1034);
#1037=DIRECTION('',(1.E0,0.E0,0.E0));
#1038=VECTOR('',#1037,2.1872E0);
#1039=CARTESIAN_POINT('',(4.064E-1,-2.664435743348E0,2.983417867073E0));
#1040=LINE('',#1039,#1038);
#1041=CARTESIAN_POINT('',(4.064E-1,0.E0,0.E0));
#1042=DIRECTION('',(-1.E0,0.E0,0.E0));
#1043=DIRECTION('',(0.E0,-6.661089358369E-1,7.458544667683E-1));
#1044=AXIS2_PLACEMENT_3D('',#1041,#1042,#1043);
#1046=DIRECTION('',(1.E0,0.E0,0.E0));
#1047=VECTOR('',#1046,2.1872E0);
#1048=CARTESIAN_POINT('',(4.064E-1,-2.431307862205E0,3.176278022967E0));
#1049=LINE('',#1048,#1047);
#1050=CARTESIAN_POINT('',(2.5936E0,0.E0,0.E0));
#1051=DIRECTION('',(-1.E0,0.E0,0.E0));
#1052=DIRECTION('',(0.E0,-6.661089358369E-1,7.458544667683E-1));
#1053=AXIS2_PLACEMENT_3D('',#1050,#1051,#1052);
#1055=DIRECTION('',(1.E0,0.E0,0.E0));
#1056=VECTOR('',#1055,2.1872E0);
#1057=CARTESIAN_POINT('',(4.064E-1,-3.017347280037E0,2.625950378749E0));
#1058=LINE('',#1057,#1056);
#1059=CARTESIAN_POINT('',(4.064E-1,0.E0,0.E0));
#1060=DIRECTION('',(-1.E0,0.E0,0.E0));
#1061=DIRECTION('',(0.E0,-7.543368200092E-1,6.564875946873E-1));
#1062=AXIS2_PLACEMENT_3D('',#1059,#1060,#1061);
#1064=DIRECTION('',(1.E0,0.E0,0.E0));
#1065=VECTOR('',#1064,2.1872E0);
#1066=CARTESIAN_POINT('',(4.064E-1,-2.810229468832E0,2.846508445887E0));
#1067=LINE('',#1066,#1065);
#1068=CARTESIAN_POINT('',(2.5936E0,0.E0,0.E0));
#1069=DIRECTION('',(-1.E0,0.E0,0.E0));
#1070=DIRECTION('',(0.E0,-7.543368200092E-1,6.564875946873E-1));
#1071=AXIS2_PLACEMENT_3D('',#1068,#1069,#1070);
#1073=DIRECTION('',(1.E0,0.E0,0.E0));
#1074=VECTOR('',#1073,2.1872E0);
#1075=CARTESIAN_POINT('',(4.064E-1,-3.322673447644E0,2.227070084286E0));
#1076=LINE('',#1075,#1074);
#1077=CARTESIAN_POINT('',(4.064E-1,0.E0,0.E0));
#1078=DIRECTION('',(-1.E0,0.E0,0.E0));
#1079=DIRECTION('',(0.E0,-8.306683619110E-1,5.567675210715E-1));
#1080=AXIS2_PLACEMENT_3D('',#1077,#1078,#1079);
#1082=DIRECTION('',(1.E0,0.E0,0.E0));
#1083=VECTOR('',#1082,2.1872E0);
#1084=CARTESIAN_POINT('',(4.064E-1,-3.144832077987E0,2.471847730194E0));
#1085=LINE('',#1084,#1083);
#1086=CARTESIAN_POINT('',(2.5936E0,0.E0,0.E0));
#1087=DIRECTION('',(-1.E0,0.E0,0.E0));
#1088=DIRECTION('',(0.E0,-8.306683619110E-1,5.567675210715E-1));
#1089=AXIS2_PLACEMENT_3D('',#1086,#1087,#1088);
#1091=DIRECTION('',(1.E0,0.E0,0.E0));
#1092=VECTOR('',#1091,2.1872E0);
#1093=CARTESIAN_POINT('',(4.064E-1,-3.575599070113E0,1.793067564206E0));
#1094=LINE('',#1093,#1092);
#1095=CARTESIAN_POINT('',(4.064E-1,0.E0,0.E0));
#1096=DIRECTION('',(-1.E0,0.E0,0.E0));
#1097=DIRECTION('',(0.E0,-8.938997675282E-1,4.482668910516E-1));
#1098=AXIS2_PLACEMENT_3D('',#1095,#1096,#1097);
#1100=DIRECTION('',(1.E0,0.E0,0.E0));
#1101=VECTOR('',#1100,2.1872E0);
#1102=CARTESIAN_POINT('',(4.064E-1,-3.429838806640E0,2.058204499185E0));
#1103=LINE('',#1102,#1101);
#1104=CARTESIAN_POINT('',(2.5936E0,0.E0,0.E0));
#1105=DIRECTION('',(-1.E0,0.E0,0.E0));
#1106=DIRECTION('',(0.E0,-8.938997675282E-1,4.482668910516E-1));
#1107=AXIS2_PLACEMENT_3D('',#1104,#1105,#1106);
#1109=DIRECTION('',(1.E0,0.E0,0.E0));
#1110=VECTOR('',#1109,2.1872E0);
#1111=CARTESIAN_POINT('',(4.064E-1,-3.772135359286E0,1.330787297513E0));
#1112=LINE('',#1111,#1110);
#1113=CARTESIAN_POINT('',(4.064E-1,0.E0,0.E0));
#1114=DIRECTION('',(-1.E0,0.E0,0.E0));
#1115=DIRECTION('',(0.E0,-9.430338398216E-1,3.326968243781E-1));
#1116=AXIS2_PLACEMENT_3D('',#1113,#1114,#1115);
#1118=DIRECTION('',(1.E0,0.E0,0.E0));
#1119=VECTOR('',#1118,2.1872E0);
#1120=CARTESIAN_POINT('',(4.064E-1,-3.660754928426E0,1.612102153713E0));
#1121=LINE('',#1120,#1119);
#1122=CARTESIAN_POINT('',(2.5936E0,0.E0,0.E0));
#1123=DIRECTION('',(-1.E0,0.E0,0.E0));
#1124=DIRECTION('',(0.E0,-9.430338398216E-1,3.326968243781E-1));
#1125=AXIS2_PLACEMENT_3D('',#1122,#1123,#1124);
#1127=DIRECTION('',(1.E0,0.E0,0.E0));
#1128=VECTOR('',#1127,2.1872E0);
#1129=CARTESIAN_POINT('',(4.064E-1,-3.909182820480E0,8.475197201632E-1));
#1130=LINE('',#1129,#1128);
#1131=CARTESIAN_POINT('',(4.064E-1,0.E0,0.E0));
#1132=DIRECTION('',(-1.E0,0.E0,0.E0));
#1133=DIRECTION('',(0.E0,-9.772957051200E-1,2.118799300408E-1));
#1134=AXIS2_PLACEMENT_3D('',#1131,#1132,#1133);
#1136=DIRECTION('',(1.E0,0.E0,0.E0));
#1137=VECTOR('',#1136,2.1872E0);
#1138=CARTESIAN_POINT('',(4.064E-1,-3.833938758162E0,1.140575994253E0));
#1139=LINE('',#1138,#1137);
#1140=CARTESIAN_POINT('',(2.5936E0,0.E0,0.E0));
#1141=DIRECTION('',(-1.E0,0.E0,0.E0));
#1142=DIRECTION('',(0.E0,-9.772957051200E-1,2.118799300408E-1));
#1143=AXIS2_PLACEMENT_3D('',#1140,#1141,#1142);
#1145=DIRECTION('',(1.E0,0.E0,0.E0));
#1146=VECTOR('',#1145,2.1872E0);
#1147=CARTESIAN_POINT('',(4.064E-1,-3.984580133362E0,3.508862505431E-1));
#1148=LINE('',#1147,#1146);
#1149=CARTESIAN_POINT('',(4.064E-1,0.E0,0.E0));
#1150=DIRECTION('',(-1.E0,0.E0,0.E0));
#1151=DIRECTION('',(0.E0,-9.961450333404E-1,8.772156263577E-2));
#1152=AXIS2_PLACEMENT_3D('',#1149,#1150,#1151);
#1154=DIRECTION('',(1.E0,0.E0,0.E0));
#1155=VECTOR('',#1154,2.1872E0);
#1156=CARTESIAN_POINT('',(4.064E-1,-3.946659083397E0,6.510622700171E-1));
#1157=LINE('',#1156,#1155);
#1158=CARTESIAN_POINT('',(2.5936E0,0.E0,0.E0));
#1159=DIRECTION('',(-1.E0,0.E0,0.E0));
#1160=DIRECTION('',(0.E0,-9.961450333404E-1,8.772156263577E-2));
#1161=AXIS2_PLACEMENT_3D('',#1158,#1159,#1160);
#1163=DIRECTION('',(1.E0,0.E0,0.E0));
#1164=VECTOR('',#1163,2.1872E0);
#1165=CARTESIAN_POINT('',(4.064E-1,-3.997138237267E0,-1.512809048574E-1));
#1166=LINE('',#1165,#1164);
#1167=CARTESIAN_POINT('',(4.064E-1,0.E0,0.E0));
#1168=DIRECTION('',(-1.E0,0.E0,0.E0));
#1169=DIRECTION('',(0.E0,-9.992845593169E-1,-3.782022621435E-2));
#1170=AXIS2_PLACEMENT_3D('',#1167,#1168,#1169);
#1172=CARTESIAN_POINT('',(4.064E-1,0.E0,0.E0));
#1173=DIRECTION('',(-1.E0,0.E0,0.E0));
#1174=DIRECTION('',(0.E0,-1.E0,0.E0));
#1175=AXIS2_PLACEMENT_3D('',#1172,#1173,#1174);
#1177=DIRECTION('',(1.E0,0.E0,0.E0));
#1178=VECTOR('',#1177,2.1872E0);
#1179=CARTESIAN_POINT('',(4.064E-1,-3.997138237267E0,1.512809048570E-1));
#1180=LINE('',#1179,#1178);
#1181=CARTESIAN_POINT('',(2.5936E0,0.E0,0.E0));
#1182=DIRECTION('',(-1.E0,0.E0,0.E0));
#1183=DIRECTION('',(0.E0,-1.E0,0.E0));
#1184=AXIS2_PLACEMENT_3D('',#1181,#1182,#1183);
#1186=CARTESIAN_POINT('',(2.5936E0,0.E0,0.E0));
#1187=DIRECTION('',(-1.E0,0.E0,0.E0));
#1188=DIRECTION('',(0.E0,-9.992845593169E-1,-3.782022621435E-2));
#1189=AXIS2_PLACEMENT_3D('',#1186,#1187,#1188);
#1191=DIRECTION('',(1.E0,0.E0,0.E0));
#1192=VECTOR('',#1191,2.1872E0);
#1193=CARTESIAN_POINT('',(4.064E-1,-3.946659083397E0,-6.510622700174E-1));
#1194=LINE('',#1193,#1192);
#1195=CARTESIAN_POINT('',(4.064E-1,0.E0,0.E0));
#1196=DIRECTION('',(-1.E0,0.E0,0.E0));
#1197=DIRECTION('',(0.E0,-9.866647708492E-1,-1.627655675044E-1));
#1198=AXIS2_PLACEMENT_3D('',#1195,#1196,#1197);
#1200=DIRECTION('',(1.E0,0.E0,0.E0));
#1201=VECTOR('',#1200,2.1872E0);
#1202=CARTESIAN_POINT('',(4.064E-1,-3.984580133362E0,-3.508862505434E-1));
#1203=LINE('',#1202,#1201);
#1204=CARTESIAN_POINT('',(2.5936E0,0.E0,0.E0));
#1205=DIRECTION('',(-1.E0,0.E0,0.E0));
#1206=DIRECTION('',(0.E0,-9.866647708492E-1,-1.627655675044E-1));
#1207=AXIS2_PLACEMENT_3D('',#1204,#1205,#1206);
#1209=DIRECTION('',(1.E0,0.E0,0.E0));
#1210=VECTOR('',#1209,2.1872E0);
#1211=CARTESIAN_POINT('',(4.064E-1,-3.833938758161E0,-1.140575994254E0));
#1212=LINE('',#1211,#1210);
#1213=CARTESIAN_POINT('',(4.064E-1,0.E0,0.E0));
#1214=DIRECTION('',(-1.E0,0.E0,0.E0));
#1215=DIRECTION('',(0.E0,-9.584846895404E-1,-2.851439985634E-1));
#1216=AXIS2_PLACEMENT_3D('',#1213,#1214,#1215);
#1218=DIRECTION('',(1.E0,0.E0,0.E0));
#1219=VECTOR('',#1218,2.1872E0);
#1220=CARTESIAN_POINT('',(4.064E-1,-3.909182820480E0,-8.475197201635E-1));
#1221=LINE('',#1220,#1219);
#1222=CARTESIAN_POINT('',(2.5936E0,0.E0,0.E0));
#1223=DIRECTION('',(-1.E0,0.E0,0.E0));
#1224=DIRECTION('',(0.E0,-9.584846895404E-1,-2.851439985634E-1));
#1225=AXIS2_PLACEMENT_3D('',#1222,#1223,#1224);
#1227=DIRECTION('',(1.E0,0.E0,0.E0));
#1228=VECTOR('',#1227,2.1872E0);
#1229=CARTESIAN_POINT('',(4.064E-1,-3.660754928426E0,-1.612102153713E0));
#1230=LINE('',#1229,#1228);
#1231=CARTESIAN_POINT('',(4.064E-1,0.E0,0.E0));
#1232=DIRECTION('',(-1.E0,0.E0,0.E0));
#1233=DIRECTION('',(0.E0,-9.151887321064E-1,-4.030255384283E-1));
#1234=AXIS2_PLACEMENT_3D('',#1231,#1232,#1233);
#1236=DIRECTION('',(1.E0,0.E0,0.E0));
#1237=VECTOR('',#1236,2.1872E0);
#1238=CARTESIAN_POINT('',(4.064E-1,-3.772135359286E0,-1.330787297513E0));
#1239=LINE('',#1238,#1237);
#1240=CARTESIAN_POINT('',(2.5936E0,0.E0,0.E0));
#1241=DIRECTION('',(-1.E0,0.E0,0.E0));
#1242=DIRECTION('',(0.E0,-9.151887321064E-1,-4.030255384283E-1));
#1243=AXIS2_PLACEMENT_3D('',#1240,#1241,#1242);
#1245=DIRECTION('',(1.E0,0.E0,0.E0));
#1246=VECTOR('',#1245,2.1872E0);
#1247=CARTESIAN_POINT('',(4.064E-1,-3.429838806640E0,-2.058204499186E0));
#1248=LINE('',#1247,#1246);
#1249=CARTESIAN_POINT('',(4.064E-1,0.E0,0.E0));
#1250=DIRECTION('',(-1.E0,0.E0,0.E0));
#1251=DIRECTION('',(0.E0,-8.574597016599E-1,-5.145511247964E-1));
#1252=AXIS2_PLACEMENT_3D('',#1249,#1250,#1251);
#1254=DIRECTION('',(1.E0,0.E0,0.E0));
#1255=VECTOR('',#1254,2.1872E0);
#1256=CARTESIAN_POINT('',(4.064E-1,-3.575599070113E0,-1.793067564207E0));
#1257=LINE('',#1256,#1255);
#1258=CARTESIAN_POINT('',(2.5936E0,0.E0,0.E0));
#1259=DIRECTION('',(-1.E0,0.E0,0.E0));
#1260=DIRECTION('',(0.E0,-8.574597016599E-1,-5.145511247964E-1));
#1261=AXIS2_PLACEMENT_3D('',#1258,#1259,#1260);
#1263=DIRECTION('',(1.E0,0.E0,0.E0));
#1264=VECTOR('',#1263,2.1872E0);
#1265=CARTESIAN_POINT('',(4.064E-1,-3.144832077987E0,-2.471847730194E0));
#1266=LINE('',#1265,#1264);
#1267=CARTESIAN_POINT('',(4.064E-1,0.E0,0.E0));
#1268=DIRECTION('',(-1.E0,0.E0,0.E0));
#1269=DIRECTION('',(0.E0,-7.862080194967E-1,-6.179619325486E-1));
#1270=AXIS2_PLACEMENT_3D('',#1267,#1268,#1269);
#1272=DIRECTION('',(1.E0,0.E0,0.E0));
#1273=VECTOR('',#1272,2.1872E0);
#1274=CARTESIAN_POINT('',(4.064E-1,-3.322673447644E0,-2.227070084286E0));
#1275=LINE('',#1274,#1273);
#1276=CARTESIAN_POINT('',(2.5936E0,0.E0,0.E0));
#1277=DIRECTION('',(-1.E0,0.E0,0.E0));
#1278=DIRECTION('',(0.E0,-7.862080194967E-1,-6.179619325486E-1));
#1279=AXIS2_PLACEMENT_3D('',#1276,#1277,#1278);
#1281=DIRECTION('',(1.E0,0.E0,0.E0));
#1282=VECTOR('',#1281,2.1872E0);
#1283=CARTESIAN_POINT('',(4.064E-1,-2.810229468832E0,-2.846508445887E0));
#1284=LINE('',#1283,#1282);
#1285=CARTESIAN_POINT('',(4.064E-1,0.E0,0.E0));
#1286=DIRECTION('',(-1.E0,0.E0,0.E0));
#1287=DIRECTION('',(0.E0,-7.025573672080E-1,-7.116271114718E-1));
#1288=AXIS2_PLACEMENT_3D('',#1285,#1286,#1287);
#1290=DIRECTION('',(1.E0,0.E0,0.E0));
#1291=VECTOR('',#1290,2.1872E0);
#1292=CARTESIAN_POINT('',(4.064E-1,-3.017347280037E0,-2.625950378750E0));
#1293=LINE('',#1292,#1291);
#1294=CARTESIAN_POINT('',(2.5936E0,0.E0,0.E0));
#1295=DIRECTION('',(-1.E0,0.E0,0.E0));
#1296=DIRECTION('',(0.E0,-7.025573672080E-1,-7.116271114718E-1));
#1297=AXIS2_PLACEMENT_3D('',#1294,#1295,#1296);
#1299=DIRECTION('',(1.E0,0.E0,0.E0));
#1300=VECTOR('',#1299,2.1872E0);
#1301=CARTESIAN_POINT('',(4.064E-1,-2.431307862204E0,-3.176278022967E0));
#1302=LINE('',#1301,#1300);
#1303=CARTESIAN_POINT('',(4.064E-1,0.E0,0.E0));
#1304=DIRECTION('',(-1.E0,0.E0,0.E0));
#1305=DIRECTION('',(0.E0,-6.078269655511E-1,-7.940695057418E-1));
#1306=AXIS2_PLACEMENT_3D('',#1303,#1304,#1305);
#1308=DIRECTION('',(1.E0,0.E0,0.E0));
#1309=VECTOR('',#1308,2.1872E0);
#1310=CARTESIAN_POINT('',(4.064E-1,-2.664435743348E0,-2.983417867073E0));
#1311=LINE('',#1310,#1309);
#1312=CARTESIAN_POINT('',(2.5936E0,0.E0,0.E0));
#1313=DIRECTION('',(-1.E0,0.E0,0.E0));
#1314=DIRECTION('',(0.E0,-6.078269655511E-1,-7.940695057418E-1));
#1315=AXIS2_PLACEMENT_3D('',#1312,#1313,#1314);
#1317=DIRECTION('',(1.E0,0.E0,0.E0));
#1318=VECTOR('',#1317,2.1872E0);
#1319=CARTESIAN_POINT('',(4.064E-1,-2.014043078197E0,-3.455955798208E0));
#1320=LINE('',#1319,#1318);
#1321=CARTESIAN_POINT('',(4.064E-1,0.E0,0.E0));
#1322=DIRECTION('',(-1.E0,0.E0,0.E0));
#1323=DIRECTION('',(0.E0,-5.035107695492E-1,-8.639889495520E-1));
#1324=AXIS2_PLACEMENT_3D('',#1321,#1322,#1323);
#1326=DIRECTION('',(1.E0,0.E0,0.E0));
#1327=VECTOR('',#1326,2.1872E0);
#1328=CARTESIAN_POINT('',(4.064E-1,-2.269504463329E0,-3.293835073426E0));
#1329=LINE('',#1328,#1327);
#1330=CARTESIAN_POINT('',(2.5936E0,0.E0,0.E0));
#1331=DIRECTION('',(-1.E0,0.E0,0.E0));
#1332=DIRECTION('',(0.E0,-5.035107695492E-1,-8.639889495520E-1));
#1333=AXIS2_PLACEMENT_3D('',#1330,#1331,#1332);
#1335=DIRECTION('',(1.E0,0.E0,0.E0));
#1336=VECTOR('',#1335,2.1872E0);
#1337=CARTESIAN_POINT('',(4.064E-1,-1.565015631715E0,-3.681131086023E0));
#1338=LINE('',#1337,#1336);
#1339=CARTESIAN_POINT('',(4.064E-1,0.E0,0.E0));
#1340=DIRECTION('',(-1.E0,0.E0,0.E0));
#1341=DIRECTION('',(0.E0,-3.912539079287E-1,-9.202827715059E-1));
#1342=AXIS2_PLACEMENT_3D('',#1339,#1340,#1341);
#1344=DIRECTION('',(1.E0,0.E0,0.E0));
#1345=VECTOR('',#1344,2.1872E0);
#1346=CARTESIAN_POINT('',(4.064E-1,-1.838781742188E0,-3.552306533029E0));
#1347=LINE('',#1346,#1345);
#1348=CARTESIAN_POINT('',(2.5936E0,0.E0,0.E0));
#1349=DIRECTION('',(-1.E0,0.E0,0.E0));
#1350=DIRECTION('',(0.E0,-3.912539079287E-1,-9.202827715059E-1));
#1351=AXIS2_PLACEMENT_3D('',#1348,#1349,#1350);
#1353=DIRECTION('',(1.E0,0.E0,0.E0));
#1354=VECTOR('',#1353,2.1872E0);
#1355=CARTESIAN_POINT('',(4.064E-1,-1.091306953826E0,-3.848252737611E0));
#1356=LINE('',#1355,#1354);
#1357=CARTESIAN_POINT('',(4.064E-1,0.E0,0.E0));
#1358=DIRECTION('',(-1.E0,0.E0,0.E0));
#1359=DIRECTION('',(0.E0,-2.728267384565E-1,-9.620631844028E-1));
#1360=AXIS2_PLACEMENT_3D('',#1357,#1358,#1359);
#1362=DIRECTION('',(1.E0,0.E0,0.E0));
#1363=VECTOR('',#1362,2.1872E0);
#1364=CARTESIAN_POINT('',(4.064E-1,-1.379060334537E0,-3.754755996560E0));
#1365=LINE('',#1364,#1363);
#1366=CARTESIAN_POINT('',(2.5936E0,0.E0,0.E0));
#1367=DIRECTION('',(-1.E0,0.E0,0.E0));
#1368=DIRECTION('',(0.E0,-2.728267384565E-1,-9.620631844028E-1));
#1369=AXIS2_PLACEMENT_3D('',#1366,#1367,#1368);
#1371=DIRECTION('',(1.E0,0.E0,0.E0));
#1372=VECTOR('',#1371,2.1872E0);
#1373=CARTESIAN_POINT('',(4.064E-1,-6.003877133599E-1,-3.954685144692E0));
#1374=LINE('',#1373,#1372);
#1375=CARTESIAN_POINT('',(4.064E-1,0.E0,0.E0));
#1376=DIRECTION('',(-1.E0,0.E0,0.E0));
#1377=DIRECTION('',(0.E0,-1.500969283400E-1,-9.886712861730E-1));
#1378=AXIS2_PLACEMENT_3D('',#1375,#1376,#1377);
#1380=DIRECTION('',(1.E0,0.E0,0.E0));
#1381=VECTOR('',#1380,2.1872E0);
#1382=CARTESIAN_POINT('',(4.064E-1,-8.975903215998E-1,-3.897990715044E0));
#1383=LINE('',#1382,#1381);
#1384=CARTESIAN_POINT('',(2.5936E0,0.E0,0.E0));
#1385=DIRECTION('',(-1.E0,0.E0,0.E0));
#1386=DIRECTION('',(0.E0,-1.500969283400E-1,-9.886712861730E-1));
#1387=AXIS2_PLACEMENT_3D('',#1384,#1385,#1386);
#1389=DIRECTION('',(1.E0,0.E0,0.E0));
#1390=VECTOR('',#1389,2.1872E0);
#1391=CARTESIAN_POINT('',(4.064E-1,-4.019647730966E-1,-3.979751791405E0));
#1392=LINE('',#1391,#1390);
#1393=CARTESIAN_POINT('',(2.5936E0,0.E0,0.E0));
#1394=DIRECTION('',(-1.E0,0.E0,0.E0));
#1395=DIRECTION('',(0.E0,-2.5E-2,-9.996874511566E-1));
#1396=AXIS2_PLACEMENT_3D('',#1393,#1394,#1395);
#1398=DIRECTION('',(1.E0,0.E0,0.E0));
#1399=VECTOR('',#1398,2.1872E0);
#1400=CARTESIAN_POINT('',(4.064E-1,-1.E-1,-3.998749804626E0));
#1401=LINE('',#1400,#1399);
#1402=CARTESIAN_POINT('',(4.064E-1,0.E0,0.E0));
#1403=DIRECTION('',(-1.E0,0.E0,0.E0));
#1404=DIRECTION('',(0.E0,-2.5E-2,-9.996874511566E-1));
#1405=AXIS2_PLACEMENT_3D('',#1402,#1403,#1404);
#1407=CARTESIAN_POINT('',(2.768055276131E0,-4.794678903874E-1,
-3.795379161086E0));
#1408=CARTESIAN_POINT('',(2.739751742380E0,-4.992274625415E-1,
-3.821411436029E0));
#1409=CARTESIAN_POINT('',(2.682371722091E0,-5.391400218131E-1,
-3.873994290988E0));
#1410=CARTESIAN_POINT('',(2.623447588790E0,-5.798403423332E-1,
-3.927614983064E0));
#1411=CARTESIAN_POINT('',(2.5936E0,-6.003877133599E-1,-3.954685144692E0));
#1413=CARTESIAN_POINT('',(2.5936E0,-8.975903215998E-1,-3.897990715044E0));
#1414=CARTESIAN_POINT('',(2.623440446047E0,-9.067274057931E-1,
-3.865265356814E0));
#1415=CARTESIAN_POINT('',(2.682357490738E0,-9.248283135680E-1,
-3.800435190135E0));
#1416=CARTESIAN_POINT('',(2.739744656303E0,-9.425832193498E-1,
-3.736844263342E0));
#1417=CARTESIAN_POINT('',(2.768055276131E0,-9.513742857231E-1,
-3.705358201684E0));
#1419=CARTESIAN_POINT('',(2.768055276131E0,-9.513742857231E-1,
-3.705358201684E0));
#1420=CARTESIAN_POINT('',(2.739751742380E0,-9.742407569444E-1,
-3.728708673291E0));
#1421=CARTESIAN_POINT('',(2.682371722091E0,-1.020428973007E0,
-3.775874526619E0));
#1422=CARTESIAN_POINT('',(2.623447588790E0,-1.067528814067E0,
-3.823971300745E0));
#1423=CARTESIAN_POINT('',(2.5936E0,-1.091306953826E0,-3.848252737611E0));
#1425=CARTESIAN_POINT('',(2.5936E0,-1.379060334537E0,-3.754755996560E0));
#1426=CARTESIAN_POINT('',(2.623440446047E0,-1.384023795126E0,
-3.721143507248E0));
#1427=CARTESIAN_POINT('',(2.682357490738E0,-1.393856597414E0,
-3.654555900495E0));
#1428=CARTESIAN_POINT('',(2.739744656303E0,-1.403501443980E0,
-3.589241127400E0));
#1429=CARTESIAN_POINT('',(2.768055276131E0,-1.408276940249E0,
-3.556901529967E0));
#1431=CARTESIAN_POINT('',(2.768055276131E0,-1.408276940249E0,
-3.556901529967E0));
#1432=CARTESIAN_POINT('',(2.739751742380E0,-1.433889692627E0,
-3.577201947353E0));
#1433=CARTESIAN_POINT('',(2.682371722091E0,-1.485625149722E0,
-3.618206965368E0));
#1434=CARTESIAN_POINT('',(2.623447588790E0,-1.538381718692E0,
-3.660021306683E0));
#1435=CARTESIAN_POINT('',(2.5936E0,-1.565015631715E0,-3.681131086023E0));
#1437=CARTESIAN_POINT('',(2.5936E0,-1.838781742188E0,-3.552306533029E0));
#1438=CARTESIAN_POINT('',(2.623440446047E0,-1.839493302433E0,
-3.518337001668E0));
#1439=CARTESIAN_POINT('',(2.682357490738E0,-1.840902930069E0,
-3.451042081178E0));
#1440=CARTESIAN_POINT('',(2.739744656303E0,-1.842285612428E0,
-3.385033514770E0));
#1441=CARTESIAN_POINT('',(2.768055276131E0,-1.842970226164E0,
-3.352350396333E0));
#1443=CARTESIAN_POINT('',(2.768055276131E0,-1.842970226164E0,
-3.352350396333E0));
#1444=CARTESIAN_POINT('',(2.739751742380E0,-1.870925331293E0,
-3.369280609788E0));
#1445=CARTESIAN_POINT('',(2.682371722091E0,-1.927392130356E0,
-3.403478118861E0));
#1446=CARTESIAN_POINT('',(2.623447588790E0,-1.984973424629E0,
-3.438350590225E0));
#1447=CARTESIAN_POINT('',(2.5936E0,-2.014043078197E0,-3.455955798208E0));
#1449=CARTESIAN_POINT('',(2.5936E0,-2.269504463329E0,-3.293835073426E0));
#1450=CARTESIAN_POINT('',(2.623440446047E0,-2.265952901502E0,
-3.260044219820E0));
#1451=CARTESIAN_POINT('',(2.682357490738E0,-2.258917123815E0,
-3.193103266688E0));
#1452=CARTESIAN_POINT('',(2.739744656303E0,-2.252015836239E0,
-3.127441901491E0));
#1453=CARTESIAN_POINT('',(2.768055276131E0,-2.248598770675E0,
-3.094930694351E0));
#1455=CARTESIAN_POINT('',(2.768055276131E0,-2.248598770675E0,
-3.094930694351E0));
#1456=CARTESIAN_POINT('',(2.739751742380E0,-2.278455359848E0,
-3.108223704296E0));
#1457=CARTESIAN_POINT('',(2.682371722091E0,-2.338762985726E0,
-3.135074389280E0));
#1458=CARTESIAN_POINT('',(2.623447588790E0,-2.400260913893E0,
-3.162455030988E0));
#1459=CARTESIAN_POINT('',(2.5936E0,-2.431307862204E0,-3.176278022967E0));
#1461=CARTESIAN_POINT('',(2.5936E0,-2.664435743348E0,-2.983417867073E0));
#1462=CARTESIAN_POINT('',(2.623440446047E0,-2.656677069699E0,
-2.950338593169E0));
#1463=CARTESIAN_POINT('',(2.682357490738E0,-2.641306845106E0,
-2.884807306215E0));
#1464=CARTESIAN_POINT('',(2.739744656303E0,-2.626230425024E0,
-2.820528661182E0));
#1465=CARTESIAN_POINT('',(2.768055276131E0,-2.618765569325E0,
-2.788702086498E0));
#1467=CARTESIAN_POINT('',(2.768055276131E0,-2.618765569325E0,
-2.788702086498E0));
#1468=CARTESIAN_POINT('',(2.739751742380E0,-2.650052786294E0,
-2.798148254225E0));
#1469=CARTESIAN_POINT('',(2.682371722091E0,-2.713250151702E0,
-2.817228663778E0));
#1470=CARTESIAN_POINT('',(2.623447588790E0,-2.777694854699E0,
-2.836685666753E0));
#1471=CARTESIAN_POINT('',(2.5936E0,-2.810229468832E0,-2.846508445887E0));
#1473=CARTESIAN_POINT('',(2.5936E0,-3.017347280037E0,-2.625950378750E0));
#1474=CARTESIAN_POINT('',(2.623440446047E0,-3.005503853485E0,
-2.594104364457E0));
#1475=CARTESIAN_POINT('',(2.682357490738E0,-2.982041579610E0,
-2.531016211222E0));
#1476=CARTESIAN_POINT('',(2.739744656303E0,-2.959027791173E0,
-2.469133998984E0));
#1477=CARTESIAN_POINT('',(2.768055276131E0,-2.947632870572E0,
-2.438493980851E0));
#1479=CARTESIAN_POINT('',(2.768055276131E0,-2.947632870572E0,
-2.438493980851E0));
#1480=CARTESIAN_POINT('',(2.739751742380E0,-2.979857297236E0,
-2.443944334652E0));
#1481=CARTESIAN_POINT('',(2.682371722091E0,-3.044947741969E0,
-2.454953559317E0));
#1482=CARTESIAN_POINT('',(2.623447588790E0,-3.111322888333E0,
-2.466180074999E0));
#1483=CARTESIAN_POINT('',(2.5936E0,-3.144832077987E0,-2.471847730194E0));
#1485=CARTESIAN_POINT('',(2.5936E0,-3.322673447644E0,-2.227070084286E0));
#1486=CARTESIAN_POINT('',(2.623440446047E0,-3.306932046100E0,
-2.196959560275E0));
#1487=CARTESIAN_POINT('',(2.682357490738E0,-3.275747737019E0,
-2.137309478623E0));
#1488=CARTESIAN_POINT('',(2.739744656303E0,-3.245159521417E0,
-2.078799618633E0));
#1489=CARTESIAN_POINT('',(2.768055276131E0,-3.230014240619E0,
-2.049829368439E0));
#1491=CARTESIAN_POINT('',(2.768055276131E0,-3.230014240619E0,
-2.049829368439E0));
#1492=CARTESIAN_POINT('',(2.739751742380E0,-3.262667678521E0,
-2.051197952979E0));
#1493=CARTESIAN_POINT('',(2.682371722091E0,-3.328624687381E0,
-2.053962370708E0));
#1494=CARTESIAN_POINT('',(2.623447588790E0,-3.395883501402E0,
-2.056781350238E0));
#1495=CARTESIAN_POINT('',(2.5936E0,-3.429838806640E0,-2.058204499186E0));
#1497=CARTESIAN_POINT('',(2.5936E0,-3.575599070113E0,-1.793067564207E0));
#1498=CARTESIAN_POINT('',(2.623440446047E0,-3.556207944883E0,
-1.765167391427E0));
#1499=CARTESIAN_POINT('',(2.682357490738E0,-3.517793395777E0,
-1.709896098779E0));
#1500=CARTESIAN_POINT('',(2.739744656303E0,-3.480113147444E0,
-1.655681326482E0));
#1501=CARTESIAN_POINT('',(2.768055276131E0,-3.461456356575E0,
-1.628837722379E0));
#1503=CARTESIAN_POINT('',(2.768055276131E0,-3.461456356575E0,
-1.628837722379E0));
#1504=CARTESIAN_POINT('',(2.739751742380E0,-3.494023841491E0,
-1.626102954262E0));
#1505=CARTESIAN_POINT('',(2.682371722091E0,-3.559807233049E0,
-1.620578968534E0));
#1506=CARTESIAN_POINT('',(2.623447588790E0,-3.626889003053E0,
-1.614945954922E0));
#1507=CARTESIAN_POINT('',(2.5936E0,-3.660754928426E0,-1.612102153713E0));
#1509=CARTESIAN_POINT('',(2.5936E0,-3.772135359286E0,-1.330787297513E0));
#1510=CARTESIAN_POINT('',(2.623440446047E0,-3.74940032E0,-1.305537478356E0));
#1511=CARTESIAN_POINT('',(2.682357490738E0,-3.704361351257E0,
-1.255516636015E0));
#1512=CARTESIAN_POINT('',(2.739744656303E0,-3.660183310217E0,
-1.206451950756E0));
#1513=CARTESIAN_POINT('',(2.768055276131E0,-3.638309238014E0,
-1.182158332417E0));
#1515=CARTESIAN_POINT('',(2.768055276131E0,-3.638309238014E0,
-1.182158332417E0));
#1516=CARTESIAN_POINT('',(2.739751742380E0,-3.670277161253E0,
-1.175363340570E0));
#1517=CARTESIAN_POINT('',(2.682371722091E0,-3.734849492126E0,
-1.161638067940E0));
#1518=CARTESIAN_POINT('',(2.623447588790E0,-3.800696298526E0,
-1.147641897175E0));
#1519=CARTESIAN_POINT('',(2.5936E0,-3.833938758161E0,-1.140575994254E0));
#1521=CARTESIAN_POINT('',(2.5936E0,-3.909182820480E0,-8.475197201635E-1));
#1522=CARTESIAN_POINT('',(2.623440446047E0,-3.883462412287E0,
-8.253184593615E-1));
#1523=CARTESIAN_POINT('',(2.682357490738E0,-3.832509315349E0,
-7.813369258919E-1));
#1524=CARTESIAN_POINT('',(2.739744656303E0,-3.782530195700E0,
-7.381961070665E-1));
#1525=CARTESIAN_POINT('',(2.768055276131E0,-3.757783809349E0,
-7.168355993650E-1));
#1527=CARTESIAN_POINT('',(2.768055276131E0,-3.757783809349E0,
-7.168355993650E-1));
#1528=CARTESIAN_POINT('',(2.739751742380E0,-3.788648017664E0,
-7.060875448682E-1));
#1529=CARTESIAN_POINT('',(2.682371722091E0,-3.850990943622E0,
-6.843774410858E-1));
#1530=CARTESIAN_POINT('',(2.623447588790E0,-3.914564342946E0,
-6.622388411416E-1));
#1531=CARTESIAN_POINT('',(2.5936E0,-3.946659083397E0,-6.510622700174E-1));
#1533=CARTESIAN_POINT('',(2.5936E0,-3.984580133362E0,-3.508862505434E-1));
#1534=CARTESIAN_POINT('',(2.623440446047E0,-3.956279982464E0,
-3.320836752415E-1));
#1535=CARTESIAN_POINT('',(2.682357490738E0,-3.900216318107E0,
-2.948350656992E-1));
#1536=CARTESIAN_POINT('',(2.739744656303E0,-3.845224320423E0,
-2.582984697921E-1));
#1537=CARTESIAN_POINT('',(2.768055276131E0,-3.817995885219E0,
-2.402079406944E-1));
#1539=CARTESIAN_POINT('',(2.768055276131E0,-3.817995885219E0,
-2.402079406944E-1));
#1540=CARTESIAN_POINT('',(2.739751742380E0,-3.847269631608E0,
-2.256763267879E-1));
#1541=CARTESIAN_POINT('',(2.682371722091E0,-3.906399967466E0,
-1.963237731582E-1));
#1542=CARTESIAN_POINT('',(2.623447588790E0,-3.966697369231E0,
-1.663918829810E-1));
#1543=CARTESIAN_POINT('',(2.5936E0,-3.997138237267E0,-1.512809048574E-1));
#1545=DIRECTION('',(7.071067811865E-1,-7.071067811865E-1,1.148548262330E-11));
#1546=VECTOR('',#1545,5.747363917477E-1);
#1547=CARTESIAN_POINT('',(2.593600000005E0,3.999999999995E0,
-6.497170118499E-11));
#1548=LINE('',#1547,#1546);
#1549=CARTESIAN_POINT('',(2.5936E0,3.997138237267E0,-1.512809048570E-1));
#1550=CARTESIAN_POINT('',(2.623440446047E0,3.966704653951E0,
-1.663882668143E-1));
#1551=CARTESIAN_POINT('',(2.682357490738E0,3.906414579653E0,
-1.963165196054E-1));
#1552=CARTESIAN_POINT('',(2.739744656303E0,3.847276960588E0,
-2.256726886510E-1));
#1553=CARTESIAN_POINT('',(2.768055276131E0,3.817995885219E0,
-2.402079406944E-1));
#1555=CARTESIAN_POINT('',(2.768055276131E0,3.817995885219E0,
-2.402079406944E-1));
#1556=CARTESIAN_POINT('',(2.739751742380E0,3.845217505215E0,
-2.582939417783E-1));
#1557=CARTESIAN_POINT('',(2.682371722091E0,3.900202730253E0,
-2.948260379502E-1));
#1558=CARTESIAN_POINT('',(2.623447588790E0,3.956273208412E0,
-3.320791745718E-1));
#1559=CARTESIAN_POINT('',(2.5936E0,3.984580133362E0,-3.508862505431E-1));
#1561=CARTESIAN_POINT('',(2.5936E0,3.946659083397E0,-6.510622700171E-1));
#1562=CARTESIAN_POINT('',(2.623440446047E0,3.914572023450E0,
-6.622361665069E-1));
#1563=CARTESIAN_POINT('',(2.682357490738E0,3.851006349699E0,
-6.843720761221E-1));
#1564=CARTESIAN_POINT('',(2.739744656303E0,3.788655744832E0,
-7.060848539837E-1));
#1565=CARTESIAN_POINT('',(2.768055276131E0,3.757783809349E0,
-7.168355993650E-1));
#1567=CARTESIAN_POINT('',(2.768055276131E0,3.757783809349E0,
-7.168355993650E-1));
#1568=CARTESIAN_POINT('',(2.739751742380E0,3.782524001742E0,
-7.381907605853E-1));
#1569=CARTESIAN_POINT('',(2.682371722091E0,3.832496966115E0,
-7.813262663196E-1));
#1570=CARTESIAN_POINT('',(2.623447588790E0,3.883456255734E0,
-8.253131451672E-1));
#1571=CARTESIAN_POINT('',(2.5936E0,3.909182820480E0,-8.475197201632E-1));
#1573=CARTESIAN_POINT('',(2.5936E0,3.833938758162E0,-1.140575994253E0));
#1574=CARTESIAN_POINT('',(2.623440446047E0,3.800704253687E0,-1.147640206253E0));
#1575=CARTESIAN_POINT('',(2.682357490738E0,3.734865449130E0,-1.161634676174E0));
#1576=CARTESIAN_POINT('',(2.739744656303E0,3.670285164747E0,-1.175361639374E0));
#1577=CARTESIAN_POINT('',(2.768055276131E0,3.638309238014E0,-1.182158332417E0));
#1579=CARTESIAN_POINT('',(2.768055276131E0,3.638309238014E0,-1.182158332417E0));
#1580=CARTESIAN_POINT('',(2.739751742380E0,3.660177835192E0,-1.206445870124E0));
#1581=CARTESIAN_POINT('',(2.682371722091E0,3.704350435400E0,-1.255504512727E0));
#1582=CARTESIAN_POINT('',(2.623447588790E0,3.749394878038E0,-1.305531434445E0));
#1583=CARTESIAN_POINT('',(2.5936E0,3.772135359286E0,-1.330787297513E0));
#1585=CARTESIAN_POINT('',(2.5936E0,3.660754928426E0,-1.612102153713E0));
#1586=CARTESIAN_POINT('',(2.623440446047E0,3.626897107414E0,-1.614945274379E0));
#1587=CARTESIAN_POINT('',(2.682357490738E0,3.559823489328E0,-1.620577603456E0));
#1588=CARTESIAN_POINT('',(2.739744656303E0,3.494031995091E0,-1.626102269585E0));
#1589=CARTESIAN_POINT('',(2.768055276131E0,3.461456356575E0,-1.628837722379E0));
#1591=CARTESIAN_POINT('',(2.768055276131E0,3.461456356575E0,-1.628837722379E0));
#1592=CARTESIAN_POINT('',(2.739751742380E0,3.480108477696E0,-1.655674607595E0));
#1593=CARTESIAN_POINT('',(2.682371722091E0,3.517784085446E0,-1.709882702968E0));
#1594=CARTESIAN_POINT('',(2.623447588790E0,3.556203303336E0,-1.765160713115E0));
#1595=CARTESIAN_POINT('',(2.5936E0,3.575599070113E0,-1.793067564206E0));
#1597=CARTESIAN_POINT('',(2.5936E0,3.429838806640E0,-2.058204499185E0));
#1598=CARTESIAN_POINT('',(2.623440446047E0,3.395891627153E0,-2.056781690807E0));
#1599=CARTESIAN_POINT('',(2.682357490738E0,3.328640986564E0,-2.053963053846E0));
#1600=CARTESIAN_POINT('',(2.739744656303E0,3.262675853640E0,-2.051198295618E0));
#1601=CARTESIAN_POINT('',(2.768055276131E0,3.230014240619E0,-2.049829368439E0));
#1603=CARTESIAN_POINT('',(2.768055276131E0,3.230014240619E0,-2.049829368439E0));
#1604=CARTESIAN_POINT('',(2.739751742380E0,3.245155730591E0,-2.078792367453E0));
#1605=CARTESIAN_POINT('',(2.682371722091E0,3.275740179043E0,-2.137295021547E0));
#1606=CARTESIAN_POINT('',(2.623447588790E0,3.306928278167E0,-2.196952352883E0));
#1607=CARTESIAN_POINT('',(2.5936E0,3.322673447644E0,-2.227070084286E0));
#1609=CARTESIAN_POINT('',(2.5936E0,3.144832077987E0,-2.471847730194E0));
#1610=CARTESIAN_POINT('',(2.623440446047E0,3.111330907324E0,-2.466181431309E0));
#1611=CARTESIAN_POINT('',(2.682357490738E0,3.044963827008E0,-2.454956279898E0));
#1612=CARTESIAN_POINT('',(2.739744656303E0,2.979865364948E0,-2.443945699203E0));
#1613=CARTESIAN_POINT('',(2.768055276131E0,2.947632870572E0,-2.438493980851E0));
#1615=CARTESIAN_POINT('',(2.768055276131E0,2.947632870572E0,-2.438493980851E0));
#1616=CARTESIAN_POINT('',(2.739751742380E0,2.959024939053E0,-2.469126329865E0));
#1617=CARTESIAN_POINT('',(2.682371722091E0,2.982035893183E0,-2.531000920879E0));
#1618=CARTESIAN_POINT('',(2.623447588790E0,3.005501018589E0,-2.594096741651E0));
#1619=CARTESIAN_POINT('',(2.5936E0,3.017347280037E0,-2.625950378749E0));
#1621=CARTESIAN_POINT('',(2.5936E0,2.810229468832E0,-2.846508445887E0));
#1622=CARTESIAN_POINT('',(2.623440446047E0,2.777702640468E0,-2.836688017414E0));
#1623=CARTESIAN_POINT('',(2.682357490738E0,2.713265768927E0,-2.817233378896E0));
#1624=CARTESIAN_POINT('',(2.739744656303E0,2.650060619366E0,-2.798150619169E0));
#1625=CARTESIAN_POINT('',(2.768055276131E0,2.618765569325E0,-2.788702086498E0));
#1627=CARTESIAN_POINT('',(2.768055276131E0,2.618765569325E0,-2.788702086498E0));
#1628=CARTESIAN_POINT('',(2.739751742380E0,2.626228556590E0,-2.820520695070E0));
#1629=CARTESIAN_POINT('',(2.682371722091E0,2.641303119906E0,-2.884791423742E0));
#1630=CARTESIAN_POINT('',(2.623447588790E0,2.656675212548E0,-2.950330675165E0));
#1631=CARTESIAN_POINT('',(2.5936E0,2.664435743348E0,-2.983417867073E0));
#1633=CARTESIAN_POINT('',(2.5936E0,2.431307862205E0,-3.176278022967E0));
#1634=CARTESIAN_POINT('',(2.623440446047E0,2.400268343653E0,-3.162458338929E0));
#1635=CARTESIAN_POINT('',(2.682357490738E0,2.338777888843E0,-3.135081024575E0));
#1636=CARTESIAN_POINT('',(2.739744656303E0,2.278462834748E0,-3.108227032336E0));
#1637=CARTESIAN_POINT('',(2.768055276131E0,2.248598770675E0,-3.094930694351E0));
#1639=CARTESIAN_POINT('',(2.768055276131E0,2.248598770675E0,-3.094930694351E0));
#1640=CARTESIAN_POINT('',(2.739751742380E0,2.252014980957E0,-3.127433764017E0));
#1641=CARTESIAN_POINT('',(2.682371722091E0,2.258915418591E0,-3.193087042562E0));
#1642=CARTESIAN_POINT('',(2.623447588790E0,2.265952051384E0,-3.260036131489E0));
#1643=CARTESIAN_POINT('',(2.5936E0,2.269504463329E0,-3.293835073426E0));
#1645=CARTESIAN_POINT('',(2.5936E0,2.014043078197E0,-3.455955798208E0));
#1646=CARTESIAN_POINT('',(2.623440446047E0,1.984980381207E0,-3.438354803279E0));
#1647=CARTESIAN_POINT('',(2.682357490738E0,1.927406084334E0,-3.403486569691E0));
#1648=CARTESIAN_POINT('',(2.739744656303E0,1.870932330137E0,-3.369284848439E0));
#1649=CARTESIAN_POINT('',(2.768055276131E0,1.842970226164E0,-3.352350396333E0));
#1651=CARTESIAN_POINT('',(2.768055276131E0,1.842970226164E0,-3.352350396333E0));
#1652=CARTESIAN_POINT('',(2.739751742380E0,1.842285783785E0,-3.385025334268E0));
#1653=CARTESIAN_POINT('',(2.682371722091E0,1.840903271713E0,-3.451025771263E0));
#1654=CARTESIAN_POINT('',(2.623447588790E0,1.839493472756E0,-3.518328870568E0));
#1655=CARTESIAN_POINT('',(2.5936E0,1.838781742188E0,-3.552306533028E0));
#1657=CARTESIAN_POINT('',(2.5936E0,1.565015631715E0,-3.681131086023E0));
#1658=CARTESIAN_POINT('',(2.623440446047E0,1.538388092380E0,-3.660026358406E0));
#1659=CARTESIAN_POINT('',(2.682357490738E0,1.485637934499E0,-3.618217098458E0));
#1660=CARTESIAN_POINT('',(2.739744656303E0,1.433896105040E0,-3.577207029768E0));
#1661=CARTESIAN_POINT('',(2.768055276131E0,1.408276940249E0,-3.556901529967E0));
#1663=CARTESIAN_POINT('',(2.768055276131E0,1.408276940249E0,-3.556901529967E0));
#1664=CARTESIAN_POINT('',(2.739751742380E0,1.403502639275E0,-3.589233032880E0));
#1665=CARTESIAN_POINT('',(2.682371722091E0,1.393858980539E0,-3.654539762008E0));
#1666=CARTESIAN_POINT('',(2.623447588790E0,1.384024983202E0,-3.721135461610E0));
#1667=CARTESIAN_POINT('',(2.5936E0,1.379060334537E0,-3.754755996560E0));
#1669=CARTESIAN_POINT('',(2.5936E0,1.091306953826E0,-3.848252737611E0));
#1670=CARTESIAN_POINT('',(2.623440446047E0,1.067534504348E0,-3.823977111468E0));
#1671=CARTESIAN_POINT('',(2.682357490738E0,1.020440386960E0,-3.775886182164E0));
#1672=CARTESIAN_POINT('',(2.739744656303E0,9.742464817974E-1,
-3.728714519319E0));
#1673=CARTESIAN_POINT('',(2.768055276131E0,9.513742857231E-1,
-3.705358201684E0));
#1675=CARTESIAN_POINT('',(2.768055276131E0,9.513742857231E-1,
-3.705358201684E0));
#1676=CARTESIAN_POINT('',(2.739751742380E0,9.425854197316E-1,
-3.736836382460E0));
#1677=CARTESIAN_POINT('',(2.682371722091E0,9.248327005897E-1,
-3.800419477590E0));
#1678=CARTESIAN_POINT('',(2.623447588790E0,9.067295928872E-1,
-3.865257523525E0));
#1679=CARTESIAN_POINT('',(2.5936E0,8.975903216002E-1,-3.897990715044E0));
#1681=CARTESIAN_POINT('',(2.5936E0,6.003877133603E-1,-3.954685144692E0));
#1682=CARTESIAN_POINT('',(2.623440446047E0,5.798452594680E-1,
-3.927621461149E0));
#1683=CARTESIAN_POINT('',(2.682357490738E0,5.391498849364E-1,
-3.874007285172E0));
#1684=CARTESIAN_POINT('',(2.739744656303E0,4.992324095508E-1,
-3.821417953473E0));
#1685=CARTESIAN_POINT('',(2.768055276131E0,4.794678903874E-1,
-3.795379161086E0));
#1687=CARTESIAN_POINT('',(2.768055276131E0,4.794678903874E-1,
-3.795379161086E0));
#1688=CARTESIAN_POINT('',(2.739751742380E0,4.668030650459E-1,
-3.825507590011E0));
#1689=CARTESIAN_POINT('',(2.682371722091E0,4.412212564843E-1,
-3.886364307750E0));
#1690=CARTESIAN_POINT('',(2.623447588790E0,4.151345352381E-1,
-3.948422165300E0));
#1691=CARTESIAN_POINT('',(2.5936E0,4.019647730970E-1,-3.979751791405E0));
#1693=CARTESIAN_POINT('',(2.5936E0,1.000000000004E-1,-3.998749804626E0));
#1694=CARTESIAN_POINT('',(2.623440446047E0,8.301150846333E-2,
-3.969324874140E0));
#1695=CARTESIAN_POINT('',(2.682357490738E0,4.935666715507E-2,
-3.911032979074E0));
#1696=CARTESIAN_POINT('',(2.739744656303E0,1.634514397852E-2,
-3.853855343697E0));
#1697=CARTESIAN_POINT('',(2.768055276131E0,0.E0,-3.825544723869E0));
#1699=CARTESIAN_POINT('',(2.768055276131E0,0.E0,-3.825544723869E0));
#1700=CARTESIAN_POINT('',(2.739751742380E0,-1.634105283020E-2,
-3.853848257620E0));
#1701=CARTESIAN_POINT('',(2.682371722091E0,-4.934851040867E-2,
-3.911018851175E0));
#1702=CARTESIAN_POINT('',(2.623447588790E0,-8.300744202098E-2,
-3.969317830856E0));
#1703=CARTESIAN_POINT('',(2.5936E0,-1.E-1,-3.998749804626E0));
#1705=CARTESIAN_POINT('',(2.5936E0,-4.019647730966E-1,-3.979751791405E0));
#1706=CARTESIAN_POINT('',(2.623440446047E0,-4.151313836185E-1,
-3.948429662707E0));
#1707=CARTESIAN_POINT('',(2.682357490738E0,-4.412149347515E-1,
-3.886379346557E0));
#1708=CARTESIAN_POINT('',(2.739744656303E0,-4.667998942784E-1,
-3.825515132969E0));
#1709=CARTESIAN_POINT('',(2.768055276131E0,-4.794678903874E-1,
-3.795379161086E0));
#1711=DIRECTION('',(1.E0,0.E0,0.E0));
#1712=VECTOR('',#1711,2.536110552262E0);
#1713=CARTESIAN_POINT('',(2.319447238689E-1,-4.794678903874E-1,
-3.795379161086E0));
#1714=LINE('',#1713,#1712);
#1715=CARTESIAN_POINT('',(4.064E-1,-6.003877133599E-1,-3.954685144692E0));
#1716=CARTESIAN_POINT('',(3.765595539535E-1,-5.798452594677E-1,
-3.927621461149E0));
#1717=CARTESIAN_POINT('',(3.176425092616E-1,-5.391498849362E-1,
-3.874007285172E0));
#1718=CARTESIAN_POINT('',(2.602553436967E-1,-4.992324095507E-1,
-3.821417953473E0));
#1719=CARTESIAN_POINT('',(2.319447238689E-1,-4.794678903874E-1,
-3.795379161086E0));
#1721=CARTESIAN_POINT('',(2.319447238689E-1,-4.794678903874E-1,
-3.795379161086E0));
#1722=CARTESIAN_POINT('',(2.602482576201E-1,-4.668030650458E-1,
-3.825507590011E0));
#1723=CARTESIAN_POINT('',(3.176282779094E-1,-4.412212564841E-1,
-3.886364307750E0));
#1724=CARTESIAN_POINT('',(3.765524112096E-1,-4.151345352378E-1,
-3.948422165300E0));
#1725=CARTESIAN_POINT('',(4.064E-1,-4.019647730966E-1,-3.979751791405E0));
#1727=CARTESIAN_POINT('',(4.064E-1,-1.E-1,-3.998749804626E0));
#1728=CARTESIAN_POINT('',(3.765595539535E-1,-8.301150846303E-2,
-3.969324874140E0));
#1729=CARTESIAN_POINT('',(3.176425092616E-1,-4.935666715489E-2,
-3.911032979074E0));
#1730=CARTESIAN_POINT('',(2.602553436967E-1,-1.634514397846E-2,
-3.853855343697E0));
#1731=CARTESIAN_POINT('',(2.319447238689E-1,0.E0,-3.825544723869E0));
#1733=CARTESIAN_POINT('',(2.319447238689E-1,0.E0,-3.825544723869E0));
#1734=CARTESIAN_POINT('',(2.602482576201E-1,1.634105283026E-2,
-3.853848257620E0));
#1735=CARTESIAN_POINT('',(3.176282779094E-1,4.934851040886E-2,
-3.911018851175E0));
#1736=CARTESIAN_POINT('',(3.765524112096E-1,8.300744202129E-2,
-3.969317830856E0));
#1737=CARTESIAN_POINT('',(4.064E-1,1.000000000004E-1,-3.998749804626E0));
#1739=CARTESIAN_POINT('',(4.064E-1,4.019647730970E-1,-3.979751791405E0));
#1740=CARTESIAN_POINT('',(3.765595539535E-1,4.151313836188E-1,
-3.948429662707E0));
#1741=CARTESIAN_POINT('',(3.176425092616E-1,4.412149347517E-1,
-3.886379346557E0));
#1742=CARTESIAN_POINT('',(2.602553436967E-1,4.667998942784E-1,
-3.825515132969E0));
#1743=CARTESIAN_POINT('',(2.319447238689E-1,4.794678903874E-1,
-3.795379161086E0));
#1745=CARTESIAN_POINT('',(2.319447238689E-1,4.794678903874E-1,
-3.795379161086E0));
#1746=CARTESIAN_POINT('',(2.602482576201E-1,4.992274625415E-1,
-3.821411436029E0));
#1747=CARTESIAN_POINT('',(3.176282779094E-1,5.391400218133E-1,
-3.873994290988E0));
#1748=CARTESIAN_POINT('',(3.765524112096E-1,5.798403423335E-1,
-3.927614983064E0));
#1749=CARTESIAN_POINT('',(4.064E-1,6.003877133603E-1,-3.954685144692E0));
#1751=CARTESIAN_POINT('',(4.064E-1,8.975903216002E-1,-3.897990715044E0));
#1752=CARTESIAN_POINT('',(3.765595539535E-1,9.067274057934E-1,
-3.865265356814E0));
#1753=CARTESIAN_POINT('',(3.176425092616E-1,9.248283135682E-1,
-3.800435190135E0));
#1754=CARTESIAN_POINT('',(2.602553436967E-1,9.425832193499E-1,
-3.736844263342E0));
#1755=CARTESIAN_POINT('',(2.319447238689E-1,9.513742857231E-1,
-3.705358201684E0));
#1757=CARTESIAN_POINT('',(2.319447238689E-1,9.513742857231E-1,
-3.705358201684E0));
#1758=CARTESIAN_POINT('',(2.602482576201E-1,9.742407569445E-1,
-3.728708673291E0));
#1759=CARTESIAN_POINT('',(3.176282779094E-1,1.020428973007E0,
-3.775874526619E0));
#1760=CARTESIAN_POINT('',(3.765524112096E-1,1.067528814067E0,
-3.823971300745E0));
#1761=CARTESIAN_POINT('',(4.064E-1,1.091306953826E0,-3.848252737611E0));
#1763=CARTESIAN_POINT('',(4.064E-1,1.379060334537E0,-3.754755996560E0));
#1764=CARTESIAN_POINT('',(3.765595539535E-1,1.384023795126E0,
-3.721143507248E0));
#1765=CARTESIAN_POINT('',(3.176425092616E-1,1.393856597414E0,
-3.654555900495E0));
#1766=CARTESIAN_POINT('',(2.602553436967E-1,1.403501443980E0,
-3.589241127400E0));
#1767=CARTESIAN_POINT('',(2.319447238689E-1,1.408276940249E0,
-3.556901529967E0));
#1769=CARTESIAN_POINT('',(2.319447238689E-1,1.408276940249E0,
-3.556901529967E0));
#1770=CARTESIAN_POINT('',(2.602482576201E-1,1.433889692627E0,
-3.577201947353E0));
#1771=CARTESIAN_POINT('',(3.176282779094E-1,1.485625149722E0,
-3.618206965368E0));
#1772=CARTESIAN_POINT('',(3.765524112096E-1,1.538381718692E0,
-3.660021306683E0));
#1773=CARTESIAN_POINT('',(4.064E-1,1.565015631715E0,-3.681131086023E0));
#1775=CARTESIAN_POINT('',(4.064E-1,1.838781742188E0,-3.552306533028E0));
#1776=CARTESIAN_POINT('',(3.765595539535E-1,1.839493302434E0,
-3.518337001668E0));
#1777=CARTESIAN_POINT('',(3.176425092616E-1,1.840902930069E0,
-3.451042081177E0));
#1778=CARTESIAN_POINT('',(2.602553436967E-1,1.842285612428E0,
-3.385033514770E0));
#1779=CARTESIAN_POINT('',(2.319447238689E-1,1.842970226164E0,
-3.352350396333E0));
#1781=CARTESIAN_POINT('',(2.319447238689E-1,1.842970226164E0,
-3.352350396333E0));
#1782=CARTESIAN_POINT('',(2.602482576201E-1,1.870925331293E0,
-3.369280609788E0));
#1783=CARTESIAN_POINT('',(3.176282779094E-1,1.927392130356E0,
-3.403478118861E0));
#1784=CARTESIAN_POINT('',(3.765524112096E-1,1.984973424629E0,
-3.438350590225E0));
#1785=CARTESIAN_POINT('',(4.064E-1,2.014043078197E0,-3.455955798208E0));
#1787=CARTESIAN_POINT('',(4.064E-1,2.269504463329E0,-3.293835073426E0));
#1788=CARTESIAN_POINT('',(3.765595539535E-1,2.265952901502E0,
-3.260044219820E0));
#1789=CARTESIAN_POINT('',(3.176425092616E-1,2.258917123815E0,
-3.193103266688E0));
#1790=CARTESIAN_POINT('',(2.602553436967E-1,2.252015836239E0,
-3.127441901491E0));
#1791=CARTESIAN_POINT('',(2.319447238689E-1,2.248598770675E0,
-3.094930694351E0));
#1793=CARTESIAN_POINT('',(2.319447238689E-1,2.248598770675E0,
-3.094930694351E0));
#1794=CARTESIAN_POINT('',(2.602482576201E-1,2.278455359848E0,
-3.108223704296E0));
#1795=CARTESIAN_POINT('',(3.176282779094E-1,2.338762985726E0,
-3.135074389280E0));
#1796=CARTESIAN_POINT('',(3.765524112096E-1,2.400260913894E0,
-3.162455030987E0));
#1797=CARTESIAN_POINT('',(4.064E-1,2.431307862205E0,-3.176278022967E0));
#1799=CARTESIAN_POINT('',(4.064E-1,2.664435743348E0,-2.983417867073E0));
#1800=CARTESIAN_POINT('',(3.765595539535E-1,2.656677069699E0,
-2.950338593169E0));
#1801=CARTESIAN_POINT('',(3.176425092616E-1,2.641306845107E0,
-2.884807306214E0));
#1802=CARTESIAN_POINT('',(2.602553436967E-1,2.626230425024E0,
-2.820528661182E0));
#1803=CARTESIAN_POINT('',(2.319447238689E-1,2.618765569325E0,
-2.788702086498E0));
#1805=CARTESIAN_POINT('',(2.319447238689E-1,2.618765569325E0,
-2.788702086498E0));
#1806=CARTESIAN_POINT('',(2.602482576201E-1,2.650052786294E0,
-2.798148254225E0));
#1807=CARTESIAN_POINT('',(3.176282779094E-1,2.713250151702E0,
-2.817228663778E0));
#1808=CARTESIAN_POINT('',(3.765524112096E-1,2.777694854700E0,
-2.836685666752E0));
#1809=CARTESIAN_POINT('',(4.064E-1,2.810229468832E0,-2.846508445887E0));
#1811=CARTESIAN_POINT('',(4.064E-1,3.017347280037E0,-2.625950378749E0));
#1812=CARTESIAN_POINT('',(3.765595539535E-1,3.005503853485E0,
-2.594104364457E0));
#1813=CARTESIAN_POINT('',(3.176425092616E-1,2.982041579611E0,
-2.531016211222E0));
#1814=CARTESIAN_POINT('',(2.602553436967E-1,2.959027791173E0,
-2.469133998984E0));
#1815=CARTESIAN_POINT('',(2.319447238689E-1,2.947632870572E0,
-2.438493980851E0));
#1817=CARTESIAN_POINT('',(2.319447238689E-1,2.947632870572E0,
-2.438493980851E0));
#1818=CARTESIAN_POINT('',(2.602482576201E-1,2.979857297236E0,
-2.443944334652E0));
#1819=CARTESIAN_POINT('',(3.176282779094E-1,3.044947741969E0,
-2.454953559317E0));
#1820=CARTESIAN_POINT('',(3.765524112096E-1,3.111322888333E0,
-2.466180074999E0));
#1821=CARTESIAN_POINT('',(4.064E-1,3.144832077987E0,-2.471847730194E0));
#1823=CARTESIAN_POINT('',(4.064E-1,3.322673447644E0,-2.227070084286E0));
#1824=CARTESIAN_POINT('',(3.765595539535E-1,3.306932046100E0,
-2.196959560274E0));
#1825=CARTESIAN_POINT('',(3.176425092616E-1,3.275747737019E0,
-2.137309478623E0));
#1826=CARTESIAN_POINT('',(2.602553436967E-1,3.245159521417E0,
-2.078799618633E0));
#1827=CARTESIAN_POINT('',(2.319447238689E-1,3.230014240619E0,
-2.049829368439E0));
#1829=CARTESIAN_POINT('',(2.319447238689E-1,3.230014240619E0,
-2.049829368439E0));
#1830=CARTESIAN_POINT('',(2.602482576201E-1,3.262667678521E0,
-2.051197952979E0));
#1831=CARTESIAN_POINT('',(3.176282779094E-1,3.328624687381E0,
-2.053962370707E0));
#1832=CARTESIAN_POINT('',(3.765524112096E-1,3.395883501403E0,
-2.056781350238E0));
#1833=CARTESIAN_POINT('',(4.064E-1,3.429838806640E0,-2.058204499185E0));
#1835=CARTESIAN_POINT('',(4.064E-1,3.575599070113E0,-1.793067564206E0));
#1836=CARTESIAN_POINT('',(3.765595539535E-1,3.556207944883E0,
-1.765167391426E0));
#1837=CARTESIAN_POINT('',(3.176425092616E-1,3.517793395777E0,
-1.709896098779E0));
#1838=CARTESIAN_POINT('',(2.602553436967E-1,3.480113147444E0,
-1.655681326482E0));
#1839=CARTESIAN_POINT('',(2.319447238689E-1,3.461456356575E0,
-1.628837722379E0));
#1841=CARTESIAN_POINT('',(2.319447238689E-1,3.461456356575E0,
-1.628837722379E0));
#1842=CARTESIAN_POINT('',(2.602482576201E-1,3.494023841491E0,
-1.626102954262E0));
#1843=CARTESIAN_POINT('',(3.176282779094E-1,3.559807233049E0,
-1.620578968534E0));
#1844=CARTESIAN_POINT('',(3.765524112096E-1,3.626889003053E0,
-1.614945954922E0));
#1845=CARTESIAN_POINT('',(4.064E-1,3.660754928426E0,-1.612102153713E0));
#1847=CARTESIAN_POINT('',(4.064E-1,3.772135359286E0,-1.330787297513E0));
#1848=CARTESIAN_POINT('',(3.765595539535E-1,3.74940032E0,-1.305537478356E0));
#1849=CARTESIAN_POINT('',(3.176425092616E-1,3.704361351257E0,
-1.255516636015E0));
#1850=CARTESIAN_POINT('',(2.602553436967E-1,3.660183310217E0,
-1.206451950755E0));
#1851=CARTESIAN_POINT('',(2.319447238689E-1,3.638309238014E0,
-1.182158332417E0));
#1853=CARTESIAN_POINT('',(2.319447238689E-1,3.638309238014E0,
-1.182158332417E0));
#1854=CARTESIAN_POINT('',(2.602482576201E-1,3.670277161253E0,
-1.175363340570E0));
#1855=CARTESIAN_POINT('',(3.176282779094E-1,3.734849492126E0,
-1.161638067940E0));
#1856=CARTESIAN_POINT('',(3.765524112096E-1,3.800696298526E0,
-1.147641897175E0));
#1857=CARTESIAN_POINT('',(4.064E-1,3.833938758162E0,-1.140575994253E0));
#1859=CARTESIAN_POINT('',(4.064E-1,3.909182820480E0,-8.475197201632E-1));
#1860=CARTESIAN_POINT('',(3.765595539535E-1,3.883462412287E0,
-8.253184593612E-1));
#1861=CARTESIAN_POINT('',(3.176425092616E-1,3.832509315349E0,
-7.813369258917E-1));
#1862=CARTESIAN_POINT('',(2.602553436967E-1,3.782530195700E0,
-7.381961070665E-1));
#1863=CARTESIAN_POINT('',(2.319447238689E-1,3.757783809349E0,
-7.168355993650E-1));
#1865=CARTESIAN_POINT('',(2.319447238689E-1,3.757783809349E0,
-7.168355993650E-1));
#1866=CARTESIAN_POINT('',(2.602482576201E-1,3.788648017664E0,
-7.060875448681E-1));
#1867=CARTESIAN_POINT('',(3.176282779094E-1,3.850990943622E0,
-6.843774410856E-1));
#1868=CARTESIAN_POINT('',(3.765524112096E-1,3.914564342946E0,
-6.622388411413E-1));
#1869=CARTESIAN_POINT('',(4.064E-1,3.946659083397E0,-6.510622700171E-1));
#1871=CARTESIAN_POINT('',(4.064E-1,3.984580133362E0,-3.508862505431E-1));
#1872=CARTESIAN_POINT('',(3.765595539535E-1,3.956279982464E0,
-3.320836752411E-1));
#1873=CARTESIAN_POINT('',(3.176425092616E-1,3.900216318107E0,
-2.948350656990E-1));
#1874=CARTESIAN_POINT('',(2.602553436967E-1,3.845224320423E0,
-2.582984697921E-1));
#1875=CARTESIAN_POINT('',(2.319447238689E-1,3.817995885219E0,
-2.402079406944E-1));
#1877=CARTESIAN_POINT('',(2.319447238689E-1,3.817995885219E0,
-2.402079406944E-1));
#1878=CARTESIAN_POINT('',(2.602482576201E-1,3.847269631608E0,
-2.256763267879E-1));
#1879=CARTESIAN_POINT('',(3.176282779094E-1,3.906399967466E0,
-1.963237731581E-1));
#1880=CARTESIAN_POINT('',(3.765524112096E-1,3.966697369231E0,
-1.663918829807E-1));
#1881=CARTESIAN_POINT('',(4.064E-1,3.997138237267E0,-1.512809048570E-1));
#1883=DIRECTION('',(7.071067811865E-1,7.071067811865E-1,4.994512862199E-11));
#1884=VECTOR('',#1883,5.747363917473E-1);
#1885=CARTESIAN_POINT('',(-6.771472271794E-12,3.593599999993E0,
2.538322659001E-10));
#1886=LINE('',#1885,#1884);
#1887=CARTESIAN_POINT('',(4.064E-1,-3.997138237267E0,-1.512809048574E-1));
#1888=CARTESIAN_POINT('',(3.765595539535E-1,-3.966704653951E0,
-1.663882668147E-1));
#1889=CARTESIAN_POINT('',(3.176425092616E-1,-3.906414579653E0,
-1.963165196056E-1));
#1890=CARTESIAN_POINT('',(2.602553436967E-1,-3.847276960588E0,
-2.256726886510E-1));
#1891=CARTESIAN_POINT('',(2.319447238689E-1,-3.817995885219E0,
-2.402079406944E-1));
#1893=CARTESIAN_POINT('',(2.319447238689E-1,-3.817995885219E0,
-2.402079406944E-1));
#1894=CARTESIAN_POINT('',(2.602482576201E-1,-3.845217505215E0,
-2.582939417784E-1));
#1895=CARTESIAN_POINT('',(3.176282779094E-1,-3.900202730253E0,
-2.948260379504E-1));
#1896=CARTESIAN_POINT('',(3.765524112096E-1,-3.956273208412E0,
-3.320791745721E-1));
#1897=CARTESIAN_POINT('',(4.064E-1,-3.984580133362E0,-3.508862505434E-1));
#1899=CARTESIAN_POINT('',(4.064E-1,-3.946659083397E0,-6.510622700174E-1));
#1900=CARTESIAN_POINT('',(3.765595539535E-1,-3.914572023450E0,
-6.622361665072E-1));
#1901=CARTESIAN_POINT('',(3.176425092616E-1,-3.851006349699E0,
-6.843720761223E-1));
#1902=CARTESIAN_POINT('',(2.602553436967E-1,-3.788655744832E0,
-7.060848539837E-1));
#1903=CARTESIAN_POINT('',(2.319447238689E-1,-3.757783809349E0,
-7.168355993650E-1));
#1905=CARTESIAN_POINT('',(2.319447238689E-1,-3.757783809349E0,
-7.168355993650E-1));
#1906=CARTESIAN_POINT('',(2.602482576201E-1,-3.782524001742E0,
-7.381907605854E-1));
#1907=CARTESIAN_POINT('',(3.176282779094E-1,-3.832496966115E0,
-7.813262663198E-1));
#1908=CARTESIAN_POINT('',(3.765524112096E-1,-3.883456255734E0,
-8.253131451675E-1));
#1909=CARTESIAN_POINT('',(4.064E-1,-3.909182820480E0,-8.475197201635E-1));
#1911=CARTESIAN_POINT('',(4.064E-1,-3.833938758161E0,-1.140575994254E0));
#1912=CARTESIAN_POINT('',(3.765595539535E-1,-3.800704253687E0,
-1.147640206253E0));
#1913=CARTESIAN_POINT('',(3.176425092616E-1,-3.734865449130E0,
-1.161634676174E0));
#1914=CARTESIAN_POINT('',(2.602553436967E-1,-3.670285164747E0,
-1.175361639374E0));
#1915=CARTESIAN_POINT('',(2.319447238689E-1,-3.638309238014E0,
-1.182158332417E0));
#1917=CARTESIAN_POINT('',(2.319447238689E-1,-3.638309238014E0,
-1.182158332417E0));
#1918=CARTESIAN_POINT('',(2.602482576201E-1,-3.660177835192E0,
-1.206445870124E0));
#1919=CARTESIAN_POINT('',(3.176282779094E-1,-3.704350435400E0,
-1.255504512728E0));
#1920=CARTESIAN_POINT('',(3.765524112096E-1,-3.749394878038E0,
-1.305531434445E0));
#1921=CARTESIAN_POINT('',(4.064E-1,-3.772135359286E0,-1.330787297513E0));
#1923=CARTESIAN_POINT('',(4.064E-1,-3.660754928426E0,-1.612102153713E0));
#1924=CARTESIAN_POINT('',(3.765595539535E-1,-3.626897107414E0,
-1.614945274380E0));
#1925=CARTESIAN_POINT('',(3.176425092616E-1,-3.559823489328E0,
-1.620577603456E0));
#1926=CARTESIAN_POINT('',(2.602553436967E-1,-3.494031995091E0,
-1.626102269585E0));
#1927=CARTESIAN_POINT('',(2.319447238689E-1,-3.461456356575E0,
-1.628837722379E0));
#1929=CARTESIAN_POINT('',(2.319447238689E-1,-3.461456356575E0,
-1.628837722379E0));
#1930=CARTESIAN_POINT('',(2.602482576201E-1,-3.480108477696E0,
-1.655674607595E0));
#1931=CARTESIAN_POINT('',(3.176282779094E-1,-3.517784085446E0,
-1.709882702968E0));
#1932=CARTESIAN_POINT('',(3.765524112096E-1,-3.556203303336E0,
-1.765160713115E0));
#1933=CARTESIAN_POINT('',(4.064E-1,-3.575599070113E0,-1.793067564207E0));
#1935=CARTESIAN_POINT('',(4.064E-1,-3.429838806640E0,-2.058204499186E0));
#1936=CARTESIAN_POINT('',(3.765595539535E-1,-3.395891627153E0,
-2.056781690808E0));
#1937=CARTESIAN_POINT('',(3.176425092616E-1,-3.328640986564E0,
-2.053963053846E0));
#1938=CARTESIAN_POINT('',(2.602553436967E-1,-3.262675853640E0,
-2.051198295618E0));
#1939=CARTESIAN_POINT('',(2.319447238689E-1,-3.230014240619E0,
-2.049829368439E0));
#1941=CARTESIAN_POINT('',(2.319447238689E-1,-3.230014240619E0,
-2.049829368439E0));
#1942=CARTESIAN_POINT('',(2.602482576201E-1,-3.245155730591E0,
-2.078792367453E0));
#1943=CARTESIAN_POINT('',(3.176282779094E-1,-3.275740179042E0,
-2.137295021548E0));
#1944=CARTESIAN_POINT('',(3.765524112096E-1,-3.306928278167E0,
-2.196952352884E0));
#1945=CARTESIAN_POINT('',(4.064E-1,-3.322673447644E0,-2.227070084286E0));
#1947=CARTESIAN_POINT('',(4.064E-1,-3.144832077987E0,-2.471847730194E0));
#1948=CARTESIAN_POINT('',(3.765595539535E-1,-3.111330907324E0,
-2.466181431310E0));
#1949=CARTESIAN_POINT('',(3.176425092616E-1,-3.044963827008E0,
-2.454956279898E0));
#1950=CARTESIAN_POINT('',(2.602553436967E-1,-2.979865364948E0,
-2.443945699203E0));
#1951=CARTESIAN_POINT('',(2.319447238689E-1,-2.947632870572E0,
-2.438493980851E0));
#1953=CARTESIAN_POINT('',(2.319447238689E-1,-2.947632870572E0,
-2.438493980851E0));
#1954=CARTESIAN_POINT('',(2.602482576201E-1,-2.959024939053E0,
-2.469126329865E0));
#1955=CARTESIAN_POINT('',(3.176282779094E-1,-2.982035893183E0,
-2.531000920880E0));
#1956=CARTESIAN_POINT('',(3.765524112096E-1,-3.005501018589E0,
-2.594096741651E0));
#1957=CARTESIAN_POINT('',(4.064E-1,-3.017347280037E0,-2.625950378750E0));
#1959=CARTESIAN_POINT('',(4.064E-1,-2.810229468832E0,-2.846508445887E0));
#1960=CARTESIAN_POINT('',(3.765595539535E-1,-2.777702640468E0,
-2.836688017415E0));
#1961=CARTESIAN_POINT('',(3.176425092616E-1,-2.713265768927E0,
-2.817233378896E0));
#1962=CARTESIAN_POINT('',(2.602553436967E-1,-2.650060619366E0,
-2.798150619169E0));
#1963=CARTESIAN_POINT('',(2.319447238689E-1,-2.618765569325E0,
-2.788702086498E0));
#1965=CARTESIAN_POINT('',(2.319447238689E-1,-2.618765569325E0,
-2.788702086498E0));
#1966=CARTESIAN_POINT('',(2.602482576201E-1,-2.626228556590E0,
-2.820520695070E0));
#1967=CARTESIAN_POINT('',(3.176282779094E-1,-2.641303119906E0,
-2.884791423742E0));
#1968=CARTESIAN_POINT('',(3.765524112096E-1,-2.656675212548E0,
-2.950330675165E0));
#1969=CARTESIAN_POINT('',(4.064E-1,-2.664435743348E0,-2.983417867073E0));
#1971=CARTESIAN_POINT('',(4.064E-1,-2.431307862204E0,-3.176278022967E0));
#1972=CARTESIAN_POINT('',(3.765595539535E-1,-2.400268343653E0,
-3.162458338930E0));
#1973=CARTESIAN_POINT('',(3.176425092616E-1,-2.338777888843E0,
-3.135081024576E0));
#1974=CARTESIAN_POINT('',(2.602553436967E-1,-2.278462834748E0,
-3.108227032336E0));
#1975=CARTESIAN_POINT('',(2.319447238689E-1,-2.248598770675E0,
-3.094930694351E0));
#1977=CARTESIAN_POINT('',(2.319447238689E-1,-2.248598770675E0,
-3.094930694351E0));
#1978=CARTESIAN_POINT('',(2.602482576201E-1,-2.252014980956E0,
-3.127433764017E0));
#1979=CARTESIAN_POINT('',(3.176282779094E-1,-2.258915418591E0,
-3.193087042562E0));
#1980=CARTESIAN_POINT('',(3.765524112096E-1,-2.265952051384E0,
-3.260036131489E0));
#1981=CARTESIAN_POINT('',(4.064E-1,-2.269504463329E0,-3.293835073426E0));
#1983=CARTESIAN_POINT('',(4.064E-1,-2.014043078197E0,-3.455955798208E0));
#1984=CARTESIAN_POINT('',(3.765595539535E-1,-1.984980381207E0,
-3.438354803279E0));
#1985=CARTESIAN_POINT('',(3.176425092616E-1,-1.927406084334E0,
-3.403486569691E0));
#1986=CARTESIAN_POINT('',(2.602553436967E-1,-1.870932330137E0,
-3.369284848439E0));
#1987=CARTESIAN_POINT('',(2.319447238689E-1,-1.842970226164E0,
-3.352350396333E0));
#1989=CARTESIAN_POINT('',(2.319447238689E-1,-1.842970226164E0,
-3.352350396333E0));
#1990=CARTESIAN_POINT('',(2.602482576201E-1,-1.842285783785E0,
-3.385025334268E0));
#1991=CARTESIAN_POINT('',(3.176282779094E-1,-1.840903271713E0,
-3.451025771263E0));
#1992=CARTESIAN_POINT('',(3.765524112096E-1,-1.839493472756E0,
-3.518328870568E0));
#1993=CARTESIAN_POINT('',(4.064E-1,-1.838781742188E0,-3.552306533029E0));
#1995=CARTESIAN_POINT('',(4.064E-1,-1.565015631715E0,-3.681131086023E0));
#1996=CARTESIAN_POINT('',(3.765595539535E-1,-1.538388092380E0,
-3.660026358406E0));
#1997=CARTESIAN_POINT('',(3.176425092616E-1,-1.485637934499E0,
-3.618217098458E0));
#1998=CARTESIAN_POINT('',(2.602553436967E-1,-1.433896105039E0,
-3.577207029768E0));
#1999=CARTESIAN_POINT('',(2.319447238689E-1,-1.408276940249E0,
-3.556901529967E0));
#2001=CARTESIAN_POINT('',(2.319447238689E-1,-1.408276940249E0,
-3.556901529967E0));
#2002=CARTESIAN_POINT('',(2.602482576201E-1,-1.403502639275E0,
-3.589233032880E0));
#2003=CARTESIAN_POINT('',(3.176282779094E-1,-1.393858980538E0,
-3.654539762008E0));
#2004=CARTESIAN_POINT('',(3.765524112096E-1,-1.384024983202E0,
-3.721135461611E0));
#2005=CARTESIAN_POINT('',(4.064E-1,-1.379060334537E0,-3.754755996560E0));
#2007=CARTESIAN_POINT('',(4.064E-1,-1.091306953826E0,-3.848252737611E0));
#2008=CARTESIAN_POINT('',(3.765595539535E-1,-1.067534504348E0,
-3.823977111468E0));
#2009=CARTESIAN_POINT('',(3.176425092616E-1,-1.020440386960E0,
-3.775886182164E0));
#2010=CARTESIAN_POINT('',(2.602553436967E-1,-9.742464817974E-1,
-3.728714519319E0));
#2011=CARTESIAN_POINT('',(2.319447238689E-1,-9.513742857231E-1,
-3.705358201684E0));
#2013=CARTESIAN_POINT('',(2.319447238689E-1,-9.513742857231E-1,
-3.705358201684E0));
#2014=CARTESIAN_POINT('',(2.602482576201E-1,-9.425854197315E-1,
-3.736836382460E0));
#2015=CARTESIAN_POINT('',(3.176282779094E-1,-9.248327005895E-1,
-3.800419477590E0));
#2016=CARTESIAN_POINT('',(3.765524112096E-1,-9.067295928869E-1,
-3.865257523525E0));
#2017=CARTESIAN_POINT('',(4.064E-1,-8.975903215998E-1,-3.897990715044E0));
#2019=DIRECTION('',(1.E0,0.E0,0.E0));
#2020=VECTOR('',#2019,2.536110552262E0);
#2021=CARTESIAN_POINT('',(2.319447238689E-1,0.E0,-3.825544723869E0));
#2022=LINE('',#2021,#2020);
#2023=DIRECTION('',(1.E0,0.E0,0.E0));
#2024=VECTOR('',#2023,2.536110552262E0);
#2025=CARTESIAN_POINT('',(2.319447238689E-1,4.794678903874E-1,
-3.795379161086E0));
#2026=LINE('',#2025,#2024);
#2027=DIRECTION('',(1.E0,0.E0,0.E0));
#2028=VECTOR('',#2027,2.536110552262E0);
#2029=CARTESIAN_POINT('',(2.319447238689E-1,9.513742857231E-1,
-3.705358201684E0));
#2030=LINE('',#2029,#2028);
#2031=DIRECTION('',(1.E0,0.E0,0.E0));
#2032=VECTOR('',#2031,2.536110552262E0);
#2033=CARTESIAN_POINT('',(2.319447238689E-1,1.408276940249E0,
-3.556901529967E0));
#2034=LINE('',#2033,#2032);
#2035=DIRECTION('',(1.E0,0.E0,0.E0));
#2036=VECTOR('',#2035,2.536110552262E0);
#2037=CARTESIAN_POINT('',(2.319447238689E-1,1.842970226164E0,
-3.352350396333E0));
#2038=LINE('',#2037,#2036);
#2039=DIRECTION('',(1.E0,0.E0,0.E0));
#2040=VECTOR('',#2039,2.536110552262E0);
#2041=CARTESIAN_POINT('',(2.319447238689E-1,2.248598770675E0,
-3.094930694351E0));
#2042=LINE('',#2041,#2040);
#2043=DIRECTION('',(1.E0,0.E0,0.E0));
#2044=VECTOR('',#2043,2.536110552262E0);
#2045=CARTESIAN_POINT('',(2.319447238689E-1,2.618765569325E0,
-2.788702086498E0));
#2046=LINE('',#2045,#2044);
#2047=DIRECTION('',(1.E0,0.E0,0.E0));
#2048=VECTOR('',#2047,2.536110552262E0);
#2049=CARTESIAN_POINT('',(2.319447238689E-1,2.947632870572E0,
-2.438493980851E0));
#2050=LINE('',#2049,#2048);
#2051=DIRECTION('',(1.E0,0.E0,0.E0));
#2052=VECTOR('',#2051,2.536110552262E0);
#2053=CARTESIAN_POINT('',(2.319447238689E-1,3.230014240619E0,
-2.049829368439E0));
#2054=LINE('',#2053,#2052);
#2055=DIRECTION('',(1.E0,0.E0,0.E0));
#2056=VECTOR('',#2055,2.536110552262E0);
#2057=CARTESIAN_POINT('',(2.319447238689E-1,3.461456356575E0,
-1.628837722379E0));
#2058=LINE('',#2057,#2056);
#2059=DIRECTION('',(1.E0,0.E0,0.E0));
#2060=VECTOR('',#2059,2.536110552262E0);
#2061=CARTESIAN_POINT('',(2.319447238689E-1,3.638309238014E0,
-1.182158332417E0));
#2062=LINE('',#2061,#2060);
#2063=DIRECTION('',(1.E0,0.E0,0.E0));
#2064=VECTOR('',#2063,2.536110552262E0);
#2065=CARTESIAN_POINT('',(2.319447238689E-1,3.757783809349E0,
-7.168355993650E-1));
#2066=LINE('',#2065,#2064);
#2067=DIRECTION('',(1.E0,0.E0,0.E0));
#2068=VECTOR('',#2067,2.536110552262E0);
#2069=CARTESIAN_POINT('',(2.319447238689E-1,3.817995885219E0,
-2.402079406944E-1));
#2070=LINE('',#2069,#2068);
#2071=CARTESIAN_POINT('',(4.064E-1,-3.984580133362E0,3.508862505431E-1));
#2072=CARTESIAN_POINT('',(3.765595539535E-1,-3.956279982464E0,
3.320836752411E-1));
#2073=CARTESIAN_POINT('',(3.176425092616E-1,-3.900216318107E0,
2.948350656990E-1));
#2074=CARTESIAN_POINT('',(2.602553436967E-1,-3.845224320423E0,
2.582984697921E-1));
#2075=CARTESIAN_POINT('',(2.319447238689E-1,-3.817995885219E0,
2.402079406944E-1));
#2077=CARTESIAN_POINT('',(2.319447238689E-1,-3.817995885219E0,
2.402079406944E-1));
#2078=CARTESIAN_POINT('',(2.602482576201E-1,-3.847269631608E0,
2.256763267878E-1));
#2079=CARTESIAN_POINT('',(3.176282779094E-1,-3.906399967466E0,
1.963237731580E-1));
#2080=CARTESIAN_POINT('',(3.765524112096E-1,-3.966697369231E0,
1.663918829807E-1));
#2081=CARTESIAN_POINT('',(4.064E-1,-3.997138237267E0,1.512809048570E-1));
#2083=DIRECTION('',(7.071067811865E-1,-7.071067811865E-1,-4.994576157211E-11));
#2084=VECTOR('',#2083,5.747363917473E-1);
#2085=CARTESIAN_POINT('',(-6.771472271794E-12,-3.593599999993E0,
-2.538324125964E-10));
#2086=LINE('',#2085,#2084);
#2087=CARTESIAN_POINT('',(4.064E-1,3.997138237267E0,1.512809048574E-1));
#2088=CARTESIAN_POINT('',(3.765595539535E-1,3.966704653951E0,
1.663882668146E-1));
#2089=CARTESIAN_POINT('',(3.176425092616E-1,3.906414579653E0,
1.963165196056E-1));
#2090=CARTESIAN_POINT('',(2.602553436967E-1,3.847276960588E0,
2.256726886510E-1));
#2091=CARTESIAN_POINT('',(2.319447238689E-1,3.817995885219E0,
2.402079406944E-1));
#2093=CARTESIAN_POINT('',(2.319447238689E-1,3.817995885219E0,
2.402079406944E-1));
#2094=CARTESIAN_POINT('',(2.602482576201E-1,3.845217505215E0,
2.582939417784E-1));
#2095=CARTESIAN_POINT('',(3.176282779094E-1,3.900202730253E0,
2.948260379504E-1));
#2096=CARTESIAN_POINT('',(3.765524112096E-1,3.956273208412E0,
3.320791745721E-1));
#2097=CARTESIAN_POINT('',(4.064E-1,3.984580133362E0,3.508862505434E-1));
#2099=CARTESIAN_POINT('',(4.064E-1,3.946659083397E0,6.510622700174E-1));
#2100=CARTESIAN_POINT('',(3.765595539535E-1,3.914572023450E0,
6.622361665072E-1));
#2101=CARTESIAN_POINT('',(3.176425092616E-1,3.851006349699E0,
6.843720761223E-1));
#2102=CARTESIAN_POINT('',(2.602553436967E-1,3.788655744832E0,
7.060848539837E-1));
#2103=CARTESIAN_POINT('',(2.319447238689E-1,3.757783809349E0,
7.168355993650E-1));
#2105=CARTESIAN_POINT('',(2.319447238689E-1,3.757783809349E0,
7.168355993650E-1));
#2106=CARTESIAN_POINT('',(2.602482576201E-1,3.782524001742E0,
7.381907605854E-1));
#2107=CARTESIAN_POINT('',(3.176282779094E-1,3.832496966115E0,
7.813262663198E-1));
#2108=CARTESIAN_POINT('',(3.765524112096E-1,3.883456255734E0,
8.253131451675E-1));
#2109=CARTESIAN_POINT('',(4.064E-1,3.909182820480E0,8.475197201635E-1));
#2111=CARTESIAN_POINT('',(4.064E-1,3.833938758161E0,1.140575994254E0));
#2112=CARTESIAN_POINT('',(3.765595539535E-1,3.800704253687E0,1.147640206253E0));
#2113=CARTESIAN_POINT('',(3.176425092616E-1,3.734865449130E0,1.161634676174E0));
#2114=CARTESIAN_POINT('',(2.602553436967E-1,3.670285164747E0,1.175361639374E0));
#2115=CARTESIAN_POINT('',(2.319447238689E-1,3.638309238014E0,1.182158332417E0));
#2117=CARTESIAN_POINT('',(2.319447238689E-1,3.638309238014E0,1.182158332417E0));
#2118=CARTESIAN_POINT('',(2.602482576201E-1,3.660177835192E0,1.206445870124E0));
#2119=CARTESIAN_POINT('',(3.176282779094E-1,3.704350435400E0,1.255504512728E0));
#2120=CARTESIAN_POINT('',(3.765524112096E-1,3.749394878038E0,1.305531434445E0));
#2121=CARTESIAN_POINT('',(4.064E-1,3.772135359286E0,1.330787297513E0));
#2123=CARTESIAN_POINT('',(4.064E-1,3.660754928426E0,1.612102153713E0));
#2124=CARTESIAN_POINT('',(3.765595539535E-1,3.626897107414E0,1.614945274380E0));
#2125=CARTESIAN_POINT('',(3.176425092616E-1,3.559823489328E0,1.620577603456E0));
#2126=CARTESIAN_POINT('',(2.602553436967E-1,3.494031995091E0,1.626102269585E0));
#2127=CARTESIAN_POINT('',(2.319447238689E-1,3.461456356575E0,1.628837722379E0));
#2129=CARTESIAN_POINT('',(2.319447238689E-1,3.461456356575E0,1.628837722379E0));
#2130=CARTESIAN_POINT('',(2.602482576201E-1,3.480108477696E0,1.655674607595E0));
#2131=CARTESIAN_POINT('',(3.176282779094E-1,3.517784085446E0,1.709882702968E0));
#2132=CARTESIAN_POINT('',(3.765524112096E-1,3.556203303336E0,1.765160713115E0));
#2133=CARTESIAN_POINT('',(4.064E-1,3.575599070113E0,1.793067564207E0));
#2135=CARTESIAN_POINT('',(4.064E-1,3.429838806640E0,2.058204499186E0));
#2136=CARTESIAN_POINT('',(3.765595539535E-1,3.395891627153E0,2.056781690808E0));
#2137=CARTESIAN_POINT('',(3.176425092616E-1,3.328640986564E0,2.053963053846E0));
#2138=CARTESIAN_POINT('',(2.602553436967E-1,3.262675853640E0,2.051198295618E0));
#2139=CARTESIAN_POINT('',(2.319447238689E-1,3.230014240619E0,2.049829368439E0));
#2141=CARTESIAN_POINT('',(2.319447238689E-1,3.230014240619E0,2.049829368439E0));
#2142=CARTESIAN_POINT('',(2.602482576201E-1,3.245155730591E0,2.078792367453E0));
#2143=CARTESIAN_POINT('',(3.176282779094E-1,3.275740179042E0,2.137295021548E0));
#2144=CARTESIAN_POINT('',(3.765524112096E-1,3.306928278167E0,2.196952352884E0));
#2145=CARTESIAN_POINT('',(4.064E-1,3.322673447644E0,2.227070084286E0));
#2147=CARTESIAN_POINT('',(4.064E-1,3.144832077987E0,2.471847730194E0));
#2148=CARTESIAN_POINT('',(3.765595539535E-1,3.111330907324E0,2.466181431310E0));
#2149=CARTESIAN_POINT('',(3.176425092616E-1,3.044963827008E0,2.454956279898E0));
#2150=CARTESIAN_POINT('',(2.602553436967E-1,2.979865364948E0,2.443945699203E0));
#2151=CARTESIAN_POINT('',(2.319447238689E-1,2.947632870572E0,2.438493980851E0));
#2153=CARTESIAN_POINT('',(2.319447238689E-1,2.947632870572E0,2.438493980851E0));
#2154=CARTESIAN_POINT('',(2.602482576201E-1,2.959024939053E0,2.469126329865E0));
#2155=CARTESIAN_POINT('',(3.176282779094E-1,2.982035893183E0,2.531000920880E0));
#2156=CARTESIAN_POINT('',(3.765524112096E-1,3.005501018589E0,2.594096741651E0));
#2157=CARTESIAN_POINT('',(4.064E-1,3.017347280037E0,2.625950378750E0));
#2159=CARTESIAN_POINT('',(4.064E-1,2.810229468832E0,2.846508445887E0));
#2160=CARTESIAN_POINT('',(3.765595539535E-1,2.777702640468E0,2.836688017415E0));
#2161=CARTESIAN_POINT('',(3.176425092616E-1,2.713265768927E0,2.817233378896E0));
#2162=CARTESIAN_POINT('',(2.602553436967E-1,2.650060619366E0,2.798150619169E0));
#2163=CARTESIAN_POINT('',(2.319447238689E-1,2.618765569325E0,2.788702086498E0));
#2165=CARTESIAN_POINT('',(2.319447238689E-1,2.618765569325E0,2.788702086498E0));
#2166=CARTESIAN_POINT('',(2.602482576201E-1,2.626228556590E0,2.820520695070E0));
#2167=CARTESIAN_POINT('',(3.176282779094E-1,2.641303119906E0,2.884791423742E0));
#2168=CARTESIAN_POINT('',(3.765524112096E-1,2.656675212548E0,2.950330675165E0));
#2169=CARTESIAN_POINT('',(4.064E-1,2.664435743348E0,2.983417867073E0));
#2171=CARTESIAN_POINT('',(4.064E-1,2.431307862204E0,3.176278022967E0));
#2172=CARTESIAN_POINT('',(3.765595539535E-1,2.400268343653E0,3.162458338930E0));
#2173=CARTESIAN_POINT('',(3.176425092616E-1,2.338777888843E0,3.135081024576E0));
#2174=CARTESIAN_POINT('',(2.602553436967E-1,2.278462834748E0,3.108227032336E0));
#2175=CARTESIAN_POINT('',(2.319447238689E-1,2.248598770675E0,3.094930694351E0));
#2177=CARTESIAN_POINT('',(2.319447238689E-1,2.248598770675E0,3.094930694351E0));
#2178=CARTESIAN_POINT('',(2.602482576201E-1,2.252014980956E0,3.127433764017E0));
#2179=CARTESIAN_POINT('',(3.176282779094E-1,2.258915418591E0,3.193087042562E0));
#2180=CARTESIAN_POINT('',(3.765524112096E-1,2.265952051384E0,3.260036131489E0));
#2181=CARTESIAN_POINT('',(4.064E-1,2.269504463329E0,3.293835073426E0));
#2183=CARTESIAN_POINT('',(4.064E-1,2.014043078197E0,3.455955798208E0));
#2184=CARTESIAN_POINT('',(3.765595539535E-1,1.984980381207E0,3.438354803279E0));
#2185=CARTESIAN_POINT('',(3.176425092616E-1,1.927406084334E0,3.403486569691E0));
#2186=CARTESIAN_POINT('',(2.602553436967E-1,1.870932330137E0,3.369284848439E0));
#2187=CARTESIAN_POINT('',(2.319447238689E-1,1.842970226164E0,3.352350396333E0));
#2189=CARTESIAN_POINT('',(2.319447238689E-1,1.842970226164E0,3.352350396333E0));
#2190=CARTESIAN_POINT('',(2.602482576201E-1,1.842285783785E0,3.385025334268E0));
#2191=CARTESIAN_POINT('',(3.176282779094E-1,1.840903271713E0,3.451025771263E0));
#2192=CARTESIAN_POINT('',(3.765524112096E-1,1.839493472756E0,3.518328870568E0));
#2193=CARTESIAN_POINT('',(4.064E-1,1.838781742188E0,3.552306533029E0));
#2195=CARTESIAN_POINT('',(4.064E-1,1.565015631715E0,3.681131086023E0));
#2196=CARTESIAN_POINT('',(3.765595539535E-1,1.538388092380E0,3.660026358406E0));
#2197=CARTESIAN_POINT('',(3.176425092616E-1,1.485637934499E0,3.618217098458E0));
#2198=CARTESIAN_POINT('',(2.602553436967E-1,1.433896105039E0,3.577207029768E0));
#2199=CARTESIAN_POINT('',(2.319447238689E-1,1.408276940249E0,3.556901529967E0));
#2201=CARTESIAN_POINT('',(2.319447238689E-1,1.408276940249E0,3.556901529967E0));
#2202=CARTESIAN_POINT('',(2.602482576201E-1,1.403502639275E0,3.589233032880E0));
#2203=CARTESIAN_POINT('',(3.176282779094E-1,1.393858980538E0,3.654539762008E0));
#2204=CARTESIAN_POINT('',(3.765524112096E-1,1.384024983202E0,3.721135461611E0));
#2205=CARTESIAN_POINT('',(4.064E-1,1.379060334537E0,3.754755996560E0));
#2207=CARTESIAN_POINT('',(4.064E-1,1.091306953826E0,3.848252737611E0));
#2208=CARTESIAN_POINT('',(3.765595539535E-1,1.067534504348E0,3.823977111468E0));
#2209=CARTESIAN_POINT('',(3.176425092616E-1,1.020440386960E0,3.775886182164E0));
#2210=CARTESIAN_POINT('',(2.602553436967E-1,9.742464817974E-1,
3.728714519319E0));
#2211=CARTESIAN_POINT('',(2.319447238689E-1,9.513742857231E-1,
3.705358201684E0));
#2213=CARTESIAN_POINT('',(2.319447238689E-1,9.513742857231E-1,
3.705358201684E0));
#2214=CARTESIAN_POINT('',(2.602482576201E-1,9.425854197315E-1,
3.736836382460E0));
#2215=CARTESIAN_POINT('',(3.176282779094E-1,9.248327005895E-1,
3.800419477590E0));
#2216=CARTESIAN_POINT('',(3.765524112096E-1,9.067295928869E-1,
3.865257523525E0));
#2217=CARTESIAN_POINT('',(4.064E-1,8.975903215998E-1,3.897990715044E0));
#2219=CARTESIAN_POINT('',(4.064E-1,6.003877133599E-1,3.954685144692E0));
#2220=CARTESIAN_POINT('',(3.765595539535E-1,5.798452594677E-1,
3.927621461149E0));
#2221=CARTESIAN_POINT('',(3.176425092616E-1,5.391498849362E-1,
3.874007285172E0));
#2222=CARTESIAN_POINT('',(2.602553436967E-1,4.992324095507E-1,
3.821417953473E0));
#2223=CARTESIAN_POINT('',(2.319447238689E-1,4.794678903874E-1,
3.795379161086E0));
#2225=CARTESIAN_POINT('',(2.319447238689E-1,4.794678903874E-1,
3.795379161086E0));
#2226=CARTESIAN_POINT('',(2.602482576201E-1,4.668030650458E-1,
3.825507590011E0));
#2227=CARTESIAN_POINT('',(3.176282779094E-1,4.412212564841E-1,
3.886364307750E0));
#2228=CARTESIAN_POINT('',(3.765524112096E-1,4.151345352378E-1,
3.948422165300E0));
#2229=CARTESIAN_POINT('',(4.064E-1,4.019647730966E-1,3.979751791405E0));
#2231=CARTESIAN_POINT('',(4.064E-1,1.E-1,3.998749804626E0));
#2232=CARTESIAN_POINT('',(3.765595539535E-1,8.301150846303E-2,
3.969324874140E0));
#2233=CARTESIAN_POINT('',(3.176425092616E-1,4.935666715489E-2,
3.911032979074E0));
#2234=CARTESIAN_POINT('',(2.602553436967E-1,1.634514397846E-2,
3.853855343697E0));
#2235=CARTESIAN_POINT('',(2.319447238689E-1,0.E0,3.825544723869E0));
#2237=CARTESIAN_POINT('',(2.319447238689E-1,0.E0,3.825544723869E0));
#2238=CARTESIAN_POINT('',(2.602482576201E-1,-1.634105283025E-2,
3.853848257620E0));
#2239=CARTESIAN_POINT('',(3.176282779094E-1,-4.934851040885E-2,
3.911018851175E0));
#2240=CARTESIAN_POINT('',(3.765524112096E-1,-8.300744202129E-2,
3.969317830856E0));
#2241=CARTESIAN_POINT('',(4.064E-1,-1.000000000004E-1,3.998749804626E0));
#2243=CARTESIAN_POINT('',(4.064E-1,-4.019647730970E-1,3.979751791405E0));
#2244=CARTESIAN_POINT('',(3.765595539535E-1,-4.151313836188E-1,
3.948429662707E0));
#2245=CARTESIAN_POINT('',(3.176425092616E-1,-4.412149347517E-1,
3.886379346557E0));
#2246=CARTESIAN_POINT('',(2.602553436967E-1,-4.667998942784E-1,
3.825515132969E0));
#2247=CARTESIAN_POINT('',(2.319447238689E-1,-4.794678903874E-1,
3.795379161086E0));
#2249=CARTESIAN_POINT('',(2.319447238689E-1,-4.794678903874E-1,
3.795379161086E0));
#2250=CARTESIAN_POINT('',(2.602482576201E-1,-4.992274625415E-1,
3.821411436029E0));
#2251=CARTESIAN_POINT('',(3.176282779094E-1,-5.391400218133E-1,
3.873994290988E0));
#2252=CARTESIAN_POINT('',(3.765524112096E-1,-5.798403423335E-1,
3.927614983064E0));
#2253=CARTESIAN_POINT('',(4.064E-1,-6.003877133603E-1,3.954685144692E0));
#2255=CARTESIAN_POINT('',(4.064E-1,-8.975903216002E-1,3.897990715044E0));
#2256=CARTESIAN_POINT('',(3.765595539535E-1,-9.067274057934E-1,
3.865265356814E0));
#2257=CARTESIAN_POINT('',(3.176425092616E-1,-9.248283135682E-1,
3.800435190135E0));
#2258=CARTESIAN_POINT('',(2.602553436967E-1,-9.425832193499E-1,
3.736844263342E0));
#2259=CARTESIAN_POINT('',(2.319447238689E-1,-9.513742857231E-1,
3.705358201684E0));
#2261=CARTESIAN_POINT('',(2.319447238689E-1,-9.513742857231E-1,
3.705358201684E0));
#2262=CARTESIAN_POINT('',(2.602482576201E-1,-9.742407569445E-1,
3.728708673291E0));
#2263=CARTESIAN_POINT('',(3.176282779094E-1,-1.020428973007E0,
3.775874526619E0));
#2264=CARTESIAN_POINT('',(3.765524112096E-1,-1.067528814067E0,
3.823971300745E0));
#2265=CARTESIAN_POINT('',(4.064E-1,-1.091306953826E0,3.848252737611E0));
#2267=CARTESIAN_POINT('',(4.064E-1,-1.379060334537E0,3.754755996560E0));
#2268=CARTESIAN_POINT('',(3.765595539535E-1,-1.384023795126E0,
3.721143507248E0));
#2269=CARTESIAN_POINT('',(3.176425092616E-1,-1.393856597414E0,
3.654555900495E0));
#2270=CARTESIAN_POINT('',(2.602553436967E-1,-1.403501443980E0,
3.589241127400E0));
#2271=CARTESIAN_POINT('',(2.319447238689E-1,-1.408276940249E0,
3.556901529967E0));
#2273=CARTESIAN_POINT('',(2.319447238689E-1,-1.408276940249E0,
3.556901529967E0));
#2274=CARTESIAN_POINT('',(2.602482576201E-1,-1.433889692627E0,
3.577201947353E0));
#2275=CARTESIAN_POINT('',(3.176282779094E-1,-1.485625149722E0,
3.618206965368E0));
#2276=CARTESIAN_POINT('',(3.765524112096E-1,-1.538381718692E0,
3.660021306683E0));
#2277=CARTESIAN_POINT('',(4.064E-1,-1.565015631715E0,3.681131086023E0));
#2279=CARTESIAN_POINT('',(4.064E-1,-1.838781742188E0,3.552306533028E0));
#2280=CARTESIAN_POINT('',(3.765595539535E-1,-1.839493302434E0,
3.518337001668E0));
#2281=CARTESIAN_POINT('',(3.176425092616E-1,-1.840902930069E0,
3.451042081177E0));
#2282=CARTESIAN_POINT('',(2.602553436967E-1,-1.842285612428E0,
3.385033514770E0));
#2283=CARTESIAN_POINT('',(2.319447238689E-1,-1.842970226164E0,
3.352350396333E0));
#2285=CARTESIAN_POINT('',(2.319447238689E-1,-1.842970226164E0,
3.352350396333E0));
#2286=CARTESIAN_POINT('',(2.602482576201E-1,-1.870925331293E0,
3.369280609788E0));
#2287=CARTESIAN_POINT('',(3.176282779094E-1,-1.927392130356E0,
3.403478118861E0));
#2288=CARTESIAN_POINT('',(3.765524112096E-1,-1.984973424629E0,
3.438350590225E0));
#2289=CARTESIAN_POINT('',(4.064E-1,-2.014043078197E0,3.455955798208E0));
#2291=CARTESIAN_POINT('',(4.064E-1,-2.269504463329E0,3.293835073426E0));
#2292=CARTESIAN_POINT('',(3.765595539535E-1,-2.265952901502E0,
3.260044219820E0));
#2293=CARTESIAN_POINT('',(3.176425092616E-1,-2.258917123815E0,
3.193103266688E0));
#2294=CARTESIAN_POINT('',(2.602553436967E-1,-2.252015836239E0,
3.127441901491E0));
#2295=CARTESIAN_POINT('',(2.319447238689E-1,-2.248598770675E0,
3.094930694351E0));
#2297=CARTESIAN_POINT('',(2.319447238689E-1,-2.248598770675E0,
3.094930694351E0));
#2298=CARTESIAN_POINT('',(2.602482576201E-1,-2.278455359848E0,
3.108223704296E0));
#2299=CARTESIAN_POINT('',(3.176282779094E-1,-2.338762985726E0,
3.135074389280E0));
#2300=CARTESIAN_POINT('',(3.765524112096E-1,-2.400260913894E0,
3.162455030987E0));
#2301=CARTESIAN_POINT('',(4.064E-1,-2.431307862205E0,3.176278022967E0));
#2303=CARTESIAN_POINT('',(4.064E-1,-2.664435743348E0,2.983417867073E0));
#2304=CARTESIAN_POINT('',(3.765595539535E-1,-2.656677069699E0,
2.950338593169E0));
#2305=CARTESIAN_POINT('',(3.176425092616E-1,-2.641306845107E0,
2.884807306214E0));
#2306=CARTESIAN_POINT('',(2.602553436967E-1,-2.626230425024E0,
2.820528661182E0));
#2307=CARTESIAN_POINT('',(2.319447238689E-1,-2.618765569325E0,
2.788702086498E0));
#2309=CARTESIAN_POINT('',(2.319447238689E-1,-2.618765569325E0,
2.788702086498E0));
#2310=CARTESIAN_POINT('',(2.602482576201E-1,-2.650052786294E0,
2.798148254225E0));
#2311=CARTESIAN_POINT('',(3.176282779094E-1,-2.713250151702E0,
2.817228663778E0));
#2312=CARTESIAN_POINT('',(3.765524112096E-1,-2.777694854700E0,
2.836685666752E0));
#2313=CARTESIAN_POINT('',(4.064E-1,-2.810229468832E0,2.846508445887E0));
#2315=CARTESIAN_POINT('',(4.064E-1,-3.017347280037E0,2.625950378749E0));
#2316=CARTESIAN_POINT('',(3.765595539535E-1,-3.005503853485E0,
2.594104364457E0));
#2317=CARTESIAN_POINT('',(3.176425092616E-1,-2.982041579611E0,
2.531016211222E0));
#2318=CARTESIAN_POINT('',(2.602553436967E-1,-2.959027791173E0,
2.469133998984E0));
#2319=CARTESIAN_POINT('',(2.319447238689E-1,-2.947632870572E0,
2.438493980851E0));
#2321=CARTESIAN_POINT('',(2.319447238689E-1,-2.947632870572E0,
2.438493980851E0));
#2322=CARTESIAN_POINT('',(2.602482576201E-1,-2.979857297236E0,
2.443944334652E0));
#2323=CARTESIAN_POINT('',(3.176282779094E-1,-3.044947741969E0,
2.454953559317E0));
#2324=CARTESIAN_POINT('',(3.765524112096E-1,-3.111322888333E0,
2.466180074999E0));
#2325=CARTESIAN_POINT('',(4.064E-1,-3.144832077987E0,2.471847730194E0));
#2327=CARTESIAN_POINT('',(4.064E-1,-3.322673447644E0,2.227070084286E0));
#2328=CARTESIAN_POINT('',(3.765595539535E-1,-3.306932046100E0,
2.196959560274E0));
#2329=CARTESIAN_POINT('',(3.176425092616E-1,-3.275747737019E0,
2.137309478623E0));
#2330=CARTESIAN_POINT('',(2.602553436967E-1,-3.245159521417E0,
2.078799618633E0));
#2331=CARTESIAN_POINT('',(2.319447238689E-1,-3.230014240619E0,
2.049829368439E0));
#2333=CARTESIAN_POINT('',(2.319447238689E-1,-3.230014240619E0,
2.049829368439E0));
#2334=CARTESIAN_POINT('',(2.602482576201E-1,-3.262667678521E0,
2.051197952979E0));
#2335=CARTESIAN_POINT('',(3.176282779094E-1,-3.328624687381E0,
2.053962370707E0));
#2336=CARTESIAN_POINT('',(3.765524112096E-1,-3.395883501403E0,
2.056781350238E0));
#2337=CARTESIAN_POINT('',(4.064E-1,-3.429838806640E0,2.058204499185E0));
#2339=CARTESIAN_POINT('',(4.064E-1,-3.575599070113E0,1.793067564206E0));
#2340=CARTESIAN_POINT('',(3.765595539535E-1,-3.556207944883E0,
1.765167391426E0));
#2341=CARTESIAN_POINT('',(3.176425092616E-1,-3.517793395777E0,
1.709896098779E0));
#2342=CARTESIAN_POINT('',(2.602553436967E-1,-3.480113147444E0,
1.655681326482E0));
#2343=CARTESIAN_POINT('',(2.319447238689E-1,-3.461456356575E0,
1.628837722379E0));
#2345=CARTESIAN_POINT('',(2.319447238689E-1,-3.461456356575E0,
1.628837722379E0));
#2346=CARTESIAN_POINT('',(2.602482576201E-1,-3.494023841491E0,
1.626102954262E0));
#2347=CARTESIAN_POINT('',(3.176282779094E-1,-3.559807233049E0,
1.620578968534E0));
#2348=CARTESIAN_POINT('',(3.765524112096E-1,-3.626889003053E0,
1.614945954922E0));
#2349=CARTESIAN_POINT('',(4.064E-1,-3.660754928426E0,1.612102153713E0));
#2351=CARTESIAN_POINT('',(4.064E-1,-3.772135359286E0,1.330787297513E0));
#2352=CARTESIAN_POINT('',(3.765595539535E-1,-3.74940032E0,1.305537478356E0));
#2353=CARTESIAN_POINT('',(3.176425092616E-1,-3.704361351257E0,
1.255516636015E0));
#2354=CARTESIAN_POINT('',(2.602553436967E-1,-3.660183310217E0,
1.206451950755E0));
#2355=CARTESIAN_POINT('',(2.319447238689E-1,-3.638309238014E0,
1.182158332417E0));
#2357=CARTESIAN_POINT('',(2.319447238689E-1,-3.638309238014E0,
1.182158332417E0));
#2358=CARTESIAN_POINT('',(2.602482576201E-1,-3.670277161253E0,
1.175363340570E0));
#2359=CARTESIAN_POINT('',(3.176282779094E-1,-3.734849492126E0,
1.161638067940E0));
#2360=CARTESIAN_POINT('',(3.765524112096E-1,-3.800696298526E0,
1.147641897175E0));
#2361=CARTESIAN_POINT('',(4.064E-1,-3.833938758162E0,1.140575994253E0));
#2363=CARTESIAN_POINT('',(4.064E-1,-3.909182820480E0,8.475197201632E-1));
#2364=CARTESIAN_POINT('',(3.765595539535E-1,-3.883462412287E0,
8.253184593612E-1));
#2365=CARTESIAN_POINT('',(3.176425092616E-1,-3.832509315349E0,
7.813369258917E-1));
#2366=CARTESIAN_POINT('',(2.602553436967E-1,-3.782530195700E0,
7.381961070665E-1));
#2367=CARTESIAN_POINT('',(2.319447238689E-1,-3.757783809349E0,
7.168355993650E-1));
#2369=CARTESIAN_POINT('',(2.319447238689E-1,-3.757783809349E0,
7.168355993650E-1));
#2370=CARTESIAN_POINT('',(2.602482576201E-1,-3.788648017664E0,
7.060875448681E-1));
#2371=CARTESIAN_POINT('',(3.176282779094E-1,-3.850990943622E0,
6.843774410856E-1));
#2372=CARTESIAN_POINT('',(3.765524112096E-1,-3.914564342946E0,
6.622388411413E-1));
#2373=CARTESIAN_POINT('',(4.064E-1,-3.946659083397E0,6.510622700171E-1));
#2375=DIRECTION('',(1.E0,0.E0,0.E0));
#2376=VECTOR('',#2375,2.536110552262E0);
#2377=CARTESIAN_POINT('',(2.319447238689E-1,-3.817995885219E0,
2.402079406944E-1));
#2378=LINE('',#2377,#2376);
#2379=CARTESIAN_POINT('',(0.E0,0.E0,0.E0));
#2380=DIRECTION('',(-1.E0,0.E0,0.E0));
#2381=DIRECTION('',(0.E0,-1.E0,0.E0));
#2382=AXIS2_PLACEMENT_3D('',#2379,#2380,#2381);
#2384=CARTESIAN_POINT('',(0.E0,0.E0,0.E0));
#2385=DIRECTION('',(-1.E0,0.E0,0.E0));
#2386=DIRECTION('',(0.E0,1.E0,0.E0));
#2387=AXIS2_PLACEMENT_3D('',#2384,#2385,#2386);
#2389=CARTESIAN_POINT('',(0.E0,0.E0,0.E0));
#2390=DIRECTION('',(1.E0,0.E0,0.E0));
#2391=DIRECTION('',(0.E0,1.E0,0.E0));
#2392=AXIS2_PLACEMENT_3D('',#2389,#2390,#2391);
#2394=CARTESIAN_POINT('',(0.E0,0.E0,0.E0));
#2395=DIRECTION('',(1.E0,0.E0,0.E0));
#2396=DIRECTION('',(0.E0,-1.E0,0.E0));
#2397=AXIS2_PLACEMENT_3D('',#2394,#2395,#2396);
#2399=CARTESIAN_POINT('',(4.623797632096E-1,1.169770218815E0,
3.781282938702E-1));
#2400=CARTESIAN_POINT('',(4.444092394347E-1,1.201492598120E0,
3.773685572585E-1));
#2401=CARTESIAN_POINT('',(4.084202521578E-1,1.265238237297E0,
3.743070818144E-1));
#2402=CARTESIAN_POINT('',(3.542801295758E-1,1.361611405166E0,
3.650156185225E-1));
#2403=CARTESIAN_POINT('',(3.181079317137E-1,1.426200941956E0,
3.556516010356E-1));
#2404=CARTESIAN_POINT('',(3.E-1,1.458554880597E0,3.501680457839E-1));
#2406=CARTESIAN_POINT('',(3.E-1,7.837478470738E-1,1.278960246531E0));
#2407=CARTESIAN_POINT('',(3.021945114903E-1,7.126283353364E-1,
1.318252699615E0));
#2408=CARTESIAN_POINT('',(3.065714404981E-1,5.648932269370E-1,
1.384692170113E0));
#2409=CARTESIAN_POINT('',(3.130708258824E-1,3.342255720022E-1,
1.446448343380E0));
#2410=CARTESIAN_POINT('',(3.195933817645E-1,9.754752354433E-2,
1.470479586855E0));
#2411=CARTESIAN_POINT('',(3.261304779206E-1,-1.386915919805E-1,
1.456169833171E0));
#2412=CARTESIAN_POINT('',(3.326603710185E-1,-3.675916736816E-1,
1.404535994029E0));
#2413=CARTESIAN_POINT('',(3.392289428666E-1,-5.848898074469E-1,
1.316948116713E0));
#2414=CARTESIAN_POINT('',(3.458851153868E-1,-7.861840850086E-1,
1.194486554655E0));
#2415=CARTESIAN_POINT('',(3.525733556009E-1,-9.639868598425E-1,
1.040952325644E0));
#2416=CARTESIAN_POINT('',(3.591907353595E-1,-1.111375183580E0,
8.636294054022E-1));
#2417=CARTESIAN_POINT('',(3.657705840561E-1,-1.226789332336E0,
6.675623392458E-1));
#2418=CARTESIAN_POINT('',(3.725364007114E-1,-1.310169254857E0,
4.509463286545E-1));
#2419=CARTESIAN_POINT('',(3.793194073679E-1,-1.355620646036E0,
2.246561487530E-1));
#2420=CARTESIAN_POINT('',(3.837783083933E-1,-1.360369486011E0,
7.426249489358E-2));
#2421=CARTESIAN_POINT('',(3.859981966706E-1,-1.356669672216E0,0.E0));
#2423=CARTESIAN_POINT('',(2.914230112711E-1,1.140372341465E0,
9.963133106374E-1));
#2424=CARTESIAN_POINT('',(2.920321242111E-1,1.106082661501E0,1.034018024387E0));
#2425=CARTESIAN_POINT('',(2.934611709483E-1,1.033513962445E0,1.105761858165E0));
#2426=CARTESIAN_POINT('',(2.963336745304E-1,9.110584034412E-1,
1.202575406219E0));
#2427=CARTESIAN_POINT('',(2.986754409759E-1,8.266740251677E-1,
1.255244183279E0));
#2428=CARTESIAN_POINT('',(3.E-1,7.837478470738E-1,1.278960246531E0));
#2430=CARTESIAN_POINT('',(3.E-1,1.458554880597E0,3.501680457839E-1));
#2431=CARTESIAN_POINT('',(2.997268800474E-1,1.459042871513E0,
3.500853379200E-1));
#2432=CARTESIAN_POINT('',(2.991959251787E-1,1.459852746507E0,
3.505030612015E-1));
#2433=CARTESIAN_POINT('',(2.986113175434E-1,1.460485009124E0,
3.520412302783E-1));
#2434=CARTESIAN_POINT('',(2.982059678577E-1,1.460801410227E0,
3.536086908202E-1));
#2435=CARTESIAN_POINT('',(2.978495793528E-1,1.460991523092E0,
3.553445191577E-1));
#2436=CARTESIAN_POINT('',(2.975233210319E-1,1.461084001835E0,
3.572607526333E-1));
#2437=CARTESIAN_POINT('',(2.972077794207E-1,1.461096461571E0,
3.594183418502E-1));
#2438=CARTESIAN_POINT('',(2.968986433060E-1,1.461029502521E0,
3.618402604105E-1));
#2439=CARTESIAN_POINT('',(2.965985677413E-1,1.460884809908E0,
3.644959742452E-1));
#2440=CARTESIAN_POINT('',(2.963109967584E-1,1.460668429603E0,
3.673327982957E-1));
#2441=CARTESIAN_POINT('',(2.960294067980E-1,1.460378593540E0,
3.703977339946E-1));
#2442=CARTESIAN_POINT('',(2.957519944698E-1,1.460011842445E0,
3.737103871071E-1));
#2443=CARTESIAN_POINT('',(2.954823193409E-1,1.459572694331E0,
3.772227255190E-1));
#2444=CARTESIAN_POINT('',(2.952210838428E-1,1.459064330529E0,
3.809121524884E-1));
#2445=CARTESIAN_POINT('',(2.949692679240E-1,1.458491390061E0,
3.847492227417E-1));
#2446=CARTESIAN_POINT('',(2.947274524938E-1,1.457859057690E0,
3.887060220105E-1));
#2447=CARTESIAN_POINT('',(2.944960904484E-1,1.457173194730E0,
3.927539413429E-1));
#2448=CARTESIAN_POINT('',(2.942755627063E-1,1.456440374175E0,
3.968632857651E-1));
#2449=CARTESIAN_POINT('',(2.940660240625E-1,1.455667572374E0,
4.010057025276E-1));
#2450=CARTESIAN_POINT('',(2.938641862390E-1,1.454847950361E0,
4.052251352495E-1));
#2451=CARTESIAN_POINT('',(2.936659389394E-1,1.453965748485E0,
4.096001336467E-1));
#2452=CARTESIAN_POINT('',(2.934685255843E-1,1.453005484701E0,
4.141964343517E-1));
#2453=CARTESIAN_POINT('',(2.932696432858E-1,1.451949115834E0,
4.190826351778E-1));
#2454=CARTESIAN_POINT('',(2.930675755692E-1,1.450776810141E0,
4.243260615825E-1));
#2455=CARTESIAN_POINT('',(2.928610872980E-1,1.449466679118E0,
4.299938069893E-1));
#2456=CARTESIAN_POINT('',(2.926494026391E-1,1.447994718200E0,
4.361523645597E-1));
#2457=CARTESIAN_POINT('',(2.924321715516E-1,1.446334637820E0,
4.428676094564E-1));
#2458=CARTESIAN_POINT('',(2.922094450879E-1,1.444457681399E0,
4.502046532485E-1));
#2459=CARTESIAN_POINT('',(2.919816513931E-1,1.442332413251E0,
4.582276878541E-1));
#2460=CARTESIAN_POINT('',(2.917495733571E-1,1.439924487933E0,
4.669997769338E-1));
#2461=CARTESIAN_POINT('',(2.915143276087E-1,1.437196408828E0,
4.765825812523E-1));
#2462=CARTESIAN_POINT('',(2.912773444101E-1,1.434107272708E0,
4.870360398380E-1));
#2463=CARTESIAN_POINT('',(2.910403514994E-1,1.430612550517E0,
4.984178586808E-1));
#2464=CARTESIAN_POINT('',(2.908053511927E-1,1.426663756425E0,
5.107833215560E-1));
#2465=CARTESIAN_POINT('',(2.905746304696E-1,1.422208593884E0,
5.241835038085E-1));
#2466=CARTESIAN_POINT('',(2.903506581204E-1,1.417189478598E0,
5.386689011585E-1));
#2467=CARTESIAN_POINT('',(2.901357881955E-1,1.411533193299E0,
5.543150815293E-1));
#2468=CARTESIAN_POINT('',(2.899329811198E-1,1.405164882274E0,
5.711788564800E-1));
#2469=CARTESIAN_POINT('',(2.897454813190E-1,1.398001379733E0,
5.893161686548E-1));
#2470=CARTESIAN_POINT('',(2.895769106801E-1,1.389953239562E0,
6.087745238386E-1));
#2471=CARTESIAN_POINT('',(2.894312031551E-1,1.380920305855E0,
6.296014531058E-1));
#2472=CARTESIAN_POINT('',(2.893128069587E-1,1.370805316435E0,
6.518118522182E-1));
#2473=CARTESIAN_POINT('',(2.892261050165E-1,1.359473814988E0,
6.754783501721E-1));
#2474=CARTESIAN_POINT('',(2.891758706113E-1,1.346633815023E0,
7.009415180647E-1));
#2475=CARTESIAN_POINT('',(2.891699032722E-1,1.331963694615E0,
7.284950444824E-1));
#2476=CARTESIAN_POINT('',(2.892176608999E-1,1.315098753146E0,
7.584076313312E-1));
#2477=CARTESIAN_POINT('',(2.893294422816E-1,1.295633286375E0,
7.909047967622E-1));
#2478=CARTESIAN_POINT('',(2.895181394321E-1,1.273110313575E0,
8.261641135721E-1));
#2479=CARTESIAN_POINT('',(2.897988579305E-1,1.247033483384E0,
8.642829536144E-1));
#2480=CARTESIAN_POINT('',(2.901896722527E-1,1.216828113954E0,
9.053171224241E-1));
#2481=CARTESIAN_POINT('',(2.907120335362E-1,1.181852517244E0,
9.492422007667E-1));
#2482=CARTESIAN_POINT('',(2.911657920322E-1,1.154852357902E0,
9.803911767647E-1));
#2483=CARTESIAN_POINT('',(2.914230112711E-1,1.140372341465E0,
9.963133106374E-1));
#2485=CARTESIAN_POINT('',(3.383928571429E-1,1.129607199005E0,
9.869080889096E-1));
#2486=CARTESIAN_POINT('',(3.341269841270E-1,1.182511928244E0,
9.263537539306E-1));
#2487=CARTESIAN_POINT('',(3.255952380952E-1,1.278561361840E0,
7.967194338056E-1));
#2488=CARTESIAN_POINT('',(3.127976190476E-1,1.389639954253E0,
5.817059478281E-1));
#2489=CARTESIAN_POINT('',(3.042658730159E-1,1.439783582784E0,
4.283561282453E-1));
#2490=CARTESIAN_POINT('',(3.E-1,1.458554880597E0,3.501680457839E-1));
#2492=DIRECTION('',(5.E-1,-6.521790204243E-1,-5.697916507974E-1));
#2493=VECTOR('',#2492,3.125E-1);
#2494=CARTESIAN_POINT('',(3.383928571429E-1,1.129607199005E0,
9.869080889096E-1));
#2495=LINE('',#2494,#2493);
#2496=CARTESIAN_POINT('',(8.125E-1,-1.229367061317E0,0.E0));
#2497=CARTESIAN_POINT('',(8.074260837845E-1,-1.229367061317E0,
7.838531868411E-2));
#2498=CARTESIAN_POINT('',(7.972781846518E-1,-1.214327728844E0,
2.351550280426E-1));
#2499=CARTESIAN_POINT('',(7.820559671137E-1,-1.147470016848E0,
4.617384640195E-1));
#2500=CARTESIAN_POINT('',(7.668338869376E-1,-1.038754431501E0,
6.714759288177E-1));
#2501=CARTESIAN_POINT('',(7.516111984377E-1,-8.921392234497E-1,
8.567252015396E-1));
#2502=CARTESIAN_POINT('',(7.363889712432E-1,-7.129831906650E-1,
1.010715908114E0));
#2503=CARTESIAN_POINT('',(7.211652514575E-1,-5.077968249126E-1,
1.127846191465E0));
#2504=CARTESIAN_POINT('',(7.059413075020E-1,-2.840782717779E-1,
1.203824601195E0));
#2505=CARTESIAN_POINT('',(6.907177732956E-1,-5.000084422022E-2,
1.235876933034E0));
#2506=CARTESIAN_POINT('',(6.754952280599E-1,1.858855145056E-1,
1.222840014575E0));
#2507=CARTESIAN_POINT('',(6.602721027878E-1,4.149992909687E-1,
1.165190541493E0));
#2508=CARTESIAN_POINT('',(6.450483341727E-1,6.289808884903E-1,
1.065024424592E0));
#2509=CARTESIAN_POINT('',(6.298247955318E-1,8.200096071262E-1,
9.260003783938E-1));
#2510=CARTESIAN_POINT('',(6.146018928542E-1,9.811134973349E-1,
7.531984714782E-1));
#2511=CARTESIAN_POINT('',(5.993788814432E-1,1.106424789563E0,
5.529165975482E-1));
#2512=CARTESIAN_POINT('',(5.841554296211E-1,1.191371855003E0,
3.324556469346E-1));
#2513=CARTESIAN_POINT('',(5.689318916820E-1,1.232850185994E0,
9.986331516126E-2));
#2514=CARTESIAN_POINT('',(5.537093800817E-1,1.229348096466E0,
-1.363565153557E-1));
#2515=CARTESIAN_POINT('',(5.384873660066E-1,1.181001307955E0,
-3.675944015292E-1));
#2516=CARTESIAN_POINT('',(5.232651733414E-1,1.089572022120E0,
-5.854255170770E-1));
#2517=CARTESIAN_POINT('',(5.080431143380E-1,9.583962818328E-1,
-7.818984829970E-1));
#2518=CARTESIAN_POINT('',(4.928217602717E-1,7.922681798333E-1,
-9.498417624280E-1));
#2519=CARTESIAN_POINT('',(4.776002790856E-1,5.972396113382E-1,
-1.083139987662E0));
#2520=CARTESIAN_POINT('',(4.674532083849E-1,4.527067512853E-1,
-1.145662727952E0));
#2521=CARTESIAN_POINT('',(4.623797632096E-1,3.781282938702E-1,
-1.169770218815E0));
#2523=CARTESIAN_POINT('',(4.623797632096E-1,0.E0,0.E0));
#2524=DIRECTION('',(1.E0,0.E0,0.E0));
#2525=DIRECTION('',(0.E0,3.075796527890E-1,-9.515223366743E-1));
#2526=AXIS2_PLACEMENT_3D('',#2523,#2524,#2525);
#2528=CARTESIAN_POINT('',(4.623797632096E-1,0.E0,0.E0));
#2529=DIRECTION('',(1.E0,0.E0,0.E0));
#2530=DIRECTION('',(0.E0,1.E0,0.E0));
#2531=AXIS2_PLACEMENT_3D('',#2528,#2529,#2530);
#2533=CARTESIAN_POINT('',(4.946428571429E-1,9.258012551228E-1,
8.088481980354E-1));
#2534=CARTESIAN_POINT('',(4.910580689280E-1,9.622380686023E-1,
7.671429092879E-1));
#2535=CARTESIAN_POINT('',(4.838884924984E-1,1.029466681715E0,
6.788009219117E-1));
#2536=CARTESIAN_POINT('',(4.731341278540E-1,1.111536522767E0,
5.339090736294E-1));
#2537=CARTESIAN_POINT('',(4.659645514244E-1,1.152736379649E0,
4.308238421576E-1));
#2538=CARTESIAN_POINT('',(4.623797632096E-1,1.169770218815E0,
3.781282938702E-1));
#2540=CARTESIAN_POINT('',(6.875E-1,-1.229367061317E0,0.E0));
#2541=CARTESIAN_POINT('',(6.825672188787E-1,-1.229367061317E0,
7.620496747828E-2));
#2542=CARTESIAN_POINT('',(6.726422540284E-1,-1.215225620817E0,
2.295588373478E-1));
#2543=CARTESIAN_POINT('',(6.574618824906E-1,-1.149827106847E0,
4.558910356964E-1));
#2544=CARTESIAN_POINT('',(6.423327360067E-1,-1.042675659115E0,
6.647873204641E-1));
#2545=CARTESIAN_POINT('',(6.276274270420E-1,-9.026002748271E-1,
8.448857107542E-1));
#2546=CARTESIAN_POINT('',(6.128819297481E-1,-7.315976745144E-1,
9.968643996699E-1));
#2547=CARTESIAN_POINT('',(5.980339141815E-1,-5.339457476324E-1,
1.115189334028E0));
#2548=CARTESIAN_POINT('',(5.833389695636E-1,-3.200947962354E-1,
1.194322457913E0));
#2549=CARTESIAN_POINT('',(5.684637881036E-1,-9.259171870205E-2,
1.232970311886E0));
#2550=CARTESIAN_POINT('',(5.537907683659E-1,1.350686711093E-1,
1.229059715242E0));
#2551=CARTESIAN_POINT('',(5.389016729972E-1,3.613013588510E-1,
1.182496340519E0));
#2552=CARTESIAN_POINT('',(5.242291304769E-1,5.719858645604E-1,
1.096175570485E0));
#2553=CARTESIAN_POINT('',(5.093491534900E-1,7.658291714585E-1,
9.708156804446E-1));
#2554=CARTESIAN_POINT('',(4.995402916981E-1,8.760223285237E-1,
8.658247640166E-1));
#2555=CARTESIAN_POINT('',(4.946428571429E-1,9.258012551228E-1,
8.088481980354E-1));
#2557=DIRECTION('',(1.E0,0.E0,0.E0));
#2558=VECTOR('',#2557,1.25E-1);
#2559=CARTESIAN_POINT('',(9.375E-1,1.229367061317E0,0.E0));
#2560=LINE('',#2559,#2558);
#2561=CARTESIAN_POINT('',(1.1875E0,-1.229367061317E0,0.E0));
#2562=CARTESIAN_POINT('',(1.182635913667E0,-1.229367061317E0,
7.514372353724E-2));
#2563=CARTESIAN_POINT('',(1.172908216609E0,-1.215594119820E0,
2.254371458563E-1));
#2564=CARTESIAN_POINT('',(1.158268471173E0,-1.153778576903E0,
4.439627832090E-1));
#2565=CARTESIAN_POINT('',(1.143729405924E0,-1.053971282033E0,
6.462665687702E-1));
#2566=CARTESIAN_POINT('',(1.129034653101E0,-9.173275202628E-1,
8.287037869550E-1));
#2567=CARTESIAN_POINT('',(1.114586274808E0,-7.526606059065E-1,
9.808228681341E-1));
#2568=CARTESIAN_POINT('',(1.099638667799E0,-5.564728974168E-1,
1.104465598001E0));
#2569=CARTESIAN_POINT('',(1.084598744342E0,-3.390233130709E-1,
1.189338276305E0));
#2570=CARTESIAN_POINT('',(1.069656975689E0,-1.110445020619E-1,
1.231372489912E0));
#2571=CARTESIAN_POINT('',(1.055185723544E0,1.134610808129E-1,1.230905858234E0));
#2572=CARTESIAN_POINT('',(1.040593089800E0,3.360888131352E-1,1.189898330607E0));
#2573=CARTESIAN_POINT('',(1.025673405812E0,5.520917465085E-1,1.106586903273E0));
#2574=CARTESIAN_POINT('',(1.010750948209E0,7.485730178643E-1,
9.840815165450E-1));
#2575=CARTESIAN_POINT('',(9.961670338280E-1,9.151781393078E-1,
8.309976762480E-1));
#2576=CARTESIAN_POINT('',(9.816790029439E-1,1.050559883583E0,
6.516101210759E-1));
#2577=CARTESIAN_POINT('',(9.670055162133E-1,1.152469842987E0,
4.480311677455E-1));
#2578=CARTESIAN_POINT('',(9.521369627599E-1,1.215611986293E0,
2.261492301558E-1));
#2579=CARTESIAN_POINT('',(9.423700504312E-1,1.229367061317E0,
7.523586098810E-2));
#2580=CARTESIAN_POINT('',(9.375E-1,1.229367061317E0,0.E0));
#2582=CARTESIAN_POINT('',(1.0625E0,1.229367061317E0,0.E0));
#2583=CARTESIAN_POINT('',(1.067376819423E0,1.229367061317E0,7.534043299014E-2));
#2584=CARTESIAN_POINT('',(1.077131657502E0,1.215565040856E0,2.260638341060E-1));
#2585=CARTESIAN_POINT('',(1.091876167518E0,1.153024062181E0,4.460809514053E-1));
#2586=CARTESIAN_POINT('',(1.106406964843E0,1.052824435389E0,6.480475317230E-1));
#2587=CARTESIAN_POINT('',(1.121090310071E0,9.160746900485E-1,
8.301887254416E-1));
#2588=CARTESIAN_POINT('',(1.135648101769E0,7.497987032573E-1,
9.830786559815E-1));
#2589=CARTESIAN_POINT('',(1.150504786408E0,5.543675007570E-1,1.105265087290E0));
#2590=CARTESIAN_POINT('',(1.165187743127E0,3.420988696296E-1,1.188011449739E0));
#2591=CARTESIAN_POINT('',(1.179754060602E0,1.201463392472E-1,1.230346194100E0));
#2592=CARTESIAN_POINT('',(1.194297231379E0,-1.054742567590E-1,
1.231855113477E0));
#2593=CARTESIAN_POINT('',(1.209152244573E0,-3.323329101469E-1,
1.191131185214E0));
#2594=CARTESIAN_POINT('',(1.224064980502E0,-5.483724381705E-1,
1.108221827804E0));
#2595=CARTESIAN_POINT('',(1.238697678082E0,-7.415731226960E-1,
9.890357263167E-1));
#2596=CARTESIAN_POINT('',(1.253180121919E0,-9.084194878023E-1,
8.385739939121E-1));
#2597=CARTESIAN_POINT('',(1.268001676050E0,-1.048279374044E0,
6.560361433174E-1));
#2598=CARTESIAN_POINT('',(1.283017107978E0,-1.152777827409E0,
4.477683094526E-1));
#2599=CARTESIAN_POINT('',(1.297940926535E0,-1.215816217764E0,
2.249481471836E-1));
#2600=CARTESIAN_POINT('',(1.307674345630E0,-1.229367061317E0,
7.455000035146E-2));
#2601=CARTESIAN_POINT('',(1.3125E0,-1.229367061317E0,0.E0));
#2603=DIRECTION('',(1.E0,0.E0,0.E0));
#2604=VECTOR('',#2603,1.25E-1);
#2605=CARTESIAN_POINT('',(1.4375E0,1.229367061317E0,0.E0));
#2606=LINE('',#2605,#2604);
#2607=CARTESIAN_POINT('',(1.6875E0,-1.229367061317E0,0.E0));
#2608=CARTESIAN_POINT('',(1.682674345630E0,-1.229367061317E0,
7.455000035145E-2));
#2609=CARTESIAN_POINT('',(1.672940926535E0,-1.215816217764E0,
2.249481471836E-1));
#2610=CARTESIAN_POINT('',(1.658017107978E0,-1.152777827409E0,
4.477683094526E-1));
#2611=CARTESIAN_POINT('',(1.643001676050E0,-1.048279374044E0,
6.560361433174E-1));
#2612=CARTESIAN_POINT('',(1.628180121919E0,-9.084194878023E-1,
8.385739939121E-1));
#2613=CARTESIAN_POINT('',(1.613697678082E0,-7.415731226960E-1,
9.890357263167E-1));
#2614=CARTESIAN_POINT('',(1.599064980502E0,-5.483724381705E-1,
1.108221827804E0));
#2615=CARTESIAN_POINT('',(1.584152244573E0,-3.323329101469E-1,
1.191131185214E0));
#2616=CARTESIAN_POINT('',(1.569297231379E0,-1.054742567590E-1,
1.231855113477E0));
#2617=CARTESIAN_POINT('',(1.554754060602E0,1.201463392471E-1,1.230346194100E0));
#2618=CARTESIAN_POINT('',(1.540187743127E0,3.420988696296E-1,1.188011449739E0));
#2619=CARTESIAN_POINT('',(1.525504786408E0,5.543675007570E-1,1.105265087290E0));
#2620=CARTESIAN_POINT('',(1.510648101769E0,7.497987032573E-1,
9.830786559815E-1));
#2621=CARTESIAN_POINT('',(1.496090310071E0,9.160746900485E-1,
8.301887254416E-1));
#2622=CARTESIAN_POINT('',(1.481406964843E0,1.052824435389E0,6.480475317230E-1));
#2623=CARTESIAN_POINT('',(1.466876167518E0,1.153024062181E0,4.460809514053E-1));
#2624=CARTESIAN_POINT('',(1.452131657502E0,1.215565040856E0,2.260638341060E-1));
#2625=CARTESIAN_POINT('',(1.442376819423E0,1.229367061317E0,7.534043299014E-2));
#2626=CARTESIAN_POINT('',(1.4375E0,1.229367061317E0,0.E0));
#2628=CARTESIAN_POINT('',(1.5625E0,1.229367061317E0,0.E0));
#2629=CARTESIAN_POINT('',(1.567384286725E0,1.229367061317E0,7.545579296900E-2));
#2630=CARTESIAN_POINT('',(1.577162159624E0,1.215360725466E0,2.264939757371E-1));
#2631=CARTESIAN_POINT('',(1.591760991794E0,1.153731296309E0,4.444446776246E-1));
#2632=CARTESIAN_POINT('',(1.606579473361E0,1.051633594542E0,6.504486354143E-1));
#2633=CARTESIAN_POINT('',(1.621358362542E0,9.132917024698E-1,
8.333018889467E-1));
#2634=CARTESIAN_POINT('',(1.635953771740E0,7.460133206622E-1,
9.859505444186E-1));
#2635=CARTESIAN_POINT('',(1.650730443183E0,5.511697482928E-1,1.106693859795E0));
#2636=CARTESIAN_POINT('',(1.665312444904E0,3.402582501721E-1,1.188637948010E0));
#2637=CARTESIAN_POINT('',(1.680116308556E0,1.145697566228E-1,1.231042736463E0));
#2638=CARTESIAN_POINT('',(1.694685152776E0,-1.114940485007E-1,
1.231327064500E0));
#2639=CARTESIAN_POINT('',(1.709531620804E0,-3.379671780865E-1,
1.189416517185E0));
#2640=CARTESIAN_POINT('',(1.724237889182E0,-5.507219874714E-1,
1.106908782575E0));
#2641=CARTESIAN_POINT('',(1.738891284555E0,-7.440445683124E-1,
9.873253373353E-1));
#2642=CARTESIAN_POINT('',(1.753490746069E0,-9.117210385462E-1,
8.350547860762E-1));
#2643=CARTESIAN_POINT('',(1.768291705817E0,-1.050639979626E0,
6.521835663908E-1));
#2644=CARTESIAN_POINT('',(1.783224141239E0,-1.153736377742E0,
4.446965228505E-1));
#2645=CARTESIAN_POINT('',(1.797867596899E0,-1.215452190863E0,
2.260365143247E-1));
#2646=CARTESIAN_POINT('',(1.807632901796E0,-1.229367061317E0,
7.519025297514E-2));
#2647=CARTESIAN_POINT('',(1.8125E0,-1.229367061317E0,0.E0));
#2649=DIRECTION('',(1.E0,0.E0,1.045250912017E-14));
#2650=VECTOR('',#2649,1.25E-1);
#2651=CARTESIAN_POINT('',(1.9375E0,1.229367061317E0,0.E0));
#2652=LINE('',#2651,#2650);
#2653=CARTESIAN_POINT('',(2.1875E0,-1.229367061317E0,0.E0));
#2654=CARTESIAN_POINT('',(2.182632901796E0,-1.229367061317E0,
7.519025297514E-2));
#2655=CARTESIAN_POINT('',(2.172867596899E0,-1.215452190863E0,
2.260365143247E-1));
#2656=CARTESIAN_POINT('',(2.158224141239E0,-1.153736377742E0,
4.446965228505E-1));
#2657=CARTESIAN_POINT('',(2.143291705817E0,-1.050639979626E0,
6.521835663908E-1));
#2658=CARTESIAN_POINT('',(2.128490746069E0,-9.117210385462E-1,
8.350547860762E-1));
#2659=CARTESIAN_POINT('',(2.113891284555E0,-7.440445683124E-1,
9.873253373353E-1));
#2660=CARTESIAN_POINT('',(2.099237889182E0,-5.507219874714E-1,
1.106908782575E0));
#2661=CARTESIAN_POINT('',(2.084531620804E0,-3.379671780865E-1,
1.189416517185E0));
#2662=CARTESIAN_POINT('',(2.069685152775E0,-1.114940485007E-1,
1.231327064500E0));
#2663=CARTESIAN_POINT('',(2.055116308556E0,1.145697566228E-1,1.231042736463E0));
#2664=CARTESIAN_POINT('',(2.040312444904E0,3.402582501721E-1,1.188637948010E0));
#2665=CARTESIAN_POINT('',(2.025730443183E0,5.511697482928E-1,1.106693859795E0));
#2666=CARTESIAN_POINT('',(2.010953771740E0,7.460133206622E-1,
9.859505444186E-1));
#2667=CARTESIAN_POINT('',(1.996358362542E0,9.132917024698E-1,
8.333018889467E-1));
#2668=CARTESIAN_POINT('',(1.981579473361E0,1.051633594542E0,6.504486354143E-1));
#2669=CARTESIAN_POINT('',(1.966760991794E0,1.153731296309E0,4.444446776246E-1));
#2670=CARTESIAN_POINT('',(1.952162159624E0,1.215360725466E0,2.264939757371E-1));
#2671=CARTESIAN_POINT('',(1.942384286725E0,1.229367061317E0,7.545579296900E-2));
#2672=CARTESIAN_POINT('',(1.9375E0,1.229367061317E0,0.E0));
#2674=CARTESIAN_POINT('',(2.0625E0,1.229367061317E0,0.E0));
#2675=CARTESIAN_POINT('',(2.067329550741E0,1.229367061317E0,7.461019414817E-2));
#2676=CARTESIAN_POINT('',(2.077061566351E0,1.215762446942E0,2.249761928277E-1));
#2677=CARTESIAN_POINT('',(2.091913798979E0,1.153119786592E0,4.467516977291E-1));
#2678=CARTESIAN_POINT('',(2.106913840340E0,1.048968893563E0,6.549135818359E-1));
#2679=CARTESIAN_POINT('',(2.121731173643E0,9.093761750666E-1,
8.375851494548E-1));
#2680=CARTESIAN_POINT('',(2.136265915142E0,7.420351356220E-1,9.88707609E-1));
#2681=CARTESIAN_POINT('',(2.150860189773E0,5.493889590694E-1,1.107657931252E0));
#2682=CARTESIAN_POINT('',(2.165736965817E0,3.339877762138E-1,1.190656396109E0));
#2683=CARTESIAN_POINT('',(2.180592443037E0,1.071857616814E-1,1.231702277496E0));
#2684=CARTESIAN_POINT('',(2.195147248800E0,-1.186313004115E-1,
1.230561247898E0));
#2685=CARTESIAN_POINT('',(2.209798466208E0,-3.418920993687E-1,
1.188079153902E0));
#2686=CARTESIAN_POINT('',(2.224411319204E0,-5.531801572355E-1,
1.105795579303E0));
#2687=CARTESIAN_POINT('',(2.239265576832E0,-7.487380925144E-1,
9.839060572241E-1));
#2688=CARTESIAN_POINT('',(2.253834552473E0,-9.153042128497E-1,
8.310663636895E-1));
#2689=CARTESIAN_POINT('',(2.268561554666E0,-1.052626049542E0,
6.484977590323E-1));
#2690=CARTESIAN_POINT('',(2.283150604017E0,-1.153175569411E0,
4.456946648056E-1));
#2691=CARTESIAN_POINT('',(2.297853147532E0,-1.215493698130E0,
2.262881864561E-1));
#2692=CARTESIAN_POINT('',(2.307617645442E0,-1.229367061317E0,
7.542594353655E-2));
#2693=CARTESIAN_POINT('',(2.3125E0,-1.229367061317E0,0.E0));
#2695=DIRECTION('',(1.E0,0.E0,0.E0));
#2696=VECTOR('',#2695,1.25E-1);
#2697=CARTESIAN_POINT('',(2.4375E0,1.229367061317E0,0.E0));
#2698=LINE('',#2697,#2696);
#2699=CARTESIAN_POINT('',(2.6875E0,-1.229367061317E0,0.E0));
#2700=CARTESIAN_POINT('',(2.682617645442E0,-1.229367061317E0,
7.542594353654E-2));
#2701=CARTESIAN_POINT('',(2.672853147532E0,-1.215493698130E0,
2.262881864561E-1));
#2702=CARTESIAN_POINT('',(2.658150604017E0,-1.153175569411E0,
4.456946648056E-1));
#2703=CARTESIAN_POINT('',(2.643561554666E0,-1.052626049542E0,
6.484977590324E-1));
#2704=CARTESIAN_POINT('',(2.628834552473E0,-9.153042128497E-1,
8.310663636895E-1));
#2705=CARTESIAN_POINT('',(2.614265576832E0,-7.487380925144E-1,
9.839060572241E-1));
#2706=CARTESIAN_POINT('',(2.599411319204E0,-5.531801572355E-1,
1.105795579303E0));
#2707=CARTESIAN_POINT('',(2.584798466208E0,-3.418920993687E-1,
1.188079153902E0));
#2708=CARTESIAN_POINT('',(2.570147248800E0,-1.186313004115E-1,
1.230561247898E0));
#2709=CARTESIAN_POINT('',(2.555592443037E0,1.071857616814E-1,1.231702277496E0));
#2710=CARTESIAN_POINT('',(2.540736965817E0,3.339877762138E-1,1.190656396109E0));
#2711=CARTESIAN_POINT('',(2.525860189773E0,5.493889590694E-1,1.107657931252E0));
#2712=CARTESIAN_POINT('',(2.511265915142E0,7.420351356220E-1,9.88707609E-1));
#2713=CARTESIAN_POINT('',(2.496731173643E0,9.093761750666E-1,
8.375851494548E-1));
#2714=CARTESIAN_POINT('',(2.481913840340E0,1.048968893563E0,6.549135818359E-1));
#2715=CARTESIAN_POINT('',(2.466913798979E0,1.153119786592E0,4.467516977291E-1));
#2716=CARTESIAN_POINT('',(2.452061566351E0,1.215762446942E0,2.249761928277E-1));
#2717=CARTESIAN_POINT('',(2.442329550741E0,1.229367061317E0,7.461019414817E-2));
#2718=CARTESIAN_POINT('',(2.4375E0,1.229367061317E0,0.E0));
#2720=CARTESIAN_POINT('',(2.5625E0,1.229367061317E0,0.E0));
#2721=CARTESIAN_POINT('',(2.567372949783E0,1.229367061317E0,7.528065215607E-2));
#2722=CARTESIAN_POINT('',(2.577118224308E0,1.215543509243E0,2.258456542057E-1));
#2723=CARTESIAN_POINT('',(2.591783337639E0,1.153510998655E0,4.447221054371E-1));
#2724=CARTESIAN_POINT('',(2.606348422512E0,1.053363439448E0,6.473118671359E-1));
#2725=CARTESIAN_POINT('',(2.621074054024E0,9.162111967493E-1,
8.299741773537E-1));
#2726=CARTESIAN_POINT('',(2.635519452859E0,7.513286850532E-1,
9.817839821463E-1));
#2727=CARTESIAN_POINT('',(2.650395578582E0,5.559730121371E-1,1.104661344151E0));
#2728=CARTESIAN_POINT('',(2.665416803325E0,3.387908261580E-1,1.189387691368E0));
#2729=CARTESIAN_POINT('',(2.680347522252E0,1.109748051248E-1,1.231406711752E0));
#2730=CARTESIAN_POINT('',(2.694868455572E0,-1.142993558462E-1,
1.230842474711E0));
#2731=CARTESIAN_POINT('',(2.709422464256E0,-3.363081678704E-1,
1.189780087956E0));
#2732=CARTESIAN_POINT('',(2.724304789005E0,-5.517820108550E-1,
1.106724936928E0));
#2733=CARTESIAN_POINT('',(2.739222830528E0,-7.482393636811E-1,
9.843226095217E-1));
#2734=CARTESIAN_POINT('',(2.753813644885E0,-9.150260070621E-1,
8.312593676083E-1));
#2735=CARTESIAN_POINT('',(2.768383907126E0,-1.051080351130E0,
6.507864668720E-1));
#2736=CARTESIAN_POINT('',(2.782989314157E0,-1.152387870628E0,
4.480808140961E-1));
#2737=CARTESIAN_POINT('',(2.797851000180E0,-1.215588235736E0,
2.263394577048E-1));
#2738=CARTESIAN_POINT('',(2.807622636507E0,-1.229367061317E0,
7.534883815641E-2));
#2739=CARTESIAN_POINT('',(2.8125E0,-1.229367061317E0,0.E0));
#2741=DIRECTION('',(1.E0,0.E0,-1.835777836885E-14));
#2742=VECTOR('',#2741,1.25E-1);
#2743=CARTESIAN_POINT('',(2.9375E0,1.229367061317E0,0.E0));
#2744=LINE('',#2743,#2742);
#2745=CARTESIAN_POINT('',(3.1875E0,-1.229367061317E0,0.E0));
#2746=CARTESIAN_POINT('',(3.182622636507E0,-1.229367061317E0,
7.534883815641E-2));
#2747=CARTESIAN_POINT('',(3.172851000180E0,-1.215588235736E0,
2.263394577048E-1));
#2748=CARTESIAN_POINT('',(3.157989314157E0,-1.152387870628E0,
4.480808140961E-1));
#2749=CARTESIAN_POINT('',(3.143383907126E0,-1.051080351130E0,
6.507864668720E-1));
#2750=CARTESIAN_POINT('',(3.128813644885E0,-9.150260070621E-1,
8.312593676083E-1));
#2751=CARTESIAN_POINT('',(3.114222830528E0,-7.482393636811E-1,
9.843226095217E-1));
#2752=CARTESIAN_POINT('',(3.099304789005E0,-5.517820108550E-1,
1.106724936928E0));
#2753=CARTESIAN_POINT('',(3.084422464256E0,-3.363081678704E-1,
1.189780087956E0));
#2754=CARTESIAN_POINT('',(3.069868455572E0,-1.142993558462E-1,
1.230842474711E0));
#2755=CARTESIAN_POINT('',(3.055347522252E0,1.109748051248E-1,1.231406711752E0));
#2756=CARTESIAN_POINT('',(3.040416803325E0,3.387908261580E-1,1.189387691368E0));
#2757=CARTESIAN_POINT('',(3.025395578582E0,5.559730121371E-1,1.104661344151E0));
#2758=CARTESIAN_POINT('',(3.010519452859E0,7.513286850532E-1,
9.817839821463E-1));
#2759=CARTESIAN_POINT('',(2.996074054024E0,9.162111967493E-1,
8.299741773537E-1));
#2760=CARTESIAN_POINT('',(2.981348422512E0,1.053363439448E0,6.473118671358E-1));
#2761=CARTESIAN_POINT('',(2.966783337639E0,1.153510998655E0,4.447221054371E-1));
#2762=CARTESIAN_POINT('',(2.952118224308E0,1.215543509243E0,2.258456542057E-1));
#2763=CARTESIAN_POINT('',(2.942372949783E0,1.229367061317E0,7.528065215607E-2));
#2764=CARTESIAN_POINT('',(2.9375E0,1.229367061317E0,0.E0));
#2766=CARTESIAN_POINT('',(3.0625E0,1.229367061317E0,0.E0));
#2767=CARTESIAN_POINT('',(3.067358193349E0,1.229367061317E0,7.505268470188E-2));
#2768=CARTESIAN_POINT('',(3.077141486622E0,1.215654878907E0,2.262215012852E-1));
#2769=CARTESIAN_POINT('',(3.092130998757E0,1.151969579255E0,4.499289698951E-1));
#2770=CARTESIAN_POINT('',(3.107093525607E0,1.047355347367E0,6.572048065523E-1));
#2771=CARTESIAN_POINT('',(3.121701429757E0,9.095597803953E-1,
8.371139189799E-1));
#2772=CARTESIAN_POINT('',(3.136163233013E0,7.433532427035E-1,
9.878240840832E-1));
#2773=CARTESIAN_POINT('',(3.150817184390E0,5.499050309452E-1,1.107177581431E0));
#2774=CARTESIAN_POINT('',(3.165260146111E0,3.410053686910E-1,1.188300564604E0));
#2775=CARTESIAN_POINT('',(3.179938790933E0,1.173013938072E-1,1.230633810719E0));
#2776=CARTESIAN_POINT('',(3.194329948971E0,-1.059796379680E-1,
1.231671914001E0));
#2777=CARTESIAN_POINT('',(3.209151182562E0,-3.323075227601E-1,
1.191157057740E0));
#2778=CARTESIAN_POINT('',(3.224157441946E0,-5.497679770345E-1,
1.107799015297E0));
#2779=CARTESIAN_POINT('',(3.239129269959E0,-7.470972402187E-1,
9.852146702981E-1));
#2780=CARTESIAN_POINT('',(3.253666899150E0,-9.133802073286E-1,
8.328538793595E-1));
#2781=CARTESIAN_POINT('',(3.268120368500E0,-1.048987404197E0,
6.543014707129E-1));
#2782=CARTESIAN_POINT('',(3.282967588525E0,-1.152443174024E0,
4.484733326908E-1));
#2783=CARTESIAN_POINT('',(3.297880732725E0,-1.215665374311E0,
2.258724688844E-1));
#2784=CARTESIAN_POINT('',(3.307644305231E0,-1.229367061317E0,
7.501408492962E-2));
#2785=CARTESIAN_POINT('',(3.3125E0,-1.229367061317E0,0.E0));
#2787=DIRECTION('',(1.E0,0.E0,0.E0));
#2788=VECTOR('',#2787,1.25E-1);
#2789=CARTESIAN_POINT('',(3.4375E0,1.229367061317E0,0.E0));
#2790=LINE('',#2789,#2788);
#2791=CARTESIAN_POINT('',(3.6875E0,-1.229367061317E0,0.E0));
#2792=CARTESIAN_POINT('',(3.682644305231E0,-1.229367061317E0,
7.501408492962E-2));
#2793=CARTESIAN_POINT('',(3.672880732725E0,-1.215665374311E0,
2.258724688844E-1));
#2794=CARTESIAN_POINT('',(3.657967588525E0,-1.152443174024E0,
4.484733326908E-1));
#2795=CARTESIAN_POINT('',(3.643120368500E0,-1.048987404197E0,
6.543014707129E-1));
#2796=CARTESIAN_POINT('',(3.628666899150E0,-9.133802073286E-1,
8.328538793595E-1));
#2797=CARTESIAN_POINT('',(3.614129269959E0,-7.470972402187E-1,
9.852146702981E-1));
#2798=CARTESIAN_POINT('',(3.599157441946E0,-5.497679770345E-1,
1.107799015297E0));
#2799=CARTESIAN_POINT('',(3.584151182562E0,-3.323075227601E-1,
1.191157057740E0));
#2800=CARTESIAN_POINT('',(3.569329948971E0,-1.059796379680E-1,
1.231671914001E0));
#2801=CARTESIAN_POINT('',(3.554938790933E0,1.173013938072E-1,1.230633810719E0));
#2802=CARTESIAN_POINT('',(3.540260146111E0,3.410053686910E-1,1.188300564604E0));
#2803=CARTESIAN_POINT('',(3.525817184390E0,5.499050309451E-1,1.107177581431E0));
#2804=CARTESIAN_POINT('',(3.511163233013E0,7.433532427035E-1,
9.878240840832E-1));
#2805=CARTESIAN_POINT('',(3.496701429757E0,9.095597803953E-1,
8.371139189799E-1));
#2806=CARTESIAN_POINT('',(3.482093525607E0,1.047355347367E0,6.572048065523E-1));
#2807=CARTESIAN_POINT('',(3.467130998757E0,1.151969579255E0,4.499289698950E-1));
#2808=CARTESIAN_POINT('',(3.452141486622E0,1.215654878907E0,2.262215012851E-1));
#2809=CARTESIAN_POINT('',(3.442358193349E0,1.229367061317E0,7.505268470186E-2));
#2810=CARTESIAN_POINT('',(3.4375E0,1.229367061317E0,0.E0));
#2812=CARTESIAN_POINT('',(3.748214285714E0,-8.495696579712E-1,
8.885801976788E-1));
#2813=CARTESIAN_POINT('',(3.752478409240E0,-8.971838338446E-1,
8.430563842773E-1));
#2814=CARTESIAN_POINT('',(3.761017571054E0,-9.852670089808E-1,
7.442630333188E-1));
#2815=CARTESIAN_POINT('',(3.773966478130E0,-1.092769719515E0,
5.747976580003E-1));
#2816=CARTESIAN_POINT('',(3.786733289349E0,-1.170543446111E0,
3.928345945749E-1));
#2817=CARTESIAN_POINT('',(3.799658795952E0,-1.218734975739E0,
1.983943420306E-1));
#2818=CARTESIAN_POINT('',(3.808219928975E0,-1.229367061317E0,
6.612145669372E-2));
#2819=CARTESIAN_POINT('',(3.8125E0,-1.229367061317E0,0.E0));
#2821=CARTESIAN_POINT('',(3.5625E0,1.229367061317E0,0.E0));
#2822=CARTESIAN_POINT('',(3.567208193012E0,1.229367061317E0,7.273537717364E-2));
#2823=CARTESIAN_POINT('',(3.576660329879E0,1.216494486182E0,2.187799930340E-1));
#2824=CARTESIAN_POINT('',(3.591057631929E0,1.157348783960E0,4.341329204277E-1));
#2825=CARTESIAN_POINT('',(3.605338498062E0,1.061049045145E0,6.336185329470E-1));
#2826=CARTESIAN_POINT('',(3.619341476015E0,9.336332346382E-1,
8.094716336960E-1));
#2827=CARTESIAN_POINT('',(3.633403910025E0,7.769638624794E-1,
9.612057827678E-1));
#2828=CARTESIAN_POINT('',(3.647828443223E0,5.910682637358E-1,1.085720696284E0));
#2829=CARTESIAN_POINT('',(3.662298299473E0,3.849521474074E-1,1.174673046118E0));
#2830=CARTESIAN_POINT('',(3.676607192223E0,1.686315674137E-1,1.224197708727E0));
#2831=CARTESIAN_POINT('',(3.690515423146E0,-4.681992065709E-2,
1.234895276717E0));
#2832=CARTESIAN_POINT('',(3.704876317319E0,-2.677787861727E-1,
1.206860302041E0));
#2833=CARTESIAN_POINT('',(3.719441665695E0,-4.830267834217E-1,
1.138030348208E0));
#2834=CARTESIAN_POINT('',(3.734012465985E0,-6.820663912700E-1,
1.030916113538E0));
#2835=CARTESIAN_POINT('',(3.743504762778E0,-7.969820506983E-1,
9.388590983802E-1));
#2836=CARTESIAN_POINT('',(3.748214285714E0,-8.495696579712E-1,
8.885801976788E-1));
#2838=DIRECTION('',(1.E0,0.E0,0.E0));
#2839=VECTOR('',#2838,1.25E-1);
#2840=CARTESIAN_POINT('',(3.9375E0,1.229367061317E0,0.E0));
#2841=LINE('',#2840,#2839);
#2842=CARTESIAN_POINT('',(4.123214285714E0,-8.495696579712E-1,
8.885801976788E-1));
#2843=CARTESIAN_POINT('',(4.118504762778E0,-7.969820506983E-1,
9.388590983802E-1));
#2844=CARTESIAN_POINT('',(4.109012465985E0,-6.820663912700E-1,
1.030916113538E0));
#2845=CARTESIAN_POINT('',(4.094441665695E0,-4.830267834217E-1,
1.138030348208E0));
#2846=CARTESIAN_POINT('',(4.079876317319E0,-2.677787861727E-1,
1.206860302041E0));
#2847=CARTESIAN_POINT('',(4.065515423146E0,-4.681992065707E-2,
1.234895276717E0));
#2848=CARTESIAN_POINT('',(4.051607192223E0,1.686315674137E-1,1.224197708727E0));
#2849=CARTESIAN_POINT('',(4.037298299473E0,3.849521474074E-1,1.174673046118E0));
#2850=CARTESIAN_POINT('',(4.022828443223E0,5.910682637358E-1,1.085720696284E0));
#2851=CARTESIAN_POINT('',(4.008403910025E0,7.769638624794E-1,
9.612057827678E-1));
#2852=CARTESIAN_POINT('',(3.994341476015E0,9.336332346382E-1,
8.094716336960E-1));
#2853=CARTESIAN_POINT('',(3.980338498062E0,1.061049045145E0,6.336185329470E-1));
#2854=CARTESIAN_POINT('',(3.966057631929E0,1.157348783960E0,4.341329204277E-1));
#2855=CARTESIAN_POINT('',(3.951660329879E0,1.216494486182E0,2.187799930340E-1));
#2856=CARTESIAN_POINT('',(3.942208193012E0,1.229367061317E0,7.273537717364E-2));
#2857=CARTESIAN_POINT('',(3.9375E0,1.229367061317E0,0.E0));
#2859=CARTESIAN_POINT('',(4.1875E0,-1.229367061317E0,0.E0));
#2860=CARTESIAN_POINT('',(4.183219928975E0,-1.229367061317E0,
6.612145669372E-2));
#2861=CARTESIAN_POINT('',(4.174658795952E0,-1.218734975739E0,
1.983943420306E-1));
#2862=CARTESIAN_POINT('',(4.161733289349E0,-1.170543446111E0,
3.928345945749E-1));
#2863=CARTESIAN_POINT('',(4.148966478130E0,-1.092769719515E0,
5.747976580003E-1));
#2864=CARTESIAN_POINT('',(4.136017571054E0,-9.852670089808E-1,
7.442630333188E-1));
#2865=CARTESIAN_POINT('',(4.127478409240E0,-8.971838338446E-1,
8.430563842773E-1));
#2866=CARTESIAN_POINT('',(4.123214285714E0,-8.495696579712E-1,
8.885801976788E-1));
#2868=CARTESIAN_POINT('',(4.0625E0,1.229367061317E0,0.E0));
#2869=CARTESIAN_POINT('',(4.067377662696E0,1.229367061317E0,7.535346044571E-2));
#2870=CARTESIAN_POINT('',(4.077133848548E0,1.215556024392E0,2.260965744423E-1));
#2871=CARTESIAN_POINT('',(4.091873705425E0,1.153037317202E0,4.460451052147E-1));
#2872=CARTESIAN_POINT('',(4.106410150245E0,1.052805330288E0,6.480937336168E-1));
#2873=CARTESIAN_POINT('',(4.121100032893E0,9.159757892991E-1,
8.303028640652E-1));
#2874=CARTESIAN_POINT('',(4.135659492185E0,7.496588592834E-1,
9.831880612500E-1));
#2875=CARTESIAN_POINT('',(4.150516341658E0,5.542043116719E-1,1.105338969273E0));
#2876=CARTESIAN_POINT('',(4.165189959961E0,3.420654211827E-1,1.188021141760E0));
#2877=CARTESIAN_POINT('',(4.179766307313E0,1.199583626833E-1,1.230373308243E0));
#2878=CARTESIAN_POINT('',(4.194311766603E0,-1.056996760387E-1,
1.231835643087E0));
#2879=CARTESIAN_POINT('',(4.209167068262E0,-3.325547756196E-1,
1.191068673162E0));
#2880=CARTESIAN_POINT('',(4.224076045412E0,-5.485227482721E-1,
1.108138618169E0));
#2881=CARTESIAN_POINT('',(4.238701581790E0,-7.416223807532E-1,
9.889999853801E-1));
#2882=CARTESIAN_POINT('',(4.253191750251E0,-9.085457372494E-1,
8.384452743121E-1));
#2883=CARTESIAN_POINT('',(4.268013207291E0,-1.048373711355E0,
6.558830491472E-1));
#2884=CARTESIAN_POINT('',(4.283026945891E0,-1.152827745095E0,
4.476239889125E-1));
#2885=CARTESIAN_POINT('',(4.297942033415E0,-1.215813121612E0,
2.249298861600E-1));
#2886=CARTESIAN_POINT('',(4.307674440904E0,-1.229367061317E0,
7.454852850151E-2));
#2887=CARTESIAN_POINT('',(4.3125E0,-1.229367061317E0,0.E0));
#2889=DIRECTION('',(1.E0,0.E0,-1.245195039461E-14));
#2890=VECTOR('',#2889,1.25E-1);
#2891=CARTESIAN_POINT('',(4.4375E0,1.229367061317E0,0.E0));
#2892=LINE('',#2891,#2890);
#2893=CARTESIAN_POINT('',(4.6875E0,-1.229367061317E0,0.E0));
#2894=CARTESIAN_POINT('',(4.682674440904E0,-1.229367061317E0,
7.454852850151E-2));
#2895=CARTESIAN_POINT('',(4.672942033415E0,-1.215813121612E0,
2.249298861600E-1));
#2896=CARTESIAN_POINT('',(4.658026945891E0,-1.152827745095E0,
4.476239889125E-1));
#2897=CARTESIAN_POINT('',(4.643013207291E0,-1.048373711355E0,
6.558830491472E-1));
#2898=CARTESIAN_POINT('',(4.628191750251E0,-9.085457372494E-1,
8.384452743121E-1));
#2899=CARTESIAN_POINT('',(4.613701581790E0,-7.416223807532E-1,
9.889999853801E-1));
#2900=CARTESIAN_POINT('',(4.599076045412E0,-5.485227482721E-1,
1.108138618169E0));
#2901=CARTESIAN_POINT('',(4.584167068262E0,-3.325547756196E-1,
1.191068673162E0));
#2902=CARTESIAN_POINT('',(4.569311766603E0,-1.056996760387E-1,
1.231835643087E0));
#2903=CARTESIAN_POINT('',(4.554766307313E0,1.199583626833E-1,1.230373308243E0));
#2904=CARTESIAN_POINT('',(4.540189959961E0,3.420654211827E-1,1.188021141760E0));
#2905=CARTESIAN_POINT('',(4.525516341658E0,5.542043116719E-1,1.105338969273E0));
#2906=CARTESIAN_POINT('',(4.510659492185E0,7.496588592834E-1,
9.831880612500E-1));
#2907=CARTESIAN_POINT('',(4.496100032893E0,9.159757892991E-1,
8.303028640652E-1));
#2908=CARTESIAN_POINT('',(4.481410150245E0,1.052805330288E0,6.480937336168E-1));
#2909=CARTESIAN_POINT('',(4.466873705425E0,1.153037317202E0,4.460451052147E-1));
#2910=CARTESIAN_POINT('',(4.452133848548E0,1.215556024392E0,2.260965744423E-1));
#2911=CARTESIAN_POINT('',(4.442377662696E0,1.229367061317E0,7.535346044571E-2));
#2912=CARTESIAN_POINT('',(4.4375E0,1.229367061317E0,0.E0));
#2914=CARTESIAN_POINT('',(4.5625E0,1.229367061317E0,0.E0));
#2915=CARTESIAN_POINT('',(4.567383634366E0,1.229367061317E0,7.544571487745E-2));
#2916=CARTESIAN_POINT('',(4.577161290879E0,1.215361481021E0,2.264799622919E-1));
#2917=CARTESIAN_POINT('',(4.591759616931E0,1.153743906644E0,4.444269196689E-1));
#2918=CARTESIAN_POINT('',(4.606587750450E0,1.051571784072E0,6.505611944277E-1));
#2919=CARTESIAN_POINT('',(4.621368447698E0,9.131865212194E-1,
8.334188640747E-1));
#2920=CARTESIAN_POINT('',(4.635964561882E0,7.458774779817E-1,
9.860482558518E-1));
#2921=CARTESIAN_POINT('',(4.650734562326E0,5.511113610387E-1,1.106720461924E0));
#2922=CARTESIAN_POINT('',(4.665321136638E0,3.401304759017E-1,1.188681654774E0));
#2923=CARTESIAN_POINT('',(4.680129853810E0,1.143604108857E-1,1.231063828311E0));
#2924=CARTESIAN_POINT('',(4.694698748854E0,-1.117051070936E-1,
1.231308930210E0));
#2925=CARTESIAN_POINT('',(4.709544069151E0,-3.381501978597E-1,
1.189355173971E0));
#2926=CARTESIAN_POINT('',(4.724238847590E0,-5.507351453291E-1,
1.106900787324E0));
#2927=CARTESIAN_POINT('',(4.738901447379E0,-7.441747012519E-1,
9.872367143875E-1));
#2928=CARTESIAN_POINT('',(4.753501300919E0,-9.118309619191E-1,
8.349323044272E-1));
#2929=CARTESIAN_POINT('',(4.768301165635E0,-1.050715090264E0,
6.520572730780E-1));
#2930=CARTESIAN_POINT('',(4.783227691163E0,-1.153749008366E0,
4.446422485970E-1));
#2931=CARTESIAN_POINT('',(4.797864371050E0,-1.215440261123E0,
2.260854201380E-1));
#2932=CARTESIAN_POINT('',(4.807631188601E0,-1.229367061317E0,
7.521671958146E-2));
#2933=CARTESIAN_POINT('',(4.8125E0,-1.229367061317E0,0.E0));
#2935=DIRECTION('',(5.E-1,-3.885408282002E-2,-8.651533738293E-1));
#2936=VECTOR('',#2935,3.125E-1);
#2937=CARTESIAN_POINT('',(1.933928571429E0,-5.515534464450E-2,
-1.228129170490E0));
#2938=LINE('',#2937,#2936);
#2939=CARTESIAN_POINT('',(8.125E-1,-1.229367061317E0,0.E0));
#2940=CARTESIAN_POINT('',(8.173298370115E-1,-1.229367061317E0,
-7.461461665182E-2));
#2941=CARTESIAN_POINT('',(8.270739447271E-1,-1.215810088457E0,
-2.251832018747E-1));
#2942=CARTESIAN_POINT('',(8.420434313633E-1,-1.152463747629E0,
-4.486540506860E-1));
#2943=CARTESIAN_POINT('',(8.570661711065E-1,-1.047722114403E0,
-6.569355210343E-1));
#2944=CARTESIAN_POINT('',(8.718846404162E-1,-9.077115128736E-1,
-8.392856403392E-1));
#2945=CARTESIAN_POINT('',(8.863197945026E-1,-7.413551030757E-1,
-9.892001559959E-1));
#2946=CARTESIAN_POINT('',(9.010044252705E-1,-5.474292956097E-1,
-1.108742256943E0));
#2947=CARTESIAN_POINT('',(9.159329765378E-1,-3.310549440442E-1,
-1.191485531409E0));
#2948=CARTESIAN_POINT('',(9.307849095239E-1,-1.042009125729E-1,
-1.231958862413E0));
#2949=CARTESIAN_POINT('',(9.453090196490E-1,1.211149765876E-1,
-1.230206473809E0));
#2950=CARTESIAN_POINT('',(9.598316828809E-1,3.423919754601E-1,
-1.187932983074E0));
#2951=CARTESIAN_POINT('',(9.745623919939E-1,5.553133179721E-1,
-1.104828200508E0));
#2952=CARTESIAN_POINT('',(9.894165633445E-1,7.505924470423E-1,
-9.824575373005E-1));
#2953=CARTESIAN_POINT('',(1.003963033593E0,9.166124230508E-1,
-8.295586389187E-1));
#2954=CARTESIAN_POINT('',(1.018605684435E0,1.052893539168E0,
-6.478597200594E-1));
#2955=CARTESIAN_POINT('',(1.033115623574E0,1.152985415363E0,
-4.462029851362E-1));
#2956=CARTESIAN_POINT('',(1.047882249907E0,1.215615563746E0,
-2.258539930944E-1));
#2957=CARTESIAN_POINT('',(1.057628785479E0,1.229367061317E0,
-7.525384464868E-2));
#2958=CARTESIAN_POINT('',(1.0625E0,1.229367061317E0,0.E0));
#2960=DIRECTION('',(1.E0,0.E0,1.247150530996E-14));
#2961=VECTOR('',#2960,1.25E-1);
#2962=CARTESIAN_POINT('',(6.875E-1,-1.229367061317E0,0.E0));
#2963=LINE('',#2962,#2961);
#2964=CARTESIAN_POINT('',(9.375E-1,1.229367061317E0,0.E0));
#2965=CARTESIAN_POINT('',(9.326133443497E-1,1.229367061317E0,
-7.549238974073E-2));
#2966=CARTESIAN_POINT('',(9.228358182833E-1,1.215370008189E0,
-2.265303816787E-1));
#2967=CARTESIAN_POINT('',(9.082253481876E-1,1.153630098798E0,
-4.446312777872E-1));
#2968=CARTESIAN_POINT('',(8.934653071937E-1,1.051963037545E0,
-6.498370831302E-1));
#2969=CARTESIAN_POINT('',(8.786965659005E-1,9.138651978885E-1,
-8.326653042284E-1));
#2970=CARTESIAN_POINT('',(8.641066905214E-1,7.467708854408E-1,
-9.853975293276E-1));
#2971=CARTESIAN_POINT('',(8.492977363138E-1,5.515694072995E-1,
-1.106513535268E0));
#2972=CARTESIAN_POINT('',(8.347304713421E-1,3.408894330190E-1,
-1.188422129094E0));
#2973=CARTESIAN_POINT('',(8.199582057199E-1,1.157203712111E-1,
-1.230920550668E0));
#2974=CARTESIAN_POINT('',(8.053910691003E-1,-1.103108550921E-1,
-1.231428504246E0));
#2975=CARTESIAN_POINT('',(7.905402143669E-1,-3.369080152424E-1,
-1.189762267339E0));
#2976=CARTESIAN_POINT('',(7.757749642035E-1,-5.505470553929E-1,
-1.107009968255E0));
#2977=CARTESIAN_POINT('',(7.611609236221E-1,-7.433762873860E-1,
-9.877815204640E-1));
#2978=CARTESIAN_POINT('',(7.465692834749E-1,-9.110923351311E-1,
-8.357467346904E-1));
#2979=CARTESIAN_POINT('',(7.317638652719E-1,-1.050193227411E0,
-6.529231823245E-1));
#2980=CARTESIAN_POINT('',(7.168040594487E-1,-1.153621926090E0,
-4.451216317400E-1));
#2981=CARTESIAN_POINT('',(7.021121338800E-1,-1.215532243014E0,
-2.257307612001E-1));
#2982=CARTESIAN_POINT('',(6.923564625056E-1,-1.229367061317E0,
-7.502594544580E-2));
#2983=CARTESIAN_POINT('',(6.875E-1,-1.229367061317E0,0.E0));
#2985=CARTESIAN_POINT('',(1.3125E0,-1.229367061317E0,0.E0));
#2986=CARTESIAN_POINT('',(1.317357166360E0,-1.229367061317E0,
-7.503681907527E-2));
#2987=CARTESIAN_POINT('',(1.327071146886E0,-1.215631715809E0,
-2.251175481696E-1));
#2988=CARTESIAN_POINT('',(1.341689394731E0,-1.153998321398E0,
-4.433469313429E-1));
#2989=CARTESIAN_POINT('',(1.356209918704E0,-1.054439180502E0,
-6.454465896739E-1));
#2990=CARTESIAN_POINT('',(1.370873425588E0,-9.182782756500E-1,
-8.276374295159E-1));
#2991=CARTESIAN_POINT('',(1.385346946189E0,-7.535115845128E-1,
-9.802269703776E-1));
#2992=CARTESIAN_POINT('',(1.400339813645E0,-5.567846032874E-1,
-1.104339431579E0));
#2993=CARTESIAN_POINT('',(1.415391802159E0,-3.391648151879E-1,
-1.189310701037E0));
#2994=CARTESIAN_POINT('',(1.430336568923E0,-1.111441105023E-1,
-1.231330064986E0));
#2995=CARTESIAN_POINT('',(1.444761988016E0,1.126538750859E-1,
-1.230980184311E0));
#2996=CARTESIAN_POINT('',(1.459406104280E0,3.360880379364E-1,
-1.189950408888E0));
#2997=CARTESIAN_POINT('',(1.474345422263E0,5.523567717063E-1,
-1.106458666138E0));
#2998=CARTESIAN_POINT('',(1.489269559883E0,7.488270779842E-1,
-9.838869504941E-1));
#2999=CARTESIAN_POINT('',(1.503837339382E0,9.151913801380E-1,
-8.309207028939E-1));
#3000=CARTESIAN_POINT('',(1.518283610859E0,1.050259245730E0,
-6.521055509868E-1));
#3001=CARTESIAN_POINT('',(1.533005035054E0,1.152563403605E0,
-4.478940499847E-1));
#3002=CARTESIAN_POINT('',(1.547876453586E0,1.215640344205E0,
-2.259396609071E-1));
#3003=CARTESIAN_POINT('',(1.557637009525E0,1.229367061317E0,
-7.512679396349E-2));
#3004=CARTESIAN_POINT('',(1.5625E0,1.229367061317E0,0.E0));
#3006=DIRECTION('',(1.E0,0.E0,0.E0));
#3007=VECTOR('',#3006,1.25E-1);
#3008=CARTESIAN_POINT('',(1.1875E0,-1.229367061317E0,0.E0));
#3009=LINE('',#3008,#3007);
#3010=CARTESIAN_POINT('',(1.4375E0,1.229367061317E0,0.E0));
#3011=CARTESIAN_POINT('',(1.432628785479E0,1.229367061317E0,
-7.525384464867E-2));
#3012=CARTESIAN_POINT('',(1.422882249907E0,1.215615563746E0,
-2.258539930944E-1));
#3013=CARTESIAN_POINT('',(1.408115623574E0,1.152985415363E0,
-4.462029851362E-1));
#3014=CARTESIAN_POINT('',(1.393605684435E0,1.052893539168E0,
-6.478597200594E-1));
#3015=CARTESIAN_POINT('',(1.378963033593E0,9.166124230508E-1,
-8.295586389187E-1));
#3016=CARTESIAN_POINT('',(1.364416563345E0,7.505924470423E-1,
-9.824575373005E-1));
#3017=CARTESIAN_POINT('',(1.349562391994E0,5.553133179721E-1,
-1.104828200508E0));
#3018=CARTESIAN_POINT('',(1.334831682881E0,3.423919754601E-1,
-1.187932983074E0));
#3019=CARTESIAN_POINT('',(1.320309019649E0,1.211149765876E-1,
-1.230206473809E0));
#3020=CARTESIAN_POINT('',(1.305784909524E0,-1.042009125729E-1,
-1.231958862413E0));
#3021=CARTESIAN_POINT('',(1.290932976538E0,-3.310549440442E-1,
-1.191485531409E0));
#3022=CARTESIAN_POINT('',(1.276004425271E0,-5.474292956097E-1,
-1.108742256943E0));
#3023=CARTESIAN_POINT('',(1.261319794503E0,-7.413551030757E-1,
-9.892001559959E-1));
#3024=CARTESIAN_POINT('',(1.246884640416E0,-9.077115128736E-1,
-8.392856403392E-1));
#3025=CARTESIAN_POINT('',(1.232066171106E0,-1.047722114403E0,
-6.569355210343E-1));
#3026=CARTESIAN_POINT('',(1.217043431363E0,-1.152463747629E0,
-4.486540506860E-1));
#3027=CARTESIAN_POINT('',(1.202073944727E0,-1.215810088457E0,
-2.251832018747E-1));
#3028=CARTESIAN_POINT('',(1.192329837012E0,-1.229367061317E0,
-7.461461665182E-2));
#3029=CARTESIAN_POINT('',(1.1875E0,-1.229367061317E0,0.E0));
#3031=CARTESIAN_POINT('',(1.933928571429E0,-5.515534464450E-2,
-1.228129170490E0));
#3032=CARTESIAN_POINT('',(1.938623940884E0,1.730888527574E-2,
-1.231383542809E0));
#3033=CARTESIAN_POINT('',(1.948026561312E0,1.630225893505E-1,
-1.225137629024E0));
#3034=CARTESIAN_POINT('',(1.962286734449E0,3.787361163646E-1,
-1.176385605604E0));
#3035=CARTESIAN_POINT('',(1.976341356249E0,5.795732481433E-1,
-1.091561268312E0));
#3036=CARTESIAN_POINT('',(1.990616885053E0,7.650111888304E-1,
-9.706356560157E-1));
#3037=CARTESIAN_POINT('',(2.004653349761E0,9.234523613429E-1,
-8.213037911354E-1));
#3038=CARTESIAN_POINT('',(2.019015545084E0,1.056191807750E0,
-6.424140903467E-1));
#3039=CARTESIAN_POINT('',(2.033631091964E0,1.155885507491E0,
-4.387422200573E-1));
#3040=CARTESIAN_POINT('',(2.048247830598E0,1.216393528180E0,
-2.202091912489E-1));
#3041=CARTESIAN_POINT('',(2.057773541756E0,1.229367061317E0,
-7.301755092876E-2));
#3042=CARTESIAN_POINT('',(2.0625E0,1.229367061317E0,0.E0));
#3044=CARTESIAN_POINT('',(1.8125E0,-1.229367061317E0,0.E0));
#3045=CARTESIAN_POINT('',(1.817496345187E0,-1.229367061317E0,
-7.718694852235E-2));
#3046=CARTESIAN_POINT('',(1.827541615967E0,-1.214859829780E0,
-2.323981893875E-1));
#3047=CARTESIAN_POINT('',(1.842887539891E0,-1.147957501241E0,
-4.609956410365E-1));
#3048=CARTESIAN_POINT('',(1.858150651965E0,-1.038701318865E0,
-6.711602063775E-1));
#3049=CARTESIAN_POINT('',(1.872964298244E0,-8.964128420678E-1,
-8.516855144720E-1));
#3050=CARTESIAN_POINT('',(1.888002130358E0,-7.207292504310E-1,
-1.005252312665E0));
#3051=CARTESIAN_POINT('',(1.903423467493E0,-5.137361655136E-1,
-1.125467087638E0));
#3052=CARTESIAN_POINT('',(1.918866910355E0,-2.869883962482E-1,
-1.203204288297E0));
#3053=CARTESIAN_POINT('',(1.928932732999E0,-1.322567501925E-1,
-1.224666542375E0));
#3054=CARTESIAN_POINT('',(1.933928571429E0,-5.515534464450E-2,
-1.228129170490E0));
#3056=DIRECTION('',(1.E0,0.E0,1.681987882307E-14));
#3057=VECTOR('',#3056,1.25E-1);
#3058=CARTESIAN_POINT('',(1.6875E0,-1.229367061317E0,0.E0));
#3059=LINE('',#3058,#3057);
#3060=CARTESIAN_POINT('',(1.9375E0,1.229367061317E0,0.E0));
#3061=CARTESIAN_POINT('',(1.932637009525E0,1.229367061317E0,
-7.512679396349E-2));
#3062=CARTESIAN_POINT('',(1.922876453586E0,1.215640344205E0,
-2.259396609071E-1));
#3063=CARTESIAN_POINT('',(1.908005035054E0,1.152563403605E0,
-4.478940499847E-1));
#3064=CARTESIAN_POINT('',(1.893283610859E0,1.050259245730E0,
-6.521055509868E-1));
#3065=CARTESIAN_POINT('',(1.878837339382E0,9.151913801380E-1,
-8.309207028939E-1));
#3066=CARTESIAN_POINT('',(1.864269559883E0,7.488270779842E-1,
-9.838869504941E-1));
#3067=CARTESIAN_POINT('',(1.849345422263E0,5.523567717063E-1,
-1.106458666138E0));
#3068=CARTESIAN_POINT('',(1.834406104280E0,3.360880379364E-1,
-1.189950408888E0));
#3069=CARTESIAN_POINT('',(1.819761988016E0,1.126538750859E-1,
-1.230980184311E0));
#3070=CARTESIAN_POINT('',(1.805336568923E0,-1.111441105023E-1,
-1.231330064986E0));
#3071=CARTESIAN_POINT('',(1.790391802159E0,-3.391648151879E-1,
-1.189310701037E0));
#3072=CARTESIAN_POINT('',(1.775339813645E0,-5.567846032874E-1,
-1.104339431579E0));
#3073=CARTESIAN_POINT('',(1.760346946189E0,-7.535115845128E-1,
-9.802269703776E-1));
#3074=CARTESIAN_POINT('',(1.745873425588E0,-9.182782756500E-1,
-8.276374295159E-1));
#3075=CARTESIAN_POINT('',(1.731209918704E0,-1.054439180502E0,
-6.454465896739E-1));
#3076=CARTESIAN_POINT('',(1.716689394731E0,-1.153998321398E0,
-4.433469313429E-1));
#3077=CARTESIAN_POINT('',(1.702071146886E0,-1.215631715809E0,
-2.251175481696E-1));
#3078=CARTESIAN_POINT('',(1.692357166360E0,-1.229367061317E0,
-7.503681907527E-2));
#3079=CARTESIAN_POINT('',(1.6875E0,-1.229367061317E0,0.E0));
#3081=CARTESIAN_POINT('',(2.3125E0,-1.229367061317E0,0.E0));
#3082=CARTESIAN_POINT('',(2.317362582445E0,-1.229367061317E0,
-7.512049044378E-2));
#3083=CARTESIAN_POINT('',(2.327097556781E0,-1.215674572097E0,
-2.255447817242E-1));
#3084=CARTESIAN_POINT('',(2.341880996066E0,-1.153024688905E0,
-4.461638091651E-1));
#3085=CARTESIAN_POINT('',(2.356390764807E0,-1.052884910175E0,
-6.477886169529E-1));
#3086=CARTESIAN_POINT('',(2.370961458690E0,-9.173615325037E-1,
-8.286575164372E-1));
#3087=CARTESIAN_POINT('',(2.385492162839E0,-7.517158464959E-1,
-9.815849636003E-1));
#3088=CARTESIAN_POINT('',(2.400341045904E0,-5.566652325418E-1,
-1.104182164445E0));
#3089=CARTESIAN_POINT('',(2.415122501356E0,-3.430817445483E-1,
-1.187753085247E0));
#3090=CARTESIAN_POINT('',(2.429612947195E0,-1.223149186320E-1,
-1.230036643464E0));
#3091=CARTESIAN_POINT('',(2.444098436066E0,1.023940922309E-1,
-1.232096136011E0));
#3092=CARTESIAN_POINT('',(2.458949253705E0,3.292850509750E-1,
-1.191968719433E0));
#3093=CARTESIAN_POINT('',(2.473887210414E0,5.459527904006E-1,
-1.109545276762E0));
#3094=CARTESIAN_POINT('',(2.488658233478E0,7.410865398970E-1,
-9.894163213708E-1));
#3095=CARTESIAN_POINT('',(2.503027106322E0,9.067429922706E-1,
-8.402509782646E-1));
#3096=CARTESIAN_POINT('',(2.517841373972E0,1.046963933885E0,
-6.581617321114E-1));
#3097=CARTESIAN_POINT('',(2.532873320945E0,1.152021611501E0,
-4.498684269880E-1));
#3098=CARTESIAN_POINT('',(2.547892473217E0,1.215760263448E0,
-2.257062220606E-1));
#3099=CARTESIAN_POINT('',(2.557658692595E0,1.229367061317E0,
-7.479181911376E-2));
#3100=CARTESIAN_POINT('',(2.5625E0,1.229367061317E0,0.E0));
#3102=DIRECTION('',(1.E0,0.E0,0.E0));
#3103=VECTOR('',#3102,1.25E-1);
#3104=CARTESIAN_POINT('',(2.1875E0,-1.229367061317E0,0.E0));
#3105=LINE('',#3104,#3103);
#3106=CARTESIAN_POINT('',(2.308928571429E0,-5.515534464450E-2,
-1.228129170490E0));
#3107=CARTESIAN_POINT('',(2.303932732999E0,-1.322567501925E-1,
-1.224666542375E0));
#3108=CARTESIAN_POINT('',(2.293866910355E0,-2.869883962482E-1,
-1.203204288297E0));
#3109=CARTESIAN_POINT('',(2.278423467493E0,-5.137361655136E-1,
-1.125467087638E0));
#3110=CARTESIAN_POINT('',(2.263002130358E0,-7.207292504310E-1,
-1.005252312665E0));
#3111=CARTESIAN_POINT('',(2.247964298244E0,-8.964128420678E-1,
-8.516855144720E-1));
#3112=CARTESIAN_POINT('',(2.233150651965E0,-1.038701318865E0,
-6.711602063775E-1));
#3113=CARTESIAN_POINT('',(2.217887539891E0,-1.147957501241E0,
-4.609956410364E-1));
#3114=CARTESIAN_POINT('',(2.202541615967E0,-1.214859829780E0,
-2.323981893875E-1));
#3115=CARTESIAN_POINT('',(2.192496345187E0,-1.229367061317E0,
-7.718694852235E-2));
#3116=CARTESIAN_POINT('',(2.1875E0,-1.229367061317E0,0.E0));
#3118=CARTESIAN_POINT('',(2.4375E0,1.229367061317E0,0.E0));
#3119=CARTESIAN_POINT('',(2.432773541756E0,1.229367061317E0,
-7.301755092866E-2));
#3120=CARTESIAN_POINT('',(2.423247830598E0,1.216393528180E0,
-2.202091912487E-1));
#3121=CARTESIAN_POINT('',(2.408631091964E0,1.155885507491E0,
-4.387422200571E-1));
#3122=CARTESIAN_POINT('',(2.394015545084E0,1.056191807750E0,
-6.424140903467E-1));
#3123=CARTESIAN_POINT('',(2.379653349761E0,9.234523613429E-1,
-8.213037911354E-1));
#3124=CARTESIAN_POINT('',(2.365616885053E0,7.650111888304E-1,
-9.706356560157E-1));
#3125=CARTESIAN_POINT('',(2.351341356249E0,5.795732481433E-1,
-1.091561268312E0));
#3126=CARTESIAN_POINT('',(2.337286734449E0,3.787361163646E-1,
-1.176385605604E0));
#3127=CARTESIAN_POINT('',(2.323026561312E0,1.630225893505E-1,
-1.225137629024E0));
#3128=CARTESIAN_POINT('',(2.313623940884E0,1.730888527574E-2,
-1.231383542809E0));
#3129=CARTESIAN_POINT('',(2.308928571429E0,-5.515534464450E-2,
-1.228129170490E0));
#3131=CARTESIAN_POINT('',(2.8125E0,-1.229367061317E0,0.E0));
#3132=CARTESIAN_POINT('',(2.817385763297E0,-1.229367061317E0,
-7.547860405578E-2));
#3133=CARTESIAN_POINT('',(2.827157803660E0,-1.215426698241E0,
-2.264449184693E-1));
#3134=CARTESIAN_POINT('',(2.841813418590E0,-1.153388948499E0,
-4.451804840988E-1));
#3135=CARTESIAN_POINT('',(2.856478548668E0,-1.052356233241E0,
-6.490595506758E-1));
#3136=CARTESIAN_POINT('',(2.871227967409E0,-9.146539884591E-1,
-8.317916759803E-1));
#3137=CARTESIAN_POINT('',(2.885808039165E0,-7.478305437345E-1,
-9.846037282137E-1));
#3138=CARTESIAN_POINT('',(2.900648239114E0,-5.523356989228E-1,
-1.106171267513E0));
#3139=CARTESIAN_POINT('',(2.915225121039E0,-3.415433200186E-1,
-1.188197827185E0));
#3140=CARTESIAN_POINT('',(2.929938308973E0,-1.173154055479E-1,
-1.230732794324E0));
#3141=CARTESIAN_POINT('',(2.944500784210E0,1.086325213580E-1,
-1.231575896554E0));
#3142=CARTESIAN_POINT('',(2.959356701548E0,3.353815727794E-1,
-1.190240632293E0));
#3143=CARTESIAN_POINT('',(2.974188834512E0,5.500547150332E-1,
-1.107286023982E0));
#3144=CARTESIAN_POINT('',(2.988776108455E0,7.425707798880E-1,
-9.883346114492E-1));
#3145=CARTESIAN_POINT('',(3.003344138549E0,9.101806045394E-1,
-8.367366123369E-1));
#3146=CARTESIAN_POINT('',(3.018159023259E0,1.049565972053E0,
-6.539475980395E-1));
#3147=CARTESIAN_POINT('',(3.033143591824E0,1.153392696138E0,
-4.459029861712E-1));
#3148=CARTESIAN_POINT('',(3.047923302581E0,1.215677185664E0,
-2.251984485208E-1));
#3149=CARTESIAN_POINT('',(3.057661463677E0,1.229367061317E0,
-7.474900955399E-2));
#3150=CARTESIAN_POINT('',(3.0625E0,1.229367061317E0,0.E0));
#3152=DIRECTION('',(1.E0,0.E0,1.243449787580E-14));
#3153=VECTOR('',#3152,1.25E-1);
#3154=CARTESIAN_POINT('',(2.6875E0,-1.229367061317E0,0.E0));
#3155=LINE('',#3154,#3153);
#3156=CARTESIAN_POINT('',(2.9375E0,1.229367061317E0,0.E0));
#3157=CARTESIAN_POINT('',(2.932658692595E0,1.229367061317E0,
-7.479181911376E-2));
#3158=CARTESIAN_POINT('',(2.922892473217E0,1.215760263448E0,
-2.257062220606E-1));
#3159=CARTESIAN_POINT('',(2.907873320945E0,1.152021611501E0,
-4.498684269880E-1));
#3160=CARTESIAN_POINT('',(2.892841373972E0,1.046963933885E0,
-6.581617321114E-1));
#3161=CARTESIAN_POINT('',(2.878027106322E0,9.067429922706E-1,
-8.402509782646E-1));
#3162=CARTESIAN_POINT('',(2.863658233478E0,7.410865398970E-1,
-9.894163213708E-1));
#3163=CARTESIAN_POINT('',(2.848887210414E0,5.459527904006E-1,
-1.109545276762E0));
#3164=CARTESIAN_POINT('',(2.833949253705E0,3.292850509750E-1,
-1.191968719433E0));
#3165=CARTESIAN_POINT('',(2.819098436066E0,1.023940922309E-1,
-1.232096136011E0));
#3166=CARTESIAN_POINT('',(2.804612947195E0,-1.223149186320E-1,
-1.230036643464E0));
#3167=CARTESIAN_POINT('',(2.790122501356E0,-3.430817445483E-1,
-1.187753085247E0));
#3168=CARTESIAN_POINT('',(2.775341045904E0,-5.566652325418E-1,
-1.104182164445E0));
#3169=CARTESIAN_POINT('',(2.760492162839E0,-7.517158464959E-1,
-9.815849636003E-1));
#3170=CARTESIAN_POINT('',(2.745961458690E0,-9.173615325037E-1,
-8.286575164372E-1));
#3171=CARTESIAN_POINT('',(2.731390764807E0,-1.052884910175E0,
-6.477886169529E-1));
#3172=CARTESIAN_POINT('',(2.716880996066E0,-1.153024688905E0,
-4.461638091651E-1));
#3173=CARTESIAN_POINT('',(2.702097556781E0,-1.215674572097E0,
-2.255447817242E-1));
#3174=CARTESIAN_POINT('',(2.692362582445E0,-1.229367061317E0,
-7.512049044378E-2));
#3175=CARTESIAN_POINT('',(2.6875E0,-1.229367061317E0,0.E0));
#3177=CARTESIAN_POINT('',(3.3125E0,-1.229367061317E0,0.E0));
#3178=CARTESIAN_POINT('',(3.317367832274E0,-1.229367061317E0,
-7.520159338344E-2));
#3179=CARTESIAN_POINT('',(3.327133923034E0,-1.215447579104E0,
-2.260597331883E-1));
#3180=CARTESIAN_POINT('',(3.341775850194E0,-1.153734406560E0,
-4.446956379321E-1));
#3181=CARTESIAN_POINT('',(3.356706031219E0,-1.050656801633E0,
-6.521526850674E-1));
#3182=CARTESIAN_POINT('',(3.371505155906E0,-9.117628820602E-1,
-8.350064545787E-1));
#3183=CARTESIAN_POINT('',(3.386104391201E0,-7.441000290725E-1,
-9.872876484033E-1));
#3184=CARTESIAN_POINT('',(3.400762057068E0,-5.507229447920E-1,
-1.106908471393E0));
#3185=CARTESIAN_POINT('',(3.415464091853E0,-3.380299783908E-1,
-1.189394723868E0));
#3186=CARTESIAN_POINT('',(3.430309483341E0,-1.115772700163E-1,
-1.231319346871E0));
#3187=CARTESIAN_POINT('',(3.444878178687E0,1.144845784037E-1,
-1.231051566259E0));
#3188=CARTESIAN_POINT('',(3.459684322800E0,3.402107824574E-1,
-1.188654430815E0));
#3189=CARTESIAN_POINT('',(3.474267925687E0,5.511466290892E-1,
-1.106704299939E0));
#3190=CARTESIAN_POINT('',(3.489041985943E0,7.459597136795E-1,
-9.859887879285E-1));
#3191=CARTESIAN_POINT('',(3.503637430450E0,9.132481889026E-1,
-8.333509634678E-1));
#3192=CARTESIAN_POINT('',(3.518418125587E0,1.051616951351E0,
-6.504820410321E-1));
#3193=CARTESIAN_POINT('',(3.533240290313E0,1.153739577823E0,
-4.444266031006E-1));
#3194=CARTESIAN_POINT('',(3.547837879137E0,1.215359622309E0,
-2.264929985603E-1));
#3195=CARTESIAN_POINT('',(3.557615810107E0,1.229367061317E0,
-7.545429704659E-2));
#3196=CARTESIAN_POINT('',(3.5625E0,1.229367061317E0,0.E0));
#3198=DIRECTION('',(1.E0,0.E0,1.218730701823E-14));
#3199=VECTOR('',#3198,1.25E-1);
#3200=CARTESIAN_POINT('',(3.1875E0,-1.229367061317E0,0.E0));
#3201=LINE('',#3200,#3199);
#3202=CARTESIAN_POINT('',(3.4375E0,1.229367061317E0,0.E0));
#3203=CARTESIAN_POINT('',(3.432661463677E0,1.229367061317E0,
-7.474900955399E-2));
#3204=CARTESIAN_POINT('',(3.422923302581E0,1.215677185664E0,
-2.251984485208E-1));
#3205=CARTESIAN_POINT('',(3.408143591824E0,1.153392696138E0,
-4.459029861712E-1));
#3206=CARTESIAN_POINT('',(3.393159023259E0,1.049565972053E0,
-6.539475980395E-1));
#3207=CARTESIAN_POINT('',(3.378344138549E0,9.101806045394E-1,
-8.367366123369E-1));
#3208=CARTESIAN_POINT('',(3.363776108455E0,7.425707798880E-1,
-9.883346114492E-1));
#3209=CARTESIAN_POINT('',(3.349188834512E0,5.500547150332E-1,
-1.107286023982E0));
#3210=CARTESIAN_POINT('',(3.334356701548E0,3.353815727794E-1,
-1.190240632293E0));
#3211=CARTESIAN_POINT('',(3.319500784210E0,1.086325213580E-1,
-1.231575896554E0));
#3212=CARTESIAN_POINT('',(3.304938308973E0,-1.173154055479E-1,
-1.230732794324E0));
#3213=CARTESIAN_POINT('',(3.290225121039E0,-3.415433200186E-1,
-1.188197827185E0));
#3214=CARTESIAN_POINT('',(3.275648239114E0,-5.523356989228E-1,
-1.106171267513E0));
#3215=CARTESIAN_POINT('',(3.260808039165E0,-7.478305437345E-1,
-9.846037282137E-1));
#3216=CARTESIAN_POINT('',(3.246227967409E0,-9.146539884591E-1,
-8.317916759803E-1));
#3217=CARTESIAN_POINT('',(3.231478548668E0,-1.052356233241E0,
-6.490595506758E-1));
#3218=CARTESIAN_POINT('',(3.216813418590E0,-1.153388948499E0,
-4.451804840988E-1));
#3219=CARTESIAN_POINT('',(3.202157803660E0,-1.215426698241E0,
-2.264449184693E-1));
#3220=CARTESIAN_POINT('',(3.192385763297E0,-1.229367061317E0,
-7.547860405578E-2));
#3221=CARTESIAN_POINT('',(3.1875E0,-1.229367061317E0,0.E0));
#3223=CARTESIAN_POINT('',(3.8125E0,-1.229367061317E0,0.E0));
#3224=CARTESIAN_POINT('',(3.817330931898E0,-1.229367061317E0,
-7.463153120347E-2));
#3225=CARTESIAN_POINT('',(3.827077394085E0,-1.215806504355E0,
-2.252372689248E-1));
#3226=CARTESIAN_POINT('',(3.842054218702E0,-1.152407069302E0,
-4.488115910218E-1));
#3227=CARTESIAN_POINT('',(3.857078166169E0,-1.047623875122E0,
-6.570947643576E-1));
#3228=CARTESIAN_POINT('',(3.871896317171E0,-9.075833673047E-1,
-8.394133553314E-1));
#3229=CARTESIAN_POINT('',(3.886322127383E0,-7.413263046520E-1,
-9.892228478094E-1));
#3230=CARTESIAN_POINT('',(3.901017877020E0,-5.472464547005E-1,
-1.108842804087E0));
#3231=CARTESIAN_POINT('',(3.915948204899E0,-3.308262060027E-1,
-1.191548177998E0));
#3232=CARTESIAN_POINT('',(3.930799871415E0,-1.039691161122E-1,
-1.231977258830E0));
#3233=CARTESIAN_POINT('',(3.945319775117E0,1.212802495311E-1,
-1.230182789272E0));
#3234=CARTESIAN_POINT('',(3.959836373024E0,3.424626523753E-1,
-1.187914403564E0));
#3235=CARTESIAN_POINT('',(3.974574720942E0,5.554864132714E-1,
-1.104746864895E0));
#3236=CARTESIAN_POINT('',(3.989428300918E0,7.507367127283E-1,
-9.823450498683E-1));
#3237=CARTESIAN_POINT('',(4.003972738002E0,9.167094746050E-1,
-8.294434212433E-1));
#3238=CARTESIAN_POINT('',(4.018607052528E0,1.052899179574E0,
-6.478382048757E-1));
#3239=CARTESIAN_POINT('',(4.033115095432E0,1.152984445076E0,
-4.462115551522E-1));
#3240=CARTESIAN_POINT('',(4.047884821286E0,1.215623976643E0,
-2.258149018240E-1));
#3241=CARTESIAN_POINT('',(4.057629854140E0,1.229367061317E0,
-7.523733524013E-2));
#3242=CARTESIAN_POINT('',(4.0625E0,1.229367061317E0,0.E0));
#3244=DIRECTION('',(1.E0,0.E0,0.E0));
#3245=VECTOR('',#3244,1.25E-1);
#3246=CARTESIAN_POINT('',(3.6875E0,-1.229367061317E0,0.E0));
#3247=LINE('',#3246,#3245);
#3248=CARTESIAN_POINT('',(3.9375E0,1.229367061317E0,0.E0));
#3249=CARTESIAN_POINT('',(3.932615810107E0,1.229367061317E0,
-7.545429704659E-2));
#3250=CARTESIAN_POINT('',(3.922837879137E0,1.215359622309E0,
-2.264929985603E-1));
#3251=CARTESIAN_POINT('',(3.908240290313E0,1.153739577823E0,
-4.444266031006E-1));
#3252=CARTESIAN_POINT('',(3.893418125587E0,1.051616951351E0,
-6.504820410321E-1));
#3253=CARTESIAN_POINT('',(3.878637430450E0,9.132481889025E-1,
-8.333509634678E-1));
#3254=CARTESIAN_POINT('',(3.864041985943E0,7.459597136795E-1,
-9.859887879285E-1));
#3255=CARTESIAN_POINT('',(3.849267925687E0,5.511466290892E-1,
-1.106704299939E0));
#3256=CARTESIAN_POINT('',(3.834684322800E0,3.402107824574E-1,
-1.188654430815E0));
#3257=CARTESIAN_POINT('',(3.819878178687E0,1.144845784037E-1,
-1.231051566259E0));
#3258=CARTESIAN_POINT('',(3.805309483341E0,-1.115772700163E-1,
-1.231319346871E0));
#3259=CARTESIAN_POINT('',(3.790464091853E0,-3.380299783908E-1,
-1.189394723868E0));
#3260=CARTESIAN_POINT('',(3.775762057068E0,-5.507229447920E-1,
-1.106908471393E0));
#3261=CARTESIAN_POINT('',(3.761104391201E0,-7.441000290725E-1,
-9.872876484033E-1));
#3262=CARTESIAN_POINT('',(3.746505155906E0,-9.117628820602E-1,
-8.350064545787E-1));
#3263=CARTESIAN_POINT('',(3.731706031219E0,-1.050656801633E0,
-6.521526850674E-1));
#3264=CARTESIAN_POINT('',(3.716775850194E0,-1.153734406560E0,
-4.446956379321E-1));
#3265=CARTESIAN_POINT('',(3.702133923034E0,-1.215447579104E0,
-2.260597331883E-1));
#3266=CARTESIAN_POINT('',(3.692367832274E0,-1.229367061317E0,
-7.520159338344E-2));
#3267=CARTESIAN_POINT('',(3.6875E0,-1.229367061317E0,0.E0));
#3269=CARTESIAN_POINT('',(4.3125E0,-1.229367061317E0,0.E0));
#3270=CARTESIAN_POINT('',(4.317355814643E0,-1.229367061317E0,
-7.501593682928E-2));
#3271=CARTESIAN_POINT('',(4.327067129435E0,-1.215639076642E0,
-2.250553252382E-1));
#3272=CARTESIAN_POINT('',(4.341681297905E0,-1.154040618643E0,
-4.432286523151E-1));
#3273=CARTESIAN_POINT('',(4.356198243352E0,-1.054528838389E0,
-6.452884973433E-1));
#3274=CARTESIAN_POINT('',(4.370855527428E0,-9.184638774218E-1,
-8.274303444042E-1));
#3275=CARTESIAN_POINT('',(4.385335173501E0,-7.536619797140E-1,
-9.801222845911E-1));
#3276=CARTESIAN_POINT('',(4.400335122483E0,-5.568515289155E-1,
-1.104310067642E0));
#3277=CARTESIAN_POINT('',(4.415389211965E0,-3.392037223583E-1,
-1.189302490876E0));
#3278=CARTESIAN_POINT('',(4.430334836054E0,-1.111708993098E-1,
-1.231321092784E0));
#3279=CARTESIAN_POINT('',(4.444751388186E0,1.124903766036E-1,
-1.230995995545E0));
#3280=CARTESIAN_POINT('',(4.459406489133E0,3.360958196465E-1,
-1.189958002916E0));
#3281=CARTESIAN_POINT('',(4.474348314829E0,5.523974615983E-1,
-1.106438434987E0));
#3282=CARTESIAN_POINT('',(4.489273063611E0,7.488702120977E-1,
-9.838536169236E-1));
#3283=CARTESIAN_POINT('',(4.503837381794E0,9.151866385142E-1,
-8.309158342705E-1));
#3284=CARTESIAN_POINT('',(4.518277921913E0,1.050214141255E0,
-6.521814072630E-1));
#3285=CARTESIAN_POINT('',(4.533007066856E0,1.152580180082E0,
-4.478670249832E-1));
#3286=CARTESIAN_POINT('',(4.547878890823E0,1.215645602496E0,
-2.259016906102E-1));
#3287=CARTESIAN_POINT('',(4.557638255293E0,1.229367061317E0,
-7.510754850016E-2));
#3288=CARTESIAN_POINT('',(4.5625E0,1.229367061317E0,0.E0));
#3290=DIRECTION('',(1.E0,0.E0,1.536158548289E-14));
#3291=VECTOR('',#3290,1.25E-1);
#3292=CARTESIAN_POINT('',(4.1875E0,-1.229367061317E0,0.E0));
#3293=LINE('',#3292,#3291);
#3294=CARTESIAN_POINT('',(4.4375E0,1.229367061317E0,0.E0));
#3295=CARTESIAN_POINT('',(4.432629854140E0,1.229367061317E0,
-7.523733524013E-2));
#3296=CARTESIAN_POINT('',(4.422884821286E0,1.215623976643E0,
-2.258149018240E-1));
#3297=CARTESIAN_POINT('',(4.408115095432E0,1.152984445076E0,
-4.462115551522E-1));
#3298=CARTESIAN_POINT('',(4.393607052528E0,1.052899179574E0,
-6.478382048757E-1));
#3299=CARTESIAN_POINT('',(4.378972738002E0,9.167094746050E-1,
-8.294434212433E-1));
#3300=CARTESIAN_POINT('',(4.364428300918E0,7.507367127283E-1,
-9.823450498683E-1));
#3301=CARTESIAN_POINT('',(4.349574720942E0,5.554864132714E-1,
-1.104746864895E0));
#3302=CARTESIAN_POINT('',(4.334836373024E0,3.424626523753E-1,
-1.187914403564E0));
#3303=CARTESIAN_POINT('',(4.320319775117E0,1.212802495311E-1,
-1.230182789272E0));
#3304=CARTESIAN_POINT('',(4.305799871415E0,-1.039691161122E-1,
-1.231977258830E0));
#3305=CARTESIAN_POINT('',(4.290948204899E0,-3.308262060027E-1,
-1.191548177998E0));
#3306=CARTESIAN_POINT('',(4.276017877020E0,-5.472464547005E-1,
-1.108842804087E0));
#3307=CARTESIAN_POINT('',(4.261322127383E0,-7.413263046520E-1,
-9.892228478094E-1));
#3308=CARTESIAN_POINT('',(4.246896317171E0,-9.075833673047E-1,
-8.394133553314E-1));
#3309=CARTESIAN_POINT('',(4.232078166169E0,-1.047623875122E0,
-6.570947643576E-1));
#3310=CARTESIAN_POINT('',(4.217054218702E0,-1.152407069302E0,
-4.488115910218E-1));
#3311=CARTESIAN_POINT('',(4.202077394085E0,-1.215806504355E0,
-2.252372689248E-1));
#3312=CARTESIAN_POINT('',(4.192330931898E0,-1.229367061317E0,
-7.463153120348E-2));
#3313=CARTESIAN_POINT('',(4.1875E0,-1.229367061317E0,0.E0));
#3315=CARTESIAN_POINT('',(4.6875E0,-1.229367061317E0,0.E0));
#3316=CARTESIAN_POINT('',(4.692433409609E0,-1.229367061317E0,
-7.621467678870E-2));
#3317=CARTESIAN_POINT('',(4.702300237341E0,-1.215151522317E0,
-2.286424570452E-1));
#3318=CARTESIAN_POINT('',(4.717100690417E0,-1.151914818708E0,
-4.494023142218E-1));
#3319=CARTESIAN_POINT('',(4.731900797158E0,-1.048949601115E0,
-6.546567890070E-1));
#3320=CARTESIAN_POINT('',(4.746701456261E0,-9.097996180756E-1,
-8.373379150242E-1));
#3321=CARTESIAN_POINT('',(4.761501494161E0,-7.392762480364E-1,
-9.911318499438E-1));
#3322=CARTESIAN_POINT('',(4.776303446386E0,-5.432288204926E-1,
-1.110755465834E0));
#3323=CARTESIAN_POINT('',(4.791105659013E0,-3.284355908819E-1,
-1.192059174611E0));
#3324=CARTESIAN_POINT('',(4.805907428249E0,-1.023182991152E-1,
-1.232234600039E0));
#3325=CARTESIAN_POINT('',(4.820707177797E0,1.272971790158E-1,
-1.229904345452E0));
#3326=CARTESIAN_POINT('',(4.835507863843E0,3.525365463296E-1,
-1.185154385629E0));
#3327=CARTESIAN_POINT('',(4.850309606832E0,5.656307167166E-1,
-1.099516356756E0));
#3328=CARTESIAN_POINT('',(4.865111287901E0,7.592103249285E-1,
-9.759466821560E-1));
#3329=CARTESIAN_POINT('',(4.879911613574E0,9.265843439454E-1,
-8.187248995073E-1));
#3330=CARTESIAN_POINT('',(4.894711516827E0,1.061997669686E0,
-6.332711990012E-1));
#3331=CARTESIAN_POINT('',(4.909512663647E0,1.160788682001E0,
-4.259579126913E-1));
#3332=CARTESIAN_POINT('',(4.924313460289E0,1.219541103386E0,
-2.039562381844E-1));
#3333=CARTESIAN_POINT('',(4.939116559683E0,1.236215857384E0,2.511607513510E-2));
#3334=CARTESIAN_POINT('',(4.953906737750E0,1.210279969603E0,2.531243555888E-1));
#3335=CARTESIAN_POINT('',(4.968702276947E0,1.142632749797E0,4.724912801129E-1));
#3336=CARTESIAN_POINT('',(4.978563290787E0,1.071295411509E0,6.078412675294E-1));
#3337=CARTESIAN_POINT('',(4.983493649054E0,1.029682990875E0,6.716370372113E-1));
#3339=CARTESIAN_POINT('',(4.983493649054E0,0.E0,0.E0));
#3340=DIRECTION('',(1.E0,0.E0,0.E0));
#3341=DIRECTION('',(0.E0,1.E0,0.E0));
#3342=AXIS2_PLACEMENT_3D('',#3339,#3340,#3341);
#3344=CARTESIAN_POINT('',(4.983493649054E0,0.E0,0.E0));
#3345=DIRECTION('',(1.E0,0.E0,0.E0));
#3346=DIRECTION('',(0.E0,5.463275032695E-1,-8.375716442020E-1));
#3347=AXIS2_PLACEMENT_3D('',#3344,#3345,#3346);
#3349=CARTESIAN_POINT('',(4.8125E0,-1.229367061317E0,0.E0));
#3350=CARTESIAN_POINT('',(4.817208238890E0,-1.229367061317E0,
-7.273608592272E-2));
#3351=CARTESIAN_POINT('',(4.826676046915E0,-1.216481201509E0,
-2.190221014566E-1));
#3352=CARTESIAN_POINT('',(4.841131306784E0,-1.157042040265E0,
-4.352419292419E-1));
#3353=CARTESIAN_POINT('',(4.855541443205E0,-1.059501741662E0,
-6.363651076691E-1));
#3354=CARTESIAN_POINT('',(4.869571599661E0,-9.312845658949E-1,
-8.121679117679E-1));
#3355=CARTESIAN_POINT('',(4.883641180283E0,-7.741106599743E-1,
-9.635354489328E-1));
#3356=CARTESIAN_POINT('',(4.898115333751E0,-5.871827395171E-1,
-1.087903320271E0));
#3357=CARTESIAN_POINT('',(4.912672434394E0,-3.794559932226E-1,
-1.176559274383E0));
#3358=CARTESIAN_POINT('',(4.927097923349E0,-1.610937924882E-1,
-1.225343172460E0));
#3359=CARTESIAN_POINT('',(4.941111217997E0,5.607120635195E-2,
-1.234509627904E0));
#3360=CARTESIAN_POINT('',(4.955289386562E0,2.739698873150E-1,
-1.205110962738E0));
#3361=CARTESIAN_POINT('',(4.969354671706E0,4.815845295287E-1,
-1.138093430796E0));
#3362=CARTESIAN_POINT('',(4.978779506572E0,6.106389653199E-1,
-1.069470541650E0));
#3363=CARTESIAN_POINT('',(4.983493649054E0,6.716370372113E-1,
-1.029682990875E0));
#3365=DIRECTION('',(1.E0,0.E0,-1.375567568383E-14));
#3366=VECTOR('',#3365,1.25E-1);
#3367=CARTESIAN_POINT('',(4.6875E0,-1.229367061317E0,0.E0));
#3368=LINE('',#3367,#3366);
#3369=CARTESIAN_POINT('',(2.152678571429E0,-6.729724552576E-2,
-1.498489599812E0));
#3370=CARTESIAN_POINT('',(2.147878873772E0,-1.576783154604E-1,
-1.494430581281E0));
#3371=CARTESIAN_POINT('',(2.138279478458E0,-3.377021209935E-1,
-1.469914016640E0));
#3372=CARTESIAN_POINT('',(2.123880385488E0,-5.967128041529E-1,
-1.385144027276E0));
#3373=CARTESIAN_POINT('',(2.109481292517E0,-8.362394460758E-1,
-1.255146858280E0));
#3374=CARTESIAN_POINT('',(2.095082199546E0,-1.048461622085E0,
-1.084167105094E0));
#3375=CARTESIAN_POINT('',(2.080683106576E0,-1.226449797914E0,
-8.777875399173E-1));
#3376=CARTESIAN_POINT('',(2.066284013605E0,-1.364392407629E0,
-6.427467884284E-1));
#3377=CARTESIAN_POINT('',(2.051884920635E0,-1.457785391654E0,
-3.867193125756E-1));
#3378=CARTESIAN_POINT('',(2.037485827664E0,-1.503579320302E0,
-1.180648243174E-1));
#3379=CARTESIAN_POINT('',(2.023086734694E0,-1.500278946874E0,
1.544446718170E-1));
#3380=CARTESIAN_POINT('',(2.008687641723E0,-1.447992034100E0,
4.219112990822E-1));
#3381=CARTESIAN_POINT('',(1.994288548753E0,-1.348425834383E0,
6.756018385649E-1));
#3382=CARTESIAN_POINT('',(1.979889455782E0,-1.204831345542E0,
9.072328829501E-1));
#3383=CARTESIAN_POINT('',(1.965490362812E0,-1.021897160383E0,1.109241303192E0));
#3384=CARTESIAN_POINT('',(1.951091269841E0,-8.055963765655E-1,
1.275031196940E0));
#3385=CARTESIAN_POINT('',(1.936692176871E0,-5.629915652797E-1,
1.399189255437E0));
#3386=CARTESIAN_POINT('',(1.922293083900E0,-3.020041668465E-1,
1.477661516828E0));
#3387=CARTESIAN_POINT('',(1.907893990930E0,-3.115584285366E-2,
1.507885734584E0));
#3388=CARTESIAN_POINT('',(1.893494897959E0,2.407097699082E-1,1.488875039007E0));
#3389=CARTESIAN_POINT('',(1.879095804989E0,5.047158185212E-1,1.421250160120E0));
#3390=CARTESIAN_POINT('',(1.864696712018E0,7.522420775765E-1,1.307219159831E0));
#3391=CARTESIAN_POINT('',(1.850297619048E0,9.752064135057E-1,1.150505335130E0));
#3392=CARTESIAN_POINT('',(1.835898526077E0,1.166328679343E0,9.562256464081E-1));
#3393=CARTESIAN_POINT('',(1.821499433107E0,1.319368423322E0,7.307236404049E-1));
#3394=CARTESIAN_POINT('',(1.807100340136E0,1.429328649744E0,4.813623231281E-1));
#3395=CARTESIAN_POINT('',(1.792701247166E0,1.492618978983E0,2.162837457714E-1));
#3396=CARTESIAN_POINT('',(1.778302154195E0,1.507172879205E0,
-5.585684645452E-2));
#3397=CARTESIAN_POINT('',(1.763903061224E0,1.472515141976E0,
-3.261736221065E-1));
#3398=CARTESIAN_POINT('',(1.749503968254E0,1.389777398593E0,
-5.858403003089E-1));
#3399=CARTESIAN_POINT('',(1.735104875283E0,1.261661170486E0,
-8.263783431301E-1));
#3400=CARTESIAN_POINT('',(1.720705782313E0,1.092349660163E0,-1.039933793589E0));
#3401=CARTESIAN_POINT('',(1.706306689342E0,8.873711628688E-1,
-1.219533720081E0));
#3402=CARTESIAN_POINT('',(1.691907596372E0,6.534185587864E-1,
-1.359313893896E0));
#3403=CARTESIAN_POINT('',(1.677508503401E0,3.981307796475E-1,
-1.454710265793E0));
#3404=CARTESIAN_POINT('',(1.663109410431E0,1.298433852314E-1,
-1.502607989603E0));
#3405=CARTESIAN_POINT('',(1.648710317460E0,-1.426836061729E-1,
-1.501443127007E0));
#3406=CARTESIAN_POINT('',(1.634311224490E0,-4.105517465627E-1,
-1.451253712657E0));
#3407=CARTESIAN_POINT('',(1.619912131519E0,-6.650147069728E-1,
-1.353678512283E0));
#3408=CARTESIAN_POINT('',(1.605513038549E0,-8.977638592921E-1,
-1.211903514334E0));
#3409=CARTESIAN_POINT('',(1.591113945578E0,-1.101199566439E0,
-1.030557902294E0));
#3410=CARTESIAN_POINT('',(1.576714852608E0,-1.268679322831E0,
-8.155629043343E-1));
#3411=CARTESIAN_POINT('',(1.562315759637E0,-1.394734642958E0,
-5.739384556199E-1));
#3412=CARTESIAN_POINT('',(1.547916666667E0,-1.475249616296E0,
-3.135739860449E-1));
#3413=CARTESIAN_POINT('',(1.533517573696E0,-1.507595298462E0,
-4.297081756025E-2));
#3414=CARTESIAN_POINT('',(1.519118480726E0,-1.490715550504E0,
2.290354177683E-1));
#3415=CARTESIAN_POINT('',(1.504719387755E0,-1.425161523553E0,
4.935632754680E-1));
#3416=CARTESIAN_POINT('',(1.490320294785E0,-1.313073662844E0,
7.419754922176E-1));
#3417=CARTESIAN_POINT('',(1.475921201814E0,-1.158111818710E0,
9.661610064941E-1));
#3418=CARTESIAN_POINT('',(1.461522108844E0,-9.653357465370E-1,
1.158799797879E0));
#3419=CARTESIAN_POINT('',(1.447123015873E0,-7.410398975472E-1,
1.313601897589E0));
#3420=CARTESIAN_POINT('',(1.432723922902E0,-4.925478947668E-1,
1.425512766154E0));
#3421=CARTESIAN_POINT('',(1.418324829932E0,-2.279734048619E-1,
1.490878332320E0));
#3422=CARTESIAN_POINT('',(1.403925736961E0,4.404478622897E-2,1.507564304404E0));
#3423=CARTESIAN_POINT('',(1.389526643991E0,3.146248436582E-1,1.475025858370E0));
#3424=CARTESIAN_POINT('',(1.375127551020E0,5.749318899733E-1,1.394325427222E0));
#3425=CARTESIAN_POINT('',(1.360728458050E0,8.164664781860E-1,1.268098010843E0));
#3426=CARTESIAN_POINT('',(1.346329365079E0,1.031342112493E0,1.100465138978E0));
#3427=CARTESIAN_POINT('',(1.331930272109E0,1.212542755146E0,8.969002966038E-1));
#3428=CARTESIAN_POINT('',(1.317531179138E0,1.354151911460E0,6.640502057794E-1));
#3429=CARTESIAN_POINT('',(1.303132086168E0,1.451545812948E0,4.095177993916E-1));
#3430=CARTESIAN_POINT('',(1.288732993197E0,1.501544390864E0,1.416139730749E-1));
#3431=CARTESIAN_POINT('',(1.274333900227E0,1.502515110597E0,
-1.309137790017E-1));
#3432=CARTESIAN_POINT('',(1.259934807256E0,1.454426276575E0,
-3.991669839985E-1));
#3433=CARTESIAN_POINT('',(1.245535714286E0,1.358848067174E0,
-6.543867399666E-1));
#3434=CARTESIAN_POINT('',(1.231136621315E0,1.218901265852E0,
-8.882397081932E-1));
#3435=CARTESIAN_POINT('',(1.216737528345E0,1.039155362509E0,-1.093090210219E0));
#3436=CARTESIAN_POINT('',(1.202338435374E0,8.254793522347E-1,
-1.262249545114E0));
#3437=CARTESIAN_POINT('',(1.187939342404E0,5.848501031086E-1,
-1.390194386408E0));
#3438=CARTESIAN_POINT('',(1.173540249433E0,3.251245501450E-1,
-1.472747127649E0));
#3439=CARTESIAN_POINT('',(1.159141156463E0,5.478315363176E-2,
-1.507212288029E0));
#3440=CARTESIAN_POINT('',(1.144742063492E0,-2.173470016444E-1,
-1.492464524196E0));
#3441=CARTESIAN_POINT('',(1.130342970522E0,-4.823804250238E-1,
-1.428985374544E0));
#3442=CARTESIAN_POINT('',(1.115943877551E0,-7.316633456461E-1,
-1.318847536201E0));
#3443=CARTESIAN_POINT('',(1.101544784580E0,-9.570562720955E-1,
-1.165647188110E0));
#3444=CARTESIAN_POINT('',(1.087145691610E0,-1.151199759989E0,
-9.743865699543E-1));
#3445=CARTESIAN_POINT('',(1.072746598639E0,-1.307754709764E0,
-7.513106509273E-1));
#3446=CARTESIAN_POINT('',(1.058347505669E0,-1.421609348553E0,
-5.037032213642E-1));
#3447=CARTESIAN_POINT('',(1.043948412698E0,-1.489046137856E0,
-2.396490651817E-1));
#3448=CARTESIAN_POINT('',(1.029549319728E0,-1.507863157195E0,
3.223002142100E-2));
#3449=CARTESIAN_POINT('',(1.015150226757E0,-1.477446000388E0,
3.030567455833E-1));
#3450=CARTESIAN_POINT('',(1.000751133787E0,-1.398787836908E0,
5.639881757842E-1));
#3451=CARTESIAN_POINT('',(9.863520408163E-1,-1.274456983288E0,
8.065044778893E-1));
#3452=CARTESIAN_POINT('',(9.719529478458E-1,-1.108513043423E0,
1.022687101546E0));
#3453=CARTESIAN_POINT('',(9.575538548753E-1,-9.063743559252E-1,
1.205477333685E0));
#3454=CARTESIAN_POINT('',(9.431547619048E-1,-6.746410765838E-1,
1.348906776946E0));
#3455=CARTESIAN_POINT('',(9.287556689342E-1,-4.208796725806E-1,
1.448292227527E0));
#3456=CARTESIAN_POINT('',(9.143565759637E-1,-1.533758650728E-1,
1.500388589372E0));
#3457=CARTESIAN_POINT('',(8.999574829932E-1,1.191359130332E-1,
1.503494831827E0));
#3458=CARTESIAN_POINT('',(8.855583900227E-1,3.877577104739E-1,
1.457509531041E0));
#3459=CARTESIAN_POINT('',(8.711592970522E-1,6.437185901594E-1,
1.363934181619E0));
#3460=CARTESIAN_POINT('',(8.567602040816E-1,8.786610144866E-1,
1.225824170396E0));
#3461=CARTESIAN_POINT('',(8.423611111111E-1,1.084913732488E0,1.047689013098E0));
#3462=CARTESIAN_POINT('',(8.279620181406E-1,1.255742258610E0,
8.353451113446E-1));
#3463=CARTESIAN_POINT('',(8.135629251701E-1,1.385568764583E0,
5.957258377132E-1));
#3464=CARTESIAN_POINT('',(7.991638321995E-1,1.470154204553E0,
3.366551498812E-1));
#3465=CARTESIAN_POINT('',(7.847647392290E-1,1.506736726803E0,
6.659212572841E-2));
#3466=CARTESIAN_POINT('',(7.703656462585E-1,1.494121852686E0,
-2.056452392671E-1));
#3467=CARTESIAN_POINT('',(7.559665532880E-1,1.432721478288E0,
-4.711679538747E-1));
#3468=CARTESIAN_POINT('',(7.415674603175E-1,1.324540425357E0,
-7.213062710821E-1));
#3469=CARTESIAN_POINT('',(7.271683673469E-1,1.173110980618E0,
-9.478927693888E-1));
#3470=CARTESIAN_POINT('',(7.127692743764E-1,9.833775608917E-1,
-1.143529032356E0));
#3471=CARTESIAN_POINT('',(6.983701814059E-1,7.615352698667E-1,
-1.301827218895E0));
#3472=CARTESIAN_POINT('',(6.839710884354E-1,5.148276179243E-1,
-1.417618636633E0));
#3473=CARTESIAN_POINT('',(6.695719954649E-1,2.513100097836E-1,
-1.487122508097E0));
#3474=CARTESIAN_POINT('',(6.551729024943E-1,-2.041327751953E-2,
-1.508069419227E0));
#3475=CARTESIAN_POINT('',(6.407738095238E-1,-2.914700382243E-1,
-1.479775419421E0));
#3476=CARTESIAN_POINT('',(6.263747165533E-1,-5.530098297434E-1,
-1.403164353635E0));
#3477=CARTESIAN_POINT('',(6.119756235828E-1,-7.964929539596E-1,
-1.280737697344E0));
#3478=CARTESIAN_POINT('',(5.975765306122E-1,-1.013969292211E0,
-1.116492879315E0));
#3479=CARTESIAN_POINT('',(5.831774376417E-1,-1.198337889550E0,
-9.157927590756E-1));
#3480=CARTESIAN_POINT('',(5.687783446712E-1,-1.343578812435E0,
-6.851905208640E-1));
#3481=CARTESIAN_POINT('',(5.543792517007E-1,-1.444949709316E0,
-4.322157015356E-1));
#3482=CARTESIAN_POINT('',(5.399801587302E-1,-1.499140656100E0,
-1.651283389828E-1));
#3483=CARTESIAN_POINT('',(5.255810657596E-1,-1.504382230537E0,
1.073507314907E-1));
#3484=CARTESIAN_POINT('',(5.111819727891E-1,-1.460503286726E0,
3.763246265787E-1));
#3485=CARTESIAN_POINT('',(4.967828798186E-1,-1.368936543304E0,
6.330109126318E-1));
#3486=CARTESIAN_POINT('',(4.823837868481E-1,-1.232671802866E0,
8.690283663558E-1));
#3487=CARTESIAN_POINT('',(4.679846938776E-1,-1.056158330045E0,
1.076670635321E0));
#3488=CARTESIAN_POINT('',(4.535856009070E-1,-8.451595758706E-1,
1.249157862920E0));
#3489=CARTESIAN_POINT('',(4.391865079365E-1,-6.065649915449E-1,
1.380858061450E0));
#3490=CARTESIAN_POINT('',(4.247874149660E-1,-3.481650774418E-1,
1.467471006487E0));
#3491=CARTESIAN_POINT('',(4.103883219955E-1,-7.839700786555E-2,
1.506168643013E0));
#3492=CARTESIAN_POINT('',(3.959892290249E-1,1.939308460090E-1,
1.495687437842E0));
#3493=CARTESIAN_POINT('',(3.815901360544E-1,4.599265623837E-1,
1.436369591796E0));
#3494=CARTESIAN_POINT('',(3.671910430839E-1,7.109048602493E-1,
1.330152031391E0));
#3495=CARTESIAN_POINT('',(3.527919501134E-1,9.386712262247E-1,
1.180502548873E0));
#3496=CARTESIAN_POINT('',(3.431925547997E-1,1.070082055145E0,1.055040098144E0));
#3497=CARTESIAN_POINT('',(3.383928571429E-1,1.129607199005E0,
9.869080889096E-1));
#3499=DIRECTION('',(5.E-1,3.885408282002E-2,8.651533738293E-1));
#3500=VECTOR('',#3499,3.125E-1);
#3501=CARTESIAN_POINT('',(2.152678571429E0,-6.729724552576E-2,
-1.498489599812E0));
#3502=LINE('',#3501,#3500);
#3503=CARTESIAN_POINT('',(2.090178571429E0,-6.729724552576E-2,
-1.498489599812E0));
#3504=CARTESIAN_POINT('',(2.085404761905E0,-1.571908270123E-1,
-1.494452474412E0));
#3505=CARTESIAN_POINT('',(2.075857142857E0,-3.362476501290E-1,
-1.470156591028E0));
#3506=CARTESIAN_POINT('',(2.061535714286E0,-5.939731074278E-1,
-1.386224741329E0));
#3507=CARTESIAN_POINT('',(2.047214285714E0,-8.325120748957E-1,
-1.257516057243E0));
#3508=CARTESIAN_POINT('',(2.032892857143E0,-1.044159930256E0,
-1.088187973498E0));
#3509=CARTESIAN_POINT('',(2.018571428571E0,-1.222080041461E0,
-8.837100121415E-1));
#3510=CARTESIAN_POINT('',(2.00425E0,-1.360525394349E0,-6.506870741753E-1));
#3511=CARTESIAN_POINT('',(1.989928571429E0,-1.455024015456E0,
-3.966461022862E-1));
#3512=CARTESIAN_POINT('',(1.975607142857E0,-1.502523479655E0,
-1.297929482967E-1));
#3513=CARTESIAN_POINT('',(1.961285714286E0,-1.501489492142E0,
1.412526857743E-1));
#3514=CARTESIAN_POINT('',(1.946964285714E0,-1.451955452232E0,
4.077356754180E-1));
#3515=CARTESIAN_POINT('',(1.932642857143E0,-1.355521373428E0,
6.610482754309E-1));
#3516=CARTESIAN_POINT('',(1.918321428571E0,-1.215302201202E0,
8.930081612303E-1));
#3517=CARTESIAN_POINT('',(1.904E0,-1.035827196157E0,1.096122728517E0));
#3518=CARTESIAN_POINT('',(1.889678571429E0,-8.228936330676E-1,
1.263831114084E0));
#3519=CARTESIAN_POINT('',(1.875357142857E0,-5.833795414019E-1,
1.390716120186E0));
#3520=CARTESIAN_POINT('',(1.861035714286E0,-3.250215360787E-1,
1.472679197027E0));
#3521=CARTESIAN_POINT('',(1.846714285714E0,-5.616491479805E-2,
1.507072831225E0));
#3522=CARTESIAN_POINT('',(1.832392857143E0,2.145059058673E-1,1.492786063915E0));
#3523=CARTESIAN_POINT('',(1.818071428571E0,4.782479083580E-1,1.430280376158E0));
#3524=CARTESIAN_POINT('',(1.80375E0,7.265418849027E-1,1.321574782505E0));
#3525=CARTESIAN_POINT('',(1.789428571429E0,9.513676189466E-1,1.170180614218E0));
#3526=CARTESIAN_POINT('',(1.775107142857E0,1.145462948519E0,9.809880987257E-1));
#3527=CARTESIAN_POINT('',(1.760785714286E0,1.302558343455E0,7.601083989578E-1));
#3528=CARTESIAN_POINT('',(1.746464285714E0,1.417579419332E0,5.146762148744E-1));
#3529=CARTESIAN_POINT('',(1.732142857143E0,1.486810846644E0,2.526193234326E-1));
#3530=CARTESIAN_POINT('',(1.717821428571E0,1.508016360755E0,
-1.759749886220E-2));
#3531=CARTESIAN_POINT('',(1.7035E0,1.480510996133E0,-2.872458991854E-1));
#3532=CARTESIAN_POINT('',(1.689178571429E0,1.405183211629E0,
-5.476158854770E-1));
#3533=CARTESIAN_POINT('',(1.674857142857E0,1.284466192101E0,
-7.902971704497E-1));
#3534=CARTESIAN_POINT('',(1.660535714286E0,1.122259253400E0,-1.007450834745E0));
#3535=CARTESIAN_POINT('',(1.646214285714E0,9.238018894242E-1,
-1.192062534168E0));
#3536=CARTESIAN_POINT('',(1.631892857143E0,6.955045296904E-1,
-1.338169072072E0));
#3537=CARTESIAN_POINT('',(1.617571428571E0,4.447414741691E-1,
-1.441051018328E0));
#3538=CARTESIAN_POINT('',(1.60325E0,1.796126938590E-1,-1.497385153017E0));
#3539=CARTESIAN_POINT('',(1.588928571429E0,-9.131780875127E-2,
-1.505351810733E0));
#3540=CARTESIAN_POINT('',(1.574607142857E0,-3.592986280398E-1,
-1.464693658128E0));
#3541=CARTESIAN_POINT('',(1.560285714286E0,-6.156736369708E-1,
-1.376724006114E0));
#3542=CARTESIAN_POINT('',(1.545964285714E0,-8.521615911924E-1,
-1.244284388220E0));
#3543=CARTESIAN_POINT('',(1.531642857143E0,-1.061123623939E0,
-1.071652775384E0));
#3544=CARTESIAN_POINT('',(1.517321428571E0,-1.235809991308E0,
-8.644053919624E-1));
#3545=CARTESIAN_POINT('',(1.503E0,-1.370578097716E0,-6.292365964663E-1));
#3546=CARTESIAN_POINT('',(1.488678571429E0,-1.461074759033E0,
-3.737426451283E-1));
#3547=CARTESIAN_POINT('',(1.474357142857E0,-1.504376816062E0,
-1.061763230008E-1));
#3548=CARTESIAN_POINT('',(1.460035714286E0,-1.499085556359E0,
1.648196316749E-1));
#3549=CARTESIAN_POINT('',(1.445714285714E0,-1.445371894457E0,
4.304916990903E-1));
#3550=CARTESIAN_POINT('',(1.431392857143E0,-1.344970851100E0,
6.822583278810E-1));
#3551=CARTESIAN_POINT('',(1.417071428571E0,-1.201125509835E0,
9.119871303336E-1));
#3552=CARTESIAN_POINT('',(1.40275E0,-1.018482261217E0,1.112257569026E0));
#3553=CARTESIAN_POINT('',(1.388428571429E0,-8.029407183847E-1,
1.276600649785E0));
#3554=CARTESIAN_POINT('',(1.374107142857E0,-5.614631519251E-1,
1.399707878559E0));
#3555=CARTESIAN_POINT('',(1.359785714286E0,-3.018495995322E-1,
1.477602732649E0));
#3556=CARTESIAN_POINT('',(1.345464285714E0,-3.248591469981E-2,
1.507769107528E0));
#3557=CARTESIAN_POINT('',(1.331142857143E0,2.379271071906E-1,1.489232590274E0));
#3558=CARTESIAN_POINT('',(1.316821428571E0,5.006547758136E-1,1.422591934367E0));
#3559=CARTESIAN_POINT('',(1.3025E0,7.472106476935E-1,1.309999719177E0));
#3560=CARTESIAN_POINT('',(1.288178571429E0,9.696306493041E-1,1.155092818868E0));
#3561=CARTESIAN_POINT('',(1.273857142857E0,1.160730326943E0,9.628749266572E-1));
#3562=CARTESIAN_POINT('',(1.259535714286E0,1.314336913879E0,7.395549290531E-1));
#3563=CARTESIAN_POINT('',(1.245214285714E0,1.425488718697E0,4.923463507928E-1));
#3564=CARTESIAN_POINT('',(1.230892857143E0,1.490595394352E0,2.292343486627E-1));
#3565=CARTESIAN_POINT('',(1.216571428571E0,1.507553911020E0,
-4.128221939224E-2));
#3566=CARTESIAN_POINT('',(1.20225E0,1.475816486681E0,-3.104653183716E-1));
#3567=CARTESIAN_POINT('',(1.187928571429E0,1.396408281185E0,
-5.696199860505E-1));
#3568=CARTESIAN_POINT('',(1.173607142857E0,1.271894282267E0,
-8.103751915047E-1));
#3569=CARTESIAN_POINT('',(1.159285714286E0,1.106296453123E0,-1.024954230235E0));
#3570=CARTESIAN_POINT('',(1.144964285714E0,9.049638177980E-1,
-1.206425921782E0));
#3571=CARTESIAN_POINT('',(1.130642857143E0,6.743996807907E-1,
-1.348928495814E0));
#3572=CARTESIAN_POINT('',(1.116321428571E0,4.220515619097E-1,
-1.447858934897E0));
#3573=CARTESIAN_POINT('',(1.102E0,1.560706317503E-1,-1.500021657902E0));
#3574=CARTESIAN_POINT('',(1.087678571429E0,-1.149515816569E-1,
-1.503731741417E0));
#3575=CARTESIAN_POINT('',(1.073357142857E0,-3.822607103126E-1,
-1.458869344946E0));
#3576=CARTESIAN_POINT('',(1.059035714286E0,-6.372223236569E-1,
-1.366883581913E0));
#3577=CARTESIAN_POINT('',(1.044714285714E0,-8.716008318435E-1,
-1.230745711429E0));
#3578=CARTESIAN_POINT('',(1.030392857143E0,-1.077825505942E0,
-1.054853162773E0));
#3579=CARTESIAN_POINT('',(1.016071428571E0,-1.249235022274E0,
-8.448874927438E-1));
#3580=CARTESIAN_POINT('',(1.00175E0,-1.380292631782E0,-6.076308640275E-1));
#3581=CARTESIAN_POINT('',(9.874285714286E-1,-1.466765004186E0,
-3.507469725693E-1));
#3582=CARTESIAN_POINT('',(9.731071428571E-1,-1.505858970024E0,
-8.253350028488E-2));
#3583=CARTESIAN_POINT('',(9.587857142857E-1,-1.496311743641E0,
1.883459107972E-1));
#3584=CARTESIAN_POINT('',(9.444642857143E-1,-1.438431712795E0,
4.531415053776E-1));
#3585=CARTESIAN_POINT('',(9.301428571429E-1,-1.334088477339E0,
7.033000432977E-1));
#3586=CARTESIAN_POINT('',(9.158214285714E-1,-1.186652458721E0,
9.307410802589E-1));
#3587=CARTESIAN_POINT('',(9.015E-1,-1.000886031019E0,1.128117976624E0));
#3588=CARTESIAN_POINT('',(8.871785714286E-1,-7.827896900943E-1,
1.289055203377E0));
#3589=CARTESIAN_POINT('',(8.728571428571E-1,-5.394082298171E-1,
1.408354279958E0));
#3590=CARTESIAN_POINT('',(8.585357142857E-1,-2.786031861136E-1,
1.482161691907E0));
#3591=CARTESIAN_POINT('',(8.442142857143E-1,-8.798899188221E-3,
1.508093364366E0));
#3592=CARTESIAN_POINT('',(8.298928571429E-1,2.612896035604E-1,
1.485311670776E0));
#3593=CARTESIAN_POINT('',(8.155714285714E-1,5.229381141947E-1,
1.414552489303E0));
#3594=CARTESIAN_POINT('',(8.0125E-1,7.676950474377E-1,1.298101433021E0));
#3595=CARTESIAN_POINT('',(7.869285714286E-1,9.876544378078E-1,
1.139720021650E0));
#3596=CARTESIAN_POINT('',(7.726071428571E-1,1.175711312528E0,
9.445241796082E-1));
#3597=CARTESIAN_POINT('',(7.582857142857E-1,1.325791191335E0,
7.188189850359E-1));
#3598=CARTESIAN_POINT('',(7.439642857143E-1,1.433046300050E0,
4.698950076163E-1));
#3599=CARTESIAN_POINT('',(7.296428571429E-1,1.494012159951E0,
2.057928137473E-1));
#3600=CARTESIAN_POINT('',(7.153214285714E-1,1.506719494916E0,
-6.495675415237E-2));
#3601=CARTESIAN_POINT('',(7.01E-1,1.470757841593E0,-3.336081348860E-1));
#3602=CARTESIAN_POINT('',(6.866785714286E-1,1.387288807893E0,
-5.914835414158E-1));
#3603=CARTESIAN_POINT('',(6.723571428571E-1,1.259008551552E0,
-8.302532646071E-1));
#3604=CARTESIAN_POINT('',(6.580357142857E-1,1.090060690751E0,
-1.042204733606E0));
#3605=CARTESIAN_POINT('',(6.437142857143E-1,8.859024598909E-1,
-1.220491641852E0));
#3606=CARTESIAN_POINT('',(6.293928571429E-1,6.531284338610E-1,
-1.359355091635E0));
#3607=CARTESIAN_POINT('',(6.150714285714E-1,3.992575147427E-1,
-1.454309613938E0));
#3608=CARTESIAN_POINT('',(6.0075E-1,1.324900615485E-1,-1.502288054889E0));
#3609=CARTESIAN_POINT('',(5.864285714286E-1,-1.385569919799E-1,
-1.501740648795E0));
#3610=CARTESIAN_POINT('',(5.721071428571E-1,-4.051284754749E-1,
-1.452685077582E0));
#3611=CARTESIAN_POINT('',(5.577857142857E-1,-6.586137852697E-1,
-1.356705899642E0));
#3612=CARTESIAN_POINT('',(5.434642857143E-1,-8.908250180315E-1,
-1.216903366550E0));
#3613=CARTESIAN_POINT('',(5.291428571429E-1,-1.094261450629E0,
-1.037793280927E0));
#3614=CARTESIAN_POINT('',(5.148214285714E-1,-1.262351823191E0,
-8.251611301786E-1));
#3615=CARTESIAN_POINT('',(5.005E-1,-1.389666599295E0,-5.858752077651E-1));
#3616=CARTESIAN_POINT('',(4.861785714286E-1,-1.472093347022E0,
-3.276647584431E-1));
#3617=CARTESIAN_POINT('',(4.718571428571E-1,-1.506969575818E0,
-5.887031366269E-2));
#3618=CARTESIAN_POINT('',(4.575357142857E-1,-1.493168738388E0,
2.118257183842E-1));
#3619=CARTESIAN_POINT('',(4.432142857143E-1,-1.431136619634E0,
4.756795057798E-1));
#3620=CARTESIAN_POINT('',(4.288928571429E-1,-1.322876937203E0,
7.241682299489E-1));
#3621=CARTESIAN_POINT('',(4.145714285714E-1,-1.171886618890E0,
9.492653837623E-1));
#3622=CARTESIAN_POINT('',(4.0025E-1,-9.830428470922E-1,1.143700037943E0));
#3623=CARTESIAN_POINT('',(3.859285714286E-1,-7.624455204486E-1,
1.301191702062E0));
#3624=CARTESIAN_POINT('',(3.716071428571E-1,-5.172202157258E-1,
1.416653190354E0));
#3625=CARTESIAN_POINT('',(3.572857142857E-1,-2.552880355354E-1,
1.486354952402E0));
#3626=CARTESIAN_POINT('',(3.429642857143E-1,1.489030227683E-2,
1.508045512566E0));
#3627=CARTESIAN_POINT('',(3.286428571429E-1,2.845875748110E-1,
1.481024307053E0));
#3628=CARTESIAN_POINT('',(3.143214285714E-1,5.450926337415E-1,
1.406163896920E0));
#3629=CARTESIAN_POINT('',(3.047738095238E-1,7.070237128829E-1,
1.325976856433E0));
#3630=CARTESIAN_POINT('',(3.E-1,7.837478470738E-1,1.278960246531E0));
#3632=CARTESIAN_POINT('',(2.090178571429E0,-6.729724552576E-2,
-1.498489599812E0));
#3633=CARTESIAN_POINT('',(2.093314625758E0,-6.754094255502E-2,
-1.503915935779E0));
#3634=CARTESIAN_POINT('',(2.102662464013E0,-6.794543944945E-2,
-1.512922758937E0));
#3635=CARTESIAN_POINT('',(2.121428571429E0,-6.818733865204E-2,
-1.518309063182E0));
#3636=CARTESIAN_POINT('',(2.140194678844E0,-6.794543944945E-2,
-1.512922758937E0));
#3637=CARTESIAN_POINT('',(2.149542517100E0,-6.754094255502E-2,
-1.503915935779E0));
#3638=CARTESIAN_POINT('',(2.152678571429E0,-6.729724552576E-2,
-1.498489599812E0));
#3640=CARTESIAN_POINT('',(3.904464285714E0,-1.036593973480E0,1.084192295741E0));
#3641=CARTESIAN_POINT('',(3.907600340043E0,-1.040347691332E0,1.088118376810E0));
#3642=CARTESIAN_POINT('',(3.916948178299E0,-1.046578244154E0,1.094635024158E0));
#3643=CARTESIAN_POINT('',(3.935714285714E0,-1.050304269694E0,1.098532141339E0));
#3644=CARTESIAN_POINT('',(3.954480393130E0,-1.046578244154E0,1.094635024158E0));
#3645=CARTESIAN_POINT('',(3.963828231385E0,-1.040347691332E0,1.088118376810E0));
#3646=CARTESIAN_POINT('',(3.966964285714E0,-1.036593973480E0,1.084192295741E0));
#3648=CARTESIAN_POINT('',(3.904464285714E0,-1.036593973480E0,1.084192295741E0));
#3649=CARTESIAN_POINT('',(3.899664588057E0,-9.712011541265E-1,
1.146714232779E0));
#3650=CARTESIAN_POINT('',(3.890065192744E0,-8.290729791931E-1,
1.259892032680E0));
#3651=CARTESIAN_POINT('',(3.875666099773E0,-5.888090574543E-1,
1.388522250740E0));
#3652=CARTESIAN_POINT('',(3.861267006803E0,-3.293198557212E-1,
1.471814689304E0));
#3653=CARTESIAN_POINT('',(3.846867913832E0,-5.907774917402E-2,
1.507050066954E0));
#3654=CARTESIAN_POINT('',(3.832468820862E0,2.130933208119E-1,1.493077797257E0));
#3655=CARTESIAN_POINT('',(3.818069727891E0,4.783065540562E-1,1.430354122719E0));
#3656=CARTESIAN_POINT('',(3.803670634921E0,7.279023015382E-1,1.320927066213E0));
#3657=CARTESIAN_POINT('',(3.789271541950E0,9.537308594344E-1,1.168369600316E0));
#3658=CARTESIAN_POINT('',(3.774872448980E0,1.148418558781E0,9.776629730811E-1));
#3659=CARTESIAN_POINT('',(3.760473356009E0,1.305608530765E0,7.550340651295E-1));
#3660=CARTESIAN_POINT('',(3.746074263039E0,1.420168267978E0,5.077520711253E-1));
#3661=CARTESIAN_POINT('',(3.731675170068E0,1.488357209324E0,2.438911489965E-1));
#3662=CARTESIAN_POINT('',(3.717276077098E0,1.507948875339E0,
-2.793321446553E-2));
#3663=CARTESIAN_POINT('',(3.702876984127E0,1.478303566372E0,
-2.988455131988E-1));
#3664=CARTESIAN_POINT('',(3.688477891156E0,1.400389249812E0,
-5.600000215338E-1));
#3665=CARTESIAN_POINT('',(3.674078798186E0,1.276749954384E0,
-8.028696214737E-1));
#3666=CARTESIAN_POINT('',(3.659679705215E0,1.111422703490E0,-1.019524226918E0));
#3667=CARTESIAN_POINT('',(3.645280612245E0,9.098056998450E-1,
-1.202889713829E0));
#3668=CARTESIAN_POINT('',(3.630881519274E0,6.784820654156E-1,
-1.346978901845E0));
#3669=CARTESIAN_POINT('',(3.616482426304E0,4.250048918133E-1,
-1.447087045426E0));
#3670=CARTESIAN_POINT('',(3.602083333333E0,1.576506196120E-1,
-1.499945451422E0));
#3671=CARTESIAN_POINT('',(3.587684240363E0,-1.148512008522E-1,
-1.503828207199E0));
#3672=CARTESIAN_POINT('',(3.573285147392E0,-3.836029434487E-1,
-1.458608534489E0));
#3673=CARTESIAN_POINT('',(3.558886054422E0,-6.398294281678E-1,
-1.365762928900E0));
#3674=CARTESIAN_POINT('',(3.544486961451E0,-8.751644449714E-1,
-1.228322949946E0));
#3675=CARTESIAN_POINT('',(3.530087868481E0,-1.081923924111E0,
-1.050776235714E0));
#3676=CARTESIAN_POINT('',(3.515688775510E0,-1.253356833462E0,
-8.389199742056E-1));
#3677=CARTESIAN_POINT('',(3.501289682540E0,-1.383865610660E0,
-5.996716157517E-1));
#3678=CARTESIAN_POINT('',(3.486890589569E0,-1.469188932592E0,
-3.408430070487E-1));
#3679=CARTESIAN_POINT('',(3.472491496599E0,-1.506540854499E0,
-7.088532170032E-2));
#3680=CARTESIAN_POINT('',(3.458092403628E0,-1.494701775586E0,
2.013868842980E-1));
#3681=CARTESIAN_POINT('',(3.443693310658E0,-1.434058260970E0,
4.670834821003E-1));
#3682=CARTESIAN_POINT('',(3.429294217687E0,-1.326590419698E0,
7.175290471265E-1));
#3683=CARTESIAN_POINT('',(3.414895124717E0,-1.175807250982E0,
9.445461257364E-1));
#3684=CARTESIAN_POINT('',(3.400496031746E0,-9.866320696805E-1,
1.140722242346E0));
#3685=CARTESIAN_POINT('',(3.386096938776E0,-7.652417520930E-1,
1.299651928772E0));
#3686=CARTESIAN_POINT('',(3.371697845805E0,-5.188650509356E-1,
1.416145873144E0));
#3687=CARTESIAN_POINT('',(3.357298752834E0,-2.555465648478E-1,
1.486400359358E0));
#3688=CARTESIAN_POINT('',(3.342899659864E0,1.611593079210E-2,1.508121464565E0));
#3689=CARTESIAN_POINT('',(3.328500566893E0,2.872522151697E-1,1.480599959471E0));
#3690=CARTESIAN_POINT('',(3.314101473923E0,5.490092491211E-1,1.404734465828E0));
#3691=CARTESIAN_POINT('',(3.299702380952E0,7.928402412113E-1,1.283002114972E0));
#3692=CARTESIAN_POINT('',(3.285303287982E0,1.010783714328E0,1.119377665471E0));
#3693=CARTESIAN_POINT('',(3.270904195011E0,1.195723460815E0,9.192037208170E-1));
#3694=CARTESIAN_POINT('',(3.256505102041E0,1.341620898183E0,6.890162847608E-1));
#3695=CARTESIAN_POINT('',(3.242106009070E0,1.443712238621E0,4.363313501954E-1));
#3696=CARTESIAN_POINT('',(3.227706916100E0,1.498664034385E0,1.693994898060E-1));
#3697=CARTESIAN_POINT('',(3.213307823129E0,1.504682020275E0,
-1.030635385016E-1));
#3698=CARTESIAN_POINT('',(3.198908730159E0,1.461569699295E0,
-3.721613752237E-1));
#3699=CARTESIAN_POINT('',(3.184509637188E0,1.370734758607E0,
-6.291075398162E-1));
#3700=CARTESIAN_POINT('',(3.170110544218E0,1.235143106255E0,
-8.655123235269E-1));
#3701=CARTESIAN_POINT('',(3.155711451247E0,1.059222029467E0,-1.073656726984E0));
#3702=CARTESIAN_POINT('',(3.141312358277E0,8.487156365466E-1,
-1.246744498038E0));
#3703=CARTESIAN_POINT('',(3.126913265306E0,6.104973024280E-1,
-1.379124040409E0));
#3704=CARTESIAN_POINT('',(3.112514172336E0,3.523452418430E-1,
-1.466472947468E0));
#3705=CARTESIAN_POINT('',(3.098115079365E0,8.268853800303E-2,
-1.505939135818E0));
#3706=CARTESIAN_POINT('',(3.083715986395E0,-1.896680806309E-1,
-1.496233970439E0));
#3707=CARTESIAN_POINT('',(3.069316893424E0,-4.558317290032E-1,
-1.437674340711E0));
#3708=CARTESIAN_POINT('',(3.054917800454E0,-7.071117325757E-1,
-1.332172313464E0));
#3709=CARTESIAN_POINT('',(3.040518707483E0,-9.353033919373E-1,
-1.183172700892E0));
#3710=CARTESIAN_POINT('',(3.026119614512E0,-1.132955879539E0,
-9.955405818571E-1));
#3711=CARTESIAN_POINT('',(3.011720521542E0,-1.293615521290E0,
-7.754024491738E-1));
#3712=CARTESIAN_POINT('',(2.997321428571E0,-1.412036519476E0,
-5.299461696918E-1));
#3713=CARTESIAN_POINT('',(2.982922335601E0,-1.484352236563E0,
-2.671862887910E-1));
#3714=CARTESIAN_POINT('',(2.968523242630E0,-1.508201447170E0,
4.297657515470E-3));
#3715=CARTESIAN_POINT('',(2.954124149660E0,-1.482805435916E0,
2.756412783380E-1));
#3716=CARTESIAN_POINT('',(2.939725056689E0,-1.408993423732E0,
5.379847646418E-1));
#3717=CARTESIAN_POINT('',(2.925325963719E0,-1.289175492455E0,
7.827621763720E-1));
#3718=CARTESIAN_POINT('',(2.910926870748E0,-1.127263891753E0,1.001981134281E0));
#3719=CARTESIAN_POINT('',(2.896527777778E0,-9.285452978274E-1,
1.188483784066E0));
#3720=CARTESIAN_POINT('',(2.882128684807E0,-6.995081948683E-1,
1.336180511914E0));
#3721=CARTESIAN_POINT('',(2.867729591837E0,-4.476310155289E-1,
1.440248780261E0));
#3722=CARTESIAN_POINT('',(2.853330498866E0,-1.811379579769E-1,
1.497290591464E0));
#3723=CARTESIAN_POINT('',(2.838931405896E0,9.126954750564E-2,1.505443437929E0));
#3724=CARTESIAN_POINT('',(2.824532312925E0,3.606969543253E-1,1.464441116005E0));
#3725=CARTESIAN_POINT('',(2.810133219955E0,6.183470209402E-1,1.375622417962E0));
#3726=CARTESIAN_POINT('',(2.795734126984E0,8.558070550560E-1,1.241887418256E0));
#3727=CARTESIAN_POINT('',(2.781335034014E0,1.065323601665E0,1.067602781395E0));
#3728=CARTESIAN_POINT('',(2.766935941043E0,1.240055605919E0,8.584591832666E-1));
#3729=CARTESIAN_POINT('',(2.752536848073E0,1.374297784660E0,6.212855013466E-1));
#3730=CARTESIAN_POINT('',(2.738137755102E0,1.463666913163E0,3.638258407792E-1));
#3731=CARTESIAN_POINT('',(2.723738662132E0,1.505244944524E0,9.448667679291E-2));
#3732=CARTESIAN_POINT('',(2.709339569161E0,1.497674288627E0,
-1.779376303421E-1));
#3733=CARTESIAN_POINT('',(2.694940476190E0,1.441202139658E0,
-4.445519854312E-1));
#3734=CARTESIAN_POINT('',(2.680541383220E0,1.337672404816E0,
-6.966509976311E-1));
#3735=CARTESIAN_POINT('',(2.666142290249E0,1.190465497752E0,
-9.260032255717E-1));
#3736=CARTESIAN_POINT('',(2.651743197279E0,1.004387962586E0,-1.125119947259E0));
#3737=CARTESIAN_POINT('',(2.637344104308E0,7.855155324504E-1,
-1.287499678985E0));
#3738=CARTESIAN_POINT('',(2.622945011338E0,5.409947469553E-1,
-1.407840459311E0));
#3739=CARTESIAN_POINT('',(2.608545918367E0,2.788096060853E-1,
-1.482212966702E0));
#3740=CARTESIAN_POINT('',(2.594146825397E0,7.520879660038E-3,
-1.508188818244E0));
#3741=CARTESIAN_POINT('',(2.579747732426E0,-2.640134156765E-1,
-1.484919860278E0));
#3742=CARTESIAN_POINT('',(2.565348639456E0,-5.269272450576E-1,-1.413165862E0));
#3743=CARTESIAN_POINT('',(2.550949546485E0,-7.726360458023E-1,
-1.295269707757E0));
#3744=CARTESIAN_POINT('',(2.536550453515E0,-9.931170273024E-1,
-1.135080898081E0));
#3745=CARTESIAN_POINT('',(2.522151360544E0,-1.181171128139E0,
-9.378298572540E-1));
#3746=CARTESIAN_POINT('',(2.507752267574E0,-1.330658077107E0,
-7.099571514794E-1));
#3747=CARTESIAN_POINT('',(2.493353174603E0,-1.436696883022E0,
-4.589031939546E-1));
#3748=CARTESIAN_POINT('',(2.478954081633E0,-1.495825206995E0,
-1.928653033209E-1));
#3749=CARTESIAN_POINT('',(2.464554988662E0,-1.506112413408E0,
7.946995207753E-2));
#3750=CARTESIAN_POINT('',(2.450155895692E0,-1.467222608299E0,
3.492103847295E-1));
#3751=CARTESIAN_POINT('',(2.435756802721E0,-1.380425606838E0,
6.075485322924E-1));
#3752=CARTESIAN_POINT('',(2.421357709751E0,-1.248555471813E0,
8.460492355135E-1));
#3753=CARTESIAN_POINT('',(2.406958616780E0,-1.075917976875E0,1.056925059852E0));
#3754=CARTESIAN_POINT('',(2.392559523810E0,-8.681500160602E-1,
1.233290567839E0));
#3755=CARTESIAN_POINT('',(2.378160430839E0,-6.320355500552E-1,
1.369387139772E0));
#3756=CARTESIAN_POINT('',(2.363761337868E0,-3.752840988879E-1,
1.460771001981E0));
#3757=CARTESIAN_POINT('',(2.349362244898E0,-1.062790136020E-1,
1.504458323243E0));
#3758=CARTESIAN_POINT('',(2.334963151927E0,1.661962537434E-1,1.499022641706E0));
#3759=CARTESIAN_POINT('',(2.320564058957E0,4.332449440202E-1,1.444641441184E0));
#3760=CARTESIAN_POINT('',(2.306164965986E0,6.861474846372E-1,1.343090356019E0));
#3761=CARTESIAN_POINT('',(2.291765873016E0,9.166461977190E-1,1.197685193744E0));
#3762=CARTESIAN_POINT('',(2.277366780045E0,1.117214926673E0,1.013173668590E0));
#3763=CARTESIAN_POINT('',(2.262967687075E0,1.281304777402E0,7.955803809259E-1));
#3764=CARTESIAN_POINT('',(2.248568594104E0,1.403557950308E0,5.520101042850E-1));
#3765=CARTESIAN_POINT('',(2.234169501134E0,1.479982681142E0,2.904158029976E-1));
#3766=CARTESIAN_POINT('',(2.219770408163E0,1.508083578554E0,1.933895501411E-2));
#3767=CARTESIAN_POINT('',(2.205371315193E0,1.486943102746E0,
-2.523693411985E-1));
#3768=CARTESIAN_POINT('',(2.190972222222E0,1.417251524330E0,
-5.158373693542E-1));
#3769=CARTESIAN_POINT('',(2.176573129252E0,1.301284387006E0,
-7.624624713156E-1));
#3770=CARTESIAN_POINT('',(2.162174036281E0,1.142828203156E0,
-9.841919376367E-1));
#3771=CARTESIAN_POINT('',(2.147774943311E0,9.470568338002E-1,
-1.173785942285E0));
#3772=CARTESIAN_POINT('',(2.133375850340E0,7.203624949678E-1,
-1.325053932060E0));
#3773=CARTESIAN_POINT('',(2.118976757370E0,4.701472604973E-1,
-1.433056768026E0));
#3774=CARTESIAN_POINT('',(2.104577664399E0,2.045805549382E-1,
-1.494267959698E0));
#3775=CARTESIAN_POINT('',(2.094978269085E0,2.308382440890E-2,
-1.502548618343E0));
#3776=CARTESIAN_POINT('',(2.090178571429E0,-6.729724552576E-2,
-1.498489599812E0));
#3778=CARTESIAN_POINT('',(5.2E0,1.458554880596E0,-3.501680457839E-1));
#3779=CARTESIAN_POINT('',(5.195201719577E0,1.437440808406E0,
-4.381144858238E-1));
#3780=CARTESIAN_POINT('',(5.185605158730E0,1.379260962264E0,
-6.101757770202E-1));
#3781=CARTESIAN_POINT('',(5.171210317460E0,1.246982256894E0,
-8.483576719828E-1));
#3782=CARTESIAN_POINT('',(5.156815476190E0,1.074011628929E0,-1.058855235528E0));
#3783=CARTESIAN_POINT('',(5.142420634921E0,8.659934053941E-1,
-1.234799922400E0));
#3784=CARTESIAN_POINT('',(5.128025793651E0,6.297157506814E-1,
-1.370450103869E0));
#3785=CARTESIAN_POINT('',(5.113630952381E0,3.728889617649E-1,
-1.461379225263E0));
#3786=CARTESIAN_POINT('',(5.099236111111E0,1.038939138596E-1,
-1.504620042173E0));
#3787=CARTESIAN_POINT('',(5.084841269841E0,-1.684914412929E-1,
-1.498761505777E0));
#3788=CARTESIAN_POINT('',(5.070446428571E0,-4.353785173343E-1,
-1.443994793459E0));
#3789=CARTESIAN_POINT('',(5.056051587302E0,-6.880581501238E-1,
-1.342107074330E0));
#3790=CARTESIAN_POINT('',(5.041656746032E0,-9.182847983489E-1,
-1.196423188522E0));
#3791=CARTESIAN_POINT('',(5.027261904762E0,-1.118545615348E0,
-1.011697149991E0));
#3792=CARTESIAN_POINT('',(5.012867063492E0,-1.282305611262E0,
-7.939570115814E-1));
#3793=CARTESIAN_POINT('',(4.998472222222E0,-1.404220905405E0,
-5.503081552520E-1));
#3794=CARTESIAN_POINT('',(4.984077380952E0,-1.480313109879E0,
-2.887014264491E-1));
#3795=CARTESIAN_POINT('',(4.969682539683E0,-1.508099153897E0,
-1.767367898687E-2));
#3796=CARTESIAN_POINT('',(4.955287698413E0,-1.486672312326E0,
2.539308029293E-1));
#3797=CARTESIAN_POINT('',(4.940892857143E0,-1.416731794301E0,
5.172489148679E-1));
#3798=CARTESIAN_POINT('',(4.926498015873E0,-1.300559926352E0,
7.636879564864E-1));
#3799=CARTESIAN_POINT('',(4.912103174603E0,-1.141947674631E0,
9.852060319133E-1));
#3800=CARTESIAN_POINT('',(4.897708333333E0,-9.460709366107E-1,
1.174574476061E0));
#3801=CARTESIAN_POINT('',(4.883313492063E0,-7.193216391553E-1,
1.325613743274E0));
#3802=CARTESIAN_POINT('',(4.868918650794E0,-4.690991546501E-1,
1.433395060694E0));
#3803=CARTESIAN_POINT('',(4.854523809524E0,-2.035688417652E-1,
1.494401265918E0));
#3804=CARTESIAN_POINT('',(4.840128968254E0,6.860440974437E-2,1.506641580429E0));
#3805=CARTESIAN_POINT('',(4.825734126984E0,3.385389351338E-1,1.469716573463E0));
#3806=CARTESIAN_POINT('',(4.811339285714E0,5.974261246508E-1,1.384831196391E0));
#3807=CARTESIAN_POINT('',(4.796944444444E0,8.368178695585E-1,1.254755462272E0));
#3808=CARTESIAN_POINT('',(4.782549603175E0,1.048902244147E0,1.083734053694E0));
#3809=CARTESIAN_POINT('',(4.768154761905E0,1.226758427571E0,8.773478086236E-1));
#3810=CARTESIAN_POINT('',(4.753759920635E0,1.364582546801E0,6.423316042987E-1));
#3811=CARTESIAN_POINT('',(4.739365079365E0,1.457877070891E0,3.863545820656E-1));
#3812=CARTESIAN_POINT('',(4.724970238095E0,1.503597576187E0,1.177698849361E-1));
#3813=CARTESIAN_POINT('',(4.710575396825E0,1.500252093151E0,
-1.546579254649E-1));
#3814=CARTESIAN_POINT('',(4.696180555556E0,1.447949792904E0,
-4.220388775266E-1));
#3815=CARTESIAN_POINT('',(4.681785714286E0,1.348397424707E0,
-6.756476907075E-1));
#3816=CARTESIAN_POINT('',(4.667390873016E0,1.204843620650E0,
-9.072085023261E-1));
#3817=CARTESIAN_POINT('',(4.652996031746E0,1.021972885010E0,-1.109164928773E0));
#3818=CARTESIAN_POINT('',(4.638601190476E0,8.057527276589E-1,
-1.274926648394E0));
#3819=CARTESIAN_POINT('',(4.624206349206E0,5.632389299352E-1,
-1.399084459466E0));
#3820=CARTESIAN_POINT('',(4.609811507937E0,3.023452976056E-1,
-1.477586795396E0));
#3821=CARTESIAN_POINT('',(4.595416666667E0,3.158541443914E-2,
-1.507871937039E0));
#3822=CARTESIAN_POINT('',(4.581021825397E0,-2.402051764120E-1,
-1.488951607722E0));
#3823=CARTESIAN_POINT('',(4.566626984127E0,-5.041572973362E-1,
-1.421443223086E0));
#3824=CARTESIAN_POINT('',(4.552232142857E0,-7.516575587601E-1,
-1.307549743326E0));
#3825=CARTESIAN_POINT('',(4.537837301587E0,-9.746294346694E-1,
-1.150987785335E0));
#3826=CARTESIAN_POINT('',(4.523442460317E0,-1.165796818987E0,
-9.568663405900E-1));
#3827=CARTESIAN_POINT('',(4.509047619048E0,-1.318921462332E0,
-7.315200565358E-1));
#3828=CARTESIAN_POINT('',(4.494652777778E0,-1.429006541032E0,
-4.823025218711E-1));
#3829=CARTESIAN_POINT('',(4.480257936508E0,-1.492459715438E0,
-2.173463013470E-1));
#3830=CARTESIAN_POINT('',(4.465863095238E0,-1.507210356571E0,
5.470244928932E-2));
#3831=CARTESIAN_POINT('',(4.451468253968E0,-1.472777115701E0,
3.249661280546E-1));
#3832=CARTESIAN_POINT('',(4.437073412698E0,-1.390283631904E0,
5.846253841341E-1));
#3833=CARTESIAN_POINT('',(4.422678571429E0,-1.262421865037E0,
8.252069144107E-1));
#3834=CARTESIAN_POINT('',(4.408283730159E0,-1.093364250637E0,1.038859967630E0));
#3835=CARTESIAN_POINT('',(4.393888888889E0,-8.886275433635E-1,
1.218612533207E0));
#3836=CARTESIAN_POINT('',(4.379494047619E0,-6.548927920896E-1,
1.358598854623E0));
#3837=CARTESIAN_POINT('',(4.365099206349E0,-3.997873212799E-1,
1.454250843100E0));
#3838=CARTESIAN_POINT('',(4.350704365079E0,-1.316358331371E-1,
1.502447145276E0));
#3839=CARTESIAN_POINT('',(4.336309523810E0,1.408112473603E-1,1.501615000435E0));
#3840=CARTESIAN_POINT('',(4.321914682540E0,4.086633197723E-1,1.451781563455E0));
#3841=CARTESIAN_POINT('',(4.307519841270E0,6.631797297722E-1,1.354573018679E0));
#3842=CARTESIAN_POINT('',(4.293125E0,8.960549976220E-1,1.213161513629E0));
#3843=CARTESIAN_POINT('',(4.278730158730E0,1.099689845858E0,1.032161644235E0));
#3844=CARTESIAN_POINT('',(4.264335317460E0,1.267439181907E0,8.174798695271E-1));
#3845=CARTESIAN_POINT('',(4.249940476190E0,1.393828943362E0,5.761217697336E-1));
#3846=CARTESIAN_POINT('',(4.235545634921E0,1.474734729746E0,3.159634374317E-1));
#3847=CARTESIAN_POINT('',(4.221150793651E0,1.507516391573E0,4.549446179029E-2));
#3848=CARTESIAN_POINT('',(4.206755952381E0,1.491104184740E0,
-2.264591070474E-1));
#3849=CARTESIAN_POINT('',(4.192361111111E0,1.426033678846E0,
-4.910227731078E-1));
#3850=CARTESIAN_POINT('',(4.177966269841E0,1.314428280269E0,
-7.395631906359E-1));
#3851=CARTESIAN_POINT('',(4.163571428571E0,1.159929940333E0,
-9.639698908336E-1));
#3852=CARTESIAN_POINT('',(4.149176587302E0,9.675803097193E-1,
-1.156919945872E0));
#3853=CARTESIAN_POINT('',(4.134781746032E0,7.436562173360E-1,
-1.312116933559E0));
#3854=CARTESIAN_POINT('',(4.120386904762E0,4.954648423628E-1,
-1.424496404663E0));
#3855=CARTESIAN_POINT('',(4.105992063492E0,2.311052635037E-1,
-1.490391148020E0));
#3856=CARTESIAN_POINT('',(4.091597222222E0,-4.079583333995E-2,
-1.507650860410E0));
#3857=CARTESIAN_POINT('',(4.077202380952E0,-3.113656644819E-1,
-1.475712316102E0));
#3858=CARTESIAN_POINT('',(4.062807539683E0,-5.717748886215E-1,
-1.395617746252E0));
#3859=CARTESIAN_POINT('',(4.048412698413E0,-8.135257293914E-1,
-1.269980828413E0));
#3860=CARTESIAN_POINT('',(4.034017857143E0,-1.028729278127E0,
-1.102901395964E0));
#3861=CARTESIAN_POINT('',(4.019623015873E0,-1.210362927899E0,
-8.998316507862E-1));
#3862=CARTESIAN_POINT('',(4.005228174603E0,-1.352499537772E0,
-6.673982446587E-1));
#3863=CARTESIAN_POINT('',(3.990833333333E0,-1.450500850417E0,
-4.131860365244E-1));
#3864=CARTESIAN_POINT('',(3.976438492063E0,-1.501168846505E0,
-1.454905774758E-1));
#3865=CARTESIAN_POINT('',(3.962043650794E0,-1.502850115098E0,
1.269525820732E-1));
#3866=CARTESIAN_POINT('',(3.947648809524E0,-1.455489766005E0,
3.952529948468E-1));
#3867=CARTESIAN_POINT('',(3.933253968254E0,-1.360633379213E0,
6.506552819984E-1));
#3868=CARTESIAN_POINT('',(3.918859126984E0,-1.221375978383E0,
8.848254066864E-1));
#3869=CARTESIAN_POINT('',(3.909262566138E0,-1.101967483931E0,1.021688819905E0));
#3870=CARTESIAN_POINT('',(3.904464285714E0,-1.036593973480E0,1.084192295741E0));
#3872=CARTESIAN_POINT('',(4.983493649054E0,6.716370372113E-1,
-1.029682990875E0));
#3873=CARTESIAN_POINT('',(4.998129419244E0,7.343380771530E-1,
-1.010627200273E0));
#3874=CARTESIAN_POINT('',(5.027296151524E0,8.587264577522E-1,
-9.614809721044E-1));
#3875=CARTESIAN_POINT('',(5.070799000886E0,1.036658341473E0,
-8.547482525176E-1));
#3876=CARTESIAN_POINT('',(5.113853075469E0,1.199588400884E0,
-7.172164968699E-1));
#3877=CARTESIAN_POINT('',(5.157282708588E0,1.344785962783E0,
-5.479145923243E-1));
#3878=CARTESIAN_POINT('',(5.185795873692E0,1.423894952417E0,
-4.184800201865E-1));
#3879=CARTESIAN_POINT('',(5.2E0,1.458554880596E0,-3.501680457839E-1));
#3881=DIRECTION('',(-6.246950475544E-1,-7.808688094430E-1,0.E0));
#3882=VECTOR('',#3881,1.627204113312E0);
#3883=CARTESIAN_POINT('',(6.E0,2.5E0,0.E0));
#3884=LINE('',#3883,#3882);
#3885=DIRECTION('',(-6.246950475544E-1,7.808688094430E-1,0.E0));
#3886=VECTOR('',#3885,1.437524256335E0);
#3887=CARTESIAN_POINT('',(6.E0,-2.5E0,0.E0));
#3888=LINE('',#3887,#3886);
#3889=CARTESIAN_POINT('',(5.2E0,7.837478470739E-1,-1.278960246531E0));
#3890=CARTESIAN_POINT('',(5.197504585140E0,7.130679709310E-1,
-1.318614565760E0));
#3891=CARTESIAN_POINT('',(5.192522075353E0,5.659374655874E-1,
-1.386024070348E0));
#3892=CARTESIAN_POINT('',(5.185094327410E0,3.347601250657E-1,
-1.449608523862E0));
#3893=CARTESIAN_POINT('',(5.177649425386E0,9.732435730612E-2,
-1.475255224840E0));
#3894=CARTESIAN_POINT('',(5.170193393779E0,-1.399967733771E-1,
-1.462394987582E0));
#3895=CARTESIAN_POINT('',(5.162757770648E0,-3.700636107610E-1,
-1.412046257965E0));
#3896=CARTESIAN_POINT('',(5.155283155198E0,-5.888644944783E-1,
-1.325608370267E0));
#3897=CARTESIAN_POINT('',(5.147683831105E0,-7.927553735921E-1,
-1.203520582758E0));
#3898=CARTESIAN_POINT('',(5.140043321640E0,-9.734554436048E-1,
-1.049597512817E0));
#3899=CARTESIAN_POINT('',(5.132477820333E0,-1.123775235228E0,
-8.710045301990E-1));
#3900=CARTESIAN_POINT('',(5.124993982865E0,-1.241377147709E0,
-6.740219605517E-1));
#3901=CARTESIAN_POINT('',(5.117293918324E0,-1.327093185253E0,
-4.557717555519E-1));
#3902=CARTESIAN_POINT('',(5.109580055102E0,-1.374664262235E0,
-2.273757231944E-1));
#3903=CARTESIAN_POINT('',(5.104509654245E0,-1.380637067807E0,
-7.521923665059E-2));
#3904=CARTESIAN_POINT('',(5.101985716328E0,-1.377482145410E0,0.E0));
#3906=CARTESIAN_POINT('',(5.2E0,1.458554880596E0,-3.501680457839E-1));
#3907=CARTESIAN_POINT('',(5.200145421319E0,1.458909727656E0,
-3.494686703226E-1));
#3908=CARTESIAN_POINT('',(5.200441488831E0,1.459610977440E0,
-3.481280737970E-1));
#3909=CARTESIAN_POINT('',(5.200908723868E0,1.460644915556E0,
-3.463043187928E-1));
#3910=CARTESIAN_POINT('',(5.201415050241E0,1.461683960432E0,
-3.446600383127E-1));
#3911=CARTESIAN_POINT('',(5.201986377184E0,1.462740211245E0,
-3.432883139637E-1));
#3912=CARTESIAN_POINT('',(5.202614752493E0,1.463794632076E0,
-3.422302450087E-1));
#3913=CARTESIAN_POINT('',(5.203616088983E0,1.465136135200E0,
-3.419896642336E-1));
#3914=CARTESIAN_POINT('',(5.204423114894E0,1.465864206473E0,
-3.433073823034E-1));
#3915=CARTESIAN_POINT('',(5.204953752164E0,1.466194770513E0,
-3.448022122131E-1));
#3916=CARTESIAN_POINT('',(5.205428652843E0,1.466384460008E0,
-3.465851303536E-1));
#3917=CARTESIAN_POINT('',(5.205859064461E0,1.466451890790E0,
-3.486336456593E-1));
#3918=CARTESIAN_POINT('',(5.206240005434E0,1.466424474984E0,
-3.508013863926E-1));
#3919=CARTESIAN_POINT('',(5.206571539678E0,1.466330627991E0,
-3.529686077724E-1));
#3920=CARTESIAN_POINT('',(5.206885590014E0,1.466177968701E0,
-3.552731793954E-1));
#3921=CARTESIAN_POINT('',(5.207181476873E0,1.465972185034E0,
-3.576851651516E-1));
#3922=CARTESIAN_POINT('',(5.207463783321E0,1.465716713111E0,
-3.602123829419E-1));
#3923=CARTESIAN_POINT('',(5.207734439062E0,1.465413692176E0,
-3.628536260259E-1));
#3924=CARTESIAN_POINT('',(5.207995249124E0,1.465064363096E0,
-3.656106271048E-1));
#3925=CARTESIAN_POINT('',(5.208247487029E0,1.464669330582E0,
-3.684847410810E-1));
#3926=CARTESIAN_POINT('',(5.208492169674E0,1.464228722937E0,
-3.714777427917E-1));
#3927=CARTESIAN_POINT('',(5.208730089707E0,1.463742301865E0,
-3.745915268233E-1));
#3928=CARTESIAN_POINT('',(5.208961877113E0,1.463209540825E0,
-3.778281001106E-1));
#3929=CARTESIAN_POINT('',(5.209188030763E0,1.462629685215E0,
-3.811894920494E-1));
#3930=CARTESIAN_POINT('',(5.209408943808E0,1.462001801465E0,
-3.846776821546E-1));
#3931=CARTESIAN_POINT('',(5.209624921465E0,1.461324819500E0,
-3.882945193858E-1));
#3932=CARTESIAN_POINT('',(5.209836194742E0,1.460597571121E0,
-3.920416422297E-1));
#3933=CARTESIAN_POINT('',(5.210042931230E0,1.459818825731E0,
-3.959204000775E-1));
#3934=CARTESIAN_POINT('',(5.210245244117E0,1.458987323705E0,
-3.999317807434E-1));
#3935=CARTESIAN_POINT('',(5.210443200003E0,1.458101807863E0,
-4.040763455539E-1));
#3936=CARTESIAN_POINT('',(5.210636826448E0,1.457161049427E0,
-4.083541887429E-1));
#3937=CARTESIAN_POINT('',(5.210826118121E0,1.456163876719E0,
-4.127648870372E-1));
#3938=CARTESIAN_POINT('',(5.211011047532E0,1.455109166896E0,
-4.173076017415E-1));
#3939=CARTESIAN_POINT('',(5.211191559289E0,1.453995936067E0,
-4.219807707303E-1));
#3940=CARTESIAN_POINT('',(5.211367627463E0,1.452823004984E0,
-4.267835427280E-1));
#3941=CARTESIAN_POINT('',(5.211539079651E0,1.451590169607E0,
-4.317109795031E-1));
#3942=CARTESIAN_POINT('',(5.211705922564E0,1.450296424597E0,
-4.367618927873E-1));
#3943=CARTESIAN_POINT('',(5.211870353174E0,1.448921777575E0,
-4.420067354783E-1));
#3944=CARTESIAN_POINT('',(5.212034770949E0,1.447437824734E0,
-4.475400236713E-1));
#3945=CARTESIAN_POINT('',(5.212200823520E0,1.445815449788E0,
-4.534499100453E-1));
#3946=CARTESIAN_POINT('',(5.212369654446E0,1.444022905306E0,
-4.598249297769E-1));
#3947=CARTESIAN_POINT('',(5.212541869118E0,1.442025890955E0,
-4.667526121196E-1));
#3948=CARTESIAN_POINT('',(5.212717549715E0,1.439787165063E0,
-4.743196755317E-1));
#3949=CARTESIAN_POINT('',(5.212896254319E0,1.437266214388E0,
-4.826117554158E-1));
#3950=CARTESIAN_POINT('',(5.213077021324E0,1.434418849126E0,
-4.917132070671E-1));
#3951=CARTESIAN_POINT('',(5.213258375574E0,1.431196765443E0,
-5.017068295891E-1));
#3952=CARTESIAN_POINT('',(5.213438337907E0,1.427547070509E0,
-5.126735410453E-1));
#3953=CARTESIAN_POINT('',(5.213614437333E0,1.423411778288E0,
-5.246919832364E-1));
#3954=CARTESIAN_POINT('',(5.213783725108E0,1.418727282409E0,
-5.378380457211E-1));
#3955=CARTESIAN_POINT('',(5.213942789417E0,1.413423815121E0,
-5.521842934760E-1));
#3956=CARTESIAN_POINT('',(5.214087770167E0,1.407424906075E0,
-5.677992808361E-1));
#3957=CARTESIAN_POINT('',(5.214214370979E0,1.400646851338E0,
-5.847467377125E-1));
#3958=CARTESIAN_POINT('',(5.214317875320E0,1.392998234268E0,
-6.030845985463E-1));
#3959=CARTESIAN_POINT('',(5.214393138628E0,1.384379444189E0,
-6.228639075223E-1));
#3960=CARTESIAN_POINT('',(5.214434660933E0,1.374682517073E0,
-6.441274129740E-1));
#3961=CARTESIAN_POINT('',(5.214436350947E0,1.363790229935E0,
-6.669085148908E-1));
#3962=CARTESIAN_POINT('',(5.214392602854E0,1.351583606131E0,
-6.912183210970E-1));
#3963=CARTESIAN_POINT('',(5.214298264503E0,1.337891279451E0,
-7.171432532226E-1));
#3964=CARTESIAN_POINT('',(5.214146135009E0,1.322431829311E0,
-7.449161442419E-1));
#3965=CARTESIAN_POINT('',(5.213927323567E0,1.304906345853E0,
-7.747147966512E-1));
#3966=CARTESIAN_POINT('',(5.213631243142E0,1.284982149429E0,
-8.066865404011E-1));
#3967=CARTESIAN_POINT('',(5.213245567624E0,1.262292789266E0,
-8.409364866595E-1));
#3968=CARTESIAN_POINT('',(5.212756202226E0,1.236439117358E0,
-8.775168003963E-1));
#3969=CARTESIAN_POINT('',(5.212146626896E0,1.206964362161E0,
-9.164510946179E-1));
#3970=CARTESIAN_POINT('',(5.211397237069E0,1.173349791556E0,
-9.577143010445E-1));
#3971=CARTESIAN_POINT('',(5.210488592570E0,1.135171186106E0,-1.001045184551E0));
#3972=CARTESIAN_POINT('',(5.209398112880E0,1.091964973355E0,-1.046132238537E0));
#3973=CARTESIAN_POINT('',(5.208100065157E0,1.043279293613E0,-1.092548765639E0));
#3974=CARTESIAN_POINT('',(5.206561985385E0,9.885978377420E-1,
-1.139833844745E0));
#3975=CARTESIAN_POINT('',(5.204737295591E0,9.272180316231E-1,
-1.187523757103E0));
#3976=CARTESIAN_POINT('',(5.202590008391E0,8.592128058801E-1,
-1.234450884014E0));
#3977=CARTESIAN_POINT('',(5.200914148396E0,8.096400930541E-1,
-1.264433630984E0));
#3978=CARTESIAN_POINT('',(5.2E0,7.837478470739E-1,-1.278960246531E0));
#3980=CARTESIAN_POINT('',(5.101985716328E0,-1.377482145410E0,0.E0));
#3981=CARTESIAN_POINT('',(5.099225312525E0,-1.374031640656E0,
8.226647157118E-2));
#3982=CARTESIAN_POINT('',(5.093690968301E0,-1.352278216816E0,
2.459413192617E-1));
#3983=CARTESIAN_POINT('',(5.085381983081E0,-1.276879306646E0,
4.801853476409E-1));
#3984=CARTESIAN_POINT('',(5.076966106074E0,-1.159729435204E0,
6.979648364136E-1));
#3985=CARTESIAN_POINT('',(5.068652462967E0,-1.008330409105E0,
8.873330298997E-1));
#3986=CARTESIAN_POINT('',(5.060166061197E0,-8.229063833670E-1,
1.048296656813E0));
#3987=CARTESIAN_POINT('',(5.051735493848E0,-6.140685039605E-1,
1.170542490643E0));
#3988=CARTESIAN_POINT('',(5.043401494051E0,-3.910929485393E-1,
1.251782124092E0));
#3989=CARTESIAN_POINT('',(5.034882523058E0,-1.538023231598E-1,
1.291977686064E0));
#3990=CARTESIAN_POINT('',(5.026245295457E0,8.819744520228E-2,1.287285609210E0));
#3991=CARTESIAN_POINT('',(5.017665498327E0,3.214529882339E-1,1.238175967425E0));
#3992=CARTESIAN_POINT('',(5.009248871016E0,5.358932688810E-1,1.149889262613E0));
#3993=CARTESIAN_POINT('',(5.000675499667E0,7.326930951394E-1,1.022801639982E0));
#3994=CARTESIAN_POINT('',(4.992032823817E0,9.021561489796E-1,
8.612082622627E-1));
#3995=CARTESIAN_POINT('',(4.986335450719E0,9.913637122932E-1,
7.368861653163E-1));
#3996=CARTESIAN_POINT('',(4.983493649054E0,1.029682990875E0,6.716370372113E-1));
#3998=CARTESIAN_POINT('',(5.2E0,7.837478470739E-1,-1.278960246531E0));
#3999=CARTESIAN_POINT('',(5.195220791805E0,7.069369460433E-1,
-1.326030027220E0));
#4000=CARTESIAN_POINT('',(5.185662375415E0,5.448130894536E-1,
-1.406291986496E0));
#4001=CARTESIAN_POINT('',(5.171324750831E0,2.839881689253E-1,
-1.481158120007E0));
#4002=CARTESIAN_POINT('',(5.156987126246E0,1.396969492702E-2,
-1.508072745850E0));
#4003=CARTESIAN_POINT('',(5.142649501661E0,-2.565011264671E-1,
-1.486164784962E0));
#4004=CARTESIAN_POINT('',(5.128311877076E0,-5.186679062234E-1,
-1.416143420205E0));
#4005=CARTESIAN_POINT('',(5.113974252492E0,-7.640432362856E-1,
-1.300275555612E0));
#4006=CARTESIAN_POINT('',(5.099636627907E0,-9.846832796030E-1,
-1.142312315061E0));
#4007=CARTESIAN_POINT('',(5.085299003322E0,-1.173444994492E0,
-9.473676327101E-1));
#4008=CARTESIAN_POINT('',(5.070961378738E0,-1.324217371725E0,
-7.217526854353E-1));
#4009=CARTESIAN_POINT('',(5.056623754153E0,-1.432119277061E0,
-4.727715757192E-1));
#4010=CARTESIAN_POINT('',(5.042286129568E0,-1.493657473090E0,
-2.084848666303E-1));
#4011=CARTESIAN_POINT('',(5.027948504983E0,-1.506839710241E0,
6.255137226524E-2));
#4012=CARTESIAN_POINT('',(5.013610880399E0,-1.471239224191E0,
3.315625608135E-1));
#4013=CARTESIAN_POINT('',(4.999273255814E0,-1.388008552032E0,
5.898396782339E-1));
#4014=CARTESIAN_POINT('',(4.984935631229E0,-1.259842219805E0,
8.290212106623E-1));
#4015=CARTESIAN_POINT('',(4.970598006645E0,-1.090889509394E0,1.041363848434E0));
#4016=CARTESIAN_POINT('',(4.956260382060E0,-8.866201288569E-1,
1.219993169504E0));
#4017=CARTESIAN_POINT('',(4.941922757475E0,-6.536471350312E-1,
1.359126193331E0));
#4018=CARTESIAN_POINT('',(4.927585132890E0,-3.995128411397E-1,
1.454258600214E0));
#4019=CARTESIAN_POINT('',(4.913247508306E0,-1.324446404684E-1,
1.502310555026E0));
#4020=CARTESIAN_POINT('',(4.898909883721E0,1.389113488719E-1,1.501726414393E0));
#4021=CARTESIAN_POINT('',(4.884572259136E0,4.057701950619E-1,1.452525089398E0));
#4022=CARTESIAN_POINT('',(4.870234634551E0,6.594925576735E-1,1.356299433350E0));
#4023=CARTESIAN_POINT('',(4.855897009967E0,8.918643793646E-1,1.216164674439E0));
#4024=CARTESIAN_POINT('',(4.841559385382E0,1.095362809377E0,1.036657562731E0));
#4025=CARTESIAN_POINT('',(4.827221760797E0,1.263399749775E0,8.235894965339E-1));
#4026=CARTESIAN_POINT('',(4.812884136213E0,1.390535139818E0,5.838583830552E-1));
#4027=CARTESIAN_POINT('',(4.798546511628E0,1.472653073547E0,3.252253242033E-1));
#4028=CARTESIAN_POINT('',(4.784208887043E0,1.507095048932E0,5.606335715984E-2));
#4029=CARTESIAN_POINT('',(4.769871262458E0,1.492746034731E0,
-2.149136159626E-1));
#4030=CARTESIAN_POINT('',(4.755533637874E0,1.430070568734E0,
-4.789329336898E-1));
#4031=CARTESIAN_POINT('',(4.741196013289E0,1.321097718723E0,
-7.274471830430E-1));
#4032=CARTESIAN_POINT('',(4.726858388704E0,1.169355393036E0,
-9.524109151563E-1));
#4033=CARTESIAN_POINT('',(4.712520764120E0,9.797561273749E-1,
-1.146541110211E0));
#4034=CARTESIAN_POINT('',(4.698183139535E0,7.584380454113E-1,
-1.303552959340E0));
#4035=CARTESIAN_POINT('',(4.683845514950E0,5.125661419742E-1,
-1.418363330263E0));
#4036=CARTESIAN_POINT('',(4.669507890365E0,2.501003221064E-1,
-1.487255329597E0));
#4037=CARTESIAN_POINT('',(4.655170265781E0,-2.046229445635E-2,
-1.507998634296E0));
#4038=CARTESIAN_POINT('',(4.640832641196E0,-2.903624607003E-1,
-1.479921696560E0));
#4039=CARTESIAN_POINT('',(4.626495016611E0,-5.508623759075E-1,
-1.403933484657E0));
#4040=CARTESIAN_POINT('',(4.612157392027E0,-7.935285649240E-1,
-1.282494055807E0));
#4041=CARTESIAN_POINT('',(4.597819767442E0,-1.010504905132E0,
-1.119534913808E0));
#4042=CARTESIAN_POINT('',(4.583482142857E0,-1.194766962099E0,
-9.203317297635E-1));
#4043=CARTESIAN_POINT('',(4.569144518272E0,-1.340349399988E0,
-6.913335464756E-1));
#4044=CARTESIAN_POINT('',(4.554806893688E0,-1.442539104512E0,
-4.399539958743E-1));
#4045=CARTESIAN_POINT('',(4.540469269103E0,-1.498027766208E0,
-1.743312886478E-1));
#4046=CARTESIAN_POINT('',(4.526131644518E0,-1.505018984301E0,
9.693525377991E-2));
#4047=CARTESIAN_POINT('',(4.511794019934E0,-1.463286423730E0,
3.650635953616E-1));
#4048=CARTESIAN_POINT('',(4.497456395349E0,-1.374181142566E0,
6.213732967772E-1));
#4049=CARTESIAN_POINT('',(4.483118770764E0,-1.240587852591E0,
8.575665376727E-1));
#4050=CARTESIAN_POINT('',(4.468781146179E0,-1.066831529077E0,1.065996751918E0));
#4051=CARTESIAN_POINT('',(4.454443521595E0,-8.585373931927E-1,
1.239916179030E0));
#4052=CARTESIAN_POINT('',(4.440105897010E0,-6.224487999914E-1,
1.373694317496E0));
#4053=CARTESIAN_POINT('',(4.425768272425E0,-3.662089277187E-1,
1.463000207721E0));
#4054=CARTESIAN_POINT('',(4.411430647841E0,-9.811333606645E-2,
1.504942643365E0));
#4055=CARTESIAN_POINT('',(4.397093023256E0,1.731585958980E-1,1.498163771821E0));
#4056=CARTESIAN_POINT('',(4.382755398671E0,4.388246576454E-1,1.442883053603E0));
#4057=CARTESIAN_POINT('',(4.368417774086E0,6.902841241841E-1,1.340890157482E0));
#4058=CARTESIAN_POINT('',(4.354080149502E0,9.193961976118E-1,1.195487021405E0));
#4059=CARTESIAN_POINT('',(4.339742524917E0,1.118743558897E0,1.011380954912E0));
#4060=CARTESIAN_POINT('',(4.325404900332E0,1.281872497615E0,7.945322437700E-1));
#4061=CARTESIAN_POINT('',(4.311067275748E0,1.403501845630E0,5.519611905245E-1));
#4062=CARTESIAN_POINT('',(4.296729651163E0,1.479693950664E0,2.915208378493E-1));
#4063=CARTESIAN_POINT('',(4.282392026578E0,1.507982154622E0,2.164273260921E-2));
#4064=CARTESIAN_POINT('',(4.268054401993E0,1.487450649661E0,
-2.489360386851E-1));
#4065=CARTESIAN_POINT('',(4.253716777409E0,1.418764126734E0,
-5.114557060235E-1));
#4066=CARTESIAN_POINT('',(4.239379152824E0,1.304146256756E0,
-7.574174064015E-1));
#4067=CARTESIAN_POINT('',(4.225041528239E0,1.147307701045E0,
-9.788583276729E-1));
#4068=CARTESIAN_POINT('',(4.210703903654E0,9.533259816474E-1,
-1.168609498185E0));
#4069=CARTESIAN_POINT('',(4.196366279070E0,7.284811006494E-1,
-1.320527876468E0));
#4070=CARTESIAN_POINT('',(4.182028654485E0,4.800522301609E-1,
-1.429695227260E0));
#4071=CARTESIAN_POINT('',(4.167691029900E0,2.160820549757E-1,
-1.492577345416E0));
#4072=CARTESIAN_POINT('',(4.153353405316E0,-5.488360287759E-2,
-1.507138472957E0));
#4073=CARTESIAN_POINT('',(4.139015780731E0,-3.240724482477E-1,
-1.472907205094E0));
#4074=CARTESIAN_POINT('',(4.124678156146E0,-5.827697088572E-1,
-1.390991751582E0));
#4075=CARTESIAN_POINT('',(4.110340531561E0,-8.226002690466E-1,
-1.264044059320E0));
#4076=CARTESIAN_POINT('',(4.096002906977E0,-1.035799807390E0,
-1.096173957692E0));
#4077=CARTESIAN_POINT('',(4.081665282392E0,-1.215466160413E0,
-8.928161062033E-1));
#4078=CARTESIAN_POINT('',(4.067327657807E0,-1.355782774363E0,
-6.605540515444E-1));
#4079=CARTESIAN_POINT('',(4.052990033223E0,-1.452207012261E0,
-4.069070913301E-1));
#4080=CARTESIAN_POINT('',(4.038652408638E0,-1.501617215134E0,
-1.400868400358E-1));
#4081=CARTESIAN_POINT('',(4.024314784053E0,-1.502413774346E0,
1.312686047661E-1));
#4082=CARTESIAN_POINT('',(4.009977159468E0,-1.454570876081E0,
3.983743536026E-1));
#4083=CARTESIAN_POINT('',(3.995639534884E0,-1.359637492158E0,
6.525829805246E-1));
#4084=CARTESIAN_POINT('',(3.981301910299E0,-1.220686654421E0,
8.856650300429E-1));
#4085=CARTESIAN_POINT('',(3.971743493909E0,-1.101707636983E0,1.021937259025E0));
#4086=CARTESIAN_POINT('',(3.966964285714E0,-1.036593973480E0,1.084192295741E0));
#4088=CARTESIAN_POINT('',(3.966964285714E0,-1.036593973480E0,1.084192295741E0));
#4089=CARTESIAN_POINT('',(3.962164588057E0,-9.712011541265E-1,
1.146714232779E0));
#4090=CARTESIAN_POINT('',(3.952565192744E0,-8.290729791931E-1,
1.259892032680E0));
#4091=CARTESIAN_POINT('',(3.938166099773E0,-5.888090574543E-1,
1.388522250740E0));
#4092=CARTESIAN_POINT('',(3.923767006803E0,-3.293198557212E-1,
1.471814689304E0));
#4093=CARTESIAN_POINT('',(3.909367913832E0,-5.907774917402E-2,
1.507050066954E0));
#4094=CARTESIAN_POINT('',(3.894968820862E0,2.130933208119E-1,1.493077797257E0));
#4095=CARTESIAN_POINT('',(3.880569727891E0,4.783065540562E-1,1.430354122719E0));
#4096=CARTESIAN_POINT('',(3.866170634921E0,7.279023015382E-1,1.320927066213E0));
#4097=CARTESIAN_POINT('',(3.851771541950E0,9.537308594344E-1,1.168369600316E0));
#4098=CARTESIAN_POINT('',(3.837372448980E0,1.148418558781E0,9.776629730811E-1));
#4099=CARTESIAN_POINT('',(3.822973356009E0,1.305608530765E0,7.550340651295E-1));
#4100=CARTESIAN_POINT('',(3.808574263039E0,1.420168267978E0,5.077520711254E-1));
#4101=CARTESIAN_POINT('',(3.794175170068E0,1.488357209324E0,2.438911489965E-1));
#4102=CARTESIAN_POINT('',(3.779776077098E0,1.507948875339E0,
-2.793321446553E-2));
#4103=CARTESIAN_POINT('',(3.765376984127E0,1.478303566372E0,
-2.988455131988E-1));
#4104=CARTESIAN_POINT('',(3.750977891156E0,1.400389249812E0,
-5.600000215338E-1));
#4105=CARTESIAN_POINT('',(3.736578798186E0,1.276749954384E0,
-8.028696214737E-1));
#4106=CARTESIAN_POINT('',(3.722179705215E0,1.111422703490E0,-1.019524226918E0));
#4107=CARTESIAN_POINT('',(3.707780612245E0,9.098056998450E-1,
-1.202889713829E0));
#4108=CARTESIAN_POINT('',(3.693381519274E0,6.784820654156E-1,
-1.346978901845E0));
#4109=CARTESIAN_POINT('',(3.678982426304E0,4.250048918133E-1,
-1.447087045426E0));
#4110=CARTESIAN_POINT('',(3.664583333333E0,1.576506196120E-1,
-1.499945451422E0));
#4111=CARTESIAN_POINT('',(3.650184240363E0,-1.148512008522E-1,
-1.503828207199E0));
#4112=CARTESIAN_POINT('',(3.635785147392E0,-3.836029434487E-1,
-1.458608534489E0));
#4113=CARTESIAN_POINT('',(3.621386054422E0,-6.398294281678E-1,
-1.365762928900E0));
#4114=CARTESIAN_POINT('',(3.606986961451E0,-8.751644449714E-1,
-1.228322949946E0));
#4115=CARTESIAN_POINT('',(3.592587868481E0,-1.081923924111E0,
-1.050776235714E0));
#4116=CARTESIAN_POINT('',(3.578188775510E0,-1.253356833462E0,
-8.389199742056E-1));
#4117=CARTESIAN_POINT('',(3.563789682540E0,-1.383865610660E0,
-5.996716157517E-1));
#4118=CARTESIAN_POINT('',(3.549390589569E0,-1.469188932592E0,
-3.408430070487E-1));
#4119=CARTESIAN_POINT('',(3.534991496599E0,-1.506540854499E0,
-7.088532170032E-2));
#4120=CARTESIAN_POINT('',(3.520592403628E0,-1.494701775586E0,
2.013868842980E-1));
#4121=CARTESIAN_POINT('',(3.506193310658E0,-1.434058260970E0,
4.670834821003E-1));
#4122=CARTESIAN_POINT('',(3.491794217687E0,-1.326590419698E0,
7.175290471265E-1));
#4123=CARTESIAN_POINT('',(3.477395124717E0,-1.175807250982E0,
9.445461257364E-1));
#4124=CARTESIAN_POINT('',(3.462996031746E0,-9.866320696805E-1,
1.140722242346E0));
#4125=CARTESIAN_POINT('',(3.448596938776E0,-7.652417520930E-1,
1.299651928772E0));
#4126=CARTESIAN_POINT('',(3.434197845805E0,-5.188650509356E-1,
1.416145873144E0));
#4127=CARTESIAN_POINT('',(3.419798752834E0,-2.555465648478E-1,
1.486400359358E0));
#4128=CARTESIAN_POINT('',(3.405399659864E0,1.611593079210E-2,1.508121464565E0));
#4129=CARTESIAN_POINT('',(3.391000566893E0,2.872522151697E-1,1.480599959471E0));
#4130=CARTESIAN_POINT('',(3.376601473923E0,5.490092491211E-1,1.404734465828E0));
#4131=CARTESIAN_POINT('',(3.362202380952E0,7.928402412113E-1,1.283002114972E0));
#4132=CARTESIAN_POINT('',(3.347803287982E0,1.010783714328E0,1.119377665471E0));
#4133=CARTESIAN_POINT('',(3.333404195011E0,1.195723460815E0,9.192037208170E-1));
#4134=CARTESIAN_POINT('',(3.319005102041E0,1.341620898183E0,6.890162847608E-1));
#4135=CARTESIAN_POINT('',(3.304606009070E0,1.443712238621E0,4.363313501954E-1));
#4136=CARTESIAN_POINT('',(3.290206916100E0,1.498664034385E0,1.693994898060E-1));
#4137=CARTESIAN_POINT('',(3.275807823129E0,1.504682020275E0,
-1.030635385016E-1));
#4138=CARTESIAN_POINT('',(3.261408730159E0,1.461569699295E0,
-3.721613752237E-1));
#4139=CARTESIAN_POINT('',(3.247009637188E0,1.370734758607E0,
-6.291075398162E-1));
#4140=CARTESIAN_POINT('',(3.232610544218E0,1.235143106255E0,
-8.655123235269E-1));
#4141=CARTESIAN_POINT('',(3.218211451247E0,1.059222029467E0,-1.073656726984E0));
#4142=CARTESIAN_POINT('',(3.203812358277E0,8.487156365466E-1,
-1.246744498038E0));
#4143=CARTESIAN_POINT('',(3.189413265306E0,6.104973024280E-1,
-1.379124040409E0));
#4144=CARTESIAN_POINT('',(3.175014172336E0,3.523452418430E-1,
-1.466472947468E0));
#4145=CARTESIAN_POINT('',(3.160615079365E0,8.268853800303E-2,
-1.505939135818E0));
#4146=CARTESIAN_POINT('',(3.146215986395E0,-1.896680806309E-1,
-1.496233970439E0));
#4147=CARTESIAN_POINT('',(3.131816893424E0,-4.558317290032E-1,
-1.437674340711E0));
#4148=CARTESIAN_POINT('',(3.117417800454E0,-7.071117325757E-1,
-1.332172313464E0));
#4149=CARTESIAN_POINT('',(3.103018707483E0,-9.353033919373E-1,
-1.183172700892E0));
#4150=CARTESIAN_POINT('',(3.088619614512E0,-1.132955879539E0,
-9.955405818571E-1));
#4151=CARTESIAN_POINT('',(3.074220521542E0,-1.293615521290E0,
-7.754024491738E-1));
#4152=CARTESIAN_POINT('',(3.059821428571E0,-1.412036519476E0,
-5.299461696918E-1));
#4153=CARTESIAN_POINT('',(3.045422335601E0,-1.484352236563E0,
-2.671862887910E-1));
#4154=CARTESIAN_POINT('',(3.031023242630E0,-1.508201447170E0,
4.297657515471E-3));
#4155=CARTESIAN_POINT('',(3.016624149660E0,-1.482805435916E0,
2.756412783380E-1));
#4156=CARTESIAN_POINT('',(3.002225056689E0,-1.408993423732E0,
5.379847646418E-1));
#4157=CARTESIAN_POINT('',(2.987825963719E0,-1.289175492455E0,
7.827621763720E-1));
#4158=CARTESIAN_POINT('',(2.973426870748E0,-1.127263891753E0,1.001981134281E0));
#4159=CARTESIAN_POINT('',(2.959027777778E0,-9.285452978274E-1,
1.188483784066E0));
#4160=CARTESIAN_POINT('',(2.944628684807E0,-6.995081948683E-1,
1.336180511914E0));
#4161=CARTESIAN_POINT('',(2.930229591837E0,-4.476310155289E-1,
1.440248780261E0));
#4162=CARTESIAN_POINT('',(2.915830498866E0,-1.811379579769E-1,
1.497290591464E0));
#4163=CARTESIAN_POINT('',(2.901431405896E0,9.126954750564E-2,1.505443437929E0));
#4164=CARTESIAN_POINT('',(2.887032312925E0,3.606969543253E-1,1.464441116005E0));
#4165=CARTESIAN_POINT('',(2.872633219955E0,6.183470209402E-1,1.375622417962E0));
#4166=CARTESIAN_POINT('',(2.858234126984E0,8.558070550560E-1,1.241887418256E0));
#4167=CARTESIAN_POINT('',(2.843835034014E0,1.065323601665E0,1.067602781395E0));
#4168=CARTESIAN_POINT('',(2.829435941043E0,1.240055605919E0,8.584591832666E-1));
#4169=CARTESIAN_POINT('',(2.815036848073E0,1.374297784660E0,6.212855013466E-1));
#4170=CARTESIAN_POINT('',(2.800637755102E0,1.463666913163E0,3.638258407792E-1));
#4171=CARTESIAN_POINT('',(2.786238662132E0,1.505244944524E0,9.448667679291E-2));
#4172=CARTESIAN_POINT('',(2.771839569161E0,1.497674288627E0,
-1.779376303421E-1));
#4173=CARTESIAN_POINT('',(2.757440476190E0,1.441202139658E0,
-4.445519854312E-1));
#4174=CARTESIAN_POINT('',(2.743041383220E0,1.337672404816E0,
-6.966509976311E-1));
#4175=CARTESIAN_POINT('',(2.728642290249E0,1.190465497752E0,
-9.260032255717E-1));
#4176=CARTESIAN_POINT('',(2.714243197279E0,1.004387962586E0,-1.125119947259E0));
#4177=CARTESIAN_POINT('',(2.699844104308E0,7.855155324504E-1,
-1.287499678985E0));
#4178=CARTESIAN_POINT('',(2.685445011338E0,5.409947469553E-1,
-1.407840459311E0));
#4179=CARTESIAN_POINT('',(2.671045918367E0,2.788096060853E-1,
-1.482212966702E0));
#4180=CARTESIAN_POINT('',(2.656646825397E0,7.520879660038E-3,
-1.508188818244E0));
#4181=CARTESIAN_POINT('',(2.642247732426E0,-2.640134156765E-1,
-1.484919860278E0));
#4182=CARTESIAN_POINT('',(2.627848639456E0,-5.269272450576E-1,-1.413165862E0));
#4183=CARTESIAN_POINT('',(2.613449546485E0,-7.726360458023E-1,
-1.295269707757E0));
#4184=CARTESIAN_POINT('',(2.599050453515E0,-9.931170273024E-1,
-1.135080898081E0));
#4185=CARTESIAN_POINT('',(2.584651360544E0,-1.181171128139E0,
-9.378298572540E-1));
#4186=CARTESIAN_POINT('',(2.570252267574E0,-1.330658077107E0,
-7.099571514794E-1));
#4187=CARTESIAN_POINT('',(2.555853174603E0,-1.436696883022E0,
-4.589031939546E-1));
#4188=CARTESIAN_POINT('',(2.541454081633E0,-1.495825206995E0,
-1.928653033209E-1));
#4189=CARTESIAN_POINT('',(2.527054988662E0,-1.506112413408E0,
7.946995207753E-2));
#4190=CARTESIAN_POINT('',(2.512655895692E0,-1.467222608299E0,
3.492103847295E-1));
#4191=CARTESIAN_POINT('',(2.498256802721E0,-1.380425606839E0,
6.075485322924E-1));
#4192=CARTESIAN_POINT('',(2.483857709751E0,-1.248555471813E0,
8.460492355135E-1));
#4193=CARTESIAN_POINT('',(2.469458616780E0,-1.075917976875E0,1.056925059852E0));
#4194=CARTESIAN_POINT('',(2.455059523810E0,-8.681500160602E-1,
1.233290567839E0));
#4195=CARTESIAN_POINT('',(2.440660430839E0,-6.320355500552E-1,
1.369387139772E0));
#4196=CARTESIAN_POINT('',(2.426261337868E0,-3.752840988879E-1,
1.460771001981E0));
#4197=CARTESIAN_POINT('',(2.411862244898E0,-1.062790136020E-1,
1.504458323243E0));
#4198=CARTESIAN_POINT('',(2.397463151927E0,1.661962537434E-1,1.499022641706E0));
#4199=CARTESIAN_POINT('',(2.383064058957E0,4.332449440202E-1,1.444641441184E0));
#4200=CARTESIAN_POINT('',(2.368664965986E0,6.861474846372E-1,1.343090356019E0));
#4201=CARTESIAN_POINT('',(2.354265873016E0,9.166461977190E-1,1.197685193744E0));
#4202=CARTESIAN_POINT('',(2.339866780045E0,1.117214926673E0,1.013173668590E0));
#4203=CARTESIAN_POINT('',(2.325467687075E0,1.281304777402E0,7.955803809259E-1));
#4204=CARTESIAN_POINT('',(2.311068594104E0,1.403557950308E0,5.520101042850E-1));
#4205=CARTESIAN_POINT('',(2.296669501134E0,1.479982681142E0,2.904158029976E-1));
#4206=CARTESIAN_POINT('',(2.282270408163E0,1.508083578554E0,1.933895501411E-2));
#4207=CARTESIAN_POINT('',(2.267871315193E0,1.486943102746E0,
-2.523693411985E-1));
#4208=CARTESIAN_POINT('',(2.253472222222E0,1.417251524330E0,
-5.158373693542E-1));
#4209=CARTESIAN_POINT('',(2.239073129252E0,1.301284387006E0,
-7.624624713156E-1));
#4210=CARTESIAN_POINT('',(2.224674036281E0,1.142828203156E0,
-9.841919376367E-1));
#4211=CARTESIAN_POINT('',(2.210274943311E0,9.470568338002E-1,
-1.173785942285E0));
#4212=CARTESIAN_POINT('',(2.195875850340E0,7.203624949678E-1,
-1.325053932060E0));
#4213=CARTESIAN_POINT('',(2.181476757370E0,4.701472604973E-1,
-1.433056768026E0));
#4214=CARTESIAN_POINT('',(2.167077664399E0,2.045805549382E-1,
-1.494267959698E0));
#4215=CARTESIAN_POINT('',(2.157478269085E0,2.308382440890E-2,
-1.502548618343E0));
#4216=CARTESIAN_POINT('',(2.152678571429E0,-6.729724552576E-2,
-1.498489599812E0));
#4218=DIRECTION('',(5.E-1,5.984778096292E-1,-6.259587137994E-1));
#4219=VECTOR('',#4218,3.125E-1);
#4220=CARTESIAN_POINT('',(3.966964285714E0,-1.036593973480E0,1.084192295741E0));
#4221=LINE('',#4220,#4219);
#4222=DIRECTION('',(5.E-1,-5.984778096292E-1,6.259587137994E-1));
#4223=VECTOR('',#4222,3.125E-1);
#4224=CARTESIAN_POINT('',(3.748214285714E0,-8.495696579712E-1,
8.885801976788E-1));
#4225=LINE('',#4224,#4223);
#4226=CARTESIAN_POINT('',(2.914230112711E-1,1.140372341465E0,
9.963133106374E-1));
#4227=CARTESIAN_POINT('',(2.968391804074E-1,1.142374031989E0,
9.980621349823E-1));
#4228=CARTESIAN_POINT('',(3.088928257261E-1,1.144387785997E0,
9.998214988755E-1));
#4229=CARTESIAN_POINT('',(3.266051197611E-1,1.140051703618E0,
9.960331777862E-1));
#4230=CARTESIAN_POINT('',(3.353982640340E-1,1.133513220606E0,
9.903206772115E-1));
#4231=CARTESIAN_POINT('',(3.383928571429E-1,1.129607199005E0,
9.869080889096E-1));
#4233=CARTESIAN_POINT('',(3.859981966706E-1,-1.356669672216E0,0.E0));
#4234=CARTESIAN_POINT('',(3.882645028794E-1,-1.352892495201E0,
-7.581532591863E-2));
#4235=CARTESIAN_POINT('',(3.928124837757E-1,-1.332523303068E0,
-2.266736461706E-1));
#4236=CARTESIAN_POINT('',(3.996544805641E-1,-1.264878792064E0,
-4.435059436281E-1));
#4237=CARTESIAN_POINT('',(4.065947427746E-1,-1.160689759154E0,
-6.467484821538E-1));
#4238=CARTESIAN_POINT('',(4.134338906023E-1,-1.026719630999E0,
-8.252167959257E-1));
#4239=CARTESIAN_POINT('',(4.203892133528E-1,-8.632299204242E-1,
-9.797458892358E-1));
#4240=CARTESIAN_POINT('',(4.273368391886E-1,-6.774040343223E-1,
-1.102542484192E0));
#4241=CARTESIAN_POINT('',(4.342235247002E-1,-4.770333996228E-1,
-1.190424738408E0));
#4242=CARTESIAN_POINT('',(4.411609248959E-1,-2.650198136089E-1,
-1.243106079145E0));
#4243=CARTESIAN_POINT('',(4.482406301420E-1,-4.462943247729E-2,
-1.258617556403E0));
#4244=CARTESIAN_POINT('',(4.553687624865E-1,1.744637353612E-1,
-1.235119668842E0));
#4245=CARTESIAN_POINT('',(4.600489575067E-1,3.120919302924E-1,
-1.195199067955E0));
#4246=CARTESIAN_POINT('',(4.623797632096E-1,3.781282938702E-1,
-1.169770218815E0));
#4248=DIRECTION('',(-5.144957554275E-1,-8.574929257125E-1,0.E0));
#4249=VECTOR('',#4248,7.502456387612E-1);
#4250=CARTESIAN_POINT('',(3.859981966706E-1,-1.356669672216E0,0.E0));
#4251=LINE('',#4250,#4249);
#4252=DIRECTION('',(-5.144957554275E-1,8.574929257125E-1,0.E0));
#4253=VECTOR('',#4252,8.987047188083E-1);
#4254=CARTESIAN_POINT('',(4.623797632096E-1,1.229367061317E0,0.E0));
#4255=LINE('',#4254,#4253);
#4256=DIRECTION('',(1.E0,0.E0,0.E0));
#4257=VECTOR('',#4256,2.536110552262E0);
#4258=CARTESIAN_POINT('',(2.319447238689E-1,3.817995885219E0,
2.402079406944E-1));
#4259=LINE('',#4258,#4257);
#4260=DIRECTION('',(1.E0,0.E0,0.E0));
#4261=VECTOR('',#4260,2.536110552262E0);
#4262=CARTESIAN_POINT('',(2.319447238689E-1,3.757783809349E0,
7.168355993650E-1));
#4263=LINE('',#4262,#4261);
#4264=DIRECTION('',(1.E0,0.E0,0.E0));
#4265=VECTOR('',#4264,2.536110552262E0);
#4266=CARTESIAN_POINT('',(2.319447238689E-1,3.638309238014E0,1.182158332417E0));
#4267=LINE('',#4266,#4265);
#4268=DIRECTION('',(1.E0,0.E0,0.E0));
#4269=VECTOR('',#4268,2.536110552262E0);
#4270=CARTESIAN_POINT('',(2.319447238689E-1,3.461456356575E0,1.628837722379E0));
#4271=LINE('',#4270,#4269);
#4272=DIRECTION('',(1.E0,0.E0,0.E0));
#4273=VECTOR('',#4272,2.536110552262E0);
#4274=CARTESIAN_POINT('',(2.319447238689E-1,3.230014240619E0,2.049829368439E0));
#4275=LINE('',#4274,#4273);
#4276=DIRECTION('',(1.E0,0.E0,0.E0));
#4277=VECTOR('',#4276,2.536110552262E0);
#4278=CARTESIAN_POINT('',(2.319447238689E-1,2.947632870572E0,2.438493980851E0));
#4279=LINE('',#4278,#4277);
#4280=DIRECTION('',(1.E0,0.E0,0.E0));
#4281=VECTOR('',#4280,2.536110552262E0);
#4282=CARTESIAN_POINT('',(2.319447238689E-1,2.618765569325E0,2.788702086498E0));
#4283=LINE('',#4282,#4281);
#4284=DIRECTION('',(1.E0,0.E0,0.E0));
#4285=VECTOR('',#4284,2.536110552262E0);
#4286=CARTESIAN_POINT('',(2.319447238689E-1,2.248598770675E0,3.094930694351E0));
#4287=LINE('',#4286,#4285);
#4288=DIRECTION('',(1.E0,0.E0,0.E0));
#4289=VECTOR('',#4288,2.536110552262E0);
#4290=CARTESIAN_POINT('',(2.319447238689E-1,1.842970226164E0,3.352350396333E0));
#4291=LINE('',#4290,#4289);
#4292=DIRECTION('',(1.E0,0.E0,0.E0));
#4293=VECTOR('',#4292,2.536110552262E0);
#4294=CARTESIAN_POINT('',(2.319447238689E-1,1.408276940249E0,3.556901529967E0));
#4295=LINE('',#4294,#4293);
#4296=DIRECTION('',(1.E0,0.E0,0.E0));
#4297=VECTOR('',#4296,2.536110552262E0);
#4298=CARTESIAN_POINT('',(2.319447238689E-1,9.513742857231E-1,
3.705358201684E0));
#4299=LINE('',#4298,#4297);
#4300=DIRECTION('',(1.E0,0.E0,0.E0));
#4301=VECTOR('',#4300,2.536110552262E0);
#4302=CARTESIAN_POINT('',(2.319447238689E-1,4.794678903874E-1,
3.795379161086E0));
#4303=LINE('',#4302,#4301);
#4304=DIRECTION('',(1.E0,0.E0,0.E0));
#4305=VECTOR('',#4304,2.536110552262E0);
#4306=CARTESIAN_POINT('',(2.319447238689E-1,0.E0,3.825544723869E0));
#4307=LINE('',#4306,#4305);
#4308=DIRECTION('',(1.E0,0.E0,0.E0));
#4309=VECTOR('',#4308,2.536110552262E0);
#4310=CARTESIAN_POINT('',(2.319447238689E-1,-4.794678903874E-1,
3.795379161086E0));
#4311=LINE('',#4310,#4309);
#4312=DIRECTION('',(1.E0,0.E0,0.E0));
#4313=VECTOR('',#4312,2.536110552262E0);
#4314=CARTESIAN_POINT('',(2.319447238689E-1,-9.513742857231E-1,
3.705358201684E0));
#4315=LINE('',#4314,#4313);
#4316=DIRECTION('',(1.E0,0.E0,0.E0));
#4317=VECTOR('',#4316,2.536110552262E0);
#4318=CARTESIAN_POINT('',(2.319447238689E-1,-1.408276940249E0,
3.556901529967E0));
#4319=LINE('',#4318,#4317);
#4320=DIRECTION('',(1.E0,0.E0,0.E0));
#4321=VECTOR('',#4320,2.536110552262E0);
#4322=CARTESIAN_POINT('',(2.319447238689E-1,-1.842970226164E0,
3.352350396333E0));
#4323=LINE('',#4322,#4321);
#4324=DIRECTION('',(1.E0,0.E0,0.E0));
#4325=VECTOR('',#4324,2.536110552262E0);
#4326=CARTESIAN_POINT('',(2.319447238689E-1,-2.248598770675E0,
3.094930694351E0));
#4327=LINE('',#4326,#4325);
#4328=DIRECTION('',(1.E0,0.E0,0.E0));
#4329=VECTOR('',#4328,2.536110552262E0);
#4330=CARTESIAN_POINT('',(2.319447238689E-1,-2.618765569325E0,
2.788702086498E0));
#4331=LINE('',#4330,#4329);
#4332=DIRECTION('',(1.E0,0.E0,0.E0));
#4333=VECTOR('',#4332,2.536110552262E0);
#4334=CARTESIAN_POINT('',(2.319447238689E-1,-2.947632870572E0,
2.438493980851E0));
#4335=LINE('',#4334,#4333);
#4336=DIRECTION('',(1.E0,0.E0,0.E0));
#4337=VECTOR('',#4336,2.536110552262E0);
#4338=CARTESIAN_POINT('',(2.319447238689E-1,-3.230014240619E0,
2.049829368439E0));
#4339=LINE('',#4338,#4337);
#4340=DIRECTION('',(1.E0,0.E0,0.E0));
#4341=VECTOR('',#4340,2.536110552262E0);
#4342=CARTESIAN_POINT('',(2.319447238689E-1,-3.461456356575E0,
1.628837722379E0));
#4343=LINE('',#4342,#4341);
#4344=DIRECTION('',(1.E0,0.E0,0.E0));
#4345=VECTOR('',#4344,2.536110552262E0);
#4346=CARTESIAN_POINT('',(2.319447238689E-1,-3.638309238014E0,
1.182158332417E0));
#4347=LINE('',#4346,#4345);
#4348=DIRECTION('',(1.E0,0.E0,0.E0));
#4349=VECTOR('',#4348,2.536110552262E0);
#4350=CARTESIAN_POINT('',(2.319447238689E-1,-3.757783809349E0,
7.168355993650E-1));
#4351=LINE('',#4350,#4349);
#4352=DIRECTION('',(1.E0,0.E0,0.E0));
#4353=VECTOR('',#4352,2.536110552262E0);
#4354=CARTESIAN_POINT('',(2.319447238689E-1,-3.817995885219E0,
-2.402079406944E-1));
#4355=LINE('',#4354,#4353);
#4356=DIRECTION('',(1.E0,0.E0,0.E0));
#4357=VECTOR('',#4356,2.536110552262E0);
#4358=CARTESIAN_POINT('',(2.319447238689E-1,-3.757783809349E0,
-7.168355993650E-1));
#4359=LINE('',#4358,#4357);
#4360=DIRECTION('',(1.E0,0.E0,0.E0));
#4361=VECTOR('',#4360,2.536110552262E0);
#4362=CARTESIAN_POINT('',(2.319447238689E-1,-3.638309238014E0,
-1.182158332417E0));
#4363=LINE('',#4362,#4361);
#4364=DIRECTION('',(1.E0,0.E0,0.E0));
#4365=VECTOR('',#4364,2.536110552262E0);
#4366=CARTESIAN_POINT('',(2.319447238689E-1,-3.461456356575E0,
-1.628837722379E0));
#4367=LINE('',#4366,#4365);
#4368=DIRECTION('',(1.E0,0.E0,0.E0));
#4369=VECTOR('',#4368,2.536110552262E0);
#4370=CARTESIAN_POINT('',(2.319447238689E-1,-3.230014240619E0,
-2.049829368439E0));
#4371=LINE('',#4370,#4369);
#4372=DIRECTION('',(1.E0,0.E0,0.E0));
#4373=VECTOR('',#4372,2.536110552262E0);
#4374=CARTESIAN_POINT('',(2.319447238689E-1,-2.947632870572E0,
-2.438493980851E0));
#4375=LINE('',#4374,#4373);
#4376=DIRECTION('',(1.E0,0.E0,0.E0));
#4377=VECTOR('',#4376,2.536110552262E0);
#4378=CARTESIAN_POINT('',(2.319447238689E-1,-2.618765569325E0,
-2.788702086498E0));
#4379=LINE('',#4378,#4377);
#4380=DIRECTION('',(1.E0,0.E0,0.E0));
#4381=VECTOR('',#4380,2.536110552262E0);
#4382=CARTESIAN_POINT('',(2.319447238689E-1,-2.248598770675E0,
-3.094930694351E0));
#4383=LINE('',#4382,#4381);
#4384=DIRECTION('',(1.E0,0.E0,0.E0));
#4385=VECTOR('',#4384,2.536110552262E0);
#4386=CARTESIAN_POINT('',(2.319447238689E-1,-1.842970226164E0,
-3.352350396333E0));
#4387=LINE('',#4386,#4385);
#4388=DIRECTION('',(1.E0,0.E0,0.E0));
#4389=VECTOR('',#4388,2.536110552262E0);
#4390=CARTESIAN_POINT('',(2.319447238689E-1,-1.408276940249E0,
-3.556901529967E0));
#4391=LINE('',#4390,#4389);
#4392=DIRECTION('',(1.E0,0.E0,0.E0));
#4393=VECTOR('',#4392,2.536110552262E0);
#4394=CARTESIAN_POINT('',(2.319447238689E-1,-9.513742857231E-1,
-3.705358201684E0));
#4395=LINE('',#4394,#4393);
#4396=CARTESIAN_POINT('',(6.E0,3.E0,0.E0));
#4397=CARTESIAN_POINT('',(5.746E0,3.E0,0.E0));
#4398=VERTEX_POINT('',#4396);
#4399=VERTEX_POINT('',#4397);
#4400=CARTESIAN_POINT('',(3.E0,3.238E0,0.E0));
#4401=VERTEX_POINT('',#4400);
#4402=CARTESIAN_POINT('',(6.E0,-3.E0,0.E0));
#4403=CARTESIAN_POINT('',(5.746E0,-3.E0,0.E0));
#4404=VERTEX_POINT('',#4402);
#4405=VERTEX_POINT('',#4403);
#4406=CARTESIAN_POINT('',(3.E0,-3.238E0,0.E0));
#4407=VERTEX_POINT('',#4406);
#4408=CARTESIAN_POINT('',(0.E0,-3.5936E0,0.E0));
#4409=CARTESIAN_POINT('',(0.E0,3.5936E0,0.E0));
#4410=VERTEX_POINT('',#4408);
#4411=VERTEX_POINT('',#4409);
#4412=CARTESIAN_POINT('',(3.E0,-3.5936E0,0.E0));
#4413=CARTESIAN_POINT('',(3.E0,3.5936E0,0.E0));
#4414=VERTEX_POINT('',#4412);
#4415=VERTEX_POINT('',#4413);
#4416=CARTESIAN_POINT('',(4.063999999925E-1,3.999999999992E0,
2.825375489096E-10));
#4417=VERTEX_POINT('',#4416);
#4418=CARTESIAN_POINT('',(4.063999999925E-1,-3.999999999992E0,
-2.825380593855E-10));
#4419=VERTEX_POINT('',#4418);
#4420=CARTESIAN_POINT('',(2.593600000005E0,3.999999999995E0,
-6.497170118499E-11));
#4421=VERTEX_POINT('',#4420);
#4422=CARTESIAN_POINT('',(2.593600000005E0,-3.999999999995E0,
6.497237494706E-11));
#4423=VERTEX_POINT('',#4422);
#4424=CARTESIAN_POINT('',(2.319447238689E-1,0.E0,-3.825544723869E0));
#4425=CARTESIAN_POINT('',(2.768055276131E0,0.E0,-3.825544723869E0));
#4426=VERTEX_POINT('',#4424);
#4427=VERTEX_POINT('',#4425);
#4428=CARTESIAN_POINT('',(4.064E-1,-1.E-1,-3.998749804626E0));
#4429=CARTESIAN_POINT('',(2.5936E0,-1.E-1,-3.998749804626E0));
#4430=VERTEX_POINT('',#4428);
#4431=VERTEX_POINT('',#4429);
#4432=CARTESIAN_POINT('',(4.064E-1,1.000000000004E-1,-3.998749804626E0));
#4433=CARTESIAN_POINT('',(2.5936E0,1.000000000004E-1,-3.998749804626E0));
#4434=VERTEX_POINT('',#4432);
#4435=VERTEX_POINT('',#4433);
#4436=CARTESIAN_POINT('',(4.064E-1,4.019647730970E-1,-3.979751791405E0));
#4437=CARTESIAN_POINT('',(2.5936E0,4.019647730970E-1,-3.979751791405E0));
#4438=VERTEX_POINT('',#4436);
#4439=VERTEX_POINT('',#4437);
#4440=CARTESIAN_POINT('',(4.064E-1,6.003877133603E-1,-3.954685144692E0));
#4441=CARTESIAN_POINT('',(2.5936E0,6.003877133603E-1,-3.954685144692E0));
#4442=VERTEX_POINT('',#4440);
#4443=VERTEX_POINT('',#4441);
#4444=CARTESIAN_POINT('',(2.319447238689E-1,4.794678903874E-1,
-3.795379161086E0));
#4445=CARTESIAN_POINT('',(2.768055276131E0,4.794678903874E-1,
-3.795379161086E0));
#4446=VERTEX_POINT('',#4444);
#4447=VERTEX_POINT('',#4445);
#4448=CARTESIAN_POINT('',(4.064E-1,8.975903216002E-1,-3.897990715044E0));
#4449=CARTESIAN_POINT('',(2.5936E0,8.975903216002E-1,-3.897990715044E0));
#4450=VERTEX_POINT('',#4448);
#4451=VERTEX_POINT('',#4449);
#4452=CARTESIAN_POINT('',(4.064E-1,1.091306953826E0,-3.848252737611E0));
#4453=CARTESIAN_POINT('',(2.5936E0,1.091306953826E0,-3.848252737611E0));
#4454=VERTEX_POINT('',#4452);
#4455=VERTEX_POINT('',#4453);
#4456=CARTESIAN_POINT('',(2.319447238689E-1,9.513742857231E-1,
-3.705358201684E0));
#4457=CARTESIAN_POINT('',(2.768055276131E0,9.513742857231E-1,
-3.705358201684E0));
#4458=VERTEX_POINT('',#4456);
#4459=VERTEX_POINT('',#4457);
#4460=CARTESIAN_POINT('',(4.064E-1,1.379060334537E0,-3.754755996560E0));
#4461=CARTESIAN_POINT('',(2.5936E0,1.379060334537E0,-3.754755996560E0));
#4462=VERTEX_POINT('',#4460);
#4463=VERTEX_POINT('',#4461);
#4464=CARTESIAN_POINT('',(4.064E-1,1.565015631715E0,-3.681131086023E0));
#4465=CARTESIAN_POINT('',(2.5936E0,1.565015631715E0,-3.681131086023E0));
#4466=VERTEX_POINT('',#4464);
#4467=VERTEX_POINT('',#4465);
#4468=CARTESIAN_POINT('',(2.319447238689E-1,1.408276940249E0,
-3.556901529967E0));
#4469=CARTESIAN_POINT('',(2.768055276131E0,1.408276940249E0,-3.556901529967E0));
#4470=VERTEX_POINT('',#4468);
#4471=VERTEX_POINT('',#4469);
#4472=CARTESIAN_POINT('',(4.064E-1,1.838781742188E0,-3.552306533028E0));
#4473=CARTESIAN_POINT('',(2.5936E0,1.838781742188E0,-3.552306533028E0));
#4474=VERTEX_POINT('',#4472);
#4475=VERTEX_POINT('',#4473);
#4476=CARTESIAN_POINT('',(4.064E-1,2.014043078197E0,-3.455955798208E0));
#4477=CARTESIAN_POINT('',(2.5936E0,2.014043078197E0,-3.455955798208E0));
#4478=VERTEX_POINT('',#4476);
#4479=VERTEX_POINT('',#4477);
#4480=CARTESIAN_POINT('',(2.319447238689E-1,1.842970226164E0,
-3.352350396333E0));
#4481=CARTESIAN_POINT('',(2.768055276131E0,1.842970226164E0,-3.352350396333E0));
#4482=VERTEX_POINT('',#4480);
#4483=VERTEX_POINT('',#4481);
#4484=CARTESIAN_POINT('',(4.064E-1,2.269504463329E0,-3.293835073426E0));
#4485=CARTESIAN_POINT('',(2.5936E0,2.269504463329E0,-3.293835073426E0));
#4486=VERTEX_POINT('',#4484);
#4487=VERTEX_POINT('',#4485);
#4488=CARTESIAN_POINT('',(4.064E-1,2.431307862205E0,-3.176278022967E0));
#4489=CARTESIAN_POINT('',(2.5936E0,2.431307862205E0,-3.176278022967E0));
#4490=VERTEX_POINT('',#4488);
#4491=VERTEX_POINT('',#4489);
#4492=CARTESIAN_POINT('',(2.319447238689E-1,2.248598770675E0,
-3.094930694351E0));
#4493=CARTESIAN_POINT('',(2.768055276131E0,2.248598770675E0,-3.094930694351E0));
#4494=VERTEX_POINT('',#4492);
#4495=VERTEX_POINT('',#4493);
#4496=CARTESIAN_POINT('',(4.064E-1,2.664435743348E0,-2.983417867073E0));
#4497=CARTESIAN_POINT('',(2.5936E0,2.664435743348E0,-2.983417867073E0));
#4498=VERTEX_POINT('',#4496);
#4499=VERTEX_POINT('',#4497);
#4500=CARTESIAN_POINT('',(4.064E-1,2.810229468832E0,-2.846508445887E0));
#4501=CARTESIAN_POINT('',(2.5936E0,2.810229468832E0,-2.846508445887E0));
#4502=VERTEX_POINT('',#4500);
#4503=VERTEX_POINT('',#4501);
#4504=CARTESIAN_POINT('',(2.319447238689E-1,2.618765569325E0,
-2.788702086498E0));
#4505=CARTESIAN_POINT('',(2.768055276131E0,2.618765569325E0,-2.788702086498E0));
#4506=VERTEX_POINT('',#4504);
#4507=VERTEX_POINT('',#4505);
#4508=CARTESIAN_POINT('',(4.064E-1,3.017347280037E0,-2.625950378749E0));
#4509=CARTESIAN_POINT('',(2.5936E0,3.017347280037E0,-2.625950378749E0));
#4510=VERTEX_POINT('',#4508);
#4511=VERTEX_POINT('',#4509);
#4512=CARTESIAN_POINT('',(4.064E-1,3.144832077987E0,-2.471847730194E0));
#4513=CARTESIAN_POINT('',(2.5936E0,3.144832077987E0,-2.471847730194E0));
#4514=VERTEX_POINT('',#4512);
#4515=VERTEX_POINT('',#4513);
#4516=CARTESIAN_POINT('',(2.319447238689E-1,2.947632870572E0,
-2.438493980851E0));
#4517=CARTESIAN_POINT('',(2.768055276131E0,2.947632870572E0,-2.438493980851E0));
#4518=VERTEX_POINT('',#4516);
#4519=VERTEX_POINT('',#4517);
#4520=CARTESIAN_POINT('',(4.064E-1,3.322673447644E0,-2.227070084286E0));
#4521=CARTESIAN_POINT('',(2.5936E0,3.322673447644E0,-2.227070084286E0));
#4522=VERTEX_POINT('',#4520);
#4523=VERTEX_POINT('',#4521);
#4524=CARTESIAN_POINT('',(4.064E-1,3.429838806640E0,-2.058204499185E0));
#4525=CARTESIAN_POINT('',(2.5936E0,3.429838806640E0,-2.058204499185E0));
#4526=VERTEX_POINT('',#4524);
#4527=VERTEX_POINT('',#4525);
#4528=CARTESIAN_POINT('',(2.319447238689E-1,3.230014240619E0,
-2.049829368439E0));
#4529=CARTESIAN_POINT('',(2.768055276131E0,3.230014240619E0,-2.049829368439E0));
#4530=VERTEX_POINT('',#4528);
#4531=VERTEX_POINT('',#4529);
#4532=CARTESIAN_POINT('',(4.064E-1,3.575599070113E0,-1.793067564206E0));
#4533=CARTESIAN_POINT('',(2.5936E0,3.575599070113E0,-1.793067564206E0));
#4534=VERTEX_POINT('',#4532);
#4535=VERTEX_POINT('',#4533);
#4536=CARTESIAN_POINT('',(4.064E-1,3.660754928426E0,-1.612102153713E0));
#4537=CARTESIAN_POINT('',(2.5936E0,3.660754928426E0,-1.612102153713E0));
#4538=VERTEX_POINT('',#4536);
#4539=VERTEX_POINT('',#4537);
#4540=CARTESIAN_POINT('',(2.319447238689E-1,3.461456356575E0,
-1.628837722379E0));
#4541=CARTESIAN_POINT('',(2.768055276131E0,3.461456356575E0,-1.628837722379E0));
#4542=VERTEX_POINT('',#4540);
#4543=VERTEX_POINT('',#4541);
#4544=CARTESIAN_POINT('',(4.064E-1,3.772135359286E0,-1.330787297513E0));
#4545=CARTESIAN_POINT('',(2.5936E0,3.772135359286E0,-1.330787297513E0));
#4546=VERTEX_POINT('',#4544);
#4547=VERTEX_POINT('',#4545);
#4548=CARTESIAN_POINT('',(4.064E-1,3.833938758162E0,-1.140575994253E0));
#4549=CARTESIAN_POINT('',(2.5936E0,3.833938758162E0,-1.140575994253E0));
#4550=VERTEX_POINT('',#4548);
#4551=VERTEX_POINT('',#4549);
#4552=CARTESIAN_POINT('',(2.319447238689E-1,3.638309238014E0,
-1.182158332417E0));
#4553=CARTESIAN_POINT('',(2.768055276131E0,3.638309238014E0,-1.182158332417E0));
#4554=VERTEX_POINT('',#4552);
#4555=VERTEX_POINT('',#4553);
#4556=CARTESIAN_POINT('',(4.064E-1,3.909182820480E0,-8.475197201632E-1));
#4557=CARTESIAN_POINT('',(2.5936E0,3.909182820480E0,-8.475197201632E-1));
#4558=VERTEX_POINT('',#4556);
#4559=VERTEX_POINT('',#4557);
#4560=CARTESIAN_POINT('',(4.064E-1,3.946659083397E0,-6.510622700171E-1));
#4561=CARTESIAN_POINT('',(2.5936E0,3.946659083397E0,-6.510622700171E-1));
#4562=VERTEX_POINT('',#4560);
#4563=VERTEX_POINT('',#4561);
#4564=CARTESIAN_POINT('',(2.319447238689E-1,3.757783809349E0,
-7.168355993650E-1));
#4565=CARTESIAN_POINT('',(2.768055276131E0,3.757783809349E0,
-7.168355993650E-1));
#4566=VERTEX_POINT('',#4564);
#4567=VERTEX_POINT('',#4565);
#4568=CARTESIAN_POINT('',(4.064E-1,3.984580133362E0,-3.508862505431E-1));
#4569=CARTESIAN_POINT('',(2.5936E0,3.984580133362E0,-3.508862505431E-1));
#4570=VERTEX_POINT('',#4568);
#4571=VERTEX_POINT('',#4569);
#4572=CARTESIAN_POINT('',(4.064E-1,3.997138237267E0,-1.512809048570E-1));
#4573=CARTESIAN_POINT('',(2.5936E0,3.997138237267E0,-1.512809048570E-1));
#4574=VERTEX_POINT('',#4572);
#4575=VERTEX_POINT('',#4573);
#4576=CARTESIAN_POINT('',(2.319447238689E-1,3.817995885219E0,
-2.402079406944E-1));
#4577=CARTESIAN_POINT('',(2.768055276131E0,3.817995885219E0,
-2.402079406944E-1));
#4578=VERTEX_POINT('',#4576);
#4579=VERTEX_POINT('',#4577);
#4580=CARTESIAN_POINT('',(4.064E-1,3.997138237267E0,1.512809048574E-1));
#4581=CARTESIAN_POINT('',(2.5936E0,3.997138237267E0,1.512809048574E-1));
#4582=VERTEX_POINT('',#4580);
#4583=VERTEX_POINT('',#4581);
#4584=CARTESIAN_POINT('',(4.064E-1,3.984580133362E0,3.508862505434E-1));
#4585=CARTESIAN_POINT('',(2.5936E0,3.984580133362E0,3.508862505434E-1));
#4586=VERTEX_POINT('',#4584);
#4587=VERTEX_POINT('',#4585);
#4588=CARTESIAN_POINT('',(2.319447238689E-1,3.817995885219E0,
2.402079406944E-1));
#4589=CARTESIAN_POINT('',(2.768055276131E0,3.817995885219E0,2.402079406944E-1));
#4590=VERTEX_POINT('',#4588);
#4591=VERTEX_POINT('',#4589);
#4592=CARTESIAN_POINT('',(4.064E-1,3.946659083397E0,6.510622700174E-1));
#4593=CARTESIAN_POINT('',(2.5936E0,3.946659083397E0,6.510622700174E-1));
#4594=VERTEX_POINT('',#4592);
#4595=VERTEX_POINT('',#4593);
#4596=CARTESIAN_POINT('',(4.064E-1,3.909182820480E0,8.475197201635E-1));
#4597=CARTESIAN_POINT('',(2.5936E0,3.909182820480E0,8.475197201635E-1));
#4598=VERTEX_POINT('',#4596);
#4599=VERTEX_POINT('',#4597);
#4600=CARTESIAN_POINT('',(2.319447238689E-1,3.757783809349E0,
7.168355993650E-1));
#4601=CARTESIAN_POINT('',(2.768055276131E0,3.757783809349E0,7.168355993650E-1));
#4602=VERTEX_POINT('',#4600);
#4603=VERTEX_POINT('',#4601);
#4604=CARTESIAN_POINT('',(4.064E-1,3.833938758161E0,1.140575994254E0));
#4605=CARTESIAN_POINT('',(2.5936E0,3.833938758161E0,1.140575994254E0));
#4606=VERTEX_POINT('',#4604);
#4607=VERTEX_POINT('',#4605);
#4608=CARTESIAN_POINT('',(4.064E-1,3.772135359286E0,1.330787297513E0));
#4609=CARTESIAN_POINT('',(2.5936E0,3.772135359286E0,1.330787297513E0));
#4610=VERTEX_POINT('',#4608);
#4611=VERTEX_POINT('',#4609);
#4612=CARTESIAN_POINT('',(2.319447238689E-1,3.638309238014E0,1.182158332417E0));
#4613=CARTESIAN_POINT('',(2.768055276131E0,3.638309238014E0,1.182158332417E0));
#4614=VERTEX_POINT('',#4612);
#4615=VERTEX_POINT('',#4613);
#4616=CARTESIAN_POINT('',(4.064E-1,3.660754928426E0,1.612102153713E0));
#4617=CARTESIAN_POINT('',(2.5936E0,3.660754928426E0,1.612102153713E0));
#4618=VERTEX_POINT('',#4616);
#4619=VERTEX_POINT('',#4617);
#4620=CARTESIAN_POINT('',(4.064E-1,3.575599070113E0,1.793067564207E0));
#4621=CARTESIAN_POINT('',(2.5936E0,3.575599070113E0,1.793067564207E0));
#4622=VERTEX_POINT('',#4620);
#4623=VERTEX_POINT('',#4621);
#4624=CARTESIAN_POINT('',(2.319447238689E-1,3.461456356575E0,1.628837722379E0));
#4625=CARTESIAN_POINT('',(2.768055276131E0,3.461456356575E0,1.628837722379E0));
#4626=VERTEX_POINT('',#4624);
#4627=VERTEX_POINT('',#4625);
#4628=CARTESIAN_POINT('',(4.064E-1,3.429838806640E0,2.058204499186E0));
#4629=CARTESIAN_POINT('',(2.5936E0,3.429838806640E0,2.058204499186E0));
#4630=VERTEX_POINT('',#4628);
#4631=VERTEX_POINT('',#4629);
#4632=CARTESIAN_POINT('',(4.064E-1,3.322673447644E0,2.227070084286E0));
#4633=CARTESIAN_POINT('',(2.5936E0,3.322673447644E0,2.227070084286E0));
#4634=VERTEX_POINT('',#4632);
#4635=VERTEX_POINT('',#4633);
#4636=CARTESIAN_POINT('',(2.319447238689E-1,3.230014240619E0,2.049829368439E0));
#4637=CARTESIAN_POINT('',(2.768055276131E0,3.230014240619E0,2.049829368439E0));
#4638=VERTEX_POINT('',#4636);
#4639=VERTEX_POINT('',#4637);
#4640=CARTESIAN_POINT('',(4.064E-1,3.144832077987E0,2.471847730194E0));
#4641=CARTESIAN_POINT('',(2.5936E0,3.144832077987E0,2.471847730194E0));
#4642=VERTEX_POINT('',#4640);
#4643=VERTEX_POINT('',#4641);
#4644=CARTESIAN_POINT('',(4.064E-1,3.017347280037E0,2.625950378750E0));
#4645=CARTESIAN_POINT('',(2.5936E0,3.017347280037E0,2.625950378750E0));
#4646=VERTEX_POINT('',#4644);
#4647=VERTEX_POINT('',#4645);
#4648=CARTESIAN_POINT('',(2.319447238689E-1,2.947632870572E0,2.438493980851E0));
#4649=CARTESIAN_POINT('',(2.768055276131E0,2.947632870572E0,2.438493980851E0));
#4650=VERTEX_POINT('',#4648);
#4651=VERTEX_POINT('',#4649);
#4652=CARTESIAN_POINT('',(4.064E-1,2.810229468832E0,2.846508445887E0));
#4653=CARTESIAN_POINT('',(2.5936E0,2.810229468832E0,2.846508445887E0));
#4654=VERTEX_POINT('',#4652);
#4655=VERTEX_POINT('',#4653);
#4656=CARTESIAN_POINT('',(4.064E-1,2.664435743348E0,2.983417867073E0));
#4657=CARTESIAN_POINT('',(2.5936E0,2.664435743348E0,2.983417867073E0));
#4658=VERTEX_POINT('',#4656);
#4659=VERTEX_POINT('',#4657);
#4660=CARTESIAN_POINT('',(2.319447238689E-1,2.618765569325E0,2.788702086498E0));
#4661=CARTESIAN_POINT('',(2.768055276131E0,2.618765569325E0,2.788702086498E0));
#4662=VERTEX_POINT('',#4660);
#4663=VERTEX_POINT('',#4661);
#4664=CARTESIAN_POINT('',(4.064E-1,2.431307862204E0,3.176278022967E0));
#4665=CARTESIAN_POINT('',(2.5936E0,2.431307862204E0,3.176278022967E0));
#4666=VERTEX_POINT('',#4664);
#4667=VERTEX_POINT('',#4665);
#4668=CARTESIAN_POINT('',(4.064E-1,2.269504463329E0,3.293835073426E0));
#4669=CARTESIAN_POINT('',(2.5936E0,2.269504463329E0,3.293835073426E0));
#4670=VERTEX_POINT('',#4668);
#4671=VERTEX_POINT('',#4669);
#4672=CARTESIAN_POINT('',(2.319447238689E-1,2.248598770675E0,3.094930694351E0));
#4673=CARTESIAN_POINT('',(2.768055276131E0,2.248598770675E0,3.094930694351E0));
#4674=VERTEX_POINT('',#4672);
#4675=VERTEX_POINT('',#4673);
#4676=CARTESIAN_POINT('',(4.064E-1,2.014043078197E0,3.455955798208E0));
#4677=CARTESIAN_POINT('',(2.5936E0,2.014043078197E0,3.455955798208E0));
#4678=VERTEX_POINT('',#4676);
#4679=VERTEX_POINT('',#4677);
#4680=CARTESIAN_POINT('',(4.064E-1,1.838781742188E0,3.552306533029E0));
#4681=CARTESIAN_POINT('',(2.5936E0,1.838781742188E0,3.552306533029E0));
#4682=VERTEX_POINT('',#4680);
#4683=VERTEX_POINT('',#4681);
#4684=CARTESIAN_POINT('',(2.319447238689E-1,1.842970226164E0,3.352350396333E0));
#4685=CARTESIAN_POINT('',(2.768055276131E0,1.842970226164E0,3.352350396333E0));
#4686=VERTEX_POINT('',#4684);
#4687=VERTEX_POINT('',#4685);
#4688=CARTESIAN_POINT('',(4.064E-1,1.565015631715E0,3.681131086023E0));
#4689=CARTESIAN_POINT('',(2.5936E0,1.565015631715E0,3.681131086023E0));
#4690=VERTEX_POINT('',#4688);
#4691=VERTEX_POINT('',#4689);
#4692=CARTESIAN_POINT('',(4.064E-1,1.379060334537E0,3.754755996560E0));
#4693=CARTESIAN_POINT('',(2.5936E0,1.379060334537E0,3.754755996560E0));
#4694=VERTEX_POINT('',#4692);
#4695=VERTEX_POINT('',#4693);
#4696=CARTESIAN_POINT('',(2.319447238689E-1,1.408276940249E0,3.556901529967E0));
#4697=CARTESIAN_POINT('',(2.768055276131E0,1.408276940249E0,3.556901529967E0));
#4698=VERTEX_POINT('',#4696);
#4699=VERTEX_POINT('',#4697);
#4700=CARTESIAN_POINT('',(4.064E-1,1.091306953826E0,3.848252737611E0));
#4701=CARTESIAN_POINT('',(2.5936E0,1.091306953826E0,3.848252737611E0));
#4702=VERTEX_POINT('',#4700);
#4703=VERTEX_POINT('',#4701);
#4704=CARTESIAN_POINT('',(4.064E-1,8.975903215998E-1,3.897990715044E0));
#4705=CARTESIAN_POINT('',(2.5936E0,8.975903215998E-1,3.897990715044E0));
#4706=VERTEX_POINT('',#4704);
#4707=VERTEX_POINT('',#4705);
#4708=CARTESIAN_POINT('',(2.319447238689E-1,9.513742857231E-1,
3.705358201684E0));
#4709=CARTESIAN_POINT('',(2.768055276131E0,9.513742857231E-1,3.705358201684E0));
#4710=VERTEX_POINT('',#4708);
#4711=VERTEX_POINT('',#4709);
#4712=CARTESIAN_POINT('',(4.064E-1,6.003877133599E-1,3.954685144692E0));
#4713=CARTESIAN_POINT('',(2.5936E0,6.003877133599E-1,3.954685144692E0));
#4714=VERTEX_POINT('',#4712);
#4715=VERTEX_POINT('',#4713);
#4716=CARTESIAN_POINT('',(4.064E-1,4.019647730966E-1,3.979751791405E0));
#4717=CARTESIAN_POINT('',(2.5936E0,4.019647730966E-1,3.979751791405E0));
#4718=VERTEX_POINT('',#4716);
#4719=VERTEX_POINT('',#4717);
#4720=CARTESIAN_POINT('',(2.319447238689E-1,4.794678903874E-1,
3.795379161086E0));
#4721=CARTESIAN_POINT('',(2.768055276131E0,4.794678903874E-1,3.795379161086E0));
#4722=VERTEX_POINT('',#4720);
#4723=VERTEX_POINT('',#4721);
#4724=CARTESIAN_POINT('',(4.064E-1,1.E-1,3.998749804626E0));
#4725=CARTESIAN_POINT('',(2.5936E0,1.E-1,3.998749804626E0));
#4726=VERTEX_POINT('',#4724);
#4727=VERTEX_POINT('',#4725);
#4728=CARTESIAN_POINT('',(4.064E-1,-1.000000000004E-1,3.998749804626E0));
#4729=CARTESIAN_POINT('',(2.5936E0,-1.000000000004E-1,3.998749804626E0));
#4730=VERTEX_POINT('',#4728);
#4731=VERTEX_POINT('',#4729);
#4732=CARTESIAN_POINT('',(2.319447238689E-1,0.E0,3.825544723869E0));
#4733=CARTESIAN_POINT('',(2.768055276131E0,0.E0,3.825544723869E0));
#4734=VERTEX_POINT('',#4732);
#4735=VERTEX_POINT('',#4733);
#4736=CARTESIAN_POINT('',(4.064E-1,-4.019647730970E-1,3.979751791405E0));
#4737=CARTESIAN_POINT('',(2.5936E0,-4.019647730970E-1,3.979751791405E0));
#4738=VERTEX_POINT('',#4736);
#4739=VERTEX_POINT('',#4737);
#4740=CARTESIAN_POINT('',(4.064E-1,-6.003877133603E-1,3.954685144692E0));
#4741=CARTESIAN_POINT('',(2.5936E0,-6.003877133603E-1,3.954685144692E0));
#4742=VERTEX_POINT('',#4740);
#4743=VERTEX_POINT('',#4741);
#4744=CARTESIAN_POINT('',(2.319447238689E-1,-4.794678903874E-1,
3.795379161086E0));
#4745=CARTESIAN_POINT('',(2.768055276131E0,-4.794678903874E-1,
3.795379161086E0));
#4746=VERTEX_POINT('',#4744);
#4747=VERTEX_POINT('',#4745);
#4748=CARTESIAN_POINT('',(4.064E-1,-8.975903216002E-1,3.897990715044E0));
#4749=CARTESIAN_POINT('',(2.5936E0,-8.975903216002E-1,3.897990715044E0));
#4750=VERTEX_POINT('',#4748);
#4751=VERTEX_POINT('',#4749);
#4752=CARTESIAN_POINT('',(4.064E-1,-1.091306953826E0,3.848252737611E0));
#4753=CARTESIAN_POINT('',(2.5936E0,-1.091306953826E0,3.848252737611E0));
#4754=VERTEX_POINT('',#4752);
#4755=VERTEX_POINT('',#4753);
#4756=CARTESIAN_POINT('',(2.319447238689E-1,-9.513742857231E-1,
3.705358201684E0));
#4757=CARTESIAN_POINT('',(2.768055276131E0,-9.513742857231E-1,
3.705358201684E0));
#4758=VERTEX_POINT('',#4756);
#4759=VERTEX_POINT('',#4757);
#4760=CARTESIAN_POINT('',(4.064E-1,-1.379060334537E0,3.754755996560E0));
#4761=CARTESIAN_POINT('',(2.5936E0,-1.379060334537E0,3.754755996560E0));
#4762=VERTEX_POINT('',#4760);
#4763=VERTEX_POINT('',#4761);
#4764=CARTESIAN_POINT('',(4.064E-1,-1.565015631715E0,3.681131086023E0));
#4765=CARTESIAN_POINT('',(2.5936E0,-1.565015631715E0,3.681131086023E0));
#4766=VERTEX_POINT('',#4764);
#4767=VERTEX_POINT('',#4765);
#4768=CARTESIAN_POINT('',(2.319447238689E-1,-1.408276940249E0,
3.556901529967E0));
#4769=CARTESIAN_POINT('',(2.768055276131E0,-1.408276940249E0,3.556901529967E0));
#4770=VERTEX_POINT('',#4768);
#4771=VERTEX_POINT('',#4769);
#4772=CARTESIAN_POINT('',(4.064E-1,-1.838781742188E0,3.552306533028E0));
#4773=CARTESIAN_POINT('',(2.5936E0,-1.838781742188E0,3.552306533028E0));
#4774=VERTEX_POINT('',#4772);
#4775=VERTEX_POINT('',#4773);
#4776=CARTESIAN_POINT('',(4.064E-1,-2.014043078197E0,3.455955798208E0));
#4777=CARTESIAN_POINT('',(2.5936E0,-2.014043078197E0,3.455955798208E0));
#4778=VERTEX_POINT('',#4776);
#4779=VERTEX_POINT('',#4777);
#4780=CARTESIAN_POINT('',(2.319447238689E-1,-1.842970226164E0,
3.352350396333E0));
#4781=CARTESIAN_POINT('',(2.768055276131E0,-1.842970226164E0,3.352350396333E0));
#4782=VERTEX_POINT('',#4780);
#4783=VERTEX_POINT('',#4781);
#4784=CARTESIAN_POINT('',(4.064E-1,-2.269504463329E0,3.293835073426E0));
#4785=CARTESIAN_POINT('',(2.5936E0,-2.269504463329E0,3.293835073426E0));
#4786=VERTEX_POINT('',#4784);
#4787=VERTEX_POINT('',#4785);
#4788=CARTESIAN_POINT('',(4.064E-1,-2.431307862205E0,3.176278022967E0));
#4789=CARTESIAN_POINT('',(2.5936E0,-2.431307862205E0,3.176278022967E0));
#4790=VERTEX_POINT('',#4788);
#4791=VERTEX_POINT('',#4789);
#4792=CARTESIAN_POINT('',(2.319447238689E-1,-2.248598770675E0,
3.094930694351E0));
#4793=CARTESIAN_POINT('',(2.768055276131E0,-2.248598770675E0,3.094930694351E0));
#4794=VERTEX_POINT('',#4792);
#4795=VERTEX_POINT('',#4793);
#4796=CARTESIAN_POINT('',(4.064E-1,-2.664435743348E0,2.983417867073E0));
#4797=CARTESIAN_POINT('',(2.5936E0,-2.664435743348E0,2.983417867073E0));
#4798=VERTEX_POINT('',#4796);
#4799=VERTEX_POINT('',#4797);
#4800=CARTESIAN_POINT('',(4.064E-1,-2.810229468832E0,2.846508445887E0));
#4801=CARTESIAN_POINT('',(2.5936E0,-2.810229468832E0,2.846508445887E0));
#4802=VERTEX_POINT('',#4800);
#4803=VERTEX_POINT('',#4801);
#4804=CARTESIAN_POINT('',(2.319447238689E-1,-2.618765569325E0,
2.788702086498E0));
#4805=CARTESIAN_POINT('',(2.768055276131E0,-2.618765569325E0,2.788702086498E0));
#4806=VERTEX_POINT('',#4804);
#4807=VERTEX_POINT('',#4805);
#4808=CARTESIAN_POINT('',(4.064E-1,-3.017347280037E0,2.625950378749E0));
#4809=CARTESIAN_POINT('',(2.5936E0,-3.017347280037E0,2.625950378749E0));
#4810=VERTEX_POINT('',#4808);
#4811=VERTEX_POINT('',#4809);
#4812=CARTESIAN_POINT('',(4.064E-1,-3.144832077987E0,2.471847730194E0));
#4813=CARTESIAN_POINT('',(2.5936E0,-3.144832077987E0,2.471847730194E0));
#4814=VERTEX_POINT('',#4812);
#4815=VERTEX_POINT('',#4813);
#4816=CARTESIAN_POINT('',(2.319447238689E-1,-2.947632870572E0,
2.438493980851E0));
#4817=CARTESIAN_POINT('',(2.768055276131E0,-2.947632870572E0,2.438493980851E0));
#4818=VERTEX_POINT('',#4816);
#4819=VERTEX_POINT('',#4817);
#4820=CARTESIAN_POINT('',(4.064E-1,-3.322673447644E0,2.227070084286E0));
#4821=CARTESIAN_POINT('',(2.5936E0,-3.322673447644E0,2.227070084286E0));
#4822=VERTEX_POINT('',#4820);
#4823=VERTEX_POINT('',#4821);
#4824=CARTESIAN_POINT('',(4.064E-1,-3.429838806640E0,2.058204499185E0));
#4825=CARTESIAN_POINT('',(2.5936E0,-3.429838806640E0,2.058204499185E0));
#4826=VERTEX_POINT('',#4824);
#4827=VERTEX_POINT('',#4825);
#4828=CARTESIAN_POINT('',(2.319447238689E-1,-3.230014240619E0,
2.049829368439E0));
#4829=CARTESIAN_POINT('',(2.768055276131E0,-3.230014240619E0,2.049829368439E0));
#4830=VERTEX_POINT('',#4828);
#4831=VERTEX_POINT('',#4829);
#4832=CARTESIAN_POINT('',(4.064E-1,-3.575599070113E0,1.793067564206E0));
#4833=CARTESIAN_POINT('',(2.5936E0,-3.575599070113E0,1.793067564206E0));
#4834=VERTEX_POINT('',#4832);
#4835=VERTEX_POINT('',#4833);
#4836=CARTESIAN_POINT('',(4.064E-1,-3.660754928426E0,1.612102153713E0));
#4837=CARTESIAN_POINT('',(2.5936E0,-3.660754928426E0,1.612102153713E0));
#4838=VERTEX_POINT('',#4836);
#4839=VERTEX_POINT('',#4837);
#4840=CARTESIAN_POINT('',(2.319447238689E-1,-3.461456356575E0,
1.628837722379E0));
#4841=CARTESIAN_POINT('',(2.768055276131E0,-3.461456356575E0,1.628837722379E0));
#4842=VERTEX_POINT('',#4840);
#4843=VERTEX_POINT('',#4841);
#4844=CARTESIAN_POINT('',(4.064E-1,-3.772135359286E0,1.330787297513E0));
#4845=CARTESIAN_POINT('',(2.5936E0,-3.772135359286E0,1.330787297513E0));
#4846=VERTEX_POINT('',#4844);
#4847=VERTEX_POINT('',#4845);
#4848=CARTESIAN_POINT('',(4.064E-1,-3.833938758162E0,1.140575994253E0));
#4849=CARTESIAN_POINT('',(2.5936E0,-3.833938758162E0,1.140575994253E0));
#4850=VERTEX_POINT('',#4848);
#4851=VERTEX_POINT('',#4849);
#4852=CARTESIAN_POINT('',(2.319447238689E-1,-3.638309238014E0,
1.182158332417E0));
#4853=CARTESIAN_POINT('',(2.768055276131E0,-3.638309238014E0,1.182158332417E0));
#4854=VERTEX_POINT('',#4852);
#4855=VERTEX_POINT('',#4853);
#4856=CARTESIAN_POINT('',(4.064E-1,-3.909182820480E0,8.475197201632E-1));
#4857=CARTESIAN_POINT('',(2.5936E0,-3.909182820480E0,8.475197201632E-1));
#4858=VERTEX_POINT('',#4856);
#4859=VERTEX_POINT('',#4857);
#4860=CARTESIAN_POINT('',(4.064E-1,-3.946659083397E0,6.510622700171E-1));
#4861=CARTESIAN_POINT('',(2.5936E0,-3.946659083397E0,6.510622700171E-1));
#4862=VERTEX_POINT('',#4860);
#4863=VERTEX_POINT('',#4861);
#4864=CARTESIAN_POINT('',(2.319447238689E-1,-3.757783809349E0,
7.168355993650E-1));
#4865=CARTESIAN_POINT('',(2.768055276131E0,-3.757783809349E0,
7.168355993650E-1));
#4866=VERTEX_POINT('',#4864);
#4867=VERTEX_POINT('',#4865);
#4868=CARTESIAN_POINT('',(4.064E-1,-3.984580133362E0,3.508862505431E-1));
#4869=CARTESIAN_POINT('',(2.5936E0,-3.984580133362E0,3.508862505431E-1));
#4870=VERTEX_POINT('',#4868);
#4871=VERTEX_POINT('',#4869);
#4872=CARTESIAN_POINT('',(4.064E-1,-3.997138237267E0,1.512809048570E-1));
#4873=CARTESIAN_POINT('',(2.5936E0,-3.997138237267E0,1.512809048570E-1));
#4874=VERTEX_POINT('',#4872);
#4875=VERTEX_POINT('',#4873);
#4876=CARTESIAN_POINT('',(2.319447238689E-1,-3.817995885219E0,
2.402079406944E-1));
#4877=CARTESIAN_POINT('',(2.768055276131E0,-3.817995885219E0,
2.402079406944E-1));
#4878=VERTEX_POINT('',#4876);
#4879=VERTEX_POINT('',#4877);
#4880=CARTESIAN_POINT('',(4.064E-1,-3.997138237267E0,-1.512809048574E-1));
#4881=CARTESIAN_POINT('',(2.5936E0,-3.997138237267E0,-1.512809048574E-1));
#4882=VERTEX_POINT('',#4880);
#4883=VERTEX_POINT('',#4881);
#4884=CARTESIAN_POINT('',(4.064E-1,-3.984580133362E0,-3.508862505434E-1));
#4885=CARTESIAN_POINT('',(2.5936E0,-3.984580133362E0,-3.508862505434E-1));
#4886=VERTEX_POINT('',#4884);
#4887=VERTEX_POINT('',#4885);
#4888=CARTESIAN_POINT('',(2.319447238689E-1,-3.817995885219E0,
-2.402079406944E-1));
#4889=CARTESIAN_POINT('',(2.768055276131E0,-3.817995885219E0,
-2.402079406944E-1));
#4890=VERTEX_POINT('',#4888);
#4891=VERTEX_POINT('',#4889);
#4892=CARTESIAN_POINT('',(4.064E-1,-3.946659083397E0,-6.510622700174E-1));
#4893=CARTESIAN_POINT('',(2.5936E0,-3.946659083397E0,-6.510622700174E-1));
#4894=VERTEX_POINT('',#4892);
#4895=VERTEX_POINT('',#4893);
#4896=CARTESIAN_POINT('',(4.064E-1,-3.909182820480E0,-8.475197201635E-1));
#4897=CARTESIAN_POINT('',(2.5936E0,-3.909182820480E0,-8.475197201635E-1));
#4898=VERTEX_POINT('',#4896);
#4899=VERTEX_POINT('',#4897);
#4900=CARTESIAN_POINT('',(2.319447238689E-1,-3.757783809349E0,
-7.168355993650E-1));
#4901=CARTESIAN_POINT('',(2.768055276131E0,-3.757783809349E0,
-7.168355993650E-1));
#4902=VERTEX_POINT('',#4900);
#4903=VERTEX_POINT('',#4901);
#4904=CARTESIAN_POINT('',(4.064E-1,-3.833938758161E0,-1.140575994254E0));
#4905=CARTESIAN_POINT('',(2.5936E0,-3.833938758161E0,-1.140575994254E0));
#4906=VERTEX_POINT('',#4904);
#4907=VERTEX_POINT('',#4905);
#4908=CARTESIAN_POINT('',(4.064E-1,-3.772135359286E0,-1.330787297513E0));
#4909=CARTESIAN_POINT('',(2.5936E0,-3.772135359286E0,-1.330787297513E0));
#4910=VERTEX_POINT('',#4908);
#4911=VERTEX_POINT('',#4909);
#4912=CARTESIAN_POINT('',(2.319447238689E-1,-3.638309238014E0,
-1.182158332417E0));
#4913=CARTESIAN_POINT('',(2.768055276131E0,-3.638309238014E0,
-1.182158332417E0));
#4914=VERTEX_POINT('',#4912);
#4915=VERTEX_POINT('',#4913);
#4916=CARTESIAN_POINT('',(4.064E-1,-3.660754928426E0,-1.612102153713E0));
#4917=CARTESIAN_POINT('',(2.5936E0,-3.660754928426E0,-1.612102153713E0));
#4918=VERTEX_POINT('',#4916);
#4919=VERTEX_POINT('',#4917);
#4920=CARTESIAN_POINT('',(4.064E-1,-3.575599070113E0,-1.793067564207E0));
#4921=CARTESIAN_POINT('',(2.5936E0,-3.575599070113E0,-1.793067564207E0));
#4922=VERTEX_POINT('',#4920);
#4923=VERTEX_POINT('',#4921);
#4924=CARTESIAN_POINT('',(2.319447238689E-1,-3.461456356575E0,
-1.628837722379E0));
#4925=CARTESIAN_POINT('',(2.768055276131E0,-3.461456356575E0,
-1.628837722379E0));
#4926=VERTEX_POINT('',#4924);
#4927=VERTEX_POINT('',#4925);
#4928=CARTESIAN_POINT('',(4.064E-1,-3.429838806640E0,-2.058204499186E0));
#4929=CARTESIAN_POINT('',(2.5936E0,-3.429838806640E0,-2.058204499186E0));
#4930=VERTEX_POINT('',#4928);
#4931=VERTEX_POINT('',#4929);
#4932=CARTESIAN_POINT('',(4.064E-1,-3.322673447644E0,-2.227070084286E0));
#4933=CARTESIAN_POINT('',(2.5936E0,-3.322673447644E0,-2.227070084286E0));
#4934=VERTEX_POINT('',#4932);
#4935=VERTEX_POINT('',#4933);
#4936=CARTESIAN_POINT('',(2.319447238689E-1,-3.230014240619E0,
-2.049829368439E0));
#4937=CARTESIAN_POINT('',(2.768055276131E0,-3.230014240619E0,
-2.049829368439E0));
#4938=VERTEX_POINT('',#4936);
#4939=VERTEX_POINT('',#4937);
#4940=CARTESIAN_POINT('',(4.064E-1,-3.144832077987E0,-2.471847730194E0));
#4941=CARTESIAN_POINT('',(2.5936E0,-3.144832077987E0,-2.471847730194E0));
#4942=VERTEX_POINT('',#4940);
#4943=VERTEX_POINT('',#4941);
#4944=CARTESIAN_POINT('',(4.064E-1,-3.017347280037E0,-2.625950378750E0));
#4945=CARTESIAN_POINT('',(2.5936E0,-3.017347280037E0,-2.625950378750E0));
#4946=VERTEX_POINT('',#4944);
#4947=VERTEX_POINT('',#4945);
#4948=CARTESIAN_POINT('',(2.319447238689E-1,-2.947632870572E0,
-2.438493980851E0));
#4949=CARTESIAN_POINT('',(2.768055276131E0,-2.947632870572E0,
-2.438493980851E0));
#4950=VERTEX_POINT('',#4948);
#4951=VERTEX_POINT('',#4949);
#4952=CARTESIAN_POINT('',(4.064E-1,-2.810229468832E0,-2.846508445887E0));
#4953=CARTESIAN_POINT('',(2.5936E0,-2.810229468832E0,-2.846508445887E0));
#4954=VERTEX_POINT('',#4952);
#4955=VERTEX_POINT('',#4953);
#4956=CARTESIAN_POINT('',(4.064E-1,-2.664435743348E0,-2.983417867073E0));
#4957=CARTESIAN_POINT('',(2.5936E0,-2.664435743348E0,-2.983417867073E0));
#4958=VERTEX_POINT('',#4956);
#4959=VERTEX_POINT('',#4957);
#4960=CARTESIAN_POINT('',(2.319447238689E-1,-2.618765569325E0,
-2.788702086498E0));
#4961=CARTESIAN_POINT('',(2.768055276131E0,-2.618765569325E0,
-2.788702086498E0));
#4962=VERTEX_POINT('',#4960);
#4963=VERTEX_POINT('',#4961);
#4964=CARTESIAN_POINT('',(4.064E-1,-2.431307862204E0,-3.176278022967E0));
#4965=CARTESIAN_POINT('',(2.5936E0,-2.431307862204E0,-3.176278022967E0));
#4966=VERTEX_POINT('',#4964);
#4967=VERTEX_POINT('',#4965);
#4968=CARTESIAN_POINT('',(4.064E-1,-2.269504463329E0,-3.293835073426E0));
#4969=CARTESIAN_POINT('',(2.5936E0,-2.269504463329E0,-3.293835073426E0));
#4970=VERTEX_POINT('',#4968);
#4971=VERTEX_POINT('',#4969);
#4972=CARTESIAN_POINT('',(2.319447238689E-1,-2.248598770675E0,
-3.094930694351E0));
#4973=CARTESIAN_POINT('',(2.768055276131E0,-2.248598770675E0,
-3.094930694351E0));
#4974=VERTEX_POINT('',#4972);
#4975=VERTEX_POINT('',#4973);
#4976=CARTESIAN_POINT('',(4.064E-1,-2.014043078197E0,-3.455955798208E0));
#4977=CARTESIAN_POINT('',(2.5936E0,-2.014043078197E0,-3.455955798208E0));
#4978=VERTEX_POINT('',#4976);
#4979=VERTEX_POINT('',#4977);
#4980=CARTESIAN_POINT('',(4.064E-1,-1.838781742188E0,-3.552306533029E0));
#4981=CARTESIAN_POINT('',(2.5936E0,-1.838781742188E0,-3.552306533029E0));
#4982=VERTEX_POINT('',#4980);
#4983=VERTEX_POINT('',#4981);
#4984=CARTESIAN_POINT('',(2.319447238689E-1,-1.842970226164E0,
-3.352350396333E0));
#4985=CARTESIAN_POINT('',(2.768055276131E0,-1.842970226164E0,
-3.352350396333E0));
#4986=VERTEX_POINT('',#4984);
#4987=VERTEX_POINT('',#4985);
#4988=CARTESIAN_POINT('',(4.064E-1,-1.565015631715E0,-3.681131086023E0));
#4989=CARTESIAN_POINT('',(2.5936E0,-1.565015631715E0,-3.681131086023E0));
#4990=VERTEX_POINT('',#4988);
#4991=VERTEX_POINT('',#4989);
#4992=CARTESIAN_POINT('',(4.064E-1,-1.379060334537E0,-3.754755996560E0));
#4993=CARTESIAN_POINT('',(2.5936E0,-1.379060334537E0,-3.754755996560E0));
#4994=VERTEX_POINT('',#4992);
#4995=VERTEX_POINT('',#4993);
#4996=CARTESIAN_POINT('',(2.319447238689E-1,-1.408276940249E0,
-3.556901529967E0));
#4997=CARTESIAN_POINT('',(2.768055276131E0,-1.408276940249E0,
-3.556901529967E0));
#4998=VERTEX_POINT('',#4996);
#4999=VERTEX_POINT('',#4997);
#5000=CARTESIAN_POINT('',(4.064E-1,-1.091306953826E0,-3.848252737611E0));
#5001=CARTESIAN_POINT('',(2.5936E0,-1.091306953826E0,-3.848252737611E0));
#5002=VERTEX_POINT('',#5000);
#5003=VERTEX_POINT('',#5001);
#5004=CARTESIAN_POINT('',(4.064E-1,-8.975903215998E-1,-3.897990715044E0));
#5005=CARTESIAN_POINT('',(2.5936E0,-8.975903215998E-1,-3.897990715044E0));
#5006=VERTEX_POINT('',#5004);
#5007=VERTEX_POINT('',#5005);
#5008=CARTESIAN_POINT('',(2.319447238689E-1,-9.513742857231E-1,
-3.705358201684E0));
#5009=CARTESIAN_POINT('',(2.768055276131E0,-9.513742857231E-1,
-3.705358201684E0));
#5010=VERTEX_POINT('',#5008);
#5011=VERTEX_POINT('',#5009);
#5012=CARTESIAN_POINT('',(4.064E-1,-6.003877133599E-1,-3.954685144692E0));
#5013=CARTESIAN_POINT('',(2.5936E0,-6.003877133599E-1,-3.954685144692E0));
#5014=VERTEX_POINT('',#5012);
#5015=VERTEX_POINT('',#5013);
#5016=CARTESIAN_POINT('',(4.064E-1,-4.019647730966E-1,-3.979751791405E0));
#5017=CARTESIAN_POINT('',(2.5936E0,-4.019647730966E-1,-3.979751791405E0));
#5018=VERTEX_POINT('',#5016);
#5019=VERTEX_POINT('',#5017);
#5020=CARTESIAN_POINT('',(2.319447238689E-1,-4.794678903874E-1,
-3.795379161086E0));
#5021=CARTESIAN_POINT('',(2.768055276131E0,-4.794678903874E-1,
-3.795379161086E0));
#5022=VERTEX_POINT('',#5020);
#5023=VERTEX_POINT('',#5021);
#5024=CARTESIAN_POINT('',(9.375E-1,1.229367061317E0,0.E0));
#5025=CARTESIAN_POINT('',(1.0625E0,1.229367061317E0,0.E0));
#5026=VERTEX_POINT('',#5024);
#5027=VERTEX_POINT('',#5025);
#5028=CARTESIAN_POINT('',(1.4375E0,1.229367061317E0,0.E0));
#5029=CARTESIAN_POINT('',(1.5625E0,1.229367061317E0,0.E0));
#5030=VERTEX_POINT('',#5028);
#5031=VERTEX_POINT('',#5029);
#5032=CARTESIAN_POINT('',(1.9375E0,1.229367061317E0,0.E0));
#5033=CARTESIAN_POINT('',(2.0625E0,1.229367061317E0,0.E0));
#5034=VERTEX_POINT('',#5032);
#5035=VERTEX_POINT('',#5033);
#5036=CARTESIAN_POINT('',(2.4375E0,1.229367061317E0,0.E0));
#5037=CARTESIAN_POINT('',(2.5625E0,1.229367061317E0,0.E0));
#5038=VERTEX_POINT('',#5036);
#5039=VERTEX_POINT('',#5037);
#5040=CARTESIAN_POINT('',(2.9375E0,1.229367061317E0,0.E0));
#5041=CARTESIAN_POINT('',(3.0625E0,1.229367061317E0,0.E0));
#5042=VERTEX_POINT('',#5040);
#5043=VERTEX_POINT('',#5041);
#5044=CARTESIAN_POINT('',(3.4375E0,1.229367061317E0,0.E0));
#5045=CARTESIAN_POINT('',(3.5625E0,1.229367061317E0,0.E0));
#5046=VERTEX_POINT('',#5044);
#5047=VERTEX_POINT('',#5045);
#5048=CARTESIAN_POINT('',(3.9375E0,1.229367061317E0,0.E0));
#5049=CARTESIAN_POINT('',(4.0625E0,1.229367061317E0,0.E0));
#5050=VERTEX_POINT('',#5048);
#5051=VERTEX_POINT('',#5049);
#5052=CARTESIAN_POINT('',(4.4375E0,1.229367061317E0,0.E0));
#5053=CARTESIAN_POINT('',(4.5625E0,1.229367061317E0,0.E0));
#5054=VERTEX_POINT('',#5052);
#5055=VERTEX_POINT('',#5053);
#5056=CARTESIAN_POINT('',(6.875E-1,-1.229367061317E0,0.E0));
#5057=CARTESIAN_POINT('',(8.125E-1,-1.229367061317E0,0.E0));
#5058=VERTEX_POINT('',#5056);
#5059=VERTEX_POINT('',#5057);
#5060=CARTESIAN_POINT('',(1.1875E0,-1.229367061317E0,0.E0));
#5061=CARTESIAN_POINT('',(1.3125E0,-1.229367061317E0,0.E0));
#5062=VERTEX_POINT('',#5060);
#5063=VERTEX_POINT('',#5061);
#5064=CARTESIAN_POINT('',(1.6875E0,-1.229367061317E0,0.E0));
#5065=CARTESIAN_POINT('',(1.8125E0,-1.229367061317E0,0.E0));
#5066=VERTEX_POINT('',#5064);
#5067=VERTEX_POINT('',#5065);
#5068=CARTESIAN_POINT('',(2.1875E0,-1.229367061317E0,0.E0));
#5069=CARTESIAN_POINT('',(2.3125E0,-1.229367061317E0,0.E0));
#5070=VERTEX_POINT('',#5068);
#5071=VERTEX_POINT('',#5069);
#5072=CARTESIAN_POINT('',(2.6875E0,-1.229367061317E0,0.E0));
#5073=CARTESIAN_POINT('',(2.8125E0,-1.229367061317E0,0.E0));
#5074=VERTEX_POINT('',#5072);
#5075=VERTEX_POINT('',#5073);
#5076=CARTESIAN_POINT('',(3.1875E0,-1.229367061317E0,0.E0));
#5077=CARTESIAN_POINT('',(3.3125E0,-1.229367061317E0,0.E0));
#5078=VERTEX_POINT('',#5076);
#5079=VERTEX_POINT('',#5077);
#5080=CARTESIAN_POINT('',(3.6875E0,-1.229367061317E0,0.E0));
#5081=CARTESIAN_POINT('',(3.8125E0,-1.229367061317E0,0.E0));
#5082=VERTEX_POINT('',#5080);
#5083=VERTEX_POINT('',#5081);
#5084=CARTESIAN_POINT('',(4.1875E0,-1.229367061317E0,0.E0));
#5085=CARTESIAN_POINT('',(4.3125E0,-1.229367061317E0,0.E0));
#5086=VERTEX_POINT('',#5084);
#5087=VERTEX_POINT('',#5085);
#5088=CARTESIAN_POINT('',(4.6875E0,-1.229367061317E0,0.E0));
#5089=CARTESIAN_POINT('',(4.8125E0,-1.229367061317E0,0.E0));
#5090=VERTEX_POINT('',#5088);
#5091=VERTEX_POINT('',#5089);
#5092=VERTEX_POINT('',#3640);
#5093=VERTEX_POINT('',#3646);
#5094=VERTEX_POINT('',#3632);
#5095=VERTEX_POINT('',#3638);
#5096=VERTEX_POINT('',#3497);
#5097=VERTEX_POINT('',#2812);
#5098=VERTEX_POINT('',#2866);
#5099=VERTEX_POINT('',#3363);
#5100=VERTEX_POINT('',#3031);
#5101=VERTEX_POINT('',#3129);
#5102=VERTEX_POINT('',#3630);
#5103=VERTEX_POINT('',#3337);
#5104=VERTEX_POINT('',#2555);
#5105=VERTEX_POINT('',#2538);
#5106=VERTEX_POINT('',#2490);
#5107=VERTEX_POINT('',#3778);
#5108=VERTEX_POINT('',#3998);
#5109=CARTESIAN_POINT('',(6.E0,2.5E0,0.E0));
#5110=CARTESIAN_POINT('',(6.E0,-2.5E0,0.E0));
#5111=VERTEX_POINT('',#5109);
#5112=VERTEX_POINT('',#5110);
#5113=CARTESIAN_POINT('',(0.E0,2.E0,0.E0));
#5114=CARTESIAN_POINT('',(0.E0,-2.E0,0.E0));
#5115=VERTEX_POINT('',#5113);
#5116=VERTEX_POINT('',#5114);
#5117=CARTESIAN_POINT('',(4.623797632096E-1,1.229367061317E0,0.E0));
#5118=VERTEX_POINT('',#5117);
#5119=CARTESIAN_POINT('',(4.983493649054E0,1.229367061317E0,0.E0));
#5120=VERTEX_POINT('',#5119);
#5121=VERTEX_POINT('',#3980);
#5122=CARTESIAN_POINT('',(4.623797632096E-1,3.781282938702E-1,
-1.169770218815E0));
#5123=VERTEX_POINT('',#5122);
#5124=CARTESIAN_POINT('',(3.859981966706E-1,-1.356669672216E0,0.E0));
#5125=VERTEX_POINT('',#5124);
#5126=VERTEX_POINT('',#2423);
#5127=CARTESIAN_POINT('',(6.E0,0.E0,0.E0));
#5128=DIRECTION('',(1.E0,0.E0,0.E0));
#5129=DIRECTION('',(0.E0,-1.E0,0.E0));
#5130=AXIS2_PLACEMENT_3D('',#5127,#5128,#5129);
#5131=PLANE('',#5130);
#5133=ORIENTED_EDGE('',*,*,#5132,.T.);
#5135=ORIENTED_EDGE('',*,*,#5134,.F.);
#5136=EDGE_LOOP('',(#5133,#5135));
#5137=FACE_OUTER_BOUND('',#5136,.F.);
#5139=ORIENTED_EDGE('',*,*,#5138,.T.);
#5141=ORIENTED_EDGE('',*,*,#5140,.T.);
#5142=EDGE_LOOP('',(#5139,#5141));
#5143=FACE_BOUND('',#5142,.F.);
#5145=CARTESIAN_POINT('',(-3.E-1,0.E0,0.E0));
#5146=DIRECTION('',(1.E0,0.E0,0.E0));
#5147=DIRECTION('',(0.E0,-1.E0,0.E0));
#5148=AXIS2_PLACEMENT_3D('',#5145,#5146,#5147);
#5149=CYLINDRICAL_SURFACE('',#5148,3.E0);
#5151=ORIENTED_EDGE('',*,*,#5150,.T.);
#5153=ORIENTED_EDGE('',*,*,#5152,.T.);
#5155=ORIENTED_EDGE('',*,*,#5154,.F.);
#5156=ORIENTED_EDGE('',*,*,#5132,.F.);
#5157=EDGE_LOOP('',(#5151,#5153,#5155,#5156));
#5158=FACE_OUTER_BOUND('',#5157,.F.);
#5160=CARTESIAN_POINT('',(-3.E-1,0.E0,0.E0));
#5161=DIRECTION('',(1.E0,0.E0,0.E0));
#5162=DIRECTION('',(0.E0,-1.E0,0.E0));
#5163=AXIS2_PLACEMENT_3D('',#5160,#5161,#5162);
#5164=CYLINDRICAL_SURFACE('',#5163,3.E0);
#5165=ORIENTED_EDGE('',*,*,#5150,.F.);
#5166=ORIENTED_EDGE('',*,*,#5134,.T.);
#5167=ORIENTED_EDGE('',*,*,#5154,.T.);
#5169=ORIENTED_EDGE('',*,*,#5168,.F.);
#5170=EDGE_LOOP('',(#5165,#5166,#5167,#5169));
#5171=FACE_OUTER_BOUND('',#5170,.F.);
#5173=CARTESIAN_POINT('',(4.530487277779E0,0.E0,0.E0));
#5174=DIRECTION('',(1.E0,0.E0,0.E0));
#5175=DIRECTION('',(0.E0,-1.E0,0.E0));
#5176=AXIS2_PLACEMENT_3D('',#5173,#5174,#5175);
#5177=TOROIDAL_SURFACE('',#5176,4.936059095720E0,2.286E0);
#5179=ORIENTED_EDGE('',*,*,#5178,.F.);
#5180=ORIENTED_EDGE('',*,*,#5168,.T.);
#5182=ORIENTED_EDGE('',*,*,#5181,.T.);
#5184=ORIENTED_EDGE('',*,*,#5183,.F.);
#5185=EDGE_LOOP('',(#5179,#5180,#5182,#5184));
#5186=FACE_OUTER_BOUND('',#5185,.F.);
#5188=CARTESIAN_POINT('',(4.530487277779E0,0.E0,0.E0));
#5189=DIRECTION('',(1.E0,0.E0,0.E0));
#5190=DIRECTION('',(0.E0,-1.E0,0.E0));
#5191=AXIS2_PLACEMENT_3D('',#5188,#5189,#5190);
#5192=TOROIDAL_SURFACE('',#5191,4.936059095720E0,2.286E0);
#5193=ORIENTED_EDGE('',*,*,#5178,.T.);
#5195=ORIENTED_EDGE('',*,*,#5194,.T.);
#5196=ORIENTED_EDGE('',*,*,#5181,.F.);
#5197=ORIENTED_EDGE('',*,*,#5152,.F.);
#5198=EDGE_LOOP('',(#5193,#5195,#5196,#5197));
#5199=FACE_OUTER_BOUND('',#5198,.F.);
#5201=CARTESIAN_POINT('',(3.E0,0.E0,0.E0));
#5202=DIRECTION('',(1.E0,0.E0,0.E0));
#5203=DIRECTION('',(0.E0,-1.E0,0.E0));
#5204=AXIS2_PLACEMENT_3D('',#5201,#5202,#5203);
#5205=PLANE('',#5204);
#5207=ORIENTED_EDGE('',*,*,#5206,.T.);
#5209=ORIENTED_EDGE('',*,*,#5208,.T.);
#5210=EDGE_LOOP('',(#5207,#5209));
#5211=FACE_OUTER_BOUND('',#5210,.F.);
#5212=ORIENTED_EDGE('',*,*,#5183,.T.);
#5213=ORIENTED_EDGE('',*,*,#5194,.F.);
#5214=EDGE_LOOP('',(#5212,#5213));
#5215=FACE_BOUND('',#5214,.F.);
#5217=CARTESIAN_POINT('',(2.796800000004E0,0.E0,0.E0));
#5218=DIRECTION('',(-1.E0,0.E0,0.E0));
#5219=DIRECTION('',(0.E0,0.E0,-1.E0));
#5220=AXIS2_PLACEMENT_3D('',#5217,#5218,#5219);
#5221=CONICAL_SURFACE('',#5220,3.796799999996E0,4.5E1);
#5223=ORIENTED_EDGE('',*,*,#5222,.T.);
#5225=ORIENTED_EDGE('',*,*,#5224,.T.);
#5227=ORIENTED_EDGE('',*,*,#5226,.T.);
#5229=ORIENTED_EDGE('',*,*,#5228,.T.);
#5231=ORIENTED_EDGE('',*,*,#5230,.T.);
#5233=ORIENTED_EDGE('',*,*,#5232,.T.);
#5235=ORIENTED_EDGE('',*,*,#5234,.T.);
#5237=ORIENTED_EDGE('',*,*,#5236,.T.);
#5239=ORIENTED_EDGE('',*,*,#5238,.T.);
#5241=ORIENTED_EDGE('',*,*,#5240,.T.);
#5243=ORIENTED_EDGE('',*,*,#5242,.T.);
#5245=ORIENTED_EDGE('',*,*,#5244,.T.);
#5247=ORIENTED_EDGE('',*,*,#5246,.T.);
#5249=ORIENTED_EDGE('',*,*,#5248,.T.);
#5251=ORIENTED_EDGE('',*,*,#5250,.T.);
#5253=ORIENTED_EDGE('',*,*,#5252,.T.);
#5255=ORIENTED_EDGE('',*,*,#5254,.T.);
#5257=ORIENTED_EDGE('',*,*,#5256,.T.);
#5259=ORIENTED_EDGE('',*,*,#5258,.T.);
#5261=ORIENTED_EDGE('',*,*,#5260,.T.);
#5263=ORIENTED_EDGE('',*,*,#5262,.T.);
#5265=ORIENTED_EDGE('',*,*,#5264,.T.);
#5267=ORIENTED_EDGE('',*,*,#5266,.T.);
#5269=ORIENTED_EDGE('',*,*,#5268,.T.);
#5271=ORIENTED_EDGE('',*,*,#5270,.T.);
#5273=ORIENTED_EDGE('',*,*,#5272,.T.);
#5275=ORIENTED_EDGE('',*,*,#5274,.T.);
#5277=ORIENTED_EDGE('',*,*,#5276,.T.);
#5279=ORIENTED_EDGE('',*,*,#5278,.T.);
#5281=ORIENTED_EDGE('',*,*,#5280,.T.);
#5283=ORIENTED_EDGE('',*,*,#5282,.T.);
#5285=ORIENTED_EDGE('',*,*,#5284,.T.);
#5287=ORIENTED_EDGE('',*,*,#5286,.T.);
#5289=ORIENTED_EDGE('',*,*,#5288,.T.);
#5291=ORIENTED_EDGE('',*,*,#5290,.T.);
#5293=ORIENTED_EDGE('',*,*,#5292,.T.);
#5295=ORIENTED_EDGE('',*,*,#5294,.T.);
#5297=ORIENTED_EDGE('',*,*,#5296,.T.);
#5299=ORIENTED_EDGE('',*,*,#5298,.T.);
#5301=ORIENTED_EDGE('',*,*,#5300,.T.);
#5303=ORIENTED_EDGE('',*,*,#5302,.T.);
#5305=ORIENTED_EDGE('',*,*,#5304,.T.);
#5307=ORIENTED_EDGE('',*,*,#5306,.T.);
#5309=ORIENTED_EDGE('',*,*,#5308,.T.);
#5311=ORIENTED_EDGE('',*,*,#5310,.T.);
#5313=ORIENTED_EDGE('',*,*,#5312,.T.);
#5315=ORIENTED_EDGE('',*,*,#5314,.T.);
#5317=ORIENTED_EDGE('',*,*,#5316,.T.);
#5319=ORIENTED_EDGE('',*,*,#5318,.T.);
#5321=ORIENTED_EDGE('',*,*,#5320,.T.);
#5323=ORIENTED_EDGE('',*,*,#5322,.T.);
#5325=ORIENTED_EDGE('',*,*,#5324,.T.);
#5327=ORIENTED_EDGE('',*,*,#5326,.T.);
#5329=ORIENTED_EDGE('',*,*,#5328,.T.);
#5331=ORIENTED_EDGE('',*,*,#5330,.T.);
#5333=ORIENTED_EDGE('',*,*,#5332,.T.);
#5335=ORIENTED_EDGE('',*,*,#5334,.T.);
#5337=ORIENTED_EDGE('',*,*,#5336,.T.);
#5339=ORIENTED_EDGE('',*,*,#5338,.T.);
#5341=ORIENTED_EDGE('',*,*,#5340,.T.);
#5343=ORIENTED_EDGE('',*,*,#5342,.T.);
#5345=ORIENTED_EDGE('',*,*,#5344,.T.);
#5347=ORIENTED_EDGE('',*,*,#5346,.T.);
#5349=ORIENTED_EDGE('',*,*,#5348,.T.);
#5351=ORIENTED_EDGE('',*,*,#5350,.T.);
#5353=ORIENTED_EDGE('',*,*,#5352,.T.);
#5355=ORIENTED_EDGE('',*,*,#5354,.T.);
#5357=ORIENTED_EDGE('',*,*,#5356,.T.);
#5359=ORIENTED_EDGE('',*,*,#5358,.T.);
#5361=ORIENTED_EDGE('',*,*,#5360,.T.);
#5363=ORIENTED_EDGE('',*,*,#5362,.T.);
#5365=ORIENTED_EDGE('',*,*,#5364,.T.);
#5367=ORIENTED_EDGE('',*,*,#5366,.T.);
#5369=ORIENTED_EDGE('',*,*,#5368,.T.);
#5371=ORIENTED_EDGE('',*,*,#5370,.T.);
#5372=ORIENTED_EDGE('',*,*,#5206,.F.);
#5374=ORIENTED_EDGE('',*,*,#5373,.F.);
#5376=ORIENTED_EDGE('',*,*,#5375,.T.);
#5378=ORIENTED_EDGE('',*,*,#5377,.T.);
#5379=EDGE_LOOP('',(#5223,#5225,#5227,#5229,#5231,#5233,#5235,#5237,#5239,#5241,
#5243,#5245,#5247,#5249,#5251,#5253,#5255,#5257,#5259,#5261,#5263,#5265,#5267,
#5269,#5271,#5273,#5275,#5277,#5279,#5281,#5283,#5285,#5287,#5289,#5291,#5293,
#5295,#5297,#5299,#5301,#5303,#5305,#5307,#5309,#5311,#5313,#5315,#5317,#5319,
#5321,#5323,#5325,#5327,#5329,#5331,#5333,#5335,#5337,#5339,#5341,#5343,#5345,
#5347,#5349,#5351,#5353,#5355,#5357,#5359,#5361,#5363,#5365,#5367,#5369,#5371,
#5372,#5374,#5376,#5378));
#5380=FACE_OUTER_BOUND('',#5379,.F.);
#5382=CARTESIAN_POINT('',(0.E0,-3.984580133362E0,3.508862505431E-1));
#5383=DIRECTION('',(0.E0,5.533915492420E-1,8.329212407110E-1));
#5384=DIRECTION('',(0.E0,8.329212407110E-1,-5.533915492420E-1));
#5385=AXIS2_PLACEMENT_3D('',#5382,#5383,#5384);
#5386=PLANE('',#5385);
#5388=ORIENTED_EDGE('',*,*,#5387,.T.);
#5389=ORIENTED_EDGE('',*,*,#5222,.F.);
#5391=ORIENTED_EDGE('',*,*,#5390,.F.);
#5393=ORIENTED_EDGE('',*,*,#5392,.F.);
#5394=EDGE_LOOP('',(#5388,#5389,#5391,#5393));
#5395=FACE_OUTER_BOUND('',#5394,.F.);
#5397=CARTESIAN_POINT('',(-3.E-1,0.E0,0.E0));
#5398=DIRECTION('',(1.E0,0.E0,0.E0));
#5399=DIRECTION('',(0.E0,-1.E0,0.E0));
#5400=AXIS2_PLACEMENT_3D('',#5397,#5398,#5399);
#5401=CYLINDRICAL_SURFACE('',#5400,4.E0);
#5403=ORIENTED_EDGE('',*,*,#5402,.F.);
#5405=ORIENTED_EDGE('',*,*,#5404,.T.);
#5407=ORIENTED_EDGE('',*,*,#5406,.T.);
#5409=ORIENTED_EDGE('',*,*,#5408,.F.);
#5410=EDGE_LOOP('',(#5403,#5405,#5407,#5409));
#5411=FACE_OUTER_BOUND('',#5410,.F.);
#5413=CARTESIAN_POINT('',(-3.E-1,0.E0,0.E0));
#5414=DIRECTION('',(1.E0,0.E0,0.E0));
#5415=DIRECTION('',(0.E0,-1.E0,0.E0));
#5416=AXIS2_PLACEMENT_3D('',#5413,#5414,#5415);
#5417=CYLINDRICAL_SURFACE('',#5416,4.E0);
#5419=ORIENTED_EDGE('',*,*,#5418,.F.);
#5421=ORIENTED_EDGE('',*,*,#5420,.T.);
#5423=ORIENTED_EDGE('',*,*,#5422,.T.);
#5425=ORIENTED_EDGE('',*,*,#5424,.F.);
#5426=EDGE_LOOP('',(#5419,#5421,#5423,#5425));
#5427=FACE_OUTER_BOUND('',#5426,.F.);
#5429=CARTESIAN_POINT('',(-3.E-1,0.E0,0.E0));
#5430=DIRECTION('',(1.E0,0.E0,0.E0));
#5431=DIRECTION('',(0.E0,-1.E0,0.E0));
#5432=AXIS2_PLACEMENT_3D('',#5429,#5430,#5431);
#5433=CYLINDRICAL_SURFACE('',#5432,4.E0);
#5435=ORIENTED_EDGE('',*,*,#5434,.F.);
#5437=ORIENTED_EDGE('',*,*,#5436,.T.);
#5439=ORIENTED_EDGE('',*,*,#5438,.T.);
#5441=ORIENTED_EDGE('',*,*,#5440,.F.);
#5442=EDGE_LOOP('',(#5435,#5437,#5439,#5441));
#5443=FACE_OUTER_BOUND('',#5442,.F.);
#5445=CARTESIAN_POINT('',(-3.E-1,0.E0,0.E0));
#5446=DIRECTION('',(1.E0,0.E0,0.E0));
#5447=DIRECTION('',(0.E0,-1.E0,0.E0));
#5448=AXIS2_PLACEMENT_3D('',#5445,#5446,#5447);
#5449=CYLINDRICAL_SURFACE('',#5448,4.E0);
#5451=ORIENTED_EDGE('',*,*,#5450,.F.);
#5453=ORIENTED_EDGE('',*,*,#5452,.T.);
#5455=ORIENTED_EDGE('',*,*,#5454,.T.);
#5457=ORIENTED_EDGE('',*,*,#5456,.F.);
#5458=EDGE_LOOP('',(#5451,#5453,#5455,#5457));
#5459=FACE_OUTER_BOUND('',#5458,.F.);
#5461=CARTESIAN_POINT('',(-3.E-1,0.E0,0.E0));
#5462=DIRECTION('',(1.E0,0.E0,0.E0));
#5463=DIRECTION('',(0.E0,-1.E0,0.E0));
#5464=AXIS2_PLACEMENT_3D('',#5461,#5462,#5463);
#5465=CYLINDRICAL_SURFACE('',#5464,4.E0);
#5467=ORIENTED_EDGE('',*,*,#5466,.F.);
#5469=ORIENTED_EDGE('',*,*,#5468,.T.);
#5471=ORIENTED_EDGE('',*,*,#5470,.T.);
#5473=ORIENTED_EDGE('',*,*,#5472,.F.);
#5474=EDGE_LOOP('',(#5467,#5469,#5471,#5473));
#5475=FACE_OUTER_BOUND('',#5474,.F.);
#5477=CARTESIAN_POINT('',(-3.E-1,0.E0,0.E0));
#5478=DIRECTION('',(1.E0,0.E0,0.E0));
#5479=DIRECTION('',(0.E0,-1.E0,0.E0));
#5480=AXIS2_PLACEMENT_3D('',#5477,#5478,#5479);
#5481=CYLINDRICAL_SURFACE('',#5480,4.E0);
#5483=ORIENTED_EDGE('',*,*,#5482,.F.);
#5485=ORIENTED_EDGE('',*,*,#5484,.T.);
#5487=ORIENTED_EDGE('',*,*,#5486,.T.);
#5489=ORIENTED_EDGE('',*,*,#5488,.F.);
#5490=EDGE_LOOP('',(#5483,#5485,#5487,#5489));
#5491=FACE_OUTER_BOUND('',#5490,.F.);
#5493=CARTESIAN_POINT('',(-3.E-1,0.E0,0.E0));
#5494=DIRECTION('',(1.E0,0.E0,0.E0));
#5495=DIRECTION('',(0.E0,-1.E0,0.E0));
#5496=AXIS2_PLACEMENT_3D('',#5493,#5494,#5495);
#5497=CYLINDRICAL_SURFACE('',#5496,4.E0);
#5499=ORIENTED_EDGE('',*,*,#5498,.F.);
#5501=ORIENTED_EDGE('',*,*,#5500,.T.);
#5503=ORIENTED_EDGE('',*,*,#5502,.T.);
#5505=ORIENTED_EDGE('',*,*,#5504,.F.);
#5506=EDGE_LOOP('',(#5499,#5501,#5503,#5505));
#5507=FACE_OUTER_BOUND('',#5506,.F.);
#5509=CARTESIAN_POINT('',(-3.E-1,0.E0,0.E0));
#5510=DIRECTION('',(1.E0,0.E0,0.E0));
#5511=DIRECTION('',(0.E0,-1.E0,0.E0));
#5512=AXIS2_PLACEMENT_3D('',#5509,#5510,#5511);
#5513=CYLINDRICAL_SURFACE('',#5512,4.E0);
#5515=ORIENTED_EDGE('',*,*,#5514,.F.);
#5517=ORIENTED_EDGE('',*,*,#5516,.T.);
#5519=ORIENTED_EDGE('',*,*,#5518,.T.);
#5521=ORIENTED_EDGE('',*,*,#5520,.F.);
#5522=EDGE_LOOP('',(#5515,#5517,#5519,#5521));
#5523=FACE_OUTER_BOUND('',#5522,.F.);
#5525=CARTESIAN_POINT('',(-3.E-1,0.E0,0.E0));
#5526=DIRECTION('',(1.E0,0.E0,0.E0));
#5527=DIRECTION('',(0.E0,-1.E0,0.E0));
#5528=AXIS2_PLACEMENT_3D('',#5525,#5526,#5527);
#5529=CYLINDRICAL_SURFACE('',#5528,4.E0);
#5531=ORIENTED_EDGE('',*,*,#5530,.F.);
#5533=ORIENTED_EDGE('',*,*,#5532,.T.);
#5535=ORIENTED_EDGE('',*,*,#5534,.T.);
#5537=ORIENTED_EDGE('',*,*,#5536,.F.);
#5538=EDGE_LOOP('',(#5531,#5533,#5535,#5537));
#5539=FACE_OUTER_BOUND('',#5538,.F.);
#5541=CARTESIAN_POINT('',(-3.E-1,0.E0,0.E0));
#5542=DIRECTION('',(1.E0,0.E0,0.E0));
#5543=DIRECTION('',(0.E0,-1.E0,0.E0));
#5544=AXIS2_PLACEMENT_3D('',#5541,#5542,#5543);
#5545=CYLINDRICAL_SURFACE('',#5544,4.E0);
#5547=ORIENTED_EDGE('',*,*,#5546,.F.);
#5549=ORIENTED_EDGE('',*,*,#5548,.T.);
#5551=ORIENTED_EDGE('',*,*,#5550,.T.);
#5553=ORIENTED_EDGE('',*,*,#5552,.F.);
#5554=EDGE_LOOP('',(#5547,#5549,#5551,#5553));
#5555=FACE_OUTER_BOUND('',#5554,.F.);
#5557=CARTESIAN_POINT('',(-3.E-1,0.E0,0.E0));
#5558=DIRECTION('',(1.E0,0.E0,0.E0));
#5559=DIRECTION('',(0.E0,-1.E0,0.E0));
#5560=AXIS2_PLACEMENT_3D('',#5557,#5558,#5559);
#5561=CYLINDRICAL_SURFACE('',#5560,4.E0);
#5563=ORIENTED_EDGE('',*,*,#5562,.F.);
#5565=ORIENTED_EDGE('',*,*,#5564,.T.);
#5567=ORIENTED_EDGE('',*,*,#5566,.T.);
#5569=ORIENTED_EDGE('',*,*,#5568,.F.);
#5570=EDGE_LOOP('',(#5563,#5565,#5567,#5569));
#5571=FACE_OUTER_BOUND('',#5570,.F.);
#5573=CARTESIAN_POINT('',(-3.E-1,0.E0,0.E0));
#5574=DIRECTION('',(1.E0,0.E0,0.E0));
#5575=DIRECTION('',(0.E0,-1.E0,0.E0));
#5576=AXIS2_PLACEMENT_3D('',#5573,#5574,#5575);
#5577=CYLINDRICAL_SURFACE('',#5576,4.E0);
#5579=ORIENTED_EDGE('',*,*,#5578,.F.);
#5581=ORIENTED_EDGE('',*,*,#5580,.T.);
#5583=ORIENTED_EDGE('',*,*,#5582,.T.);
#5585=ORIENTED_EDGE('',*,*,#5584,.F.);
#5586=EDGE_LOOP('',(#5579,#5581,#5583,#5585));
#5587=FACE_OUTER_BOUND('',#5586,.F.);
#5589=CARTESIAN_POINT('',(-3.E-1,0.E0,0.E0));
#5590=DIRECTION('',(1.E0,0.E0,0.E0));
#5591=DIRECTION('',(0.E0,-1.E0,0.E0));
#5592=AXIS2_PLACEMENT_3D('',#5589,#5590,#5591);
#5593=CYLINDRICAL_SURFACE('',#5592,4.E0);
#5595=ORIENTED_EDGE('',*,*,#5594,.F.);
#5597=ORIENTED_EDGE('',*,*,#5596,.T.);
#5599=ORIENTED_EDGE('',*,*,#5598,.T.);
#5601=ORIENTED_EDGE('',*,*,#5600,.T.);
#5603=ORIENTED_EDGE('',*,*,#5602,.F.);
#5604=ORIENTED_EDGE('',*,*,#5368,.F.);
#5605=EDGE_LOOP('',(#5595,#5597,#5599,#5601,#5603,#5604));
#5606=FACE_OUTER_BOUND('',#5605,.F.);
#5608=CARTESIAN_POINT('',(-3.E-1,0.E0,0.E0));
#5609=DIRECTION('',(1.E0,0.E0,0.E0));
#5610=DIRECTION('',(0.E0,-1.E0,0.E0));
#5611=AXIS2_PLACEMENT_3D('',#5608,#5609,#5610);
#5612=CYLINDRICAL_SURFACE('',#5611,4.E0);
#5614=ORIENTED_EDGE('',*,*,#5613,.F.);
#5616=ORIENTED_EDGE('',*,*,#5615,.T.);
#5618=ORIENTED_EDGE('',*,*,#5617,.T.);
#5619=ORIENTED_EDGE('',*,*,#5362,.F.);
#5620=EDGE_LOOP('',(#5614,#5616,#5618,#5619));
#5621=FACE_OUTER_BOUND('',#5620,.F.);
#5623=CARTESIAN_POINT('',(-3.E-1,0.E0,0.E0));
#5624=DIRECTION('',(1.E0,0.E0,0.E0));
#5625=DIRECTION('',(0.E0,-1.E0,0.E0));
#5626=AXIS2_PLACEMENT_3D('',#5623,#5624,#5625);
#5627=CYLINDRICAL_SURFACE('',#5626,4.E0);
#5629=ORIENTED_EDGE('',*,*,#5628,.F.);
#5631=ORIENTED_EDGE('',*,*,#5630,.T.);
#5633=ORIENTED_EDGE('',*,*,#5632,.T.);
#5634=ORIENTED_EDGE('',*,*,#5356,.F.);
#5635=EDGE_LOOP('',(#5629,#5631,#5633,#5634));
#5636=FACE_OUTER_BOUND('',#5635,.F.);
#5638=CARTESIAN_POINT('',(-3.E-1,0.E0,0.E0));
#5639=DIRECTION('',(1.E0,0.E0,0.E0));
#5640=DIRECTION('',(0.E0,-1.E0,0.E0));
#5641=AXIS2_PLACEMENT_3D('',#5638,#5639,#5640);
#5642=CYLINDRICAL_SURFACE('',#5641,4.E0);
#5644=ORIENTED_EDGE('',*,*,#5643,.F.);
#5646=ORIENTED_EDGE('',*,*,#5645,.T.);
#5648=ORIENTED_EDGE('',*,*,#5647,.T.);
#5649=ORIENTED_EDGE('',*,*,#5350,.F.);
#5650=EDGE_LOOP('',(#5644,#5646,#5648,#5649));
#5651=FACE_OUTER_BOUND('',#5650,.F.);
#5653=CARTESIAN_POINT('',(-3.E-1,0.E0,0.E0));
#5654=DIRECTION('',(1.E0,0.E0,0.E0));
#5655=DIRECTION('',(0.E0,-1.E0,0.E0));
#5656=AXIS2_PLACEMENT_3D('',#5653,#5654,#5655);
#5657=CYLINDRICAL_SURFACE('',#5656,4.E0);
#5659=ORIENTED_EDGE('',*,*,#5658,.F.);
#5661=ORIENTED_EDGE('',*,*,#5660,.T.);
#5663=ORIENTED_EDGE('',*,*,#5662,.T.);
#5664=ORIENTED_EDGE('',*,*,#5344,.F.);
#5665=EDGE_LOOP('',(#5659,#5661,#5663,#5664));
#5666=FACE_OUTER_BOUND('',#5665,.F.);
#5668=CARTESIAN_POINT('',(-3.E-1,0.E0,0.E0));
#5669=DIRECTION('',(1.E0,0.E0,0.E0));
#5670=DIRECTION('',(0.E0,-1.E0,0.E0));
#5671=AXIS2_PLACEMENT_3D('',#5668,#5669,#5670);
#5672=CYLINDRICAL_SURFACE('',#5671,4.E0);
#5674=ORIENTED_EDGE('',*,*,#5673,.F.);
#5676=ORIENTED_EDGE('',*,*,#5675,.T.);
#5678=ORIENTED_EDGE('',*,*,#5677,.T.);
#5679=ORIENTED_EDGE('',*,*,#5338,.F.);
#5680=EDGE_LOOP('',(#5674,#5676,#5678,#5679));
#5681=FACE_OUTER_BOUND('',#5680,.F.);
#5683=CARTESIAN_POINT('',(-3.E-1,0.E0,0.E0));
#5684=DIRECTION('',(1.E0,0.E0,0.E0));
#5685=DIRECTION('',(0.E0,-1.E0,0.E0));
#5686=AXIS2_PLACEMENT_3D('',#5683,#5684,#5685);
#5687=CYLINDRICAL_SURFACE('',#5686,4.E0);
#5689=ORIENTED_EDGE('',*,*,#5688,.F.);
#5691=ORIENTED_EDGE('',*,*,#5690,.T.);
#5693=ORIENTED_EDGE('',*,*,#5692,.T.);
#5694=ORIENTED_EDGE('',*,*,#5332,.F.);
#5695=EDGE_LOOP('',(#5689,#5691,#5693,#5694));
#5696=FACE_OUTER_BOUND('',#5695,.F.);
#5698=CARTESIAN_POINT('',(-3.E-1,0.E0,0.E0));
#5699=DIRECTION('',(1.E0,0.E0,0.E0));
#5700=DIRECTION('',(0.E0,-1.E0,0.E0));
#5701=AXIS2_PLACEMENT_3D('',#5698,#5699,#5700);
#5702=CYLINDRICAL_SURFACE('',#5701,4.E0);
#5704=ORIENTED_EDGE('',*,*,#5703,.F.);
#5706=ORIENTED_EDGE('',*,*,#5705,.T.);
#5708=ORIENTED_EDGE('',*,*,#5707,.T.);
#5709=ORIENTED_EDGE('',*,*,#5326,.F.);
#5710=EDGE_LOOP('',(#5704,#5706,#5708,#5709));
#5711=FACE_OUTER_BOUND('',#5710,.F.);
#5713=CARTESIAN_POINT('',(-3.E-1,0.E0,0.E0));
#5714=DIRECTION('',(1.E0,0.E0,0.E0));
#5715=DIRECTION('',(0.E0,-1.E0,0.E0));
#5716=AXIS2_PLACEMENT_3D('',#5713,#5714,#5715);
#5717=CYLINDRICAL_SURFACE('',#5716,4.E0);
#5719=ORIENTED_EDGE('',*,*,#5718,.F.);
#5721=ORIENTED_EDGE('',*,*,#5720,.T.);
#5723=ORIENTED_EDGE('',*,*,#5722,.T.);
#5724=ORIENTED_EDGE('',*,*,#5320,.F.);
#5725=EDGE_LOOP('',(#5719,#5721,#5723,#5724));
#5726=FACE_OUTER_BOUND('',#5725,.F.);
#5728=CARTESIAN_POINT('',(-3.E-1,0.E0,0.E0));
#5729=DIRECTION('',(1.E0,0.E0,0.E0));
#5730=DIRECTION('',(0.E0,-1.E0,0.E0));
#5731=AXIS2_PLACEMENT_3D('',#5728,#5729,#5730);
#5732=CYLINDRICAL_SURFACE('',#5731,4.E0);
#5734=ORIENTED_EDGE('',*,*,#5733,.F.);
#5736=ORIENTED_EDGE('',*,*,#5735,.T.);
#5738=ORIENTED_EDGE('',*,*,#5737,.T.);
#5739=ORIENTED_EDGE('',*,*,#5314,.F.);
#5740=EDGE_LOOP('',(#5734,#5736,#5738,#5739));
#5741=FACE_OUTER_BOUND('',#5740,.F.);
#5743=CARTESIAN_POINT('',(-3.E-1,0.E0,0.E0));
#5744=DIRECTION('',(1.E0,0.E0,0.E0));
#5745=DIRECTION('',(0.E0,-1.E0,0.E0));
#5746=AXIS2_PLACEMENT_3D('',#5743,#5744,#5745);
#5747=CYLINDRICAL_SURFACE('',#5746,4.E0);
#5749=ORIENTED_EDGE('',*,*,#5748,.F.);
#5751=ORIENTED_EDGE('',*,*,#5750,.T.);
#5753=ORIENTED_EDGE('',*,*,#5752,.T.);
#5754=ORIENTED_EDGE('',*,*,#5308,.F.);
#5755=EDGE_LOOP('',(#5749,#5751,#5753,#5754));
#5756=FACE_OUTER_BOUND('',#5755,.F.);
#5758=CARTESIAN_POINT('',(-3.E-1,0.E0,0.E0));
#5759=DIRECTION('',(1.E0,0.E0,0.E0));
#5760=DIRECTION('',(0.E0,-1.E0,0.E0));
#5761=AXIS2_PLACEMENT_3D('',#5758,#5759,#5760);
#5762=CYLINDRICAL_SURFACE('',#5761,4.E0);
#5764=ORIENTED_EDGE('',*,*,#5763,.F.);
#5766=ORIENTED_EDGE('',*,*,#5765,.T.);
#5768=ORIENTED_EDGE('',*,*,#5767,.T.);
#5769=ORIENTED_EDGE('',*,*,#5302,.F.);
#5770=EDGE_LOOP('',(#5764,#5766,#5768,#5769));
#5771=FACE_OUTER_BOUND('',#5770,.F.);
#5773=CARTESIAN_POINT('',(-3.E-1,0.E0,0.E0));
#5774=DIRECTION('',(1.E0,0.E0,0.E0));
#5775=DIRECTION('',(0.E0,-1.E0,0.E0));
#5776=AXIS2_PLACEMENT_3D('',#5773,#5774,#5775);
#5777=CYLINDRICAL_SURFACE('',#5776,4.E0);
#5779=ORIENTED_EDGE('',*,*,#5778,.F.);
#5781=ORIENTED_EDGE('',*,*,#5780,.T.);
#5783=ORIENTED_EDGE('',*,*,#5782,.T.);
#5784=ORIENTED_EDGE('',*,*,#5296,.F.);
#5785=EDGE_LOOP('',(#5779,#5781,#5783,#5784));
#5786=FACE_OUTER_BOUND('',#5785,.F.);
#5788=CARTESIAN_POINT('',(-3.E-1,0.E0,0.E0));
#5789=DIRECTION('',(1.E0,0.E0,0.E0));
#5790=DIRECTION('',(0.E0,-1.E0,0.E0));
#5791=AXIS2_PLACEMENT_3D('',#5788,#5789,#5790);
#5792=CYLINDRICAL_SURFACE('',#5791,4.E0);
#5794=ORIENTED_EDGE('',*,*,#5793,.F.);
#5796=ORIENTED_EDGE('',*,*,#5795,.T.);
#5798=ORIENTED_EDGE('',*,*,#5797,.T.);
#5799=ORIENTED_EDGE('',*,*,#5290,.F.);
#5800=EDGE_LOOP('',(#5794,#5796,#5798,#5799));
#5801=FACE_OUTER_BOUND('',#5800,.F.);
#5803=CARTESIAN_POINT('',(-3.E-1,0.E0,0.E0));
#5804=DIRECTION('',(1.E0,0.E0,0.E0));
#5805=DIRECTION('',(0.E0,-1.E0,0.E0));
#5806=AXIS2_PLACEMENT_3D('',#5803,#5804,#5805);
#5807=CYLINDRICAL_SURFACE('',#5806,4.E0);
#5809=ORIENTED_EDGE('',*,*,#5808,.F.);
#5811=ORIENTED_EDGE('',*,*,#5810,.T.);
#5813=ORIENTED_EDGE('',*,*,#5812,.T.);
#5814=ORIENTED_EDGE('',*,*,#5284,.F.);
#5815=EDGE_LOOP('',(#5809,#5811,#5813,#5814));
#5816=FACE_OUTER_BOUND('',#5815,.F.);
#5818=CARTESIAN_POINT('',(-3.E-1,0.E0,0.E0));
#5819=DIRECTION('',(1.E0,0.E0,0.E0));
#5820=DIRECTION('',(0.E0,-1.E0,0.E0));
#5821=AXIS2_PLACEMENT_3D('',#5818,#5819,#5820);
#5822=CYLINDRICAL_SURFACE('',#5821,4.E0);
#5824=ORIENTED_EDGE('',*,*,#5823,.F.);
#5826=ORIENTED_EDGE('',*,*,#5825,.T.);
#5828=ORIENTED_EDGE('',*,*,#5827,.T.);
#5829=ORIENTED_EDGE('',*,*,#5278,.F.);
#5830=EDGE_LOOP('',(#5824,#5826,#5828,#5829));
#5831=FACE_OUTER_BOUND('',#5830,.F.);
#5833=CARTESIAN_POINT('',(-3.E-1,0.E0,0.E0));
#5834=DIRECTION('',(1.E0,0.E0,0.E0));
#5835=DIRECTION('',(0.E0,-1.E0,0.E0));
#5836=AXIS2_PLACEMENT_3D('',#5833,#5834,#5835);
#5837=CYLINDRICAL_SURFACE('',#5836,4.E0);
#5839=ORIENTED_EDGE('',*,*,#5838,.F.);
#5841=ORIENTED_EDGE('',*,*,#5840,.T.);
#5843=ORIENTED_EDGE('',*,*,#5842,.T.);
#5844=ORIENTED_EDGE('',*,*,#5272,.F.);
#5845=EDGE_LOOP('',(#5839,#5841,#5843,#5844));
#5846=FACE_OUTER_BOUND('',#5845,.F.);
#5848=CARTESIAN_POINT('',(-3.E-1,0.E0,0.E0));
#5849=DIRECTION('',(1.E0,0.E0,0.E0));
#5850=DIRECTION('',(0.E0,-1.E0,0.E0));
#5851=AXIS2_PLACEMENT_3D('',#5848,#5849,#5850);
#5852=CYLINDRICAL_SURFACE('',#5851,4.E0);
#5854=ORIENTED_EDGE('',*,*,#5853,.F.);
#5856=ORIENTED_EDGE('',*,*,#5855,.T.);
#5858=ORIENTED_EDGE('',*,*,#5857,.T.);
#5859=ORIENTED_EDGE('',*,*,#5266,.F.);
#5860=EDGE_LOOP('',(#5854,#5856,#5858,#5859));
#5861=FACE_OUTER_BOUND('',#5860,.F.);
#5863=CARTESIAN_POINT('',(-3.E-1,0.E0,0.E0));
#5864=DIRECTION('',(1.E0,0.E0,0.E0));
#5865=DIRECTION('',(0.E0,-1.E0,0.E0));
#5866=AXIS2_PLACEMENT_3D('',#5863,#5864,#5865);
#5867=CYLINDRICAL_SURFACE('',#5866,4.E0);
#5869=ORIENTED_EDGE('',*,*,#5868,.F.);
#5871=ORIENTED_EDGE('',*,*,#5870,.T.);
#5873=ORIENTED_EDGE('',*,*,#5872,.T.);
#5874=ORIENTED_EDGE('',*,*,#5260,.F.);
#5875=EDGE_LOOP('',(#5869,#5871,#5873,#5874));
#5876=FACE_OUTER_BOUND('',#5875,.F.);
#5878=CARTESIAN_POINT('',(-3.E-1,0.E0,0.E0));
#5879=DIRECTION('',(1.E0,0.E0,0.E0));
#5880=DIRECTION('',(0.E0,-1.E0,0.E0));
#5881=AXIS2_PLACEMENT_3D('',#5878,#5879,#5880);
#5882=CYLINDRICAL_SURFACE('',#5881,4.E0);
#5884=ORIENTED_EDGE('',*,*,#5883,.F.);
#5886=ORIENTED_EDGE('',*,*,#5885,.T.);
#5888=ORIENTED_EDGE('',*,*,#5887,.T.);
#5889=ORIENTED_EDGE('',*,*,#5254,.F.);
#5890=EDGE_LOOP('',(#5884,#5886,#5888,#5889));
#5891=FACE_OUTER_BOUND('',#5890,.F.);
#5893=CARTESIAN_POINT('',(-3.E-1,0.E0,0.E0));
#5894=DIRECTION('',(1.E0,0.E0,0.E0));
#5895=DIRECTION('',(0.E0,-1.E0,0.E0));
#5896=AXIS2_PLACEMENT_3D('',#5893,#5894,#5895);
#5897=CYLINDRICAL_SURFACE('',#5896,4.E0);
#5899=ORIENTED_EDGE('',*,*,#5898,.F.);
#5901=ORIENTED_EDGE('',*,*,#5900,.T.);
#5903=ORIENTED_EDGE('',*,*,#5902,.T.);
#5904=ORIENTED_EDGE('',*,*,#5248,.F.);
#5905=EDGE_LOOP('',(#5899,#5901,#5903,#5904));
#5906=FACE_OUTER_BOUND('',#5905,.F.);
#5908=CARTESIAN_POINT('',(-3.E-1,0.E0,0.E0));
#5909=DIRECTION('',(1.E0,0.E0,0.E0));
#5910=DIRECTION('',(0.E0,-1.E0,0.E0));
#5911=AXIS2_PLACEMENT_3D('',#5908,#5909,#5910);
#5912=CYLINDRICAL_SURFACE('',#5911,4.E0);
#5914=ORIENTED_EDGE('',*,*,#5913,.F.);
#5916=ORIENTED_EDGE('',*,*,#5915,.T.);
#5918=ORIENTED_EDGE('',*,*,#5917,.T.);
#5919=ORIENTED_EDGE('',*,*,#5242,.F.);
#5920=EDGE_LOOP('',(#5914,#5916,#5918,#5919));
#5921=FACE_OUTER_BOUND('',#5920,.F.);
#5923=CARTESIAN_POINT('',(-3.E-1,0.E0,0.E0));
#5924=DIRECTION('',(1.E0,0.E0,0.E0));
#5925=DIRECTION('',(0.E0,-1.E0,0.E0));
#5926=AXIS2_PLACEMENT_3D('',#5923,#5924,#5925);
#5927=CYLINDRICAL_SURFACE('',#5926,4.E0);
#5929=ORIENTED_EDGE('',*,*,#5928,.F.);
#5931=ORIENTED_EDGE('',*,*,#5930,.T.);
#5933=ORIENTED_EDGE('',*,*,#5932,.T.);
#5934=ORIENTED_EDGE('',*,*,#5236,.F.);
#5935=EDGE_LOOP('',(#5929,#5931,#5933,#5934));
#5936=FACE_OUTER_BOUND('',#5935,.F.);
#5938=CARTESIAN_POINT('',(-3.E-1,0.E0,0.E0));
#5939=DIRECTION('',(1.E0,0.E0,0.E0));
#5940=DIRECTION('',(0.E0,-1.E0,0.E0));
#5941=AXIS2_PLACEMENT_3D('',#5938,#5939,#5940);
#5942=CYLINDRICAL_SURFACE('',#5941,4.E0);
#5944=ORIENTED_EDGE('',*,*,#5943,.F.);
#5946=ORIENTED_EDGE('',*,*,#5945,.T.);
#5948=ORIENTED_EDGE('',*,*,#5947,.T.);
#5949=ORIENTED_EDGE('',*,*,#5230,.F.);
#5950=EDGE_LOOP('',(#5944,#5946,#5948,#5949));
#5951=FACE_OUTER_BOUND('',#5950,.F.);
#5953=CARTESIAN_POINT('',(-3.E-1,0.E0,0.E0));
#5954=DIRECTION('',(1.E0,0.E0,0.E0));
#5955=DIRECTION('',(0.E0,-1.E0,0.E0));
#5956=AXIS2_PLACEMENT_3D('',#5953,#5954,#5955);
#5957=CYLINDRICAL_SURFACE('',#5956,4.E0);
#5958=ORIENTED_EDGE('',*,*,#5387,.F.);
#5960=ORIENTED_EDGE('',*,*,#5959,.T.);
#5962=ORIENTED_EDGE('',*,*,#5961,.T.);
#5963=ORIENTED_EDGE('',*,*,#5224,.F.);
#5964=EDGE_LOOP('',(#5958,#5960,#5962,#5963));
#5965=FACE_OUTER_BOUND('',#5964,.F.);
#5967=CARTESIAN_POINT('',(-3.E-1,0.E0,0.E0));
#5968=DIRECTION('',(1.E0,0.E0,0.E0));
#5969=DIRECTION('',(0.E0,-1.E0,0.E0));
#5970=AXIS2_PLACEMENT_3D('',#5967,#5968,#5969);
#5971=CYLINDRICAL_SURFACE('',#5970,4.E0);
#5973=ORIENTED_EDGE('',*,*,#5972,.F.);
#5975=ORIENTED_EDGE('',*,*,#5974,.T.);
#5977=ORIENTED_EDGE('',*,*,#5976,.T.);
#5979=ORIENTED_EDGE('',*,*,#5978,.T.);
#5980=ORIENTED_EDGE('',*,*,#5375,.F.);
#5982=ORIENTED_EDGE('',*,*,#5981,.F.);
#5983=EDGE_LOOP('',(#5973,#5975,#5977,#5979,#5980,#5982));
#5984=FACE_OUTER_BOUND('',#5983,.F.);
#5986=CARTESIAN_POINT('',(-3.E-1,0.E0,0.E0));
#5987=DIRECTION('',(1.E0,0.E0,0.E0));
#5988=DIRECTION('',(0.E0,-1.E0,0.E0));
#5989=AXIS2_PLACEMENT_3D('',#5986,#5987,#5988);
#5990=CYLINDRICAL_SURFACE('',#5989,4.E0);
#5992=ORIENTED_EDGE('',*,*,#5991,.F.);
#5994=ORIENTED_EDGE('',*,*,#5993,.T.);
#5996=ORIENTED_EDGE('',*,*,#5995,.T.);
#5998=ORIENTED_EDGE('',*,*,#5997,.F.);
#5999=EDGE_LOOP('',(#5992,#5994,#5996,#5998));
#6000=FACE_OUTER_BOUND('',#5999,.F.);
#6002=CARTESIAN_POINT('',(-3.E-1,0.E0,0.E0));
#6003=DIRECTION('',(1.E0,0.E0,0.E0));
#6004=DIRECTION('',(0.E0,-1.E0,0.E0));
#6005=AXIS2_PLACEMENT_3D('',#6002,#6003,#6004);
#6006=CYLINDRICAL_SURFACE('',#6005,4.E0);
#6008=ORIENTED_EDGE('',*,*,#6007,.F.);
#6010=ORIENTED_EDGE('',*,*,#6009,.T.);
#6012=ORIENTED_EDGE('',*,*,#6011,.T.);
#6014=ORIENTED_EDGE('',*,*,#6013,.F.);
#6015=EDGE_LOOP('',(#6008,#6010,#6012,#6014));
#6016=FACE_OUTER_BOUND('',#6015,.F.);
#6018=CARTESIAN_POINT('',(-3.E-1,0.E0,0.E0));
#6019=DIRECTION('',(1.E0,0.E0,0.E0));
#6020=DIRECTION('',(0.E0,-1.E0,0.E0));
#6021=AXIS2_PLACEMENT_3D('',#6018,#6019,#6020);
#6022=CYLINDRICAL_SURFACE('',#6021,4.E0);
#6024=ORIENTED_EDGE('',*,*,#6023,.F.);
#6026=ORIENTED_EDGE('',*,*,#6025,.T.);
#6028=ORIENTED_EDGE('',*,*,#6027,.T.);
#6030=ORIENTED_EDGE('',*,*,#6029,.F.);
#6031=EDGE_LOOP('',(#6024,#6026,#6028,#6030));
#6032=FACE_OUTER_BOUND('',#6031,.F.);
#6034=CARTESIAN_POINT('',(-3.E-1,0.E0,0.E0));
#6035=DIRECTION('',(1.E0,0.E0,0.E0));
#6036=DIRECTION('',(0.E0,-1.E0,0.E0));
#6037=AXIS2_PLACEMENT_3D('',#6034,#6035,#6036);
#6038=CYLINDRICAL_SURFACE('',#6037,4.E0);
#6040=ORIENTED_EDGE('',*,*,#6039,.F.);
#6042=ORIENTED_EDGE('',*,*,#6041,.T.);
#6044=ORIENTED_EDGE('',*,*,#6043,.T.);
#6046=ORIENTED_EDGE('',*,*,#6045,.F.);
#6047=EDGE_LOOP('',(#6040,#6042,#6044,#6046));
#6048=FACE_OUTER_BOUND('',#6047,.F.);
#6050=CARTESIAN_POINT('',(-3.E-1,0.E0,0.E0));
#6051=DIRECTION('',(1.E0,0.E0,0.E0));
#6052=DIRECTION('',(0.E0,-1.E0,0.E0));
#6053=AXIS2_PLACEMENT_3D('',#6050,#6051,#6052);
#6054=CYLINDRICAL_SURFACE('',#6053,4.E0);
#6056=ORIENTED_EDGE('',*,*,#6055,.F.);
#6058=ORIENTED_EDGE('',*,*,#6057,.T.);
#6060=ORIENTED_EDGE('',*,*,#6059,.T.);
#6062=ORIENTED_EDGE('',*,*,#6061,.F.);
#6063=EDGE_LOOP('',(#6056,#6058,#6060,#6062));
#6064=FACE_OUTER_BOUND('',#6063,.F.);
#6066=CARTESIAN_POINT('',(-3.E-1,0.E0,0.E0));
#6067=DIRECTION('',(1.E0,0.E0,0.E0));
#6068=DIRECTION('',(0.E0,-1.E0,0.E0));
#6069=AXIS2_PLACEMENT_3D('',#6066,#6067,#6068);
#6070=CYLINDRICAL_SURFACE('',#6069,4.E0);
#6072=ORIENTED_EDGE('',*,*,#6071,.F.);
#6074=ORIENTED_EDGE('',*,*,#6073,.T.);
#6076=ORIENTED_EDGE('',*,*,#6075,.T.);
#6078=ORIENTED_EDGE('',*,*,#6077,.F.);
#6079=EDGE_LOOP('',(#6072,#6074,#6076,#6078));
#6080=FACE_OUTER_BOUND('',#6079,.F.);
#6082=CARTESIAN_POINT('',(-3.E-1,0.E0,0.E0));
#6083=DIRECTION('',(1.E0,0.E0,0.E0));
#6084=DIRECTION('',(0.E0,-1.E0,0.E0));
#6085=AXIS2_PLACEMENT_3D('',#6082,#6083,#6084);
#6086=CYLINDRICAL_SURFACE('',#6085,4.E0);
#6088=ORIENTED_EDGE('',*,*,#6087,.F.);
#6090=ORIENTED_EDGE('',*,*,#6089,.T.);
#6092=ORIENTED_EDGE('',*,*,#6091,.T.);
#6094=ORIENTED_EDGE('',*,*,#6093,.F.);
#6095=EDGE_LOOP('',(#6088,#6090,#6092,#6094));
#6096=FACE_OUTER_BOUND('',#6095,.F.);
#6098=CARTESIAN_POINT('',(-3.E-1,0.E0,0.E0));
#6099=DIRECTION('',(1.E0,0.E0,0.E0));
#6100=DIRECTION('',(0.E0,-1.E0,0.E0));
#6101=AXIS2_PLACEMENT_3D('',#6098,#6099,#6100);
#6102=CYLINDRICAL_SURFACE('',#6101,4.E0);
#6104=ORIENTED_EDGE('',*,*,#6103,.F.);
#6106=ORIENTED_EDGE('',*,*,#6105,.T.);
#6108=ORIENTED_EDGE('',*,*,#6107,.T.);
#6110=ORIENTED_EDGE('',*,*,#6109,.F.);
#6111=EDGE_LOOP('',(#6104,#6106,#6108,#6110));
#6112=FACE_OUTER_BOUND('',#6111,.F.);
#6114=CARTESIAN_POINT('',(-3.E-1,0.E0,0.E0));
#6115=DIRECTION('',(1.E0,0.E0,0.E0));
#6116=DIRECTION('',(0.E0,-1.E0,0.E0));
#6117=AXIS2_PLACEMENT_3D('',#6114,#6115,#6116);
#6118=CYLINDRICAL_SURFACE('',#6117,4.E0);
#6120=ORIENTED_EDGE('',*,*,#6119,.F.);
#6122=ORIENTED_EDGE('',*,*,#6121,.T.);
#6124=ORIENTED_EDGE('',*,*,#6123,.T.);
#6126=ORIENTED_EDGE('',*,*,#6125,.F.);
#6127=EDGE_LOOP('',(#6120,#6122,#6124,#6126));
#6128=FACE_OUTER_BOUND('',#6127,.F.);
#6130=CARTESIAN_POINT('',(-3.E-1,0.E0,0.E0));
#6131=DIRECTION('',(1.E0,0.E0,0.E0));
#6132=DIRECTION('',(0.E0,-1.E0,0.E0));
#6133=AXIS2_PLACEMENT_3D('',#6130,#6131,#6132);
#6134=CYLINDRICAL_SURFACE('',#6133,4.E0);
#6136=ORIENTED_EDGE('',*,*,#6135,.F.);
#6138=ORIENTED_EDGE('',*,*,#6137,.T.);
#6140=ORIENTED_EDGE('',*,*,#6139,.T.);
#6142=ORIENTED_EDGE('',*,*,#6141,.F.);
#6143=EDGE_LOOP('',(#6136,#6138,#6140,#6142));
#6144=FACE_OUTER_BOUND('',#6143,.F.);
#6146=CARTESIAN_POINT('',(-3.E-1,0.E0,0.E0));
#6147=DIRECTION('',(1.E0,0.E0,0.E0));
#6148=DIRECTION('',(0.E0,-1.E0,0.E0));
#6149=AXIS2_PLACEMENT_3D('',#6146,#6147,#6148);
#6150=CYLINDRICAL_SURFACE('',#6149,4.E0);
#6152=ORIENTED_EDGE('',*,*,#6151,.F.);
#6154=ORIENTED_EDGE('',*,*,#6153,.T.);
#6156=ORIENTED_EDGE('',*,*,#6155,.T.);
#6158=ORIENTED_EDGE('',*,*,#6157,.F.);
#6159=EDGE_LOOP('',(#6152,#6154,#6156,#6158));
#6160=FACE_OUTER_BOUND('',#6159,.F.);
#6162=CARTESIAN_POINT('',(-3.E-1,0.E0,0.E0));
#6163=DIRECTION('',(1.E0,0.E0,0.E0));
#6164=DIRECTION('',(0.E0,-1.E0,0.E0));
#6165=AXIS2_PLACEMENT_3D('',#6162,#6163,#6164);
#6166=CYLINDRICAL_SURFACE('',#6165,4.E0);
#6168=ORIENTED_EDGE('',*,*,#6167,.T.);
#6170=ORIENTED_EDGE('',*,*,#6169,.F.);
#6172=ORIENTED_EDGE('',*,*,#6171,.F.);
#6174=ORIENTED_EDGE('',*,*,#6173,.T.);
#6175=EDGE_LOOP('',(#6168,#6170,#6172,#6174));
#6176=FACE_OUTER_BOUND('',#6175,.F.);
#6178=CARTESIAN_POINT('',(0.E0,4.019647730970E-1,-3.979751791405E0));
#6179=DIRECTION('',(0.E0,-9.218631515891E-1,3.875155864506E-1));
#6180=DIRECTION('',(0.E0,3.875155864506E-1,9.218631515891E-1));
#6181=AXIS2_PLACEMENT_3D('',#6178,#6179,#6180);
#6182=PLANE('',#6181);
#6183=ORIENTED_EDGE('',*,*,#5402,.T.);
#6185=ORIENTED_EDGE('',*,*,#6184,.F.);
#6187=ORIENTED_EDGE('',*,*,#6186,.F.);
#6189=ORIENTED_EDGE('',*,*,#6188,.F.);
#6190=EDGE_LOOP('',(#6183,#6185,#6187,#6189));
#6191=FACE_OUTER_BOUND('',#6190,.F.);
#6193=CARTESIAN_POINT('',(2.796800000004E0,0.E0,0.E0));
#6194=DIRECTION('',(-1.E0,0.E0,0.E0));
#6195=DIRECTION('',(0.E0,0.E0,-1.E0));
#6196=AXIS2_PLACEMENT_3D('',#6193,#6194,#6195);
#6197=CONICAL_SURFACE('',#6196,3.796799999996E0,4.5E1);
#6199=ORIENTED_EDGE('',*,*,#6198,.T.);
#6200=ORIENTED_EDGE('',*,*,#6157,.T.);
#6202=ORIENTED_EDGE('',*,*,#6201,.T.);
#6204=ORIENTED_EDGE('',*,*,#6203,.T.);
#6205=ORIENTED_EDGE('',*,*,#6141,.T.);
#6207=ORIENTED_EDGE('',*,*,#6206,.T.);
#6209=ORIENTED_EDGE('',*,*,#6208,.T.);
#6210=ORIENTED_EDGE('',*,*,#6125,.T.);
#6212=ORIENTED_EDGE('',*,*,#6211,.T.);
#6214=ORIENTED_EDGE('',*,*,#6213,.T.);
#6215=ORIENTED_EDGE('',*,*,#6109,.T.);
#6217=ORIENTED_EDGE('',*,*,#6216,.T.);
#6219=ORIENTED_EDGE('',*,*,#6218,.T.);
#6220=ORIENTED_EDGE('',*,*,#6093,.T.);
#6222=ORIENTED_EDGE('',*,*,#6221,.T.);
#6224=ORIENTED_EDGE('',*,*,#6223,.T.);
#6225=ORIENTED_EDGE('',*,*,#6077,.T.);
#6227=ORIENTED_EDGE('',*,*,#6226,.T.);
#6229=ORIENTED_EDGE('',*,*,#6228,.T.);
#6230=ORIENTED_EDGE('',*,*,#6061,.T.);
#6232=ORIENTED_EDGE('',*,*,#6231,.T.);
#6234=ORIENTED_EDGE('',*,*,#6233,.T.);
#6235=ORIENTED_EDGE('',*,*,#6045,.T.);
#6237=ORIENTED_EDGE('',*,*,#6236,.T.);
#6239=ORIENTED_EDGE('',*,*,#6238,.T.);
#6240=ORIENTED_EDGE('',*,*,#6029,.T.);
#6242=ORIENTED_EDGE('',*,*,#6241,.T.);
#6244=ORIENTED_EDGE('',*,*,#6243,.T.);
#6245=ORIENTED_EDGE('',*,*,#6013,.T.);
#6247=ORIENTED_EDGE('',*,*,#6246,.T.);
#6249=ORIENTED_EDGE('',*,*,#6248,.T.);
#6250=ORIENTED_EDGE('',*,*,#5997,.T.);
#6252=ORIENTED_EDGE('',*,*,#6251,.T.);
#6254=ORIENTED_EDGE('',*,*,#6253,.T.);
#6255=ORIENTED_EDGE('',*,*,#5981,.T.);
#6256=ORIENTED_EDGE('',*,*,#5373,.T.);
#6257=ORIENTED_EDGE('',*,*,#5208,.F.);
#6258=ORIENTED_EDGE('',*,*,#5370,.F.);
#6259=ORIENTED_EDGE('',*,*,#5602,.T.);
#6261=ORIENTED_EDGE('',*,*,#6260,.T.);
#6263=ORIENTED_EDGE('',*,*,#6262,.T.);
#6264=ORIENTED_EDGE('',*,*,#5584,.T.);
#6266=ORIENTED_EDGE('',*,*,#6265,.T.);
#6268=ORIENTED_EDGE('',*,*,#6267,.T.);
#6269=ORIENTED_EDGE('',*,*,#5568,.T.);
#6271=ORIENTED_EDGE('',*,*,#6270,.T.);
#6273=ORIENTED_EDGE('',*,*,#6272,.T.);
#6274=ORIENTED_EDGE('',*,*,#5552,.T.);
#6276=ORIENTED_EDGE('',*,*,#6275,.T.);
#6278=ORIENTED_EDGE('',*,*,#6277,.T.);
#6279=ORIENTED_EDGE('',*,*,#5536,.T.);
#6281=ORIENTED_EDGE('',*,*,#6280,.T.);
#6283=ORIENTED_EDGE('',*,*,#6282,.T.);
#6284=ORIENTED_EDGE('',*,*,#5520,.T.);
#6286=ORIENTED_EDGE('',*,*,#6285,.T.);
#6288=ORIENTED_EDGE('',*,*,#6287,.T.);
#6289=ORIENTED_EDGE('',*,*,#5504,.T.);
#6291=ORIENTED_EDGE('',*,*,#6290,.T.);
#6293=ORIENTED_EDGE('',*,*,#6292,.T.);
#6294=ORIENTED_EDGE('',*,*,#5488,.T.);
#6296=ORIENTED_EDGE('',*,*,#6295,.T.);
#6298=ORIENTED_EDGE('',*,*,#6297,.T.);
#6299=ORIENTED_EDGE('',*,*,#5472,.T.);
#6301=ORIENTED_EDGE('',*,*,#6300,.T.);
#6303=ORIENTED_EDGE('',*,*,#6302,.T.);
#6304=ORIENTED_EDGE('',*,*,#5456,.T.);
#6306=ORIENTED_EDGE('',*,*,#6305,.T.);
#6308=ORIENTED_EDGE('',*,*,#6307,.T.);
#6309=ORIENTED_EDGE('',*,*,#5440,.T.);
#6311=ORIENTED_EDGE('',*,*,#6310,.T.);
#6313=ORIENTED_EDGE('',*,*,#6312,.T.);
#6314=ORIENTED_EDGE('',*,*,#5424,.T.);
#6316=ORIENTED_EDGE('',*,*,#6315,.T.);
#6317=ORIENTED_EDGE('',*,*,#6184,.T.);
#6318=ORIENTED_EDGE('',*,*,#5408,.T.);
#6320=ORIENTED_EDGE('',*,*,#6319,.T.);
#6322=ORIENTED_EDGE('',*,*,#6321,.T.);
#6323=ORIENTED_EDGE('',*,*,#6169,.T.);
#6325=ORIENTED_EDGE('',*,*,#6324,.T.);
#6326=EDGE_LOOP('',(#6199,#6200,#6202,#6204,#6205,#6207,#6209,#6210,#6212,#6214,
#6215,#6217,#6219,#6220,#6222,#6224,#6225,#6227,#6229,#6230,#6232,#6234,#6235,
#6237,#6239,#6240,#6242,#6244,#6245,#6247,#6249,#6250,#6252,#6254,#6255,#6256,
#6257,#6258,#6259,#6261,#6263,#6264,#6266,#6268,#6269,#6271,#6273,#6274,#6276,
#6278,#6279,#6281,#6283,#6284,#6286,#6288,#6289,#6291,#6293,#6294,#6296,#6298,
#6299,#6301,#6303,#6304,#6306,#6308,#6309,#6311,#6313,#6314,#6316,#6317,#6318,
#6320,#6322,#6323,#6325));
#6327=FACE_OUTER_BOUND('',#6326,.F.);
#6329=CARTESIAN_POINT('',(0.E0,-6.003877133599E-1,-3.954685144692E0));
#6330=DIRECTION('',(0.E0,-7.965299180252E-1,6.045991148611E-1));
#6331=DIRECTION('',(0.E0,6.045991148611E-1,7.965299180252E-1));
#6332=AXIS2_PLACEMENT_3D('',#6329,#6330,#6331);
#6333=PLANE('',#6332);
#6334=ORIENTED_EDGE('',*,*,#6151,.T.);
#6335=ORIENTED_EDGE('',*,*,#6198,.F.);
#6337=ORIENTED_EDGE('',*,*,#6336,.F.);
#6339=ORIENTED_EDGE('',*,*,#6338,.F.);
#6340=EDGE_LOOP('',(#6334,#6335,#6337,#6339));
#6341=FACE_OUTER_BOUND('',#6340,.F.);
#6343=CARTESIAN_POINT('',(0.E0,-4.794678903874E-1,-3.795379161086E0));
#6344=DIRECTION('',(0.E0,9.218631515885E-1,3.875155864521E-1));
#6345=DIRECTION('',(0.E0,3.875155864521E-1,-9.218631515885E-1));
#6346=AXIS2_PLACEMENT_3D('',#6343,#6344,#6345);
#6347=PLANE('',#6346);
#6348=ORIENTED_EDGE('',*,*,#6167,.F.);
#6350=ORIENTED_EDGE('',*,*,#6349,.F.);
#6351=ORIENTED_EDGE('',*,*,#6336,.T.);
#6352=ORIENTED_EDGE('',*,*,#6324,.F.);
#6353=EDGE_LOOP('',(#6348,#6350,#6351,#6352));
#6354=FACE_OUTER_BOUND('',#6353,.F.);
#6356=CARTESIAN_POINT('',(2.031999999934E-1,0.E0,0.E0));
#6357=DIRECTION('',(1.E0,0.E0,0.E0));
#6358=DIRECTION('',(0.E0,0.E0,-1.E0));
#6359=AXIS2_PLACEMENT_3D('',#6356,#6357,#6358);
#6360=CONICAL_SURFACE('',#6359,3.796799999993E0,4.5E1);
#6361=ORIENTED_EDGE('',*,*,#6338,.T.);
#6362=ORIENTED_EDGE('',*,*,#6349,.T.);
#6363=ORIENTED_EDGE('',*,*,#6173,.F.);
#6365=ORIENTED_EDGE('',*,*,#6364,.T.);
#6367=ORIENTED_EDGE('',*,*,#6366,.T.);
#6368=ORIENTED_EDGE('',*,*,#5404,.F.);
#6369=ORIENTED_EDGE('',*,*,#6188,.T.);
#6371=ORIENTED_EDGE('',*,*,#6370,.T.);
#6372=ORIENTED_EDGE('',*,*,#5420,.F.);
#6374=ORIENTED_EDGE('',*,*,#6373,.T.);
#6376=ORIENTED_EDGE('',*,*,#6375,.T.);
#6377=ORIENTED_EDGE('',*,*,#5436,.F.);
#6379=ORIENTED_EDGE('',*,*,#6378,.T.);
#6381=ORIENTED_EDGE('',*,*,#6380,.T.);
#6382=ORIENTED_EDGE('',*,*,#5452,.F.);
#6384=ORIENTED_EDGE('',*,*,#6383,.T.);
#6386=ORIENTED_EDGE('',*,*,#6385,.T.);
#6387=ORIENTED_EDGE('',*,*,#5468,.F.);
#6389=ORIENTED_EDGE('',*,*,#6388,.T.);
#6391=ORIENTED_EDGE('',*,*,#6390,.T.);
#6392=ORIENTED_EDGE('',*,*,#5484,.F.);
#6394=ORIENTED_EDGE('',*,*,#6393,.T.);
#6396=ORIENTED_EDGE('',*,*,#6395,.T.);
#6397=ORIENTED_EDGE('',*,*,#5500,.F.);
#6399=ORIENTED_EDGE('',*,*,#6398,.T.);
#6401=ORIENTED_EDGE('',*,*,#6400,.T.);
#6402=ORIENTED_EDGE('',*,*,#5516,.F.);
#6404=ORIENTED_EDGE('',*,*,#6403,.T.);
#6406=ORIENTED_EDGE('',*,*,#6405,.T.);
#6407=ORIENTED_EDGE('',*,*,#5532,.F.);
#6409=ORIENTED_EDGE('',*,*,#6408,.T.);
#6411=ORIENTED_EDGE('',*,*,#6410,.T.);
#6412=ORIENTED_EDGE('',*,*,#5548,.F.);
#6414=ORIENTED_EDGE('',*,*,#6413,.T.);
#6416=ORIENTED_EDGE('',*,*,#6415,.T.);
#6417=ORIENTED_EDGE('',*,*,#5564,.F.);
#6419=ORIENTED_EDGE('',*,*,#6418,.T.);
#6421=ORIENTED_EDGE('',*,*,#6420,.T.);
#6422=ORIENTED_EDGE('',*,*,#5580,.F.);
#6424=ORIENTED_EDGE('',*,*,#6423,.T.);
#6426=ORIENTED_EDGE('',*,*,#6425,.T.);
#6427=ORIENTED_EDGE('',*,*,#5598,.F.);
#6429=ORIENTED_EDGE('',*,*,#6428,.F.);
#6431=ORIENTED_EDGE('',*,*,#6430,.T.);
#6433=ORIENTED_EDGE('',*,*,#6432,.T.);
#6434=ORIENTED_EDGE('',*,*,#5974,.F.);
#6436=ORIENTED_EDGE('',*,*,#6435,.T.);
#6438=ORIENTED_EDGE('',*,*,#6437,.T.);
#6439=ORIENTED_EDGE('',*,*,#5993,.F.);
#6441=ORIENTED_EDGE('',*,*,#6440,.T.);
#6443=ORIENTED_EDGE('',*,*,#6442,.T.);
#6444=ORIENTED_EDGE('',*,*,#6009,.F.);
#6446=ORIENTED_EDGE('',*,*,#6445,.T.);
#6448=ORIENTED_EDGE('',*,*,#6447,.T.);
#6449=ORIENTED_EDGE('',*,*,#6025,.F.);
#6451=ORIENTED_EDGE('',*,*,#6450,.T.);
#6453=ORIENTED_EDGE('',*,*,#6452,.T.);
#6454=ORIENTED_EDGE('',*,*,#6041,.F.);
#6456=ORIENTED_EDGE('',*,*,#6455,.T.);
#6458=ORIENTED_EDGE('',*,*,#6457,.T.);
#6459=ORIENTED_EDGE('',*,*,#6057,.F.);
#6461=ORIENTED_EDGE('',*,*,#6460,.T.);
#6463=ORIENTED_EDGE('',*,*,#6462,.T.);
#6464=ORIENTED_EDGE('',*,*,#6073,.F.);
#6466=ORIENTED_EDGE('',*,*,#6465,.T.);
#6468=ORIENTED_EDGE('',*,*,#6467,.T.);
#6469=ORIENTED_EDGE('',*,*,#6089,.F.);
#6471=ORIENTED_EDGE('',*,*,#6470,.T.);
#6473=ORIENTED_EDGE('',*,*,#6472,.T.);
#6474=ORIENTED_EDGE('',*,*,#6105,.F.);
#6476=ORIENTED_EDGE('',*,*,#6475,.T.);
#6478=ORIENTED_EDGE('',*,*,#6477,.T.);
#6479=ORIENTED_EDGE('',*,*,#6121,.F.);
#6481=ORIENTED_EDGE('',*,*,#6480,.T.);
#6483=ORIENTED_EDGE('',*,*,#6482,.T.);
#6484=ORIENTED_EDGE('',*,*,#6137,.F.);
#6486=ORIENTED_EDGE('',*,*,#6485,.T.);
#6488=ORIENTED_EDGE('',*,*,#6487,.T.);
#6489=ORIENTED_EDGE('',*,*,#6153,.F.);
#6490=EDGE_LOOP('',(#6361,#6362,#6363,#6365,#6367,#6368,#6369,#6371,#6372,#6374,
#6376,#6377,#6379,#6381,#6382,#6384,#6386,#6387,#6389,#6391,#6392,#6394,#6396,
#6397,#6399,#6401,#6402,#6404,#6406,#6407,#6409,#6411,#6412,#6414,#6416,#6417,
#6419,#6421,#6422,#6424,#6426,#6427,#6429,#6431,#6433,#6434,#6436,#6438,#6439,
#6441,#6443,#6444,#6446,#6448,#6449,#6451,#6453,#6454,#6456,#6458,#6459,#6461,
#6463,#6464,#6466,#6468,#6469,#6471,#6473,#6474,#6476,#6478,#6479,#6481,#6483,
#6484,#6486,#6488,#6489));
#6491=FACE_OUTER_BOUND('',#6490,.F.);
#6493=CARTESIAN_POINT('',(0.E0,-1.E-1,-3.998749804626E0));
#6494=DIRECTION('',(0.E0,-8.660254037852E-1,4.999999999986E-1));
#6495=DIRECTION('',(0.E0,4.999999999986E-1,8.660254037852E-1));
#6496=AXIS2_PLACEMENT_3D('',#6493,#6494,#6495);
#6497=PLANE('',#6496);
#6499=ORIENTED_EDGE('',*,*,#6498,.F.);
#6500=ORIENTED_EDGE('',*,*,#6364,.F.);
#6501=ORIENTED_EDGE('',*,*,#6171,.T.);
#6502=ORIENTED_EDGE('',*,*,#6321,.F.);
#6503=EDGE_LOOP('',(#6499,#6500,#6501,#6502));
#6504=FACE_OUTER_BOUND('',#6503,.F.);
#6506=CARTESIAN_POINT('',(0.E0,0.E0,-3.825544723869E0));
#6507=DIRECTION('',(0.E0,8.660254037844E-1,5.E-1));
#6508=DIRECTION('',(0.E0,5.E-1,-8.660254037844E-1));
#6509=AXIS2_PLACEMENT_3D('',#6506,#6507,#6508);
#6510=PLANE('',#6509);
#6511=ORIENTED_EDGE('',*,*,#6498,.T.);
#6512=ORIENTED_EDGE('',*,*,#6319,.F.);
#6513=ORIENTED_EDGE('',*,*,#5406,.F.);
#6514=ORIENTED_EDGE('',*,*,#6366,.F.);
#6515=EDGE_LOOP('',(#6511,#6512,#6513,#6514));
#6516=FACE_OUTER_BOUND('',#6515,.F.);
#6518=CARTESIAN_POINT('',(0.E0,4.794678903874E-1,-3.795379161086E0));
#6519=DIRECTION('',(0.E0,7.965299180242E-1,6.045991148624E-1));
#6520=DIRECTION('',(0.E0,6.045991148624E-1,-7.965299180242E-1));
#6521=AXIS2_PLACEMENT_3D('',#6518,#6519,#6520);
#6522=PLANE('',#6521);
#6523=ORIENTED_EDGE('',*,*,#5422,.F.);
#6524=ORIENTED_EDGE('',*,*,#6370,.F.);
#6525=ORIENTED_EDGE('',*,*,#6186,.T.);
#6526=ORIENTED_EDGE('',*,*,#6315,.F.);
#6527=EDGE_LOOP('',(#6523,#6524,#6525,#6526));
#6528=FACE_OUTER_BOUND('',#6527,.F.);
#6530=CARTESIAN_POINT('',(0.E0,8.975903216002E-1,-3.897990715044E0));
#6531=DIRECTION('',(0.E0,-9.631625667981E-1,2.689198206137E-1));
#6532=DIRECTION('',(0.E0,2.689198206137E-1,9.631625667981E-1));
#6533=AXIS2_PLACEMENT_3D('',#6530,#6531,#6532);
#6534=PLANE('',#6533);
#6535=ORIENTED_EDGE('',*,*,#5418,.T.);
#6536=ORIENTED_EDGE('',*,*,#6312,.F.);
#6538=ORIENTED_EDGE('',*,*,#6537,.F.);
#6539=ORIENTED_EDGE('',*,*,#6373,.F.);
#6540=EDGE_LOOP('',(#6535,#6536,#6538,#6539));
#6541=FACE_OUTER_BOUND('',#6540,.F.);
#6543=CARTESIAN_POINT('',(0.E0,9.513742857231E-1,-3.705358201684E0));
#6544=DIRECTION('',(0.E0,7.144726796328E-1,6.996633405134E-1));
#6545=DIRECTION('',(0.E0,6.996633405134E-1,-7.144726796328E-1));
#6546=AXIS2_PLACEMENT_3D('',#6543,#6544,#6545);
#6547=PLANE('',#6546);
#6548=ORIENTED_EDGE('',*,*,#5438,.F.);
#6549=ORIENTED_EDGE('',*,*,#6375,.F.);
#6550=ORIENTED_EDGE('',*,*,#6537,.T.);
#6551=ORIENTED_EDGE('',*,*,#6310,.F.);
#6552=EDGE_LOOP('',(#6548,#6549,#6550,#6551));
#6553=FACE_OUTER_BOUND('',#6552,.F.);
#6555=CARTESIAN_POINT('',(0.E0,1.379060334537E0,-3.754755996560E0));
#6556=DIRECTION('',(0.E0,-9.892723329632E-1,1.460830285608E-1));
#6557=DIRECTION('',(0.E0,1.460830285608E-1,9.892723329632E-1));
#6558=AXIS2_PLACEMENT_3D('',#6555,#6556,#6557);
#6559=PLANE('',#6558);
#6560=ORIENTED_EDGE('',*,*,#5434,.T.);
#6561=ORIENTED_EDGE('',*,*,#6307,.F.);
#6563=ORIENTED_EDGE('',*,*,#6562,.F.);
#6564=ORIENTED_EDGE('',*,*,#6378,.F.);
#6565=EDGE_LOOP('',(#6560,#6561,#6563,#6564));
#6566=FACE_OUTER_BOUND('',#6565,.F.);
#6568=CARTESIAN_POINT('',(0.E0,1.408276940249E0,-3.556901529967E0));
#6569=DIRECTION('',(0.E0,6.211477802783E-1,7.836934573258E-1));
#6570=DIRECTION('',(0.E0,7.836934573258E-1,-6.211477802783E-1));
#6571=AXIS2_PLACEMENT_3D('',#6568,#6569,#6570);
#6572=PLANE('',#6571);
#6573=ORIENTED_EDGE('',*,*,#5454,.F.);
#6574=ORIENTED_EDGE('',*,*,#6380,.F.);
#6575=ORIENTED_EDGE('',*,*,#6562,.T.);
#6576=ORIENTED_EDGE('',*,*,#6305,.F.);
#6577=EDGE_LOOP('',(#6573,#6574,#6575,#6576));
#6578=FACE_OUTER_BOUND('',#6577,.F.);
#6580=CARTESIAN_POINT('',(0.E0,1.838781742188E0,-3.552306533028E0));
#6581=DIRECTION('',(0.E0,-9.997806834749E-1,2.094241988174E-2));
#6582=DIRECTION('',(0.E0,2.094241988174E-2,9.997806834749E-1));
#6583=AXIS2_PLACEMENT_3D('',#6580,#6581,#6582);
#6584=PLANE('',#6583);
#6585=ORIENTED_EDGE('',*,*,#5450,.T.);
#6586=ORIENTED_EDGE('',*,*,#6302,.F.);
#6588=ORIENTED_EDGE('',*,*,#6587,.F.);
#6589=ORIENTED_EDGE('',*,*,#6383,.F.);
#6590=EDGE_LOOP('',(#6585,#6586,#6588,#6589));
#6591=FACE_OUTER_BOUND('',#6590,.F.);
#6593=CARTESIAN_POINT('',(0.E0,1.842970226164E0,-3.352350396333E0));
#6594=DIRECTION('',(0.E0,5.180270093731E-1,8.553642601605E-1));
#6595=DIRECTION('',(0.E0,8.553642601605E-1,-5.180270093731E-1));
#6596=AXIS2_PLACEMENT_3D('',#6593,#6594,#6595);
#6597=PLANE('',#6596);
#6598=ORIENTED_EDGE('',*,*,#5470,.F.);
#6599=ORIENTED_EDGE('',*,*,#6385,.F.);
#6600=ORIENTED_EDGE('',*,*,#6587,.T.);
#6601=ORIENTED_EDGE('',*,*,#6300,.F.);
#6602=EDGE_LOOP('',(#6598,#6599,#6600,#6601));
#6603=FACE_OUTER_BOUND('',#6602,.F.);
#6605=CARTESIAN_POINT('',(0.E0,2.269504463329E0,-3.293835073426E0));
#6606=DIRECTION('',(0.E0,-9.945218953681E-1,-1.045284632693E-1));
#6607=DIRECTION('',(0.E0,-1.045284632693E-1,9.945218953681E-1));
#6608=AXIS2_PLACEMENT_3D('',#6605,#6606,#6607);
#6609=PLANE('',#6608);
#6610=ORIENTED_EDGE('',*,*,#5466,.T.);
#6611=ORIENTED_EDGE('',*,*,#6297,.F.);
#6613=ORIENTED_EDGE('',*,*,#6612,.F.);
#6614=ORIENTED_EDGE('',*,*,#6388,.F.);
#6615=EDGE_LOOP('',(#6610,#6611,#6613,#6614));
#6616=FACE_OUTER_BOUND('',#6615,.F.);
#6618=CARTESIAN_POINT('',(0.E0,2.248598770675E0,-3.094930694351E0));
#6619=DIRECTION('',(0.E0,4.067366430758E-1,9.135454576426E-1));
#6620=DIRECTION('',(0.E0,9.135454576426E-1,-4.067366430758E-1));
#6621=AXIS2_PLACEMENT_3D('',#6618,#6619,#6620);
#6622=PLANE('',#6621);
#6623=ORIENTED_EDGE('',*,*,#5486,.F.);
#6624=ORIENTED_EDGE('',*,*,#6390,.F.);
#6625=ORIENTED_EDGE('',*,*,#6612,.T.);
#6626=ORIENTED_EDGE('',*,*,#6295,.F.);
#6627=EDGE_LOOP('',(#6623,#6624,#6625,#6626));
#6628=FACE_OUTER_BOUND('',#6627,.F.);
#6630=CARTESIAN_POINT('',(0.E0,2.664435743348E0,-2.983417867073E0));
#6631=DIRECTION('',(0.E0,-9.735789028728E-1,-2.283508701122E-1));
#6632=DIRECTION('',(0.E0,-2.283508701122E-1,9.735789028728E-1));
#6633=AXIS2_PLACEMENT_3D('',#6630,#6631,#6632);
#6634=PLANE('',#6633);
#6635=ORIENTED_EDGE('',*,*,#5482,.T.);
#6636=ORIENTED_EDGE('',*,*,#6292,.F.);
#6638=ORIENTED_EDGE('',*,*,#6637,.F.);
#6639=ORIENTED_EDGE('',*,*,#6393,.F.);
#6640=EDGE_LOOP('',(#6635,#6636,#6638,#6639));
#6641=FACE_OUTER_BOUND('',#6640,.F.);
#6643=CARTESIAN_POINT('',(0.E0,2.618765569325E0,-2.788702086498E0));
#6644=DIRECTION('',(0.E0,2.890317969445E-1,9.573194975321E-1));
#6645=DIRECTION('',(0.E0,9.573194975321E-1,-2.890317969445E-1));
#6646=AXIS2_PLACEMENT_3D('',#6643,#6644,#6645);
#6647=PLANE('',#6646);
#6648=ORIENTED_EDGE('',*,*,#5502,.F.);
#6649=ORIENTED_EDGE('',*,*,#6395,.F.);
#6650=ORIENTED_EDGE('',*,*,#6637,.T.);
#6651=ORIENTED_EDGE('',*,*,#6290,.F.);
#6652=EDGE_LOOP('',(#6648,#6649,#6650,#6651));
#6653=FACE_OUTER_BOUND('',#6652,.F.);
#6655=CARTESIAN_POINT('',(0.E0,3.017347280037E0,-2.625950378749E0));
#6656=DIRECTION('',(0.E0,-9.372819894913E-1,-3.485720473233E-1));
#6657=DIRECTION('',(0.E0,-3.485720473233E-1,9.372819894913E-1));
#6658=AXIS2_PLACEMENT_3D('',#6655,#6656,#6657);
#6659=PLANE('',#6658);
#6660=ORIENTED_EDGE('',*,*,#5498,.T.);
#6661=ORIENTED_EDGE('',*,*,#6287,.F.);
#6663=ORIENTED_EDGE('',*,*,#6662,.F.);
#6664=ORIENTED_EDGE('',*,*,#6398,.F.);
#6665=EDGE_LOOP('',(#6660,#6661,#6663,#6664));
#6666=FACE_OUTER_BOUND('',#6665,.F.);
#6668=CARTESIAN_POINT('',(0.E0,2.947632870572E0,-2.438493980851E0));
#6669=DIRECTION('',(0.E0,1.667687467161E-1,9.859960370705E-1));
#6670=DIRECTION('',(0.E0,9.859960370705E-1,-1.667687467161E-1));
#6671=AXIS2_PLACEMENT_3D('',#6668,#6669,#6670);
#6672=PLANE('',#6671);
#6673=ORIENTED_EDGE('',*,*,#5518,.F.);
#6674=ORIENTED_EDGE('',*,*,#6400,.F.);
#6675=ORIENTED_EDGE('',*,*,#6662,.T.);
#6676=ORIENTED_EDGE('',*,*,#6285,.F.);
#6677=EDGE_LOOP('',(#6673,#6674,#6675,#6676));
#6678=FACE_OUTER_BOUND('',#6677,.F.);
#6680=CARTESIAN_POINT('',(0.E0,3.322673447644E0,-2.227070084286E0));
#6681=DIRECTION('',(0.E0,-8.862035792305E-1,-4.632960351213E-1));
#6682=DIRECTION('',(0.E0,-4.632960351213E-1,8.862035792305E-1));
#6683=AXIS2_PLACEMENT_3D('',#6680,#6681,#6682);
#6684=PLANE('',#6683);
#6685=ORIENTED_EDGE('',*,*,#5514,.T.);
#6686=ORIENTED_EDGE('',*,*,#6282,.F.);
#6688=ORIENTED_EDGE('',*,*,#6687,.F.);
#6689=ORIENTED_EDGE('',*,*,#6403,.F.);
#6690=EDGE_LOOP('',(#6685,#6686,#6688,#6689));
#6691=FACE_OUTER_BOUND('',#6690,.F.);
#6693=CARTESIAN_POINT('',(0.E0,3.230014240619E0,-2.049829368439E0));
#6694=DIRECTION('',(0.E0,4.187565372920E-2,9.991228300989E-1));
#6695=DIRECTION('',(0.E0,9.991228300989E-1,-4.187565372920E-2));
#6696=AXIS2_PLACEMENT_3D('',#6693,#6694,#6695);
#6697=PLANE('',#6696);
#6698=ORIENTED_EDGE('',*,*,#5534,.F.);
#6699=ORIENTED_EDGE('',*,*,#6405,.F.);
#6700=ORIENTED_EDGE('',*,*,#6687,.T.);
#6701=ORIENTED_EDGE('',*,*,#6280,.F.);
#6702=EDGE_LOOP('',(#6698,#6699,#6700,#6701));
#6703=FACE_OUTER_BOUND('',#6702,.F.);
#6705=CARTESIAN_POINT('',(0.E0,3.575599070113E0,-1.793067564206E0));
#6706=DIRECTION('',(0.E0,-8.211492091328E-1,-5.707135676858E-1));
#6707=DIRECTION('',(0.E0,-5.707135676858E-1,8.211492091328E-1));
#6708=AXIS2_PLACEMENT_3D('',#6705,#6706,#6707);
#6709=PLANE('',#6708);
#6710=ORIENTED_EDGE('',*,*,#5530,.T.);
#6711=ORIENTED_EDGE('',*,*,#6277,.F.);
#6713=ORIENTED_EDGE('',*,*,#6712,.F.);
#6714=ORIENTED_EDGE('',*,*,#6408,.F.);
#6715=EDGE_LOOP('',(#6710,#6711,#6713,#6714));
#6716=FACE_OUTER_BOUND('',#6715,.F.);
#6718=CARTESIAN_POINT('',(0.E0,3.461456356575E0,-1.628837722379E0));
#6719=DIRECTION('',(0.E0,-8.367784333232E-2,9.964928592495E-1));
#6720=DIRECTION('',(0.E0,9.964928592495E-1,8.367784333232E-2));
#6721=AXIS2_PLACEMENT_3D('',#6718,#6719,#6720);
#6722=PLANE('',#6721);
#6723=ORIENTED_EDGE('',*,*,#5550,.F.);
#6724=ORIENTED_EDGE('',*,*,#6410,.F.);
#6725=ORIENTED_EDGE('',*,*,#6712,.T.);
#6726=ORIENTED_EDGE('',*,*,#6275,.F.);
#6727=EDGE_LOOP('',(#6723,#6724,#6725,#6726));
#6728=FACE_OUTER_BOUND('',#6727,.F.);
#6730=CARTESIAN_POINT('',(0.E0,3.772135359286E0,-1.330787297513E0));
#6731=DIRECTION('',(0.E0,-7.431448254763E-1,-6.691306063601E-1));
#6732=DIRECTION('',(0.E0,-6.691306063601E-1,7.431448254763E-1));
#6733=AXIS2_PLACEMENT_3D('',#6730,#6731,#6732);
#6734=PLANE('',#6733);
#6735=ORIENTED_EDGE('',*,*,#5546,.T.);
#6736=ORIENTED_EDGE('',*,*,#6272,.F.);
#6738=ORIENTED_EDGE('',*,*,#6737,.F.);
#6739=ORIENTED_EDGE('',*,*,#6413,.F.);
#6740=EDGE_LOOP('',(#6735,#6736,#6738,#6739));
#6741=FACE_OUTER_BOUND('',#6740,.F.);
#6743=CARTESIAN_POINT('',(0.E0,3.638309238014E0,-1.182158332417E0));
#6744=DIRECTION('',(0.E0,-2.079116908178E-1,9.781476007338E-1));
#6745=DIRECTION('',(0.E0,9.781476007338E-1,2.079116908178E-1));
#6746=AXIS2_PLACEMENT_3D('',#6743,#6744,#6745);
#6747=PLANE('',#6746);
#6748=ORIENTED_EDGE('',*,*,#5566,.F.);
#6749=ORIENTED_EDGE('',*,*,#6415,.F.);
#6750=ORIENTED_EDGE('',*,*,#6737,.T.);
#6751=ORIENTED_EDGE('',*,*,#6270,.F.);
#6752=EDGE_LOOP('',(#6748,#6749,#6750,#6751));
#6753=FACE_OUTER_BOUND('',#6752,.F.);
#6755=CARTESIAN_POINT('',(0.E0,3.909182820480E0,-8.475197201632E-1));
#6756=DIRECTION('',(0.E0,-6.534206039889E-1,-7.569950556528E-1));
#6757=DIRECTION('',(0.E0,-7.569950556528E-1,6.534206039889E-1));
#6758=AXIS2_PLACEMENT_3D('',#6755,#6756,#6757);
#6759=PLANE('',#6758);
#6760=ORIENTED_EDGE('',*,*,#5562,.T.);
#6761=ORIENTED_EDGE('',*,*,#6267,.F.);
#6763=ORIENTED_EDGE('',*,*,#6762,.F.);
#6764=ORIENTED_EDGE('',*,*,#6418,.F.);
#6765=EDGE_LOOP('',(#6760,#6761,#6763,#6764));
#6766=FACE_OUTER_BOUND('',#6765,.F.);
#6768=CARTESIAN_POINT('',(0.E0,3.757783809349E0,-7.168355993650E-1));
#6769=DIRECTION('',(0.E0,-3.288666467386E-1,9.443763702375E-1));
#6770=DIRECTION('',(0.E0,9.443763702375E-1,3.288666467386E-1));
#6771=AXIS2_PLACEMENT_3D('',#6768,#6769,#6770);
#6772=PLANE('',#6771);
#6773=ORIENTED_EDGE('',*,*,#5582,.F.);
#6774=ORIENTED_EDGE('',*,*,#6420,.F.);
#6775=ORIENTED_EDGE('',*,*,#6762,.T.);
#6776=ORIENTED_EDGE('',*,*,#6265,.F.);
#6777=EDGE_LOOP('',(#6773,#6774,#6775,#6776));
#6778=FACE_OUTER_BOUND('',#6777,.F.);
#6780=CARTESIAN_POINT('',(0.E0,3.984580133362E0,-3.508862505431E-1));
#6781=DIRECTION('',(0.E0,-5.533915492420E-1,-8.329212407110E-1));
#6782=DIRECTION('',(0.E0,-8.329212407110E-1,5.533915492420E-1));
#6783=AXIS2_PLACEMENT_3D('',#6780,#6781,#6782);
#6784=PLANE('',#6783);
#6785=ORIENTED_EDGE('',*,*,#5578,.T.);
#6786=ORIENTED_EDGE('',*,*,#6262,.F.);
#6788=ORIENTED_EDGE('',*,*,#6787,.F.);
#6789=ORIENTED_EDGE('',*,*,#6423,.F.);
#6790=EDGE_LOOP('',(#6785,#6786,#6788,#6789));
#6791=FACE_OUTER_BOUND('',#6790,.F.);
#6793=CARTESIAN_POINT('',(0.E0,3.817995885219E0,-2.402079406944E-1));
#6794=DIRECTION('',(0.E0,-4.446351791849E-1,8.957117602394E-1));
#6795=DIRECTION('',(0.E0,8.957117602394E-1,4.446351791849E-1));
#6796=AXIS2_PLACEMENT_3D('',#6793,#6794,#6795);
#6797=PLANE('',#6796);
#6798=ORIENTED_EDGE('',*,*,#5600,.F.);
#6799=ORIENTED_EDGE('',*,*,#6425,.F.);
#6800=ORIENTED_EDGE('',*,*,#6787,.T.);
#6801=ORIENTED_EDGE('',*,*,#6260,.F.);
#6802=EDGE_LOOP('',(#6798,#6799,#6800,#6801));
#6803=FACE_OUTER_BOUND('',#6802,.F.);
#6805=CARTESIAN_POINT('',(2.031999999934E-1,0.E0,0.E0));
#6806=DIRECTION('',(1.E0,0.E0,0.E0));
#6807=DIRECTION('',(0.E0,0.E0,-1.E0));
#6808=AXIS2_PLACEMENT_3D('',#6805,#6806,#6807);
#6809=CONICAL_SURFACE('',#6808,3.796799999993E0,4.5E1);
#6810=ORIENTED_EDGE('',*,*,#5392,.T.);
#6812=ORIENTED_EDGE('',*,*,#6811,.T.);
#6813=ORIENTED_EDGE('',*,*,#5976,.F.);
#6814=ORIENTED_EDGE('',*,*,#6432,.F.);
#6816=ORIENTED_EDGE('',*,*,#6815,.T.);
#6817=ORIENTED_EDGE('',*,*,#6428,.T.);
#6818=ORIENTED_EDGE('',*,*,#5596,.F.);
#6820=ORIENTED_EDGE('',*,*,#6819,.T.);
#6822=ORIENTED_EDGE('',*,*,#6821,.T.);
#6823=ORIENTED_EDGE('',*,*,#5615,.F.);
#6825=ORIENTED_EDGE('',*,*,#6824,.T.);
#6827=ORIENTED_EDGE('',*,*,#6826,.T.);
#6828=ORIENTED_EDGE('',*,*,#5630,.F.);
#6830=ORIENTED_EDGE('',*,*,#6829,.T.);
#6832=ORIENTED_EDGE('',*,*,#6831,.T.);
#6833=ORIENTED_EDGE('',*,*,#5645,.F.);
#6835=ORIENTED_EDGE('',*,*,#6834,.T.);
#6837=ORIENTED_EDGE('',*,*,#6836,.T.);
#6838=ORIENTED_EDGE('',*,*,#5660,.F.);
#6840=ORIENTED_EDGE('',*,*,#6839,.T.);
#6842=ORIENTED_EDGE('',*,*,#6841,.T.);
#6843=ORIENTED_EDGE('',*,*,#5675,.F.);
#6845=ORIENTED_EDGE('',*,*,#6844,.T.);
#6847=ORIENTED_EDGE('',*,*,#6846,.T.);
#6848=ORIENTED_EDGE('',*,*,#5690,.F.);
#6850=ORIENTED_EDGE('',*,*,#6849,.T.);
#6852=ORIENTED_EDGE('',*,*,#6851,.T.);
#6853=ORIENTED_EDGE('',*,*,#5705,.F.);
#6855=ORIENTED_EDGE('',*,*,#6854,.T.);
#6857=ORIENTED_EDGE('',*,*,#6856,.T.);
#6858=ORIENTED_EDGE('',*,*,#5720,.F.);
#6860=ORIENTED_EDGE('',*,*,#6859,.T.);
#6862=ORIENTED_EDGE('',*,*,#6861,.T.);
#6863=ORIENTED_EDGE('',*,*,#5735,.F.);
#6865=ORIENTED_EDGE('',*,*,#6864,.T.);
#6867=ORIENTED_EDGE('',*,*,#6866,.T.);
#6868=ORIENTED_EDGE('',*,*,#5750,.F.);
#6870=ORIENTED_EDGE('',*,*,#6869,.T.);
#6872=ORIENTED_EDGE('',*,*,#6871,.T.);
#6873=ORIENTED_EDGE('',*,*,#5765,.F.);
#6875=ORIENTED_EDGE('',*,*,#6874,.T.);
#6877=ORIENTED_EDGE('',*,*,#6876,.T.);
#6878=ORIENTED_EDGE('',*,*,#5780,.F.);
#6880=ORIENTED_EDGE('',*,*,#6879,.T.);
#6882=ORIENTED_EDGE('',*,*,#6881,.T.);
#6883=ORIENTED_EDGE('',*,*,#5795,.F.);
#6885=ORIENTED_EDGE('',*,*,#6884,.T.);
#6887=ORIENTED_EDGE('',*,*,#6886,.T.);
#6888=ORIENTED_EDGE('',*,*,#5810,.F.);
#6890=ORIENTED_EDGE('',*,*,#6889,.T.);
#6892=ORIENTED_EDGE('',*,*,#6891,.T.);
#6893=ORIENTED_EDGE('',*,*,#5825,.F.);
#6895=ORIENTED_EDGE('',*,*,#6894,.T.);
#6897=ORIENTED_EDGE('',*,*,#6896,.T.);
#6898=ORIENTED_EDGE('',*,*,#5840,.F.);
#6900=ORIENTED_EDGE('',*,*,#6899,.T.);
#6902=ORIENTED_EDGE('',*,*,#6901,.T.);
#6903=ORIENTED_EDGE('',*,*,#5855,.F.);
#6905=ORIENTED_EDGE('',*,*,#6904,.T.);
#6907=ORIENTED_EDGE('',*,*,#6906,.T.);
#6908=ORIENTED_EDGE('',*,*,#5870,.F.);
#6910=ORIENTED_EDGE('',*,*,#6909,.T.);
#6912=ORIENTED_EDGE('',*,*,#6911,.T.);
#6913=ORIENTED_EDGE('',*,*,#5885,.F.);
#6915=ORIENTED_EDGE('',*,*,#6914,.T.);
#6917=ORIENTED_EDGE('',*,*,#6916,.T.);
#6918=ORIENTED_EDGE('',*,*,#5900,.F.);
#6920=ORIENTED_EDGE('',*,*,#6919,.T.);
#6922=ORIENTED_EDGE('',*,*,#6921,.T.);
#6923=ORIENTED_EDGE('',*,*,#5915,.F.);
#6925=ORIENTED_EDGE('',*,*,#6924,.T.);
#6927=ORIENTED_EDGE('',*,*,#6926,.T.);
#6928=ORIENTED_EDGE('',*,*,#5930,.F.);
#6930=ORIENTED_EDGE('',*,*,#6929,.T.);
#6932=ORIENTED_EDGE('',*,*,#6931,.T.);
#6933=ORIENTED_EDGE('',*,*,#5945,.F.);
#6935=ORIENTED_EDGE('',*,*,#6934,.T.);
#6937=ORIENTED_EDGE('',*,*,#6936,.T.);
#6938=ORIENTED_EDGE('',*,*,#5959,.F.);
#6939=EDGE_LOOP('',(#6810,#6812,#6813,#6814,#6816,#6817,#6818,#6820,#6822,#6823,
#6825,#6827,#6828,#6830,#6832,#6833,#6835,#6837,#6838,#6840,#6842,#6843,#6845,
#6847,#6848,#6850,#6852,#6853,#6855,#6857,#6858,#6860,#6862,#6863,#6865,#6867,
#6868,#6870,#6872,#6873,#6875,#6877,#6878,#6880,#6882,#6883,#6885,#6887,#6888,
#6890,#6892,#6893,#6895,#6897,#6898,#6900,#6902,#6903,#6905,#6907,#6908,#6910,
#6912,#6913,#6915,#6917,#6918,#6920,#6922,#6923,#6925,#6927,#6928,#6930,#6932,
#6933,#6935,#6937,#6938));
#6940=FACE_OUTER_BOUND('',#6939,.F.);
#6942=CARTESIAN_POINT('',(0.E0,-3.817995885219E0,2.402079406944E-1));
#6943=DIRECTION('',(0.E0,4.446351791849E-1,-8.957117602394E-1));
#6944=DIRECTION('',(0.E0,-8.957117602394E-1,-4.446351791849E-1));
#6945=AXIS2_PLACEMENT_3D('',#6942,#6943,#6944);
#6946=PLANE('',#6945);
#6947=ORIENTED_EDGE('',*,*,#5978,.F.);
#6948=ORIENTED_EDGE('',*,*,#6811,.F.);
#6949=ORIENTED_EDGE('',*,*,#5390,.T.);
#6950=ORIENTED_EDGE('',*,*,#5377,.F.);
#6951=EDGE_LOOP('',(#6947,#6948,#6949,#6950));
#6952=FACE_OUTER_BOUND('',#6951,.F.);
#6954=CARTESIAN_POINT('',(0.E0,0.E0,0.E0));
#6955=DIRECTION('',(1.E0,0.E0,0.E0));
#6956=DIRECTION('',(0.E0,-1.E0,0.E0));
#6957=AXIS2_PLACEMENT_3D('',#6954,#6955,#6956);
#6958=PLANE('',#6957);
#6959=ORIENTED_EDGE('',*,*,#6815,.F.);
#6960=ORIENTED_EDGE('',*,*,#6430,.F.);
#6961=EDGE_LOOP('',(#6959,#6960));
#6962=FACE_OUTER_BOUND('',#6961,.F.);
#6964=ORIENTED_EDGE('',*,*,#6963,.F.);
#6966=ORIENTED_EDGE('',*,*,#6965,.F.);
#6967=EDGE_LOOP('',(#6964,#6966));
#6968=FACE_BOUND('',#6967,.F.);
#6970=CARTESIAN_POINT('',(2.311898816048E-1,0.E0,0.E0));
#6971=DIRECTION('',(-1.E0,0.E0,0.E0));
#6972=DIRECTION('',(0.E0,1.E0,0.E0));
#6973=AXIS2_PLACEMENT_3D('',#6970,#6971,#6972);
#6974=CONICAL_SURFACE('',#6973,1.614683530659E0,5.903624346793E1);
#6976=ORIENTED_EDGE('',*,*,#6975,.F.);
#6978=ORIENTED_EDGE('',*,*,#6977,.F.);
#6980=ORIENTED_EDGE('',*,*,#6979,.T.);
#6981=ORIENTED_EDGE('',*,*,#6963,.T.);
#6983=ORIENTED_EDGE('',*,*,#6982,.F.);
#6985=ORIENTED_EDGE('',*,*,#6984,.F.);
#6987=ORIENTED_EDGE('',*,*,#6986,.F.);
#6989=ORIENTED_EDGE('',*,*,#6988,.F.);
#6990=EDGE_LOOP('',(#6976,#6978,#6980,#6981,#6983,#6985,#6987,#6989));
#6991=FACE_OUTER_BOUND('',#6990,.F.);
#6993=CARTESIAN_POINT('',(3.317017755062E-1,1.127121072064E0,1.009802525414E0));
#6994=CARTESIAN_POINT('',(3.182423781597E-1,1.297914805102E0,
8.191660290312E-1));
#6995=CARTESIAN_POINT('',(3.047829808133E-1,1.419145801058E0,
5.845006584780E-1));
#6996=CARTESIAN_POINT('',(2.913235834668E-1,1.475788036827E0,
3.348921046882E-1));
#6997=CARTESIAN_POINT('',(3.889076082295E-1,1.053323173421E0,
9.436860218122E-1));
#6998=CARTESIAN_POINT('',(3.754482108830E-1,1.212934240361E0,
7.655313902324E-1));
#6999=CARTESIAN_POINT('',(3.619888135366E-1,1.326227674884E0,
5.462306612074E-1));
#7000=CARTESIAN_POINT('',(3.485294161901E-1,1.379161278033E0,
3.129651491811E-1));
#7001=CARTESIAN_POINT('',(4.461134409528E-1,9.795252747771E-1,
8.775695182107E-1));
#7002=CARTESIAN_POINT('',(4.326540436063E-1,1.127953675621E0,
7.118967514336E-1));
#7003=CARTESIAN_POINT('',(4.191946462598E-1,1.233309548711E0,
5.079606639369E-1));
#7004=CARTESIAN_POINT('',(4.057352489134E-1,1.282534519240E0,
2.910381936740E-1));
#7005=CARTESIAN_POINT('',(5.033192736761E-1,9.057273761336E-1,
8.114530146092E-1));
#7006=CARTESIAN_POINT('',(4.898598763296E-1,1.042973110880E0,
6.582621126348E-1));
#7007=CARTESIAN_POINT('',(4.764004789831E-1,1.140391422537E0,
4.696906666664E-1));
#7008=CARTESIAN_POINT('',(4.629410816366E-1,1.185907760447E0,
2.691112381668E-1));
#7009=B_SPLINE_SURFACE_WITH_KNOTS('',3,3,((#6993,#6994,#6995,#6996),(#6997,
#6998,#6999,#7000),(#7001,#7002,#7003,#7004),(#7005,#7006,#7007,#7008)),
.UNSPECIFIED.,.F.,.F.,.F.,(4,4),(4,4),(-4.821175896422E-2,1.028603915827E0),(
-5.471395384255E-4,2.170855686126E-2),.UNSPECIFIED.);
#7011=ORIENTED_EDGE('',*,*,#7010,.T.);
#7012=ORIENTED_EDGE('',*,*,#6975,.T.);
#7014=ORIENTED_EDGE('',*,*,#7013,.F.);
#7016=ORIENTED_EDGE('',*,*,#7015,.T.);
#7017=EDGE_LOOP('',(#7011,#7012,#7014,#7016));
#7018=FACE_OUTER_BOUND('',#7017,.F.);
#7020=CARTESIAN_POINT('',(0.E0,0.E0,0.E0));
#7021=DIRECTION('',(1.E0,0.E0,0.E0));
#7022=DIRECTION('',(0.E0,1.E0,0.E0));
#7023=AXIS2_PLACEMENT_3D('',#7020,#7021,#7022);
#7024=CYLINDRICAL_SURFACE('',#7023,1.229367061317E0);
#7026=ORIENTED_EDGE('',*,*,#7025,.T.);
#7028=ORIENTED_EDGE('',*,*,#7027,.T.);
#7029=ORIENTED_EDGE('',*,*,#6977,.T.);
#7030=ORIENTED_EDGE('',*,*,#7010,.F.);
#7032=ORIENTED_EDGE('',*,*,#7031,.F.);
#7034=ORIENTED_EDGE('',*,*,#7033,.T.);
#7035=EDGE_LOOP('',(#7026,#7028,#7029,#7030,#7032,#7034));
#7036=FACE_OUTER_BOUND('',#7035,.F.);
#7038=CARTESIAN_POINT('',(0.E0,0.E0,0.E0));
#7039=DIRECTION('',(1.E0,0.E0,0.E0));
#7040=DIRECTION('',(0.E0,1.E0,0.E0));
#7041=AXIS2_PLACEMENT_3D('',#7038,#7039,#7040);
#7042=CYLINDRICAL_SURFACE('',#7041,1.229367061317E0);
#7044=ORIENTED_EDGE('',*,*,#7043,.F.);
#7046=ORIENTED_EDGE('',*,*,#7045,.F.);
#7048=ORIENTED_EDGE('',*,*,#7047,.T.);
#7050=ORIENTED_EDGE('',*,*,#7049,.F.);
#7051=EDGE_LOOP('',(#7044,#7046,#7048,#7050));
#7052=FACE_OUTER_BOUND('',#7051,.F.);
#7054=CARTESIAN_POINT('',(0.E0,0.E0,0.E0));
#7055=DIRECTION('',(1.E0,0.E0,0.E0));
#7056=DIRECTION('',(0.E0,1.E0,0.E0));
#7057=AXIS2_PLACEMENT_3D('',#7054,#7055,#7056);
#7058=CYLINDRICAL_SURFACE('',#7057,1.229367061317E0);
#7060=ORIENTED_EDGE('',*,*,#7059,.F.);
#7062=ORIENTED_EDGE('',*,*,#7061,.F.);
#7064=ORIENTED_EDGE('',*,*,#7063,.T.);
#7066=ORIENTED_EDGE('',*,*,#7065,.F.);
#7067=EDGE_LOOP('',(#7060,#7062,#7064,#7066));
#7068=FACE_OUTER_BOUND('',#7067,.F.);
#7070=CARTESIAN_POINT('',(0.E0,0.E0,0.E0));
#7071=DIRECTION('',(1.E0,0.E0,0.E0));
#7072=DIRECTION('',(0.E0,1.E0,0.E0));
#7073=AXIS2_PLACEMENT_3D('',#7070,#7071,#7072);
#7074=CYLINDRICAL_SURFACE('',#7073,1.229367061317E0);
#7076=ORIENTED_EDGE('',*,*,#7075,.F.);
#7078=ORIENTED_EDGE('',*,*,#7077,.F.);
#7080=ORIENTED_EDGE('',*,*,#7079,.T.);
#7082=ORIENTED_EDGE('',*,*,#7081,.F.);
#7083=EDGE_LOOP('',(#7076,#7078,#7080,#7082));
#7084=FACE_OUTER_BOUND('',#7083,.F.);
#7086=CARTESIAN_POINT('',(0.E0,0.E0,0.E0));
#7087=DIRECTION('',(1.E0,0.E0,0.E0));
#7088=DIRECTION('',(0.E0,1.E0,0.E0));
#7089=AXIS2_PLACEMENT_3D('',#7086,#7087,#7088);
#7090=CYLINDRICAL_SURFACE('',#7089,1.229367061317E0);
#7092=ORIENTED_EDGE('',*,*,#7091,.F.);
#7094=ORIENTED_EDGE('',*,*,#7093,.F.);
#7096=ORIENTED_EDGE('',*,*,#7095,.T.);
#7098=ORIENTED_EDGE('',*,*,#7097,.F.);
#7099=EDGE_LOOP('',(#7092,#7094,#7096,#7098));
#7100=FACE_OUTER_BOUND('',#7099,.F.);
#7102=CARTESIAN_POINT('',(0.E0,0.E0,0.E0));
#7103=DIRECTION('',(1.E0,0.E0,0.E0));
#7104=DIRECTION('',(0.E0,1.E0,0.E0));
#7105=AXIS2_PLACEMENT_3D('',#7102,#7103,#7104);
#7106=CYLINDRICAL_SURFACE('',#7105,1.229367061317E0);
#7108=ORIENTED_EDGE('',*,*,#7107,.F.);
#7110=ORIENTED_EDGE('',*,*,#7109,.F.);
#7112=ORIENTED_EDGE('',*,*,#7111,.T.);
#7114=ORIENTED_EDGE('',*,*,#7113,.F.);
#7115=EDGE_LOOP('',(#7108,#7110,#7112,#7114));
#7116=FACE_OUTER_BOUND('',#7115,.F.);
#7118=CARTESIAN_POINT('',(0.E0,0.E0,0.E0));
#7119=DIRECTION('',(1.E0,0.E0,0.E0));
#7120=DIRECTION('',(0.E0,1.E0,0.E0));
#7121=AXIS2_PLACEMENT_3D('',#7118,#7119,#7120);
#7122=CYLINDRICAL_SURFACE('',#7121,1.229367061317E0);
#7124=ORIENTED_EDGE('',*,*,#7123,.F.);
#7126=ORIENTED_EDGE('',*,*,#7125,.F.);
#7128=ORIENTED_EDGE('',*,*,#7127,.T.);
#7130=ORIENTED_EDGE('',*,*,#7129,.F.);
#7132=ORIENTED_EDGE('',*,*,#7131,.F.);
#7133=EDGE_LOOP('',(#7124,#7126,#7128,#7130,#7132));
#7134=FACE_OUTER_BOUND('',#7133,.F.);
#7136=CARTESIAN_POINT('',(0.E0,0.E0,0.E0));
#7137=DIRECTION('',(1.E0,0.E0,0.E0));
#7138=DIRECTION('',(0.E0,1.E0,0.E0));
#7139=AXIS2_PLACEMENT_3D('',#7136,#7137,#7138);
#7140=CYLINDRICAL_SURFACE('',#7139,1.229367061317E0);
#7142=ORIENTED_EDGE('',*,*,#7141,.F.);
#7144=ORIENTED_EDGE('',*,*,#7143,.F.);
#7146=ORIENTED_EDGE('',*,*,#7145,.F.);
#7148=ORIENTED_EDGE('',*,*,#7147,.T.);
#7150=ORIENTED_EDGE('',*,*,#7149,.F.);
#7151=EDGE_LOOP('',(#7142,#7144,#7146,#7148,#7150));
#7152=FACE_OUTER_BOUND('',#7151,.F.);
#7154=CARTESIAN_POINT('',(0.E0,0.E0,0.E0));
#7155=DIRECTION('',(1.E0,0.E0,0.E0));
#7156=DIRECTION('',(0.E0,1.E0,0.E0));
#7157=AXIS2_PLACEMENT_3D('',#7154,#7155,#7156);
#7158=CYLINDRICAL_SURFACE('',#7157,1.229367061317E0);
#7160=ORIENTED_EDGE('',*,*,#7159,.F.);
#7162=ORIENTED_EDGE('',*,*,#7161,.F.);
#7164=ORIENTED_EDGE('',*,*,#7163,.T.);
#7166=ORIENTED_EDGE('',*,*,#7165,.F.);
#7167=EDGE_LOOP('',(#7160,#7162,#7164,#7166));
#7168=FACE_OUTER_BOUND('',#7167,.F.);
#7170=CARTESIAN_POINT('',(1.962048393772E0,4.791957138282E-1,
-1.117662535225E0));
#7171=CARTESIAN_POINT('',(1.952351593177E0,3.430045214430E-1,
-1.176054253293E0));
#7172=CARTESIAN_POINT('',(1.932957991987E0,4.908521720648E-2,
-1.242474277156E0));
#7173=CARTESIAN_POINT('',(1.903867590201E0,-3.983178894503E-1,
-1.177923509436E0));
#7174=CARTESIAN_POINT('',(1.874777188415E0,-7.930720327954E-1,
-9.577021981130E-1));
#7175=CARTESIAN_POINT('',(1.845686786629E0,-1.083021929203E0,
-6.109187190538E-1));
#7176=CARTESIAN_POINT('',(1.816596384844E0,-1.229846396272E0,
-1.834001263501E-1));
#7177=CARTESIAN_POINT('',(1.787505983058E0,-1.214143036828E0,
2.683552797745E-1));
#7178=CARTESIAN_POINT('',(1.758415581272E0,-1.037986854215E0,
6.846467247287E-1));
#7179=CARTESIAN_POINT('',(1.729325179487E0,-7.246575003044E-1,
1.010459973644E0));
#7180=CARTESIAN_POINT('',(1.700234777701E0,-3.155624043772E-1,
1.202737801737E0));
#7181=CARTESIAN_POINT('',(1.671144375915E0,1.352352419343E-1,1.236070095098E0));
#7182=CARTESIAN_POINT('',(1.642053974129E0,5.681611314629E-1,1.106051888221E0));
#7183=CARTESIAN_POINT('',(1.612963572344E0,9.260027635849E-1,
8.298654906317E-1));
#7184=CARTESIAN_POINT('',(1.583873170558E0,1.161470255814E0,4.440097922103E-1));
#7185=CARTESIAN_POINT('',(1.554782768772E0,1.243445848037E0,
-5.231786481034E-4));
#7186=CARTESIAN_POINT('',(1.525692366987E0,1.161096211261E0,
-4.449870098234E-1));
#7187=CARTESIAN_POINT('',(1.496601965201E0,9.253041056331E-1,
-8.306444262228E-1));
#7188=CARTESIAN_POINT('',(1.467511563415E0,5.672301899104E-1,
-1.106529603025E0));
#7189=CARTESIAN_POINT('',(1.438421161629E0,1.341950436684E-1,
-1.236183457652E0));
#7190=CARTESIAN_POINT('',(1.409330759844E0,-3.165743941925E-1,
-1.202471830713E0));
#7191=CARTESIAN_POINT('',(1.380240358058E0,-7.255075430800E-1,
-1.009849818364E0));
#7192=CARTESIAN_POINT('',(1.351149956272E0,-1.038562617867E0,
-6.837730175178E-1));
#7193=CARTESIAN_POINT('',(1.322059554487E0,-1.214368418565E0,
-2.673334896856E-1));
#7194=CARTESIAN_POINT('',(1.292969152701E0,-1.229691662837E0,
1.844349887249E-1));
#7195=CARTESIAN_POINT('',(1.263878750915E0,-1.082507336381E0,
6.118298108111E-1));
#7196=CARTESIAN_POINT('',(1.234788349129E0,-7.922663048623E-1,
9.583694240200E-1));
#7197=CARTESIAN_POINT('',(1.205697947344E0,-3.973248216258E-1,
1.178257542661E0));
#7198=CARTESIAN_POINT('',(1.176607545558E0,5.012437025283E-2,1.242435269229E0));
#7199=CARTESIAN_POINT('',(1.147517143772E0,4.909494709953E-1,1.142421317923E0));
#7200=CARTESIAN_POINT('',(1.118426741987E0,8.668940750309E-1,
8.914328428956E-1));
#7201=CARTESIAN_POINT('',(1.089336340201E0,1.128275935845E0,5.226387502944E-1));
#7202=CARTESIAN_POINT('',(1.060245938415E0,1.240552629092E0,8.477632434997E-2));
#7203=CARTESIAN_POINT('',(1.031155536629E0,1.188886441204E0,
-3.642895560389E-1));
#7204=CARTESIAN_POINT('',(1.002065134844E0,9.801052193038E-1,
-7.652134406883E-1));
#7205=CARTESIAN_POINT('',(9.729747330579E-1,6.418000500119E-1,
-1.065011993604E0));
#7206=CARTESIAN_POINT('',(9.438843312722E-1,2.186790116920E-1,
-1.224065905318E0));
#7207=CARTESIAN_POINT('',(9.147939294865E-1,-2.333411368952E-1,
-1.221355707625E0));
#7208=CARTESIAN_POINT('',(8.857035277008E-1,-6.545245298520E-1,
-1.057239561565E0));
#7209=CARTESIAN_POINT('',(8.566131259151E-1,-9.892104742679E-1,
-7.534059253253E-1));
#7210=CARTESIAN_POINT('',(8.275227241294E-1,-1.193169183581E0,
-3.500073571629E-1));
#7211=CARTESIAN_POINT('',(7.984323223436E-1,-1.239446881183E0,
9.964576981943E-2));
#7212=CARTESIAN_POINT('',(7.693419205579E-1,-1.121927825668E0,
5.361303989775E-1));
#7213=CARTESIAN_POINT('',(7.402515187722E-1,-8.561425250531E-1,
9.017637315352E-1));
#7214=CARTESIAN_POINT('',(7.111611169865E-1,-4.772153319236E-1,
1.148226187514E0));
#7215=CARTESIAN_POINT('',(6.820707152008E-1,-3.522265120210E-2,
1.242946988234E0));
#7216=CARTESIAN_POINT('',(6.529803134151E-1,4.114248122218E-1,
1.173408485824E0));
#7217=CARTESIAN_POINT('',(6.238899116294E-1,8.037012094739E-1,
9.488004092573E-1));
#7218=CARTESIAN_POINT('',(5.947995098436E-1,1.089765996865E0,
5.988054131289E-1));
#7219=CARTESIAN_POINT('',(5.657091080579E-1,1.231814824677E0,
1.696764227102E-1));
#7220=CARTESIAN_POINT('',(5.366187062722E-1,1.211075499332E0,
-2.818758337172E-1));
#7221=CARTESIAN_POINT('',(5.075283044865E-1,1.030288787060E0,
-6.961773236566E-1));
#7222=CARTESIAN_POINT('',(4.784379027008E-1,7.133462131269E-1,
-1.018476819047E0));
#7223=CARTESIAN_POINT('',(4.493475009151E-1,3.021327225973E-1,
-1.206181441013E0));
#7224=CARTESIAN_POINT('',(4.202570991294E-1,-1.490085451600E-1,
-1.234485441069E0));
#7225=CARTESIAN_POINT('',(3.911666973436E-1,-5.804578711309E-1,
-1.099648357657E0));
#7226=CARTESIAN_POINT('',(3.620762955579E-1,-9.351978872885E-1,
-8.194893302512E-1));
#7227=CARTESIAN_POINT('',(3.329858937722E-1,-1.166348599975E0,
-4.310322429014E-1));
#7228=CARTESIAN_POINT('',(3.038954919865E-1,-1.243362722155E0,
1.438709006045E-2));
#7229=CARTESIAN_POINT('',(2.748050902008E-1,-1.156062608816E0,
4.579051370729E-1));
#7230=CARTESIAN_POINT('',(2.457146884151E-1,-9.159852024440E-1,
8.409095514209E-1));
#7231=CARTESIAN_POINT('',(2.166242866294E-1,-5.548576213094E-1,
1.112785334420E0));
#7232=CARTESIAN_POINT('',(1.875338848436E-1,-1.204034599914E-1,
1.237602422547E0));
#7233=CARTESIAN_POINT('',(1.584434830579E-1,3.299608136356E-1,
1.198868965569E0));
#7234=CARTESIAN_POINT('',(1.293530812722E-1,7.367256332369E-1,
1.001692083065E0));
#7235=CARTESIAN_POINT('',(1.099594800817E-1,9.429804675278E-1,
7.820124975212E-1));
#7236=CARTESIAN_POINT('',(1.002626794865E-1,1.023080494364E0,
6.573464663695E-1));
#7237=CARTESIAN_POINT('',(2.019254226496E0,5.182401742822E-1,
-1.208728730932E0));
#7238=CARTESIAN_POINT('',(2.009557425900E0,3.709522390176E-1,
-1.271878156678E0));
#7239=CARTESIAN_POINT('',(1.990163824710E0,5.308463908524E-2,
-1.343710027768E0));
#7240=CARTESIAN_POINT('',(1.961073422924E0,-4.307724933500E-1,
-1.273899718227E0));
#7241=CARTESIAN_POINT('',(1.931983021138E0,-8.576908695839E-1,
-1.035734961182E0));
#7242=CARTESIAN_POINT('',(1.902892619353E0,-1.171265637703E0,
-6.606958582859E-1));
#7243=CARTESIAN_POINT('',(1.873802217567E0,-1.330053237856E0,
-1.983434131406E-1));
#7244=CARTESIAN_POINT('',(1.844711815781E0,-1.313070382E0,2.902206404328E-1));
#7245=CARTESIAN_POINT('',(1.815621413996E0,-1.122561142991E0,
7.404311593494E-1));
#7246=CARTESIAN_POINT('',(1.786531012210E0,-7.837019789941E-1,
1.092791395531E0));
#7247=CARTESIAN_POINT('',(1.757440610424E0,-3.412741615213E-1,
1.300735858025E0));
#7248=CARTESIAN_POINT('',(1.728350208638E0,1.462540947815E-1,1.336784038386E0));
#7249=CARTESIAN_POINT('',(1.699259806853E0,6.144544187122E-1,1.196172058255E0));
#7250=CARTESIAN_POINT('',(1.670169405067E0,1.001452683606E0,8.974822271677E-1));
#7251=CARTESIAN_POINT('',(1.641079003281E0,1.256105867450E0,4.801873336049E-1));
#7252=CARTESIAN_POINT('',(1.611988601496E0,1.344760761421E0,
-5.658068007489E-4));
#7253=CARTESIAN_POINT('',(1.582898199710E0,1.255701346064E0,
-4.812441740806E-1));
#7254=CARTESIAN_POINT('',(1.553807797924E0,1.000697099597E0,
-8.983246297703E-1));
#7255=CARTESIAN_POINT('',(1.524717396138E0,6.134476248313E-1,
-1.196688696856E0));
#7256=CARTESIAN_POINT('',(1.495626994353E0,1.451291420429E-1,
-1.336906637624E0));
#7257=CARTESIAN_POINT('',(1.466536592567E0,-3.423686074087E-1,
-1.300448215907E0));
#7258=CARTESIAN_POINT('',(1.437446190781E0,-7.846212825343E-1,
-1.092131525316E0));
#7259=CARTESIAN_POINT('',(1.408355788996E0,-1.123183819377E0,
-7.394862632159E-1));
#7260=CARTESIAN_POINT('',(1.379265387210E0,-1.313314127650E0,
-2.891155957538E-1));
#7261=CARTESIAN_POINT('',(1.350174985424E0,-1.329885896873E0,
1.994625952242E-1));
#7262=CARTESIAN_POINT('',(1.321084583638E0,-1.170709116295E0,
6.616811850271E-1));
#7263=CARTESIAN_POINT('',(1.291994181853E0,-8.568194916219E-1,
1.036456552090E0));
#7264=CARTESIAN_POINT('',(1.262903780067E0,-4.296985112012E-1,
1.274260968195E0));
#7265=CARTESIAN_POINT('',(1.233813378281E0,5.420846144071E-2,1.343667841508E0));
#7266=CARTESIAN_POINT('',(1.204722976496E0,5.309516176173E-1,1.235504838252E0));
#7267=CARTESIAN_POINT('',(1.175632574710E0,9.375278692272E-1,
9.640660350912E-1));
#7268=CARTESIAN_POINT('',(1.146542172924E0,1.220206902436E0,5.652229125244E-1));
#7269=CARTESIAN_POINT('',(1.117451771138E0,1.341631805449E0,9.168382737638E-2));
#7270=CARTESIAN_POINT('',(1.088361369353E0,1.285755900379E0,
-3.939715601848E-1));
#7271=CARTESIAN_POINT('',(1.059270967567E0,1.059963361544E0,
-8.275623830131E-1));
#7272=CARTESIAN_POINT('',(1.030180565781E0,6.940933739063E-1,
-1.151788267823E0));
#7273=CARTESIAN_POINT('',(1.001090163996E0,2.364967921473E-1,
-1.323801757401E0));
#7274=CARTESIAN_POINT('',(9.719997622098E-1,-2.523535748801E-1,
-1.320870735098E0));
#7275=CARTESIAN_POINT('',(9.429093604241E-1,-7.078546335748E-1,
-1.143382544611E0));
#7276=CARTESIAN_POINT('',(9.138189586384E-1,-1.069810504962E0,
-8.147928013099E-1));
#7277=CARTESIAN_POINT('',(8.847285568526E-1,-1.290387596975E0,
-3.785256598543E-1));
#7278=CARTESIAN_POINT('',(8.556381550669E-1,-1.340435962138E0,
1.077648226549E-1));
#7279=CARTESIAN_POINT('',(8.265477532812E-1,-1.213341553624E0,
5.798138493027E-1));
#7280=CARTESIAN_POINT('',(7.974573514955E-1,-9.259002920735E-1,
9.752386757776E-1));
#7281=CARTESIAN_POINT('',(7.683669497098E-1,-5.160984325391E-1,
1.241782683695E0));
#7282=CARTESIAN_POINT('',(7.392765479241E-1,-3.809256295685E-2,
1.344221254943E0));
#7283=CARTESIAN_POINT('',(7.101861461384E-1,4.449473570756E-1,
1.269016814320E0));
#7284=CARTESIAN_POINT('',(6.810957443526E-1,8.691861025657E-1,
1.026107862118E0));
#7285=CARTESIAN_POINT('',(6.520053425669E-1,1.178559206280E0,
6.475955704651E-1));
#7286=CARTESIAN_POINT('',(6.229149407812E-1,1.332182052139E0,
1.835015137644E-1));
#7287=CARTESIAN_POINT('',(5.938245389955E-1,1.309752904150E0,
-3.048428376467E-1));
#7288=CARTESIAN_POINT('',(5.647341372098E-1,1.114235843851E0,
-7.529012617013E-1));
#7289=CARTESIAN_POINT('',(5.356437354241E-1,7.714690577282E-1,
-1.101461446699E0));
#7290=CARTESIAN_POINT('',(5.065533336384E-1,3.267502406571E-1,
-1.304460082109E0));
#7291=CARTESIAN_POINT('',(4.774629318526E-1,-1.611496350757E-1,
-1.335070268090E0));
#7292=CARTESIAN_POINT('',(4.483725300669E-1,-6.277530863020E-1,
-1.189246773450E0));
#7293=CARTESIAN_POINT('',(4.192821282812E-1,-1.011397018193E0,
-8.862606260372E-1));
#7294=CARTESIAN_POINT('',(3.901917264955E-1,-1.261381694957E0,
-4.661523845819E-1));
#7295=CARTESIAN_POINT('',(3.611013247098E-1,-1.344670862513E0,
1.555933795980E-2));
#7296=CARTESIAN_POINT('',(3.320109229241E-1,-1.250257609960E0,
4.952148593850E-1));
#7297=CARTESIAN_POINT('',(3.029205211384E-1,-9.906189000777E-1,
9.094261486657E-1));
#7298=CARTESIAN_POINT('',(2.738301193526E-1,-6.000669498314E-1,
1.203454139941E0));
#7299=CARTESIAN_POINT('',(2.447397175669E-1,-1.302138318217E-1,
1.338441218577E0));
#7300=CARTESIAN_POINT('',(2.156493157812E-1,3.568457409577E-1,
1.296551792366E0));
#7301=CARTESIAN_POINT('',(1.865589139955E-1,7.967534131653E-1,
1.083309104661E0));
#7302=CARTESIAN_POINT('',(1.671653128050E-1,1.019813716471E0,
8.457302127529E-1));
#7303=CARTESIAN_POINT('',(1.574685122098E-1,1.106440225577E0,
7.109064990869E-1));
#7304=CARTESIAN_POINT('',(2.076460059219E0,5.572846347361E-1,
-1.299794926639E0));
#7305=CARTESIAN_POINT('',(2.066763258624E0,3.988999565921E-1,
-1.367702060063E0));
#7306=CARTESIAN_POINT('',(2.047369657433E0,5.708406096400E-2,
-1.444945778380E0));
#7307=CARTESIAN_POINT('',(2.018279255647E0,-4.632270972498E-1,
-1.369875927018E0));
#7308=CARTESIAN_POINT('',(1.989188853862E0,-9.223097063724E-1,
-1.113767724251E0));
#7309=CARTESIAN_POINT('',(1.960098452076E0,-1.259509346203E0,
-7.104729975181E-1));
#7310=CARTESIAN_POINT('',(1.931008050290E0,-1.430260079441E0,
-2.132866999311E-1));
#7311=CARTESIAN_POINT('',(1.901917648504E0,-1.411997727172E0,
3.120860010911E-1));
#7312=CARTESIAN_POINT('',(1.872827246719E0,-1.207135431766E0,
7.962155939702E-1));
#7313=CARTESIAN_POINT('',(1.843736844933E0,-8.427464576837E-1,
1.175122817417E0));
#7314=CARTESIAN_POINT('',(1.814646443147E0,-3.669859186654E-1,
1.398733914312E0));
#7315=CARTESIAN_POINT('',(1.785556041362E0,1.572729476287E-1,1.437497981674E0));
#7316=CARTESIAN_POINT('',(1.756465639576E0,6.607477059615E-1,1.286292228288E0));
#7317=CARTESIAN_POINT('',(1.727375237790E0,1.076902603628E0,9.650989637036E-1));
#7318=CARTESIAN_POINT('',(1.698284836004E0,1.350741479086E0,5.163648749995E-1));
#7319=CARTESIAN_POINT('',(1.669194434219E0,1.446075674804E0,
-6.084349533952E-4));
#7320=CARTESIAN_POINT('',(1.640104032433E0,1.350306480868E0,
-5.175013383377E-1));
#7321=CARTESIAN_POINT('',(1.611013630647E0,1.076090093561E0,
-9.660048333177E-1));
#7322=CARTESIAN_POINT('',(1.581923228862E0,6.596650597522E-1,
-1.286847790687E0));
#7323=CARTESIAN_POINT('',(1.552832827076E0,1.560632404174E-1,
-1.437629817597E0));
#7324=CARTESIAN_POINT('',(1.523742425290E0,-3.681628206250E-1,
-1.398424601101E0));
#7325=CARTESIAN_POINT('',(1.494652023504E0,-8.437350219886E-1,
-1.174413232267E0));
#7326=CARTESIAN_POINT('',(1.465561621719E0,-1.207805020886E0,
-7.951995089139E-1));
#7327=CARTESIAN_POINT('',(1.436471219933E0,-1.412259836735E0,
-3.108977018221E-1));
#7328=CARTESIAN_POINT('',(1.407380818147E0,-1.430080130908E0,
2.144902017236E-1));
#7329=CARTESIAN_POINT('',(1.378290416362E0,-1.258910896208E0,
7.115325592431E-1));
#7330=CARTESIAN_POINT('',(1.349200014576E0,-9.213726783816E-1,
1.114543680161E0));
#7331=CARTESIAN_POINT('',(1.320109612790E0,-4.620722007766E-1,
1.370264393730E0));
#7332=CARTESIAN_POINT('',(1.291019211004E0,5.829255262859E-2,1.444900413787E0));
#7333=CARTESIAN_POINT('',(1.261928809219E0,5.709537642392E-1,1.328588358580E0));
#7334=CARTESIAN_POINT('',(1.232838407433E0,1.008161663424E0,1.036699227287E0));
#7335=CARTESIAN_POINT('',(1.203748005647E0,1.312137869026E0,6.078070747544E-1));
#7336=CARTESIAN_POINT('',(1.174657603862E0,1.442710981806E0,9.859133040279E-2));
#7337=CARTESIAN_POINT('',(1.145567202076E0,1.382625359555E0,
-4.236535643307E-1));
#7338=CARTESIAN_POINT('',(1.116476800290E0,1.139821503784E0,
-8.899113253380E-1));
#7339=CARTESIAN_POINT('',(1.087386398505E0,7.463866978007E-1,
-1.238564542041E0));
#7340=CARTESIAN_POINT('',(1.058295996719E0,2.543145726026E-1,
-1.423537609484E0));
#7341=CARTESIAN_POINT('',(1.029205594933E0,-2.713660128650E-1,
-1.420385762572E0));
#7342=CARTESIAN_POINT('',(1.000115193147E0,-7.611847372975E-1,
-1.229525527657E0));
#7343=CARTESIAN_POINT('',(9.710247913616E-1,-1.150410535657E0,
-8.761796772946E-1));
#7344=CARTESIAN_POINT('',(9.419343895759E-1,-1.387606010368E0,
-4.070439625456E-1));
#7345=CARTESIAN_POINT('',(9.128439877902E-1,-1.441425043093E0,
1.158838754904E-1));
#7346=CARTESIAN_POINT('',(8.837535860045E-1,-1.304755281580E0,
6.234972996278E-1));
#7347=CARTESIAN_POINT('',(8.546631842188E-1,-9.956580590939E-1,
1.048713620020E0));
#7348=CARTESIAN_POINT('',(8.255727824331E-1,-5.549815331547E-1,
1.335339179876E0));
#7349=CARTESIAN_POINT('',(7.964823806474E-1,-4.096247471160E-2,
1.445495521653E0));
#7350=CARTESIAN_POINT('',(7.673919788616E-1,4.784699019295E-1,
1.364625142815E0));
#7351=CARTESIAN_POINT('',(7.383015770759E-1,9.346709956576E-1,
1.103415314979E0));
#7352=CARTESIAN_POINT('',(7.092111752902E-1,1.267352415695E0,
6.963857278013E-1));
#7353=CARTESIAN_POINT('',(6.801207735045E-1,1.432549279601E0,
1.973266048186E-1));
#7354=CARTESIAN_POINT('',(6.510303717188E-1,1.408430308968E0,
-3.278098415762E-1));
#7355=CARTESIAN_POINT('',(6.219399699331E-1,1.198182900642E0,
-8.096251997459E-1));
#7356=CARTESIAN_POINT('',(5.928495681474E-1,8.295919023294E-1,
-1.184446074352E0));
#7357=CARTESIAN_POINT('',(5.637591663616E-1,3.513677587168E-1,
-1.402738723204E0));
#7358=CARTESIAN_POINT('',(5.346687645759E-1,-1.732907249914E-1,
-1.435655095112E0));
#7359=CARTESIAN_POINT('',(5.055783627902E-1,-6.750483014731E-1,
-1.278845189243E0));
#7360=CARTESIAN_POINT('',(4.764879610045E-1,-1.087596149097E0,
-9.530319218233E-1));
#7361=CARTESIAN_POINT('',(4.473975592188E-1,-1.356414789940E0,
-5.012725262625E-1));
#7362=CARTESIAN_POINT('',(4.183071574331E-1,-1.445979002870E0,
1.673158585915E-2));
#7363=CARTESIAN_POINT('',(3.892167556474E-1,-1.344452611104E0,
5.325245816972E-1));
#7364=CARTESIAN_POINT('',(3.601263538616E-1,-1.065252597711E0,
9.779427459106E-1));
#7365=CARTESIAN_POINT('',(3.310359520759E-1,-6.452762783534E-1,
1.294122945461E0));
#7366=CARTESIAN_POINT('',(3.019455502902E-1,-1.400242036520E-1,
1.439280014606E0));
#7367=CARTESIAN_POINT('',(2.728551485045E-1,3.837306682799E-1,
1.394234619162E0));
#7368=CARTESIAN_POINT('',(2.437647467188E-1,8.567811930938E-1,
1.164926126257E0));
#7369=CARTESIAN_POINT('',(2.243711455283E-1,1.096646965415E0,
9.094479279847E-1));
#7370=CARTESIAN_POINT('',(2.146743449331E-1,1.189799956791E0,
7.644665318044E-1));
#7371=CARTESIAN_POINT('',(2.133665891942E0,5.963290951901E-1,
-1.390861122346E0));
#7372=CARTESIAN_POINT('',(2.123969091347E0,4.268476741667E-1,
-1.463525963448E0));
#7373=CARTESIAN_POINT('',(2.104575490156E0,6.108348284277E-2,
-1.546181528992E0));
#7374=CARTESIAN_POINT('',(2.075485088371E0,-4.956817011495E-1,
-1.465852135808E0));
#7375=CARTESIAN_POINT('',(2.046394686585E0,-9.869285431609E-1,
-1.191800487320E0));
#7376=CARTESIAN_POINT('',(2.017304284799E0,-1.347753054703E0,
-7.602501367503E-1));
#7377=CARTESIAN_POINT('',(1.988213883013E0,-1.530466921026E0,
-2.282299867217E-1));
#7378=CARTESIAN_POINT('',(1.959123481228E0,-1.510925072345E0,
3.339513617494E-1));
#7379=CARTESIAN_POINT('',(1.930033079442E0,-1.291709720541E0,
8.520000285910E-1));
#7380=CARTESIAN_POINT('',(1.900942677656E0,-9.017909363733E-1,
1.257454239303E0));
#7381=CARTESIAN_POINT('',(1.871852275871E0,-3.926976758096E-1,
1.496731970600E0));
#7382=CARTESIAN_POINT('',(1.842761874085E0,1.682918004759E-1,1.538211924962E0));
#7383=CARTESIAN_POINT('',(1.813671472299E0,7.070409932108E-1,1.376412398322E0));
#7384=CARTESIAN_POINT('',(1.784581070513E0,1.152352523650E0,1.032715700240E0));
#7385=CARTESIAN_POINT('',(1.755490668728E0,1.445377090722E0,5.525424163941E-1));
#7386=CARTESIAN_POINT('',(1.726400266942E0,1.547390588188E0,
-6.510631060407E-4));
#7387=CARTESIAN_POINT('',(1.697309865156E0,1.444911615671E0,
-5.537585025948E-1));
#7388=CARTESIAN_POINT('',(1.668219463371E0,1.151483087525E0,-1.033685036865E0));
#7389=CARTESIAN_POINT('',(1.639129061585E0,7.058824946732E-1,
-1.377006884518E0));
#7390=CARTESIAN_POINT('',(1.610038659799E0,1.669973387918E-1,
-1.538352997570E0));
#7391=CARTESIAN_POINT('',(1.580948258013E0,-3.939570338412E-1,
-1.496400986295E0));
#7392=CARTESIAN_POINT('',(1.551857856228E0,-9.028487614428E-1,
-1.256694939218E0));
#7393=CARTESIAN_POINT('',(1.522767454442E0,-1.292426222395E0,
-8.509127546120E-1));
#7394=CARTESIAN_POINT('',(1.493677052656E0,-1.511205545820E0,
-3.326798078903E-1));
#7395=CARTESIAN_POINT('',(1.464586650871E0,-1.530274364944E0,
2.295178082230E-1));
#7396=CARTESIAN_POINT('',(1.435496249085E0,-1.347112676121E0,
7.613839334592E-1));
#7397=CARTESIAN_POINT('',(1.406405847299E0,-9.859258651413E-1,
1.192630808231E0));
#7398=CARTESIAN_POINT('',(1.377315445513E0,-4.944458903521E-1,
1.466267819264E0));
#7399=CARTESIAN_POINT('',(1.348225043728E0,6.237664381647E-2,1.546132986066E0));
#7400=CARTESIAN_POINT('',(1.319134641942E0,6.109559108612E-1,1.421671878909E0));
#7401=CARTESIAN_POINT('',(1.290044240156E0,1.078795457620E0,1.109332419482E0));
#7402=CARTESIAN_POINT('',(1.260953838371E0,1.404068835617E0,6.503912369843E-1));
#7403=CARTESIAN_POINT('',(1.231863436585E0,1.543790158163E0,1.054988334292E-1));
#7404=CARTESIAN_POINT('',(1.202773034799E0,1.479494818730E0,
-4.533355684766E-1));
#7405=CARTESIAN_POINT('',(1.173682633013E0,1.219679646025E0,
-9.522602676628E-1));
#7406=CARTESIAN_POINT('',(1.144592231228E0,7.986800216952E-1,
-1.325340816259E0));
#7407=CARTESIAN_POINT('',(1.115501829442E0,2.721323530579E-1,
-1.523273461567E0));
#7408=CARTESIAN_POINT('',(1.086411427656E0,-2.903784508499E-1,
-1.519900790045E0));
#7409=CARTESIAN_POINT('',(1.057321025871E0,-8.145148410203E-1,
-1.315668510702E0));
#7410=CARTESIAN_POINT('',(1.028230624085E0,-1.231010566351E0,
-9.375665532792E-1));
#7411=CARTESIAN_POINT('',(9.991402222992E-1,-1.484824423761E0,
-4.355622652369E-1));
#7412=CARTESIAN_POINT('',(9.700498205135E-1,-1.542414124048E0,
1.240029283259E-1));
#7413=CARTESIAN_POINT('',(9.409594187278E-1,-1.396169009536E0,
6.671807499530E-1));
#7414=CARTESIAN_POINT('',(9.118690169421E-1,-1.065415826114E0,
1.122188564262E0));
#7415=CARTESIAN_POINT('',(8.827786151564E-1,-5.938646337702E-1,
1.428895676057E0));
#7416=CARTESIAN_POINT('',(8.536882133706E-1,-4.383238646636E-2,
1.546769788363E0));
#7417=CARTESIAN_POINT('',(8.245978115849E-1,5.119924467833E-1,
1.460233471310E0));
#7418=CARTESIAN_POINT('',(7.955074097992E-1,1.000155888749E0,1.180722767840E0));
#7419=CARTESIAN_POINT('',(7.664170080135E-1,1.356145625110E0,
7.451758851376E-1));
#7420=CARTESIAN_POINT('',(7.373266062278E-1,1.532916507063E0,
2.111516958729E-1));
#7421=CARTESIAN_POINT('',(7.082362044421E-1,1.507107713786E0,
-3.507768455057E-1));
#7422=CARTESIAN_POINT('',(6.791458026564E-1,1.282129957432E0,
-8.663491377906E-1));
#7423=CARTESIAN_POINT('',(6.500554008706E-1,8.877147469307E-1,
-1.267430702004E0));
#7424=CARTESIAN_POINT('',(6.209649990849E-1,3.759852767765E-1,
-1.501017364300E0));
#7425=CARTESIAN_POINT('',(5.918745972992E-1,-1.854318149071E-1,
-1.536239922133E0));
#7426=CARTESIAN_POINT('',(5.627841955135E-1,-7.223435166441E-1,
-1.368443605036E0));
#7427=CARTESIAN_POINT('',(5.336937937278E-1,-1.163795280002E0,
-1.019803217609E0));
#7428=CARTESIAN_POINT('',(5.046033919421E-1,-1.451447884922E0,
-5.363926679430E-1));
#7429=CARTESIAN_POINT('',(4.755129901564E-1,-1.547287143227E0,
1.790383375850E-2));
#7430=CARTESIAN_POINT('',(4.464225883706E-1,-1.438647612248E0,
5.698343040094E-1));
#7431=CARTESIAN_POINT('',(4.173321865849E-1,-1.139886295345E0,
1.046459343155E0));
#7432=CARTESIAN_POINT('',(3.882417847992E-1,-6.904856068754E-1,
1.384791750982E0));
#7433=CARTESIAN_POINT('',(3.591513830135E-1,-1.498345754824E-1,
1.540118810635E0));
#7434=CARTESIAN_POINT('',(3.300609812278E-1,4.106155956020E-1,
1.491917445959E0));
#7435=CARTESIAN_POINT('',(3.009705794421E-1,9.168089730222E-1,
1.246543147853E0));
#7436=CARTESIAN_POINT('',(2.815769782516E-1,1.173480214358E0,
9.731656432164E-1));
#7437=CARTESIAN_POINT('',(2.718801776564E-1,1.273159688004E0,
8.180265645219E-1));
#7438=B_SPLINE_SURFACE_WITH_KNOTS('',3,3,((#7170,#7171,#7172,#7173,#7174,#7175,
#7176,#7177,#7178,#7179,#7180,#7181,#7182,#7183,#7184,#7185,#7186,#7187,#7188,
#7189,#7190,#7191,#7192,#7193,#7194,#7195,#7196,#7197,#7198,#7199,#7200,#7201,
#7202,#7203,#7204,#7205,#7206,#7207,#7208,#7209,#7210,#7211,#7212,#7213,#7214,
#7215,#7216,#7217,#7218,#7219,#7220,#7221,#7222,#7223,#7224,#7225,#7226,#7227,
#7228,#7229,#7230,#7231,#7232,#7233,#7234,#7235,#7236),(#7237,#7238,#7239,#7240,
#7241,#7242,#7243,#7244,#7245,#7246,#7247,#7248,#7249,#7250,#7251,#7252,#7253,
#7254,#7255,#7256,#7257,#7258,#7259,#7260,#7261,#7262,#7263,#7264,#7265,#7266,
#7267,#7268,#7269,#7270,#7271,#7272,#7273,#7274,#7275,#7276,#7277,#7278,#7279,
#7280,#7281,#7282,#7283,#7284,#7285,#7286,#7287,#7288,#7289,#7290,#7291,#7292,
#7293,#7294,#7295,#7296,#7297,#7298,#7299,#7300,#7301,#7302,#7303),(#7304,#7305,
#7306,#7307,#7308,#7309,#7310,#7311,#7312,#7313,#7314,#7315,#7316,#7317,#7318,
#7319,#7320,#7321,#7322,#7323,#7324,#7325,#7326,#7327,#7328,#7329,#7330,#7331,
#7332,#7333,#7334,#7335,#7336,#7337,#7338,#7339,#7340,#7341,#7342,#7343,#7344,
#7345,#7346,#7347,#7348,#7349,#7350,#7351,#7352,#7353,#7354,#7355,#7356,#7357,
#7358,#7359,#7360,#7361,#7362,#7363,#7364,#7365,#7366,#7367,#7368,#7369,#7370),(
#7371,#7372,#7373,#7374,#7375,#7376,#7377,#7378,#7379,#7380,#7381,#7382,#7383,
#7384,#7385,#7386,#7387,#7388,#7389,#7390,#7391,#7392,#7393,#7394,#7395,#7396,
#7397,#7398,#7399,#7400,#7401,#7402,#7403,#7404,#7405,#7406,#7407,#7408,#7409,
#7410,#7411,#7412,#7413,#7414,#7415,#7416,#7417,#7418,#7419,#7420,#7421,#7422,
#7423,#7424,#7425,#7426,#7427,#7428,#7429,#7430,#7431,#7432,#7433,#7434,#7435,
#7436,#7437)),.UNSPECIFIED.,.F.,.F.,.F.,(4,4),(4,1,1,1,1,1,1,1,1,1,1,1,1,1,1,1,
1,1,1,1,1,1,1,1,1,1,1,1,1,1,1,1,1,1,1,1,1,1,1,1,1,1,1,1,1,1,1,1,1,1,1,1,1,1,1,1,
1,1,1,1,1,1,1,1,4),(-2.860391582697E-2,1.048211758964E0),(-1.973425196850E-2,
-3.700172244094E-3,1.233390748031E-2,2.836798720472E-2,4.440206692913E-2,
6.043614665354E-2,7.647022637795E-2,9.250430610236E-2,1.085383858268E-1,
1.245724655512E-1,1.406065452756E-1,1.56640625E-1,1.726747047244E-1,
1.887087844488E-1,2.047428641732E-1,2.207769438976E-1,2.368110236220E-1,
2.528451033465E-1,2.688791830709E-1,2.849132627953E-1,3.009473425197E-1,
3.169814222441E-1,3.330155019685E-1,3.490495816929E-1,3.650836614173E-1,
3.811177411417E-1,3.971518208661E-1,4.131859005906E-1,4.292199803150E-1,
4.452540600394E-1,4.612881397638E-1,4.773222194882E-1,4.933562992126E-1,
5.093903789370E-1,5.254244586614E-1,5.414585383858E-1,5.574926181102E-1,
5.735266978346E-1,5.895607775591E-1,6.055948572835E-1,6.216289370079E-1,
6.376630167323E-1,6.536970964567E-1,6.697311761811E-1,6.857652559055E-1,
7.017993356299E-1,7.178334153543E-1,7.338674950787E-1,7.499015748031E-1,
7.659356545276E-1,7.819697342520E-1,7.980038139764E-1,8.140378937008E-1,
8.300719734252E-1,8.461060531496E-1,8.621401328740E-1,8.781742125984E-1,
8.942082923228E-1,9.102423720472E-1,9.262764517717E-1,9.423105314961E-1,
9.583446112205E-1,9.743786909449E-1,9.904127706693E-1,1.006446850394E0),
.UNSPECIFIED.);
#7439=ORIENTED_EDGE('',*,*,#7065,.T.);
#7441=ORIENTED_EDGE('',*,*,#7440,.T.);
#7443=ORIENTED_EDGE('',*,*,#7442,.T.);
#7445=ORIENTED_EDGE('',*,*,#7444,.T.);
#7446=ORIENTED_EDGE('',*,*,#6984,.T.);
#7448=ORIENTED_EDGE('',*,*,#7447,.T.);
#7449=ORIENTED_EDGE('',*,*,#7025,.F.);
#7451=ORIENTED_EDGE('',*,*,#7450,.T.);
#7452=ORIENTED_EDGE('',*,*,#7049,.T.);
#7454=ORIENTED_EDGE('',*,*,#7453,.T.);
#7455=EDGE_LOOP('',(#7439,#7441,#7443,#7445,#7446,#7448,#7449,#7451,#7452,
#7454));
#7456=FACE_OUTER_BOUND('',#7455,.F.);
#7458=CARTESIAN_POINT('',(0.E0,0.E0,0.E0));
#7459=DIRECTION('',(1.E0,0.E0,0.E0));
#7460=DIRECTION('',(0.E0,1.E0,0.E0));
#7461=AXIS2_PLACEMENT_3D('',#7458,#7459,#7460);
#7462=CYLINDRICAL_SURFACE('',#7461,1.229367061317E0);
#7463=ORIENTED_EDGE('',*,*,#7043,.T.);
#7464=ORIENTED_EDGE('',*,*,#7450,.F.);
#7465=ORIENTED_EDGE('',*,*,#7033,.F.);
#7467=ORIENTED_EDGE('',*,*,#7466,.F.);
#7468=EDGE_LOOP('',(#7463,#7464,#7465,#7467));
#7469=FACE_OUTER_BOUND('',#7468,.F.);
#7471=CARTESIAN_POINT('',(0.E0,0.E0,0.E0));
#7472=DIRECTION('',(1.E0,0.E0,0.E0));
#7473=DIRECTION('',(0.E0,1.E0,0.E0));
#7474=AXIS2_PLACEMENT_3D('',#7471,#7472,#7473);
#7475=CYLINDRICAL_SURFACE('',#7474,1.229367061317E0);
#7476=ORIENTED_EDGE('',*,*,#7059,.T.);
#7477=ORIENTED_EDGE('',*,*,#7453,.F.);
#7478=ORIENTED_EDGE('',*,*,#7047,.F.);
#7480=ORIENTED_EDGE('',*,*,#7479,.F.);
#7481=EDGE_LOOP('',(#7476,#7477,#7478,#7480));
#7482=FACE_OUTER_BOUND('',#7481,.F.);
#7484=CARTESIAN_POINT('',(0.E0,0.E0,0.E0));
#7485=DIRECTION('',(1.E0,0.E0,0.E0));
#7486=DIRECTION('',(0.E0,1.E0,0.E0));
#7487=AXIS2_PLACEMENT_3D('',#7484,#7485,#7486);
#7488=CYLINDRICAL_SURFACE('',#7487,1.229367061317E0);
#7489=ORIENTED_EDGE('',*,*,#7075,.T.);
#7491=ORIENTED_EDGE('',*,*,#7490,.F.);
#7492=ORIENTED_EDGE('',*,*,#7440,.F.);
#7493=ORIENTED_EDGE('',*,*,#7063,.F.);
#7495=ORIENTED_EDGE('',*,*,#7494,.F.);
#7496=EDGE_LOOP('',(#7489,#7491,#7492,#7493,#7495));
#7497=FACE_OUTER_BOUND('',#7496,.F.);
#7499=CARTESIAN_POINT('',(0.E0,0.E0,0.E0));
#7500=DIRECTION('',(1.E0,0.E0,0.E0));
#7501=DIRECTION('',(0.E0,1.E0,0.E0));
#7502=AXIS2_PLACEMENT_3D('',#7499,#7500,#7501);
#7503=CYLINDRICAL_SURFACE('',#7502,1.229367061317E0);
#7504=ORIENTED_EDGE('',*,*,#7091,.T.);
#7506=ORIENTED_EDGE('',*,*,#7505,.F.);
#7507=ORIENTED_EDGE('',*,*,#7079,.F.);
#7509=ORIENTED_EDGE('',*,*,#7508,.F.);
#7511=ORIENTED_EDGE('',*,*,#7510,.F.);
#7512=EDGE_LOOP('',(#7504,#7506,#7507,#7509,#7511));
#7513=FACE_OUTER_BOUND('',#7512,.F.);
#7515=CARTESIAN_POINT('',(0.E0,0.E0,0.E0));
#7516=DIRECTION('',(1.E0,0.E0,0.E0));
#7517=DIRECTION('',(0.E0,1.E0,0.E0));
#7518=AXIS2_PLACEMENT_3D('',#7515,#7516,#7517);
#7519=CYLINDRICAL_SURFACE('',#7518,1.229367061317E0);
#7520=ORIENTED_EDGE('',*,*,#7107,.T.);
#7522=ORIENTED_EDGE('',*,*,#7521,.F.);
#7523=ORIENTED_EDGE('',*,*,#7095,.F.);
#7525=ORIENTED_EDGE('',*,*,#7524,.F.);
#7526=EDGE_LOOP('',(#7520,#7522,#7523,#7525));
#7527=FACE_OUTER_BOUND('',#7526,.F.);
#7529=CARTESIAN_POINT('',(0.E0,0.E0,0.E0));
#7530=DIRECTION('',(1.E0,0.E0,0.E0));
#7531=DIRECTION('',(0.E0,1.E0,0.E0));
#7532=AXIS2_PLACEMENT_3D('',#7529,#7530,#7531);
#7533=CYLINDRICAL_SURFACE('',#7532,1.229367061317E0);
#7534=ORIENTED_EDGE('',*,*,#7123,.T.);
#7536=ORIENTED_EDGE('',*,*,#7535,.F.);
#7537=ORIENTED_EDGE('',*,*,#7111,.F.);
#7539=ORIENTED_EDGE('',*,*,#7538,.F.);
#7540=EDGE_LOOP('',(#7534,#7536,#7537,#7539));
#7541=FACE_OUTER_BOUND('',#7540,.F.);
#7543=CARTESIAN_POINT('',(0.E0,0.E0,0.E0));
#7544=DIRECTION('',(1.E0,0.E0,0.E0));
#7545=DIRECTION('',(0.E0,1.E0,0.E0));
#7546=AXIS2_PLACEMENT_3D('',#7543,#7544,#7545);
#7547=CYLINDRICAL_SURFACE('',#7546,1.229367061317E0);
#7548=ORIENTED_EDGE('',*,*,#7141,.T.);
#7550=ORIENTED_EDGE('',*,*,#7549,.F.);
#7551=ORIENTED_EDGE('',*,*,#7127,.F.);
#7553=ORIENTED_EDGE('',*,*,#7552,.F.);
#7554=EDGE_LOOP('',(#7548,#7550,#7551,#7553));
#7555=FACE_OUTER_BOUND('',#7554,.F.);
#7557=CARTESIAN_POINT('',(0.E0,0.E0,0.E0));
#7558=DIRECTION('',(1.E0,0.E0,0.E0));
#7559=DIRECTION('',(0.E0,1.E0,0.E0));
#7560=AXIS2_PLACEMENT_3D('',#7557,#7558,#7559);
#7561=CYLINDRICAL_SURFACE('',#7560,1.229367061317E0);
#7562=ORIENTED_EDGE('',*,*,#7159,.T.);
#7564=ORIENTED_EDGE('',*,*,#7563,.F.);
#7565=ORIENTED_EDGE('',*,*,#7147,.F.);
#7567=ORIENTED_EDGE('',*,*,#7566,.F.);
#7568=EDGE_LOOP('',(#7562,#7564,#7565,#7567));
#7569=FACE_OUTER_BOUND('',#7568,.F.);
#7571=CARTESIAN_POINT('',(0.E0,0.E0,0.E0));
#7572=DIRECTION('',(1.E0,0.E0,0.E0));
#7573=DIRECTION('',(0.E0,1.E0,0.E0));
#7574=AXIS2_PLACEMENT_3D('',#7571,#7572,#7573);
#7575=CYLINDRICAL_SURFACE('',#7574,1.229367061317E0);
#7577=ORIENTED_EDGE('',*,*,#7576,.T.);
#7579=ORIENTED_EDGE('',*,*,#7578,.F.);
#7581=ORIENTED_EDGE('',*,*,#7580,.F.);
#7583=ORIENTED_EDGE('',*,*,#7582,.F.);
#7584=ORIENTED_EDGE('',*,*,#7163,.F.);
#7585=EDGE_LOOP('',(#7577,#7579,#7581,#7583,#7584));
#7586=FACE_OUTER_BOUND('',#7585,.F.);
#7588=CARTESIAN_POINT('',(2.181280536629E0,6.047450280404E-1,
-1.387222585775E0));
#7589=CARTESIAN_POINT('',(2.171453155677E0,4.334306528622E-1,
-1.461905277423E0));
#7590=CARTESIAN_POINT('',(2.151798393772E0,6.287842507144E-2,
-1.547044736652E0));
#7591=CARTESIAN_POINT('',(2.122316250915E0,-5.015318237197E-1,
-1.464848953742E0));
#7592=CARTESIAN_POINT('',(2.092834108058E0,-9.978733032272E-1,
-1.183874356140E0));
#7593=CARTESIAN_POINT('',(2.063351965201E0,-1.358811693581E0,
-7.422552042596E-1));
#7594=CARTESIAN_POINT('',(2.033869822344E0,-1.535364859991E0,
-1.999151433204E-1));
#7595=CARTESIAN_POINT('',(2.004387679487E0,-1.503576589356E0,
3.695523381450E-1));
#7596=CARTESIAN_POINT('',(1.974905536629E0,-1.267760074256E0,
8.888733587688E-1));
#7597=CARTESIAN_POINT('',(1.945423393772E0,-8.599145785775E-1,
1.287578493673E0));
#7598=CARTESIAN_POINT('',(1.915941250915E0,-3.353827686949E-1,
1.511565366739E0));
#7599=CARTESIAN_POINT('',(1.886459108058E0,2.346588828840E-1,1.530440024272E0));
#7600=CARTESIAN_POINT('',(1.856976965201E0,7.728584429772E-1,1.341641265943E0));
#7601=CARTESIAN_POINT('',(1.827494822344E0,1.206184796314E0,9.707881830994E-1));
#7602=CARTESIAN_POINT('',(1.798012679487E0,1.475837622439E0,4.682037713589E-1));
#7603=CARTESIAN_POINT('',(1.768530536629E0,1.545226318193E0,
-9.791366033122E-2));
#7604=CARTESIAN_POINT('',(1.739048393772E0,1.404935168332E0,
-6.507446750470E-1));
#7605=CARTESIAN_POINT('',(1.709566250915E0,1.074001013151E0,-1.115272739319E0));
#7606=CARTESIAN_POINT('',(1.680084108058E0,5.973300400176E-1,
-1.428463609131E0));
#7607=CARTESIAN_POINT('',(1.650601965201E0,3.960422779747E-2,
-1.547818776362E0));
#7608=CARTESIAN_POINT('',(1.621119822344E0,-5.234956893499E-1,
-1.457142313760E0));
#7609=CARTESIAN_POINT('',(1.591637679487E0,-1.015559736844E0,
-1.168738585065E0));
#7610=CARTESIAN_POINT('',(1.562155536629E0,-1.369817169003E0,
-7.217426015017E-1));
#7611=CARTESIAN_POINT('',(1.532673393772E0,-1.538196940952E0,
-1.768095873066E-1));
#7612=CARTESIAN_POINT('',(1.503191250915E0,-1.497850720268E0,
3.921156450727E-1));
#7613=CARTESIAN_POINT('',(1.473709108058E0,-1.254253296775E0,
9.078326535466E-1));
#7614=CARTESIAN_POINT('',(1.444226965201E0,-8.404596796663E-1,
1.300361098377E0));
#7615=CARTESIAN_POINT('',(1.414744822344E0,-3.126196903169E-1,
1.516436740700E0));
#7616=CARTESIAN_POINT('',(1.385262679487E0,2.576413008176E-1,1.526739145837E0));
#7617=CARTESIAN_POINT('',(1.355780536629E0,7.929415955519E-1,1.329870326521E0));
#7618=CARTESIAN_POINT('',(1.326298393772E0,1.220643495552E0,9.525444431021E-1));
#7619=CARTESIAN_POINT('',(1.296816250915E0,1.482709891750E0,4.459628193286E-1));
#7620=CARTESIAN_POINT('',(1.267334108058E0,1.543579623397E0,
-1.211338332189E-1));
#7621=CARTESIAN_POINT('',(1.237851965201E0,1.394992958061E0,
-6.717932020175E-1));
#7622=CARTESIAN_POINT('',(1.208369822344E0,1.057112397948E0,-1.131293435596E0));
#7623=CARTESIAN_POINT('',(1.178887679487E0,5.757867244600E-1,
-1.437282542597E0));
#7624=CARTESIAN_POINT('',(1.149405536629E0,1.632953711458E-2,
-1.548239259784E0));
#7625=CARTESIAN_POINT('',(1.119923393772E0,-5.453434905779E-1,
-1.449107289541E0));
#7626=CARTESIAN_POINT('',(1.090441250915E0,-1.033016006134E0,
-1.153338367691E0));
#7627=CARTESIAN_POINT('',(1.060959108058E0,-1.380513173823E0,
-7.010669270610E-1));
#7628=CARTESIAN_POINT('',(1.031476965201E0,-1.540681284433E0,
-1.536640462639E-1));
#7629=CARTESIAN_POINT('',(1.001994822344E0,-1.491786288842E0,
4.145903131277E-1));
#7630=CARTESIAN_POINT('',(9.725126794865E-1,-1.240463004880E0,
9.265867432907E-1));
#7631=CARTESIAN_POINT('',(9.430305366294E-1,-8.208148041754E-1,
1.312849769229E0));
#7632=CARTESIAN_POINT('',(9.135483937722E-1,-2.897859471919E-1,
1.520965339555E0));
#7633=CARTESIAN_POINT('',(8.840662509151E-1,2.805654814783E-1,
1.522693163418E0));
#7634=CARTESIAN_POINT('',(8.545841080579E-1,8.128455117071E-1,
1.317798783356E0));
#7635=CARTESIAN_POINT('',(8.251019652008E-1,1.234826280657E0,
9.340853900562E-1));
#7636=CARTESIAN_POINT('',(7.956198223436E-1,1.489247009473E0,
4.236210619096E-1));
#7637=CARTESIAN_POINT('',(7.661376794865E-1,1.541584018024E0,
-1.443266250276E-1));
#7638=CARTESIAN_POINT('',(7.366555366294E-1,1.384735423728E0,
-6.926898769227E-1));
#7639=CARTESIAN_POINT('',(7.071733937722E-1,1.039984833168E0,
-1.147058414422E0));
#7640=CARTESIAN_POINT('',(6.776912509151E-1,5.541132581316E-1,
-1.445776592868E0));
#7641=CARTESIAN_POINT('',(6.482091080579E-1,-6.948844696402E-3,
-1.548309779360E0));
#7642=CARTESIAN_POINT('',(6.187269652008E-1,-5.670680224156E-1,
-1.440744709279E0));
#7643=CARTESIAN_POINT('',(5.892448223436E-1,-1.050238772611E0,
-1.137677449769E0));
#7644=CARTESIAN_POINT('',(5.597626794865E-1,-1.390897127526E0,
-6.802327837618E-1));
#7645=CARTESIAN_POINT('',(5.302805366294E-1,-1.542817372715E0,
-1.304837701324E-1));
#7646=CARTESIAN_POINT('',(5.007983937722E-1,-1.485384653315E0,
4.369712639329E-1));
#7647=CARTESIAN_POINT('',(4.713162509151E-1,-1.226392322158E0,
9.451313997737E-1));
#7648=CARTESIAN_POINT('',(4.418341080579E-1,-8.009843794669E-1,
1.325041637714E0));
#7649=CARTESIAN_POINT('',(4.123519652008E-1,-2.668867468780E-1,
1.525150311019E0));
#7650=CARTESIAN_POINT('',(3.828698223436E-1,3.034264148078E-1,
1.518302351713E0));
#7651=CARTESIAN_POINT('',(3.533876794865E-1,8.325650516992E-1,
1.305431753165E0));
#7652=CARTESIAN_POINT('',(3.239055366294E-1,1.248732336690E0,
9.154062840332E-1));
#7653=CARTESIAN_POINT('',(3.042507747246E-1,1.413203162148E0,
5.726133018824E-1));
#7654=CARTESIAN_POINT('',(2.944233937722E-1,1.461626648457E0,
3.921104333507E-1));
#7655=CARTESIAN_POINT('',(2.238486369353E0,5.651495370229E-1,
-1.296394622108E0));
#7656=CARTESIAN_POINT('',(2.228658988400E0,4.050519168225E-1,
-1.366187487947E0));
#7657=CARTESIAN_POINT('',(2.209004226495E0,5.876147991329E-2,
-1.445752467790E0));
#7658=CARTESIAN_POINT('',(2.179522083638E0,-4.686941848798E-1,
-1.368938427983E0));
#7659=CARTESIAN_POINT('',(2.150039940781E0,-9.325378617064E-1,
-1.106360554024E0));
#7660=CARTESIAN_POINT('',(2.120557797924E0,-1.269843924169E0,
-6.936562775877E-1));
#7661=CARTESIAN_POINT('',(2.091075655067E0,-1.434837327389E0,
-1.868257620199E-1));
#7662=CARTESIAN_POINT('',(2.061593512210E0,-1.405130383802E0,
3.453560147243E-1));
#7663=CARTESIAN_POINT('',(2.032111369353E0,-1.184753881059E0,
8.306746544209E-1));
#7664=CARTESIAN_POINT('',(2.002629226496E0,-8.036119412790E-1,
1.203274695681E0));
#7665=CARTESIAN_POINT('',(1.973147083638E0,-3.134236871159E-1,
1.412596098492E0));
#7666=CARTESIAN_POINT('',(1.943664940781E0,2.192946661338E-1,1.430234943743E0));
#7667=CARTESIAN_POINT('',(1.914182797924E0,7.222557788497E-1,1.253797724895E0));
#7668=CARTESIAN_POINT('',(1.884700655067E0,1.127210225125E0,9.072261313231E-1));
#7669=CARTESIAN_POINT('',(1.855218512210E0,1.379207617043E0,4.375482762931E-1));
#7670=CARTESIAN_POINT('',(1.825736369353E0,1.444053109709E0,
-9.150279413411E-2));
#7671=CARTESIAN_POINT('',(1.796254226496E0,1.312947478879E0,
-6.081373715707E-1));
#7672=CARTESIAN_POINT('',(1.766772083638E0,1.003681133702E0,-1.042250606545E0));
#7673=CARTESIAN_POINT('',(1.737289940781E0,5.582200430150E-1,
-1.334935402396E0));
#7674=CARTESIAN_POINT('',(1.707807797924E0,3.701115340529E-2,
-1.446475827492E0));
#7675=CARTESIAN_POINT('',(1.678325655067E0,-4.892199732973E-1,
-1.361736377836E0));
#7676=CARTESIAN_POINT('',(1.648843512210E0,-9.490662816299E-1,
-1.092215792812E0));
#7677=CARTESIAN_POINT('',(1.619361369353E0,-1.280128819540E0,
-6.744867310611E-1));
#7678=CARTESIAN_POINT('',(1.589879226496E0,-1.437483978737E0,
-1.652330350385E-1));
#7679=CARTESIAN_POINT('',(1.560397083638E0,-1.399779414197E0,
3.664419962085E-1));
#7680=CARTESIAN_POINT('',(1.530914940781E0,-1.172131455597E0,
8.483925953202E-1));
#7681=CARTESIAN_POINT('',(1.501432797924E0,-7.854308457715E-1,
1.215220363352E0));
#7682=CARTESIAN_POINT('',(1.471950655067E0,-2.921510141544E-1,
1.417148520771E0));
#7683=CARTESIAN_POINT('',(1.442468512210E0,2.407723174623E-1,1.426776379163E0));
#7684=CARTESIAN_POINT('',(1.412986369353E0,7.410239933092E-1,1.242797484039E0));
#7685=CARTESIAN_POINT('',(1.383504226496E0,1.140722245566E0,8.901768944795E-1));
#7686=CARTESIAN_POINT('',(1.354022083638E0,1.385629926677E0,4.167635436206E-1));
#7687=CARTESIAN_POINT('',(1.324539940781E0,1.442514231738E0,
-1.132026334856E-1));
#7688=CARTESIAN_POINT('',(1.295057797924E0,1.303656231707E0,
-6.278077528403E-1));
#7689=CARTESIAN_POINT('',(1.265575655067E0,9.878982952820E-1,
-1.057222352759E0));
#7690=CARTESIAN_POINT('',(1.236093512210E0,5.380872692860E-1,
-1.343176918960E0));
#7691=CARTESIAN_POINT('',(1.206611369353E0,1.526036579417E-2,
-1.446868779893E0));
#7692=CARTESIAN_POINT('',(1.177129226496E0,-5.096372965930E-1,
-1.354227444308E0));
#7693=CARTESIAN_POINT('',(1.147647083638E0,-9.653796071640E-1,
-1.077823899840E0));
#7694=CARTESIAN_POINT('',(1.118164940781E0,-1.290124506800E0,
-6.551647899189E-1));
#7695=CARTESIAN_POINT('',(1.088682797924E0,-1.439805660609E0,
-1.436029410354E-1));
#7696=CARTESIAN_POINT('',(1.059200655067E0,-1.394112049517E0,
3.874451424223E-1));
#7697=CARTESIAN_POINT('',(1.029718512210E0,-1.159244078738E0,
8.659187669209E-1));
#7698=CARTESIAN_POINT('',(1.000236369353E0,-7.670722123412E-1,
1.226891342397E0));
#7699=CARTESIAN_POINT('',(9.707542264955E-1,-2.708123031982E-1,
1.421380611037E0));
#7700=CARTESIAN_POINT('',(9.412720836384E-1,2.621955445849E-1,
1.422995306174E0));
#7701=CARTESIAN_POINT('',(9.117899407812E-1,7.596247067975E-1,
1.231516321377E0));
#7702=CARTESIAN_POINT('',(8.823077979241E-1,1.153976417265E0,
8.729264421416E-1));
#7703=CARTESIAN_POINT('',(8.528256550669E-1,1.391739028667E0,
3.958846057604E-1));
#7704=CARTESIAN_POINT('',(8.233435122098E-1,1.440649288E0,-1.348768845256E-1));
#7705=CARTESIAN_POINT('',(7.938613693526E-1,1.294070306216E0,
-6.473362245108E-1));
#7706=CARTESIAN_POINT('',(7.643792264955E-1,9.718921524336E-1,
-1.071955124542E0));
#7707=CARTESIAN_POINT('',(7.348970836384E-1,5.178328663670E-1,
-1.351114823954E0));
#7708=CARTESIAN_POINT('',(7.054149407812E-1,-6.493871269585E-3,
-1.446934682222E0));
#7709=CARTESIAN_POINT('',(6.759327979241E-1,-5.299394215230E-1,
-1.346412401365E0));
#7710=CARTESIAN_POINT('',(6.464506550669E-1,-9.814747184080E-1,
-1.063188375607E0));
#7711=CARTESIAN_POINT('',(6.169685122098E-1,-1.299828574391E0,
-6.356947556171E-1));
#7712=CARTESIAN_POINT('',(5.874863693526E-1,-1.441801889180E0,
-1.219403862125E-1));
#7713=CARTESIAN_POINT('',(5.580042264955E-1,-1.388129559067E0,
4.083607074939E-1));
#7714=CARTESIAN_POINT('',(5.285220836384E-1,-1.146094669554E0,
8.832492178377E-1));
#7715=CARTESIAN_POINT('',(4.990399407812E-1,-7.485401784702E-1,
1.238284952117E0));
#7716=CARTESIAN_POINT('',(4.695577979241E-1,-2.494124208419E-1,
1.425291572807E0));
#7717=CARTESIAN_POINT('',(4.400756550669E-1,2.835596654756E-1,
1.418891981488E0));
#7718=CARTESIAN_POINT('',(4.105935122098E-1,7.780531160941E-1,
1.219959018608E0));
#7719=CARTESIAN_POINT('',(3.811113693526E-1,1.166971978642E0,
8.554703447263E-1));
#7720=CARTESIAN_POINT('',(3.614566074479E-1,1.320674128393E0,
5.351216255562E-1));
#7721=CARTESIAN_POINT('',(3.516292264955E-1,1.365927102126E0,
3.664371257223E-1));
#7722=CARTESIAN_POINT('',(2.295692202076E0,5.255540460055E-1,
-1.205566658442E0));
#7723=CARTESIAN_POINT('',(2.285864821124E0,3.766731807827E-1,
-1.270469698471E0));
#7724=CARTESIAN_POINT('',(2.266210059219E0,5.464453475513E-2,
-1.344460198927E0));
#7725=CARTESIAN_POINT('',(2.236727916362E0,-4.358565460398E-1,
-1.273027902223E0));
#7726=CARTESIAN_POINT('',(2.207245773504E0,-8.672024201857E-1,
-1.028846751908E0));
#7727=CARTESIAN_POINT('',(2.177763630647E0,-1.180876154757E0,
-6.450573509158E-1));
#7728=CARTESIAN_POINT('',(2.148281487790E0,-1.334309794787E0,
-1.737363807194E-1));
#7729=CARTESIAN_POINT('',(2.118799344933E0,-1.306684178249E0,
3.211596913037E-1));
#7730=CARTESIAN_POINT('',(2.089317202076E0,-1.101747687862E0,
7.724759500730E-1));
#7731=CARTESIAN_POINT('',(2.059835059219E0,-7.473093039805E-1,
1.118970897689E0));
#7732=CARTESIAN_POINT('',(2.030352916362E0,-2.914646055368E-1,
1.313626830246E0));
#7733=CARTESIAN_POINT('',(2.000870773504E0,2.039304493837E-1,1.330029863215E0));
#7734=CARTESIAN_POINT('',(1.971388630647E0,6.716531147223E-1,1.165954183847E0));
#7735=CARTESIAN_POINT('',(1.941906487790E0,1.048235653937E0,8.436640795467E-1));
#7736=CARTESIAN_POINT('',(1.912424344933E0,1.282577611648E0,4.068927812273E-1));
#7737=CARTESIAN_POINT('',(1.882942202076E0,1.342879901224E0,
-8.509192793700E-2));
#7738=CARTESIAN_POINT('',(1.853460059219E0,1.220959789425E0,
-5.655300680944E-1));
#7739=CARTESIAN_POINT('',(1.823977916362E0,9.333612542538E-1,
-9.692284737718E-1));
#7740=CARTESIAN_POINT('',(1.794495773504E0,5.191100460125E-1,
-1.241407195662E0));
#7741=CARTESIAN_POINT('',(1.765013630647E0,3.441807901311E-2,
-1.345132878622E0));
#7742=CARTESIAN_POINT('',(1.735531487790E0,-4.549442572447E-1,
-1.266330441912E0));
#7743=CARTESIAN_POINT('',(1.706049344933E0,-8.825728264158E-1,
-1.015693000559E0));
#7744=CARTESIAN_POINT('',(1.676567202076E0,-1.190440470077E0,
-6.272308606205E-1));
#7745=CARTESIAN_POINT('',(1.647085059219E0,-1.336771016523E0,
-1.536564827704E-1));
#7746=CARTESIAN_POINT('',(1.617602916362E0,-1.301708108126E0,
3.407683473443E-1));
#7747=CARTESIAN_POINT('',(1.588120773504E0,-1.090009614419E0,
7.889525370938E-1));
#7748=CARTESIAN_POINT('',(1.558638630647E0,-7.304020118766E-1,
1.130079628327E0));
#7749=CARTESIAN_POINT('',(1.529156487790E0,-2.716823379920E-1,
1.317860300842E0));
#7750=CARTESIAN_POINT('',(1.499674344933E0,2.239033341069E-1,1.326813612490E0));
#7751=CARTESIAN_POINT('',(1.470192202076E0,6.891063910665E-1,1.155724641558E0));
#7752=CARTESIAN_POINT('',(1.440710059219E0,1.060800995580E0,8.278093458569E-1));
#7753=CARTESIAN_POINT('',(1.411227916362E0,1.288549961604E0,3.875642679125E-1));
#7754=CARTESIAN_POINT('',(1.381745773505E0,1.341448840079E0,
-1.052714337522E-1));
#7755=CARTESIAN_POINT('',(1.352263630647E0,1.212319505352E0,
-5.838223036630E-1));
#7756=CARTESIAN_POINT('',(1.322781487790E0,9.186841926162E-1,
-9.831512699220E-1));
#7757=CARTESIAN_POINT('',(1.293299344933E0,5.003878141120E-1,
-1.249071295323E0));
#7758=CARTESIAN_POINT('',(1.263817202076E0,1.419119447377E-2,
-1.345498300003E0));
#7759=CARTESIAN_POINT('',(1.234335059219E0,-4.739311026082E-1,
-1.259347599074E0));
#7760=CARTESIAN_POINT('',(1.204852916362E0,-8.977432081938E-1,
-1.002309431989E0));
#7761=CARTESIAN_POINT('',(1.175370773504E0,-1.199735839776E0,
-6.092626527769E-1));
#7762=CARTESIAN_POINT('',(1.145888630647E0,-1.338930036784E0,
-1.335418358069E-1));
#7763=CARTESIAN_POINT('',(1.116406487790E0,-1.296437810191E0,
3.602999717169E-1));
#7764=CARTESIAN_POINT('',(1.086924344933E0,-1.078025152596E0,
8.052507905512E-1));
#7765=CARTESIAN_POINT('',(1.057442202076E0,-7.133296205070E-1,
1.140932915565E0));
#7766=CARTESIAN_POINT('',(1.027960059219E0,-2.518386592044E-1,
1.321795882518E0));
#7767=CARTESIAN_POINT('',(9.984779163616E-1,2.438256076915E-1,
1.323297448931E0));
#7768=CARTESIAN_POINT('',(9.689957735045E-1,7.064039018879E-1,
1.145233859397E0));
#7769=CARTESIAN_POINT('',(9.395136306474E-1,1.073126553874E0,
8.117674942271E-1));
#7770=CARTESIAN_POINT('',(9.100314877902E-1,1.294231047862E0,
3.681481496113E-1));
#7771=CARTESIAN_POINT('',(8.805493449331E-1,1.339714557977E0,
-1.254271440236E-1));
#7772=CARTESIAN_POINT('',(8.510672020759E-1,1.203405188705E0,
-6.019825720989E-1));
#7773=CARTESIAN_POINT('',(8.215850592188E-1,9.037994716993E-1,
-9.968518346613E-1));
#7774=CARTESIAN_POINT('',(7.921029163616E-1,4.815524746023E-1,
-1.256453055040E0));
#7775=CARTESIAN_POINT('',(7.626207735045E-1,-6.038897842767E-3,
-1.345559585085E0));
#7776=CARTESIAN_POINT('',(7.331386306474E-1,-4.928108206305E-1,
-1.252080093450E0));
#7777=CARTESIAN_POINT('',(7.036564877902E-1,-9.127106642051E-1,
-9.886993014443E-1));
#7778=CARTESIAN_POINT('',(6.741743449331E-1,-1.208760021256E0,
-5.911567274724E-1));
#7779=CARTESIAN_POINT('',(6.446922020759E-1,-1.340786405645E0,
-1.133970022926E-1));
#7780=CARTESIAN_POINT('',(6.152100592188E-1,-1.290874464820E0,
3.797501510549E-1));
#7781=CARTESIAN_POINT('',(5.857279163616E-1,-1.065797016949E0,
8.213670359018E-1));
#7782=CARTESIAN_POINT('',(5.562457735045E-1,-6.960959774735E-1,
1.151528266520E0));
#7783=CARTESIAN_POINT('',(5.267636306474E-1,-2.319380948058E-1,
1.325432834595E0));
#7784=CARTESIAN_POINT('',(4.972814877902E-1,2.636929161434E-1,
1.319481611264E0));
#7785=CARTESIAN_POINT('',(4.677993449331E-1,7.235411804891E-1,
1.134486284051E0));
#7786=CARTESIAN_POINT('',(4.383172020759E-1,1.085211620593E0,
7.955344054194E-1));
#7787=CARTESIAN_POINT('',(4.186624401712E-1,1.228145094638E0,
4.976299492300E-1));
#7788=CARTESIAN_POINT('',(4.088350592188E-1,1.270227555794E0,
3.407638180940E-1));
#7789=CARTESIAN_POINT('',(2.352898034799E0,4.859585549880E-1,
-1.114738694776E0));
#7790=CARTESIAN_POINT('',(2.343070653847E0,3.482944447430E-1,
-1.174751908995E0));
#7791=CARTESIAN_POINT('',(2.323415891942E0,5.052758959698E-2,
-1.243167930064E0));
#7792=CARTESIAN_POINT('',(2.293933749085E0,-4.030189071998E-1,
-1.177117376464E0));
#7793=CARTESIAN_POINT('',(2.264451606228E0,-8.018669786649E-1,
-9.513329497913E-1));
#7794=CARTESIAN_POINT('',(2.234969463371E0,-1.091908385345E0,
-5.964584242439E-1));
#7795=CARTESIAN_POINT('',(2.205487320513E0,-1.233782262185E0,
-1.606469994189E-1));
#7796=CARTESIAN_POINT('',(2.176005177656E0,-1.208237972695E0,
2.969633678830E-1));
#7797=CARTESIAN_POINT('',(2.146523034799E0,-1.018741494665E0,
7.142772457251E-1));
#7798=CARTESIAN_POINT('',(2.117040891942E0,-6.910066666819E-1,
1.034667099697E0));
#7799=CARTESIAN_POINT('',(2.087558749085E0,-2.695055239577E-1,
1.214657561999E0));
#7800=CARTESIAN_POINT('',(2.058076606228E0,1.885662326335E-1,1.229824782687E0));
#7801=CARTESIAN_POINT('',(2.028594463371E0,6.210504505948E-1,1.078110642798E0));
#7802=CARTESIAN_POINT('',(1.999112320513E0,9.692610827483E-1,
7.801020277704E-1));
#7803=CARTESIAN_POINT('',(1.969630177656E0,1.185947606252E0,3.762372861614E-1));
#7804=CARTESIAN_POINT('',(1.940148034799E0,1.241706692739E0,
-7.868106173990E-2));
#7805=CARTESIAN_POINT('',(1.910665891942E0,1.128972099972E0,
-5.229227646182E-1));
#7806=CARTESIAN_POINT('',(1.881183749085E0,8.630413748051E-1,
-8.962063409982E-1));
#7807=CARTESIAN_POINT('',(1.851701606228E0,4.800000490099E-1,
-1.147878988928E0));
#7808=CARTESIAN_POINT('',(1.822219463371E0,3.182500462094E-2,
-1.243789929752E0));
#7809=CARTESIAN_POINT('',(1.792737320513E0,-4.206685411921E-1,
-1.170924505988E0));
#7810=CARTESIAN_POINT('',(1.763255177656E0,-8.160793712018E-1,
-9.391702083061E-1));
#7811=CARTESIAN_POINT('',(1.733773034799E0,-1.100752120614E0,
-5.799749901799E-1));
#7812=CARTESIAN_POINT('',(1.704290891942E0,-1.236058054308E0,
-1.420799305022E-1));
#7813=CARTESIAN_POINT('',(1.674808749085E0,-1.203636802055E0,
3.150946984801E-1));
#7814=CARTESIAN_POINT('',(1.645326606228E0,-1.007887773241E0,
7.295124788673E-1));
#7815=CARTESIAN_POINT('',(1.615844463371E0,-6.753731779818E-1,
1.044938893301E0));
#7816=CARTESIAN_POINT('',(1.586362320513E0,-2.512136618295E-1,
1.218572080913E0));
#7817=CARTESIAN_POINT('',(1.556880177656E0,2.070343507516E-1,1.226850845816E0));
#7818=CARTESIAN_POINT('',(1.527398034799E0,6.371887888238E-1,1.068651799076E0));
#7819=CARTESIAN_POINT('',(1.497915891942E0,9.808797455946E-1,
7.654417972343E-1));
#7820=CARTESIAN_POINT('',(1.468433749085E0,1.191469996531E0,3.583649922044E-1));
#7821=CARTESIAN_POINT('',(1.438951606228E0,1.240383448419E0,
-9.734023401889E-2));
#7822=CARTESIAN_POINT('',(1.409469463371E0,1.120982778998E0,
-5.398368544857E-1));
#7823=CARTESIAN_POINT('',(1.379987320513E0,8.494700899505E-1,
-9.090801870850E-1));
#7824=CARTESIAN_POINT('',(1.350505177656E0,4.626883589379E-1,
-1.154965671687E0));
#7825=CARTESIAN_POINT('',(1.321023034799E0,1.312202315336E-2,
-1.244127820113E0));
#7826=CARTESIAN_POINT('',(1.291540891942E0,-4.382249086233E-1,
-1.164467753840E0));
#7827=CARTESIAN_POINT('',(1.262058749085E0,-8.301068092236E-1,
-9.267949641381E-1));
#7828=CARTESIAN_POINT('',(1.232576606228E0,-1.109347172753E0,
-5.633605156348E-1));
#7829=CARTESIAN_POINT('',(1.203094463371E0,-1.238054412959E0,
-1.234807305783E-1));
#7830=CARTESIAN_POINT('',(1.173612320513E0,-1.198763570865E0,
3.331548010116E-1));
#7831=CARTESIAN_POINT('',(1.144130177656E0,-9.968062264536E-1,
7.445828141815E-1));
#7832=CARTESIAN_POINT('',(1.114648034799E0,-6.595870286728E-1,
1.054974488733E0));
#7833=CARTESIAN_POINT('',(1.085165891942E0,-2.328650152107E-1,1.222211154E0));
#7834=CARTESIAN_POINT('',(1.055683749085E0,2.254556707981E-1,1.223599591687E0));
#7835=CARTESIAN_POINT('',(1.026201606228E0,6.531830969783E-1,1.058951397418E0));
#7836=CARTESIAN_POINT('',(9.967194633706E-1,9.922766904819E-1,
7.506085463125E-1));
#7837=CARTESIAN_POINT('',(9.672373205135E-1,1.196723067057E0,
3.404116934622E-1));
#7838=CARTESIAN_POINT('',(9.377551776563E-1,1.238779827953E0,
-1.159774035216E-1));
#7839=CARTESIAN_POINT('',(9.082730347992E-1,1.112740071193E0,
-5.566289196870E-1));
#7840=CARTESIAN_POINT('',(8.787908919421E-1,8.357067909650E-1,
-9.217485447807E-1));
#7841=CARTESIAN_POINT('',(8.493087490849E-1,4.452720828377E-1,
-1.161791286126E0));
#7842=CARTESIAN_POINT('',(8.198266062278E-1,-5.583924415950E-3,
-1.244184487948E0));
#7843=CARTESIAN_POINT('',(7.903444633706E-1,-4.556822197380E-1,
-1.157747785536E0));
#7844=CARTESIAN_POINT('',(7.608623205135E-1,-8.439466100022E-1,
-9.142102272818E-1));
#7845=CARTESIAN_POINT('',(7.313801776564E-1,-1.117691468121E0,
-5.466186993277E-1));
#7846=CARTESIAN_POINT('',(7.018980347992E-1,-1.239770922110E0,
-1.048536183727E-1));
#7847=CARTESIAN_POINT('',(6.724158919421E-1,-1.193619370572E0,
3.511395946160E-1));
#7848=CARTESIAN_POINT('',(6.429337490849E-1,-9.854993643446E-1,
7.594848539658E-1));
#7849=CARTESIAN_POINT('',(6.134516062278E-1,-6.436517764768E-1,
1.064771580924E0));
#7850=CARTESIAN_POINT('',(5.839694633706E-1,-2.144637687697E-1,
1.225574096383E0));
#7851=CARTESIAN_POINT('',(5.544873205135E-1,2.438261668112E-1,
1.220071241039E0));
#7852=CARTESIAN_POINT('',(5.250051776564E-1,6.690292448840E-1,
1.049013549494E0));
#7853=CARTESIAN_POINT('',(4.955230347992E-1,1.003451262545E0,
7.355984661126E-1));
#7854=CARTESIAN_POINT('',(4.758682728944E-1,1.135616060883E0,
4.601382729038E-1));
#7855=CARTESIAN_POINT('',(4.660408919421E-1,1.174528009462E0,
3.150905104657E-1));
#7856=B_SPLINE_SURFACE_WITH_KNOTS('',3,3,((#7588,#7589,#7590,#7591,#7592,#7593,
#7594,#7595,#7596,#7597,#7598,#7599,#7600,#7601,#7602,#7603,#7604,#7605,#7606,
#7607,#7608,#7609,#7610,#7611,#7612,#7613,#7614,#7615,#7616,#7617,#7618,#7619,
#7620,#7621,#7622,#7623,#7624,#7625,#7626,#7627,#7628,#7629,#7630,#7631,#7632,
#7633,#7634,#7635,#7636,#7637,#7638,#7639,#7640,#7641,#7642,#7643,#7644,#7645,
#7646,#7647,#7648,#7649,#7650,#7651,#7652,#7653,#7654),(#7655,#7656,#7657,#7658,
#7659,#7660,#7661,#7662,#7663,#7664,#7665,#7666,#7667,#7668,#7669,#7670,#7671,
#7672,#7673,#7674,#7675,#7676,#7677,#7678,#7679,#7680,#7681,#7682,#7683,#7684,
#7685,#7686,#7687,#7688,#7689,#7690,#7691,#7692,#7693,#7694,#7695,#7696,#7697,
#7698,#7699,#7700,#7701,#7702,#7703,#7704,#7705,#7706,#7707,#7708,#7709,#7710,
#7711,#7712,#7713,#7714,#7715,#7716,#7717,#7718,#7719,#7720,#7721),(#7722,#7723,
#7724,#7725,#7726,#7727,#7728,#7729,#7730,#7731,#7732,#7733,#7734,#7735,#7736,
#7737,#7738,#7739,#7740,#7741,#7742,#7743,#7744,#7745,#7746,#7747,#7748,#7749,
#7750,#7751,#7752,#7753,#7754,#7755,#7756,#7757,#7758,#7759,#7760,#7761,#7762,
#7763,#7764,#7765,#7766,#7767,#7768,#7769,#7770,#7771,#7772,#7773,#7774,#7775,
#7776,#7777,#7778,#7779,#7780,#7781,#7782,#7783,#7784,#7785,#7786,#7787,#7788),(
#7789,#7790,#7791,#7792,#7793,#7794,#7795,#7796,#7797,#7798,#7799,#7800,#7801,
#7802,#7803,#7804,#7805,#7806,#7807,#7808,#7809,#7810,#7811,#7812,#7813,#7814,
#7815,#7816,#7817,#7818,#7819,#7820,#7821,#7822,#7823,#7824,#7825,#7826,#7827,
#7828,#7829,#7830,#7831,#7832,#7833,#7834,#7835,#7836,#7837,#7838,#7839,#7840,
#7841,#7842,#7843,#7844,#7845,#7846,#7847,#7848,#7849,#7850,#7851,#7852,#7853,
#7854,#7855)),.UNSPECIFIED.,.F.,.F.,.F.,(4,4),(4,1,1,1,1,1,1,1,1,1,1,1,1,1,1,1,
1,1,1,1,1,1,1,1,1,1,1,1,1,1,1,1,1,1,1,1,1,1,1,1,1,1,1,1,1,1,1,1,1,1,1,1,1,1,1,1,
1,1,1,1,1,1,1,1,4),(-4.821175896422E-2,1.028603915827E0),(-2.E-2,-3.75E-3,
1.25E-2,2.875E-2,4.5E-2,6.125E-2,7.75E-2,9.375E-2,1.1E-1,1.2625E-1,1.425E-1,
1.5875E-1,1.75E-1,1.9125E-1,2.075E-1,2.2375E-1,2.4E-1,2.5625E-1,2.725E-1,
2.8875E-1,3.05E-1,3.2125E-1,3.375E-1,3.5375E-1,3.7E-1,3.8625E-1,4.025E-1,
4.1875E-1,4.35E-1,4.5125E-1,4.675E-1,4.8375E-1,5.E-1,5.1625E-1,5.325E-1,
5.4875E-1,5.65E-1,5.8125E-1,5.975E-1,6.1375E-1,6.3E-1,6.4625E-1,6.625E-1,
6.7875E-1,6.95E-1,7.1125E-1,7.275E-1,7.4375E-1,7.6E-1,7.7625E-1,7.925E-1,
8.0875E-1,8.25E-1,8.4125E-1,8.575E-1,8.7375E-1,8.9E-1,9.0625E-1,9.225E-1,
9.3875E-1,9.55E-1,9.7125E-1,9.875E-1,1.00375E0,1.02E0),.UNSPECIFIED.);
#7857=ORIENTED_EDGE('',*,*,#7077,.T.);
#7858=ORIENTED_EDGE('',*,*,#7494,.T.);
#7859=ORIENTED_EDGE('',*,*,#7061,.T.);
#7860=ORIENTED_EDGE('',*,*,#7479,.T.);
#7861=ORIENTED_EDGE('',*,*,#7045,.T.);
#7862=ORIENTED_EDGE('',*,*,#7466,.T.);
#7863=ORIENTED_EDGE('',*,*,#7031,.T.);
#7864=ORIENTED_EDGE('',*,*,#7015,.F.);
#7866=ORIENTED_EDGE('',*,*,#7865,.F.);
#7868=ORIENTED_EDGE('',*,*,#7867,.T.);
#7869=ORIENTED_EDGE('',*,*,#7508,.T.);
#7870=EDGE_LOOP('',(#7857,#7858,#7859,#7860,#7861,#7862,#7863,#7864,#7866,#7868,
#7869));
#7871=FACE_OUTER_BOUND('',#7870,.F.);
#7873=CARTESIAN_POINT('',(2.123446924988E0,5.966003117763E-1,
-1.368539448531E0));
#7874=CARTESIAN_POINT('',(2.113619544036E0,4.275932015E-1,-1.442216312425E0));
#7875=CARTESIAN_POINT('',(2.093964782131E0,6.203157737928E-2,
-1.526209111978E0));
#7876=CARTESIAN_POINT('',(2.064482639274E0,-4.947771846368E-1,
-1.445120343262E0));
#7877=CARTESIAN_POINT('',(2.035000496417E0,-9.844339287049E-1,
-1.167929916292E0));
#7878=CARTESIAN_POINT('',(2.005518353560E0,-1.340511194713E0,
-7.322584986168E-1));
#7879=CARTESIAN_POINT('',(1.976036210703E0,-1.514686540093E0,
-1.972226827895E-1));
#7880=CARTESIAN_POINT('',(1.946554067845E0,-1.483326394424E0,
3.645752010056E-1));
#7881=CARTESIAN_POINT('',(1.917071924988E0,-1.250685860137E0,
8.769019973418E-1));
#7882=CARTESIAN_POINT('',(1.887589782131E0,-8.483332344918E-1,
1.270237364746E0));
#7883=CARTESIAN_POINT('',(1.858107639274E0,-3.308658278947E-1,
1.491207578819E0));
#7884=CARTESIAN_POINT('',(1.828625496417E0,2.314984930812E-1,1.509828032144E0));
#7885=CARTESIAN_POINT('',(1.799143353560E0,7.624495723978E-1,1.323572018685E0));
#7886=CARTESIAN_POINT('',(1.769661210703E0,1.189939879080E0,9.577135914330E-1));
#7887=CARTESIAN_POINT('',(1.740179067845E0,1.455961016383E0,4.618979950488E-1));
#7888=CARTESIAN_POINT('',(1.710696924988E0,1.524415184010E0,
-9.659495749812E-2));
#7889=CARTESIAN_POINT('',(1.681214782131E0,1.386013477727E0,
-6.419804347591E-1));
#7890=CARTESIAN_POINT('',(1.651732639274E0,1.059536349344E0,-1.100252227206E0));
#7891=CARTESIAN_POINT('',(1.622250496417E0,5.892851889376E-1,
-1.409225037087E0));
#7892=CARTESIAN_POINT('',(1.592768353560E0,3.907083738777E-2,
-1.526972726908E0));
#7893=CARTESIAN_POINT('',(1.563286210703E0,-5.164452405533E-1,
-1.437517496437E0));
#7894=CARTESIAN_POINT('',(1.533804067845E0,-1.001882161135E0,
-1.152997994037E0));
#7895=CARTESIAN_POINT('',(1.504321924988E0,-1.351368448207E0,
-7.120221599398E-1));
#7896=CARTESIAN_POINT('',(1.474839782131E0,-1.517480478540E0,
-1.744283127949E-1));
#7897=CARTESIAN_POINT('',(1.445357639274E0,-1.477677641438E0,
3.868346249341E-1));
#7898=CARTESIAN_POINT('',(1.415875496417E0,-1.237360992165E0,
8.956059480169E-1));
#7899=CARTESIAN_POINT('',(1.386393353560E0,-8.291403544881E-1,
1.282847813115E0));
#7900=CARTESIAN_POINT('',(1.356911210703E0,-3.084093230412E-1,
1.496013345032E0));
#7901=CARTESIAN_POINT('',(1.327429067845E0,2.541713834214E-1,1.506176997203E0));
#7902=CARTESIAN_POINT('',(1.297946924988E0,7.822622447341E-1,1.311959610475E0));
#7903=CARTESIAN_POINT('',(1.268464782131E0,1.204203848312E0,9.397155584345E-1));
#7904=CARTESIAN_POINT('',(1.238982639274E0,1.462740729855E0,4.399565845365E-1));
#7905=CARTESIAN_POINT('',(1.209500496417E0,1.522790666927E0,
-1.195024007047E-1));
#7906=CARTESIAN_POINT('',(1.180018353560E0,1.376205169312E0,
-6.627454798125E-1));
#7907=CARTESIAN_POINT('',(1.150536210703E0,1.042875190296E0,-1.116057156475E0));
#7908=CARTESIAN_POINT('',(1.121054067845E0,5.680320191183E-1,
-1.417925197008E0));
#7909=CARTESIAN_POINT('',(1.091571924988E0,1.610961063258E-2,
-1.527387547252E0));
#7910=CARTESIAN_POINT('',(1.062089782131E0,-5.379987952249E-1,
-1.429590688061E0));
#7911=CARTESIAN_POINT('',(1.032607639274E0,-1.019103329095E0,
-1.137805187052E0));
#7912=CARTESIAN_POINT('',(1.003125496417E0,-1.361920399053E0,
-6.916249458320E-1));
#7913=CARTESIAN_POINT('',(9.736433535596E-1,-1.519931362841E0,
-1.515944962903E-1));
#7914=CARTESIAN_POINT('',(9.441612107025E-1,-1.471694885878E0,
4.090066037796E-1));
#7915=CARTESIAN_POINT('',(9.146790678454E-1,-1.223756428153E0,
9.141074573631E-1));
#7916=CARTESIAN_POINT('',(8.851969249882E-1,-8.097600565125E-1,
1.295168286336E0));
#7917=CARTESIAN_POINT('',(8.557147821311E-1,-2.858831051547E-1,
1.500480952642E0));
#7918=CARTESIAN_POINT('',(8.262326392739E-1,2.767868208293E-1,
1.502185506144E0));
#7919=CARTESIAN_POINT('',(7.967504964168E-1,8.018980946099E-1,
1.300050647058E0));
#7920=CARTESIAN_POINT('',(7.672683535596E-1,1.218195619428E0,
9.215051122272E-1));
#7921=CARTESIAN_POINT('',(7.377862107025E-1,1.469189805566E0,
4.179157262842E-1));
#7922=CARTESIAN_POINT('',(7.083040678454E-1,1.520821938400E0,
-1.423828316011E-1));
#7923=CARTESIAN_POINT('',(6.788219249882E-1,1.366085783625E0,
-6.833607179467E-1));
#7924=CARTESIAN_POINT('',(6.493397821311E-1,1.025978299848E0,
-1.131609812300E0));
#7925=CARTESIAN_POINT('',(6.198576392739E-1,5.466504514008E-1,
-1.426304849266E0));
#7926=CARTESIAN_POINT('',(5.903754964168E-1,-6.855257538523E-3,
-1.527457117069E0));
#7927=CARTESIAN_POINT('',(5.608933535596E-1,-5.594307407003E-1,
-1.421340735171E0));
#7928=CARTESIAN_POINT('',(5.314112107025E-1,-1.036094139062E0,
-1.122355190637E0));
#7929=CARTESIAN_POINT('',(5.019290678454E-1,-1.372164501491E0,
-6.710713971271E-1));
#7930=CARTESIAN_POINT('',(4.724469249882E-1,-1.522038682249E0,
-1.287264125098E-1));
#7931=CARTESIAN_POINT('',(4.429647821311E-1,-1.465379467686E0,
4.310861275609E-1));
#7932=CARTESIAN_POINT('',(4.134826392739E-1,-1.209875249625E0,
9.324023540990E-1));
#7933=CARTESIAN_POINT('',(3.840004964168E-1,-7.901967082993E-1,
1.307195954530E0));
#7934=CARTESIAN_POINT('',(3.545183535597E-1,-2.632923116579E-1,
1.504609560840E0));
#7935=CARTESIAN_POINT('',(3.250362107025E-1,2.993398627222E-1,
1.497853829965E0));
#7936=CARTESIAN_POINT('',(2.955540678454E-1,8.213520515039E-1,
1.287850176238E0));
#7937=CARTESIAN_POINT('',(2.660719249882E-1,1.231914388463E0,
9.030775767200E-1));
#7938=CARTESIAN_POINT('',(2.464171630835E-1,1.394170118062E0,
5.649013362495E-1));
#7939=CARTESIAN_POINT('',(2.365897821311E-1,1.441941436039E0,
3.868294834036E-1));
#7940=CARTESIAN_POINT('',(2.127703048217E0,6.025125775247E-1,
-1.382101575045E0));
#7941=CARTESIAN_POINT('',(2.117875667264E0,4.318306190634E-1,
-1.456508571308E0));
#7942=CARTESIAN_POINT('',(2.098220905360E0,6.264630580469E-2,
-1.541333733403E0));
#7943=CARTESIAN_POINT('',(2.068738762503E0,-4.996803905924E-1,
-1.459441380880E0));
#7944=CARTESIAN_POINT('',(2.039256619645E0,-9.941895974220E-1,
-1.179504016916E0));
#7945=CARTESIAN_POINT('',(2.009774476788E0,-1.353795563269E0,
-7.395151271415E-1));
#7946=CARTESIAN_POINT('',(1.980292333931E0,-1.529696973668E0,
-1.991771452483E-1));
#7947=CARTESIAN_POINT('',(1.950810191074E0,-1.498026051233E0,
3.681881147622E-1));
#7948=CARTESIAN_POINT('',(1.921328048217E0,-1.263080066153E0,
8.855920324309E-1));
#7949=CARTESIAN_POINT('',(1.891845905360E0,-8.567401552166E-1,
1.282825324752E0));
#7950=CARTESIAN_POINT('',(1.862363762503E0,-3.341446842127E-1,
1.505985337593E0));
#7951=CARTESIAN_POINT('',(1.832881619645E0,2.337926263299E-1,1.524790318258E0));
#7952=CARTESIAN_POINT('',(1.803399476788E0,7.700053922705E-1,1.336688521237E0));
#7953=CARTESIAN_POINT('',(1.773917333931E0,1.201732096836E0,9.672044635489E-1));
#7954=CARTESIAN_POINT('',(1.744435191074E0,1.470389484284E0,4.664753706241E-1));
#7955=CARTESIAN_POINT('',(1.714953048217E0,1.539522027739E0,
-9.755220650957E-2));
#7956=CARTESIAN_POINT('',(1.685470905360E0,1.399748770601E0,
-6.483424142295E-1));
#7957=CARTESIAN_POINT('',(1.655988762503E0,1.070036277594E0,-1.111155646848E0));
#7958=CARTESIAN_POINT('',(1.626506619645E0,5.951249623500E-1,
-1.423190354828E0));
#7959=CARTESIAN_POINT('',(1.597024476788E0,3.945802654790E-2,
-1.542104915701E0));
#7960=CARTESIAN_POINT('',(1.567542333931E0,-5.215631753688E-1,
-1.451763190395E0));
#7961=CARTESIAN_POINT('',(1.538060191074E0,-1.011810740567E0,
-1.164424120396E0));
#7962=CARTESIAN_POINT('',(1.508578048217E0,-1.364760411355E0,
-7.190782478184E-1));
#7963=CARTESIAN_POINT('',(1.479095905360E0,-1.532518599841E0,
-1.761568847029E-1));
#7964=CARTESIAN_POINT('',(1.449613762503E0,-1.492321319516E0,
3.906681279647E-1));
#7965=CARTESIAN_POINT('',(1.420131619645E0,-1.249623149706E0,
9.044813378985E-1));
#7966=CARTESIAN_POINT('',(1.390649476788E0,-8.373570751663E-1,
1.295560741747E0));
#7967=CARTESIAN_POINT('',(1.361167333931E0,-3.114656370275E-1,
1.510838728600E0));
#7968=CARTESIAN_POINT('',(1.331685191074E0,2.566902033663E-1,1.521103101826E0));
#7969=CARTESIAN_POINT('',(1.302203048217E0,7.900144067503E-1,1.324961034904E0));
#7970=CARTESIAN_POINT('',(1.272720905360E0,1.216137420967E0,9.490280713509E-1));
#7971=CARTESIAN_POINT('',(1.243238762503E0,1.477236384224E0,4.443165223277E-1));
#7972=CARTESIAN_POINT('',(1.213756619645E0,1.537881411810E0,
-1.206866608142E-1));
#7973=CARTESIAN_POINT('',(1.184274476788E0,1.389843262563E0,
-6.693132393708E-1));
#7974=CARTESIAN_POINT('',(1.154792333931E0,1.053210007670E0,-1.127117201817E0));
#7975=CARTESIAN_POINT('',(1.125310191074E0,5.736611751618E-1,
-1.431976732702E0));
#7976=CARTESIAN_POINT('',(1.095828048217E0,1.626925570363E-2,
-1.542523846884E0));
#7977=CARTESIAN_POINT('',(1.066345905360E0,-5.433303242014E-1,
-1.443757827924E0));
#7978=CARTESIAN_POINT('',(1.036863762503E0,-1.029202569051E0,
-1.149080753797E0));
#7979=CARTESIAN_POINT('',(1.007381619645E0,-1.375416931268E0,
-6.984788988006E-1));
#7980=CARTESIAN_POINT('',(9.778994767882E-1,-1.534993772228E0,
-1.530967867357E-1));
#7981=CARTESIAN_POINT('',(9.484173339311E-1,-1.486279275282E0,
4.130598295098E-1));
#7982=CARTESIAN_POINT('',(9.189351910739E-1,-1.235883765454E0,
9.231661958582E-1));
#7983=CARTESIAN_POINT('',(8.894530482168E-1,-8.177847198457E-1,
1.308003309963E0));
#7984=CARTESIAN_POINT('',(8.599709053596E-1,-2.887161859582E-1,
1.515350609877E0));
#7985=CARTESIAN_POINT('',(8.304887625025E-1,2.795297581159E-1,
1.517072055380E0));
#7986=CARTESIAN_POINT('',(8.010066196454E-1,8.098448464719E-1,
1.312934054525E0));
#7987=CARTESIAN_POINT('',(7.715244767882E-1,1.230267849518E0,
9.306371609446E-1));
#7988=CARTESIAN_POINT('',(7.420423339311E-1,1.483749369806E0,
4.220572407713E-1));
#7989=CARTESIAN_POINT('',(7.125601910739E-1,1.535893173326E0,
-1.437938351186E-1));
#7990=CARTESIAN_POINT('',(6.830780482168E-1,1.379623594498E0,
-6.901327730173E-1));
#7991=CARTESIAN_POINT('',(6.535959053596E-1,1.036145670265E0,
-1.142823983331E0));
#7992=CARTESIAN_POINT('',(6.241137625025E-1,5.520677176616E-1,
-1.440439426706E0));
#7993=CARTESIAN_POINT('',(5.946316196454E-1,-6.923192642714E-3,
-1.542594106133E0));
#7994=CARTESIAN_POINT('',(5.651494767882E-1,-5.649746586996E-1,
-1.435426118600E0));
#7995=CARTESIAN_POINT('',(5.356673339311E-1,-1.046361756710E0,
-1.133477649041E0));
#7996=CARTESIAN_POINT('',(5.061851910739E-1,-1.385762552017E0,
-6.777216659212E-1));
#7997=CARTESIAN_POINT('',(4.767030482168E-1,-1.537121975019E0,
-1.300020819061E-1));
#7998=CARTESIAN_POINT('',(4.472209053596E-1,-1.479901271755E0,
4.353581597679E-1));
#7999=CARTESIAN_POINT('',(4.177387625025E-1,-1.221865025454E0,
9.416423936917E-1));
#8000=CARTESIAN_POINT('',(3.882566196454E-1,-7.980275002729E-1,
1.320150171475E0));
#8001=CARTESIAN_POINT('',(3.587744767882E-1,-2.659015193390E-1,
1.519520132282E0));
#8002=CARTESIAN_POINT('',(3.292923339311E-1,3.023062990155E-1,
1.512697452605E0));
#8003=CARTESIAN_POINT('',(2.998101910739E-1,8.294915906654E-1,
1.300612677926E0));
#8004=CARTESIAN_POINT('',(2.703280482168E-1,1.244122570558E0,
9.120270098992E-1));
#8005=CARTESIAN_POINT('',(2.506732863120E-1,1.407986242650E0,
5.704994674532E-1));
#8006=CARTESIAN_POINT('',(2.408459053596E-1,1.456230970917E0,
3.906629354820E-1));
#8007=CARTESIAN_POINT('',(2.157729003638E0,6.107647466376E-1,
-1.401031198018E0));
#8008=CARTESIAN_POINT('',(2.147901622686E0,4.377450836399E-1,
-1.476457291872E0));
#8009=CARTESIAN_POINT('',(2.128246860781E0,6.350432591761E-2,
-1.562444241469E0));
#8010=CARTESIAN_POINT('',(2.098764717924E0,-5.065241433030E-1,
-1.479430269967E0));
#8011=CARTESIAN_POINT('',(2.069282575067E0,-1.007806276964E0,
-1.195658810990E0));
#8012=CARTESIAN_POINT('',(2.039800432210E0,-1.372337499735E0,
-7.496437188398E-1));
#8013=CARTESIAN_POINT('',(2.010318289353E0,-1.550648101643E0,
-2.019051272811E-1));
#8014=CARTESIAN_POINT('',(1.980836146496E0,-1.518543406010E0,
3.732309150318E-1));
#8015=CARTESIAN_POINT('',(1.951354003638E0,-1.280379539554E0,
8.977213314520E-1));
#8016=CARTESIAN_POINT('',(1.921871860781E0,-8.684742914163E-1,
1.300395234356E0));
#8017=CARTESIAN_POINT('',(1.892389717924E0,-3.387212167950E-1,
1.526611704828E0));
#8018=CARTESIAN_POINT('',(1.862907575067E0,2.369947110030E-1,1.545674243404E0));
#8019=CARTESIAN_POINT('',(1.833425432210E0,7.805515865774E-1,1.354996155202E0));
#8020=CARTESIAN_POINT('',(1.803943289353E0,1.218191332479E0,9.804515476726E-1));
#8021=CARTESIAN_POINT('',(1.774461146496E0,1.490528321445E0,4.728643387370E-1));
#8022=CARTESIAN_POINT('',(1.744979003638E0,1.560607722212E0,
-9.888830692555E-2));
#8023=CARTESIAN_POINT('',(1.715496860781E0,1.418920094158E0,
-6.572222807168E-1));
#8024=CARTESIAN_POINT('',(1.686014717924E0,1.084691773013E0,-1.126374323852E0));
#8025=CARTESIAN_POINT('',(1.656532575067E0,6.032759487624E-1,
-1.442682740425E0));
#8026=CARTESIAN_POINT('',(1.627050432210E0,3.999845395155E-2,
-1.563225986080E0));
#8027=CARTESIAN_POINT('',(1.597568289353E0,-5.287066403965E-1,
-1.471646916987E0));
#8028=CARTESIAN_POINT('',(1.568086146496E0,-1.025668763873E0,
-1.180372376282E0));
#8029=CARTESIAN_POINT('',(1.538604003638E0,-1.383452525235E0,
-7.289269306971E-1));
#8030=CARTESIAN_POINT('',(1.509121860781E0,-1.553508373543E0,
-1.785695752545E-1));
#8031=CARTESIAN_POINT('',(1.479639717924E0,-1.512760540801E0,
3.960188203474E-1));
#8032=CARTESIAN_POINT('',(1.450157575067E0,-1.266738313677E0,
9.168693497646E-1));
#8033=CARTESIAN_POINT('',(1.420675432210E0,-8.488257356557E-1,
1.313305078938E0));
#8034=CARTESIAN_POINT('',(1.391193289353E0,-3.157315514756E-1,
1.531531569142E0));
#8035=CARTESIAN_POINT('',(1.361711146496E0,2.602058992154E-1,1.541936525895E0));
#8036=CARTESIAN_POINT('',(1.332229003638E0,8.008346497284E-1,1.343108046164E0));
#8037=CARTESIAN_POINT('',(1.302746860781E0,1.232793955680E0,9.620262068752E-1));
#8038=CARTESIAN_POINT('',(1.273264717924E0,1.497468998309E0,4.504019970857E-1));
#8039=CARTESIAN_POINT('',(1.243782575067E0,1.558944635980E0,
-1.223396167388E-1));
#8040=CARTESIAN_POINT('',(1.214300432210E0,1.408878917703E0,
-6.784803277386E-1));
#8041=CARTESIAN_POINT('',(1.184818289353E0,1.067635046116E0,-1.142554492434E0));
#8042=CARTESIAN_POINT('',(1.155336146496E0,5.815181879572E-1,
-1.451589458818E0));
#8043=CARTESIAN_POINT('',(1.125854003638E0,1.649208366512E-2,
-1.563650655054E0));
#8044=CARTESIAN_POINT('',(1.096371860781E0,-5.507719177661E-1,
-1.463531910986E0));
#8045=CARTESIAN_POINT('',(1.066889717924E0,-1.043298795368E0,
-1.164818862939E0));
#8046=CARTESIAN_POINT('',(1.037407575067E0,-1.394254999619E0,
-7.080454476326E-1));
#8047=CARTESIAN_POINT('',(1.007925432210E0,-1.556017446535E0,
-1.551936401823E-1));
#8048=CARTESIAN_POINT('',(9.784432893527E-1,-1.506635743157E0,
4.187172044661E-1));
#8049=CARTESIAN_POINT('',(9.489611464955E-1,-1.252810751241E0,
9.358101204032E-1));
#8050=CARTESIAN_POINT('',(9.194790036384E-1,-8.289853122614E-1,
1.325918063807E0));
#8051=CARTESIAN_POINT('',(8.899968607813E-1,-2.926705180022E-1,
1.536105246319E0));
#8052=CARTESIAN_POINT('',(8.605147179241E-1,2.833582704526E-1,
1.537850269188E0));
#8053=CARTESIAN_POINT('',(8.310325750670E-1,8.209366923149E-1,
1.330916341130E0));
#8054=CARTESIAN_POINT('',(8.015504322098E-1,1.247117918259E0,
9.433834097723E-1));
#8055=CARTESIAN_POINT('',(7.720682893527E-1,1.504071187437E0,
4.278378466144E-1));
#8056=CARTESIAN_POINT('',(7.425861464955E-1,1.556929166065E0,
-1.457632729180E-1));
#8057=CARTESIAN_POINT('',(7.131040036384E-1,1.398519278404E0,
-6.995850111378E-1));
#8058=CARTESIAN_POINT('',(6.836218607813E-1,1.050336991104E0,
-1.158476398117E0));
#8059=CARTESIAN_POINT('',(6.541397179241E-1,5.596289808416E-1,
-1.460168060081E0));
#8060=CARTESIAN_POINT('',(6.246575750670E-1,-7.018014491453E-3,
-1.563721876592E0));
#8061=CARTESIAN_POINT('',(5.951754322098E-1,-5.727126987042E-1,
-1.455086088403E0));
#8062=CARTESIAN_POINT('',(5.656932893527E-1,-1.060692999728E0,
-1.149002053998E0));
#8063=CARTESIAN_POINT('',(5.362111464955E-1,-1.404742316683E0,
-6.870039182879E-1));
#8064=CARTESIAN_POINT('',(5.067290036384E-1,-1.558174797745E0,
-1.317826242631E-1));
#8065=CARTESIAN_POINT('',(4.772468607813E-1,-1.500170384833E0,
4.413209384602E-1));
#8066=CARTESIAN_POINT('',(4.477647179241E-1,-1.238600006929E0,
9.545393730521E-1));
#8067=CARTESIAN_POINT('',(4.182825750670E-1,-8.089574926660E-1,
1.338231291897E0));
#8068=CARTESIAN_POINT('',(3.888004322098E-1,-2.695433757696E-1,
1.540331875588E0));
#8069=CARTESIAN_POINT('',(3.593182893527E-1,3.064467647858E-1,
1.533415750714E0));
#8070=CARTESIAN_POINT('',(3.298361464955E-1,8.408525234315E-1,
1.318426207750E0));
#8071=CARTESIAN_POINT('',(3.003540036384E-1,1.261162397165E0,
9.245183692535E-1));
#8072=CARTESIAN_POINT('',(2.806992417336E-1,1.427270388768E0,
5.783131766768E-1));
#8073=CARTESIAN_POINT('',(2.708718607813E-1,1.476175889394E0,
3.960135567471E-1));
#8074=CARTESIAN_POINT('',(2.187754959060E0,6.025044835699E-1,
-1.382083008350E0));
#8075=CARTESIAN_POINT('',(2.177927578108E0,4.318248179937E-1,
-1.456489005054E0));
#8076=CARTESIAN_POINT('',(2.158272816203E0,6.264546423493E-2,
-1.541313027635E0));
#8077=CARTESIAN_POINT('',(2.128790673346E0,-4.996736780512E-1,
-1.459421775227E0));
#8078=CARTESIAN_POINT('',(2.099308530489E0,-9.941762418077E-1,
-1.179488171849E0));
#8079=CARTESIAN_POINT('',(2.069826387631E0,-1.353777376827E0,
-7.395051927399E-1));
#8080=CARTESIAN_POINT('',(2.040344244774E0,-1.529676424225E0,
-1.991744695684E-1));
#8081=CARTESIAN_POINT('',(2.010862101917E0,-1.498005927247E0,
3.681831686448E-1));
#8082=CARTESIAN_POINT('',(1.981379959060E0,-1.263063098353E0,
8.855801356804E-1));
#8083=CARTESIAN_POINT('',(1.951897816203E0,-8.567286460526E-1,
1.282808091701E0));
#8084=CARTESIAN_POINT('',(1.922415673346E0,-3.341401954235E-1,
1.505965106684E0));
#8085=CARTESIAN_POINT('',(1.892933530489E0,2.337894856370E-1,1.524769834729E0));
#8086=CARTESIAN_POINT('',(1.863451387631E0,7.699950482726E-1,1.336670564605E0));
#8087=CARTESIAN_POINT('',(1.833969244774E0,1.201715953164E0,9.671914704440E-1));
#8088=CARTESIAN_POINT('',(1.804487101917E0,1.470369731558E0,4.664691041482E-1));
#8089=CARTESIAN_POINT('',(1.775004959060E0,1.539501346309E0,
-9.755089602549E-2));
#8090=CARTESIAN_POINT('',(1.745522816203E0,1.399729966839E0,
-6.483337046119E-1));
#8091=CARTESIAN_POINT('',(1.716040673346E0,1.070021903080E0,-1.111140719950E0));
#8092=CARTESIAN_POINT('',(1.686558530489E0,5.951169676381E-1,
-1.423171236160E0));
#8093=CARTESIAN_POINT('',(1.657076387631E0,3.945749648182E-2,
-1.542084199573E0));
#8094=CARTESIAN_POINT('',(1.627594244774E0,-5.215561688616E-1,
-1.451743687889E0));
#8095=CARTESIAN_POINT('',(1.598112101917E0,-1.011797148237E0,
-1.164408477908E0));
#8096=CARTESIAN_POINT('',(1.568629959060E0,-1.364742077615E0,
-7.190685879590E-1));
#8097=CARTESIAN_POINT('',(1.539147816203E0,-1.532498012493E0,
-1.761545182696E-1));
#8098=CARTESIAN_POINT('',(1.509665673346E0,-1.492301272164E0,
3.906628798583E-1));
#8099=CARTESIAN_POINT('',(1.480183530489E0,-1.249606362682E0,
9.044691873953E-1));
#8100=CARTESIAN_POINT('',(1.450701387631E0,-8.373458263883E-1,
1.295543337613E0));
#8101=CARTESIAN_POINT('',(1.421219244774E0,-3.114614529011E-1,
1.510818432493E0));
#8102=CARTESIAN_POINT('',(1.391737101917E0,2.566867550750E-1,1.521082667830E0));
#8103=CARTESIAN_POINT('',(1.362254959060E0,7.900037939580E-1,1.324943235816E0));
#8104=CARTESIAN_POINT('',(1.332772816203E0,1.216121083779E0,9.490153224216E-1));
#8105=CARTESIAN_POINT('',(1.303290673346E0,1.477216539519E0,4.443105535264E-1));
#8106=CARTESIAN_POINT('',(1.273808530489E0,1.537860752419E0,
-1.206850395495E-1));
#8107=CARTESIAN_POINT('',(1.244326387631E0,1.389824591868E0,
-6.693042480381E-1));
#8108=CARTESIAN_POINT('',(1.214844244774E0,1.053195859195E0,-1.127102060497E0));
#8109=CARTESIAN_POINT('',(1.185362101917E0,5.736534687872E-1,-1.431957496E0));
#8110=CARTESIAN_POINT('',(1.155879959060E0,1.626903714783E-2,
-1.542503125129E0));
#8111=CARTESIAN_POINT('',(1.126397816203E0,-5.433230252815E-1,
-1.443738432959E0));
#8112=CARTESIAN_POINT('',(1.096915673346E0,-1.029188743084E0,
-1.149065317426E0));
#8113=CARTESIAN_POINT('',(1.067433530489E0,-1.375398454372E0,
-6.984695156660E-1));
#8114=CARTESIAN_POINT('',(1.037951387631E0,-1.534973151629E0,
-1.530947300841E-1));
#8115=CARTESIAN_POINT('',(1.008469244774E0,-1.486259309098E0,
4.130542806007E-1));
#8116=CARTESIAN_POINT('',(9.789871019172E-1,-1.235867163E0,9.231537943488E-1));
#8117=CARTESIAN_POINT('',(9.495049590600E-1,-8.177737339962E-1,
1.307985738679E0));
#8118=CARTESIAN_POINT('',(9.200228162029E-1,-2.887123074404E-1,
1.515330253158E0));
#8119=CARTESIAN_POINT('',(8.905406733457E-1,2.795260030055E-1,
1.517051675536E0));
#8120=CARTESIAN_POINT('',(8.610585304886E-1,8.098339672840E-1,
1.312916417003E0));
#8121=CARTESIAN_POINT('',(8.315763876314E-1,1.230251322506E0,
9.306246590727E-1));
#8122=CARTESIAN_POINT('',(8.020942447743E-1,1.483729437608E0,
4.220515709939E-1));
#8123=CARTESIAN_POINT('',(7.726121019172E-1,1.535872540645E0,
-1.437919034398E-1));
#8124=CARTESIAN_POINT('',(7.431299590600E-1,1.379605061091E0,
-6.901235020018E-1));
#8125=CARTESIAN_POINT('',(7.136478162029E-1,1.036131751027E0,
-1.142808631012E0));
#8126=CARTESIAN_POINT('',(6.841656733457E-1,5.520603013664E-1,
-1.440420076319E0));
#8127=CARTESIAN_POINT('',(6.546835304886E-1,-6.923099638834E-3,
-1.542573383434E0));
#8128=CARTESIAN_POINT('',(6.252013876315E-1,-5.649670690169E-1,
-1.435406835560E0));
#8129=CARTESIAN_POINT('',(5.957192447743E-1,-1.046347700232E0,
-1.133462422277E0));
#8130=CARTESIAN_POINT('',(5.662371019172E-1,-1.385743936141E0,
-6.777125616324E-1));
#8131=CARTESIAN_POINT('',(5.367549590600E-1,-1.537101325830E0,
-1.300003355011E-1));
#8132=CARTESIAN_POINT('',(5.072728162029E-1,-1.479881391250E0,
4.353523113103E-1));
#8133=CARTESIAN_POINT('',(4.777906733457E-1,-1.221848611324E0,
9.416297439792E-1));
#8134=CARTESIAN_POINT('',(4.483085304886E-1,-7.980167798354E-1,
1.320132437014E0));
#8135=CARTESIAN_POINT('',(4.188263876314E-1,-2.658979473059E-1,
1.519499719551E0));
#8136=CARTESIAN_POINT('',(3.893442447743E-1,3.023022379327E-1,
1.512677131528E0));
#8137=CARTESIAN_POINT('',(3.598621019172E-1,8.294804475496E-1,
1.300595205926E0));
#8138=CARTESIAN_POINT('',(3.303799590600E-1,1.244105857427E0,
9.120147580300E-1));
#8139=CARTESIAN_POINT('',(3.107251971553E-1,1.407967328228E0,
5.704918035520E-1));
#8140=CARTESIAN_POINT('',(3.008978162029E-1,1.456211408392E0,
3.906576874453E-1));
#8141=CARTESIAN_POINT('',(2.191994138975E0,5.965829098784E-1,
-1.368499530376E0));
#8142=CARTESIAN_POINT('',(2.182166758023E0,4.275807292751E-1,
-1.442174245231E0));
#8143=CARTESIAN_POINT('',(2.162511996118E0,6.202976801520E-2,
-1.526164594846E0));
#8144=CARTESIAN_POINT('',(2.133029853261E0,-4.947627527603E-1,
-1.445078191362E0));
#8145=CARTESIAN_POINT('',(2.103547710404E0,-9.844052143071E-1,
-1.167895849603E0));
#8146=CARTESIAN_POINT('',(2.074065567546E0,-1.340472094099E0,
-7.322371397818E-1));
#8147=CARTESIAN_POINT('',(2.044583424689E0,-1.514642359056E0,
-1.972169301124E-1));
#8148=CARTESIAN_POINT('',(2.015101281832E0,-1.483283128114E0,
3.645645669172E-1));
#8149=CARTESIAN_POINT('',(1.985619138975E0,-1.250649379587E0,
8.768764194822E-1));
#8150=CARTESIAN_POINT('',(1.956136996118E0,-8.483084899383E-1,
1.270200313909E0));
#8151=CARTESIAN_POINT('',(1.926654853261E0,-3.308561770561E-1,
1.491164082626E0));
#8152=CARTESIAN_POINT('',(1.897172710404E0,2.314917406322E-1,1.509783992822E0));
#8153=CARTESIAN_POINT('',(1.867690567546E0,7.624273329364E-1,1.323533412160E0));
#8154=CARTESIAN_POINT('',(1.838208424689E0,1.189905170395E0,9.576856564256E-1));
#8155=CARTESIAN_POINT('',(1.808726281832E0,1.455918548278E0,4.618845222068E-1));
#8156=CARTESIAN_POINT('',(1.779244138975E0,1.524370719203E0,
-9.659213997431E-2));
#8157=CARTESIAN_POINT('',(1.749761996118E0,1.385973049882E0,
-6.419617091940E-1));
#8158=CARTESIAN_POINT('',(1.720279853261E0,1.059505444326E0,-1.100220134570E0));
#8159=CARTESIAN_POINT('',(1.690797710404E0,5.892680004104E-1,
-1.409183932197E0));
#8160=CARTESIAN_POINT('',(1.661315567546E0,3.906969775256E-2,
-1.526928187502E0));
#8161=CARTESIAN_POINT('',(1.631833424689E0,-5.164301766534E-1,
-1.437475566301E0));
#8162=CARTESIAN_POINT('',(1.602351281832E0,-1.001852937799E0,
-1.152964362889E0));
#8163=CARTESIAN_POINT('',(1.572869138975E0,-1.351329030903E0,
-7.120013913671E-1));
#8164=CARTESIAN_POINT('',(1.543386996118E0,-1.517436216008E0,
-1.744232249938E-1));
#8165=CARTESIAN_POINT('',(1.513904853261E0,-1.477634539893E0,
3.868233415732E-1));
#8166=CARTESIAN_POINT('',(1.484422710404E0,-1.237324900280E0,
8.955798245923E-1));
#8167=CARTESIAN_POINT('',(1.454940567546E0,-8.291161697609E-1,
1.282810394451E0));
#8168=CARTESIAN_POINT('',(1.425458424689E0,-3.084003272237E-1,
1.495969708663E0));
#8169=CARTESIAN_POINT('',(1.395976281832E0,2.541639696398E-1,1.506133064376E0));
#8170=CARTESIAN_POINT('',(1.366494138975E0,7.822394273681E-1,1.311921342665E0));
#8171=CARTESIAN_POINT('',(1.337011996118E0,1.204168723570E0,9.396881484016E-1));
#8172=CARTESIAN_POINT('',(1.307529853261E0,1.462698063996E0,4.399437516912E-1));
#8173=CARTESIAN_POINT('',(1.278047710404E0,1.522746249505E0,
-1.194989150066E-1));
#8174=CARTESIAN_POINT('',(1.248565567546E0,1.376165027560E0,
-6.627261485635E-1));
#8175=CARTESIAN_POINT('',(1.219083424689E0,1.042844771258E0,-1.116024602833E0));
#8176=CARTESIAN_POINT('',(1.189601281832E0,5.680154505128E-1,
-1.417883838348E0));
#8177=CARTESIAN_POINT('',(1.160119138975E0,1.610914074044E-2,
-1.527342995746E0));
#8178=CARTESIAN_POINT('',(1.130636996118E0,-5.379831026416E-1,
-1.429548989137E0));
#8179=CARTESIAN_POINT('',(1.101154853261E0,-1.019073603445E0,
-1.137771999054E0));
#8180=CARTESIAN_POINT('',(1.071672710404E0,-1.361880673965E0,
-6.916047722142E-1));
#8181=CARTESIAN_POINT('',(1.042190567546E0,-1.519887028821E0,
-1.515900745160E-1));
#8182=CARTESIAN_POINT('',(1.012708424689E0,-1.471651958840E0,
4.089946736967E-1));
#8183=CARTESIAN_POINT('',(9.832262818322E-1,-1.223720733093E0,
9.140807942784E-1));
#8184=CARTESIAN_POINT('',(9.537441389751E-1,-8.097364370783E-1,
1.295130508303E0));
#8185=CARTESIAN_POINT('',(9.242619961179E-1,-2.858747663917E-1,
1.500437185960E0));
#8186=CARTESIAN_POINT('',(8.947798532608E-1,2.767787473906E-1,
1.502141689743E0));
#8187=CARTESIAN_POINT('',(8.652977104036E-1,8.018747044969E-1,
1.300012726614E0));
#8188=CARTESIAN_POINT('',(8.358155675465E-1,1.218160086567E0,
9.214782333645E-1));
#8189=CARTESIAN_POINT('',(8.063334246893E-1,1.469146951597E0,
4.179035363362E-1));
#8190=CARTESIAN_POINT('',(7.768512818322E-1,1.520777578403E0,
-1.423786785167E-1));
#8191=CARTESIAN_POINT('',(7.473691389751E-1,1.366045937039E0,
-6.833407853835E-1));
#8192=CARTESIAN_POINT('',(7.178869961179E-1,1.025948373666E0,
-1.131576805012E0));
#8193=CARTESIAN_POINT('',(6.884048532608E-1,5.466345064622E-1,
-1.426263246185E0));
#8194=CARTESIAN_POINT('',(6.589227104036E-1,-6.855057581384E-3,
-1.527412563534E0));
#8195=CARTESIAN_POINT('',(6.294405675465E-1,-5.594144229807E-1,
-1.421299276885E0));
#8196=CARTESIAN_POINT('',(5.999584246893E-1,-1.036063917816E0,
-1.122322453292E0));
#8197=CARTESIAN_POINT('',(5.704762818322E-1,-1.372124477599E0,
-6.710518230242E-1));
#8198=CARTESIAN_POINT('',(5.409941389751E-1,-1.521994286762E0,
-1.287226577617E-1));
#8199=CARTESIAN_POINT('',(5.115119961179E-1,-1.465336724859E0,
4.310735534529E-1));
#8200=CARTESIAN_POINT('',(4.820298532608E-1,-1.209839959456E0,
9.323751573808E-1));
#8201=CARTESIAN_POINT('',(4.525477104036E-1,-7.901736594973E-1,
1.307157825669E0));
#8202=CARTESIAN_POINT('',(4.230655675465E-1,-2.632846318330E-1,
1.504565673732E0));
#8203=CARTESIAN_POINT('',(3.935834246893E-1,2.993311314466E-1,
1.497810139912E0));
#8204=CARTESIAN_POINT('',(3.641012818322E-1,8.213280939493E-1,
1.287812611663E0));
#8205=CARTESIAN_POINT('',(3.346191389751E-1,1.231878455448E0,
9.030512353597E-1));
#8206=CARTESIAN_POINT('',(3.149643770703E-1,1.394129452301E0,
5.648848589612E-1));
#8207=CARTESIAN_POINT('',(3.051369961179E-1,1.441899376863E0,
3.868182001926E-1));
#8208=B_SPLINE_SURFACE_WITH_KNOTS('',3,3,((#7873,#7874,#7875,#7876,#7877,#7878,
#7879,#7880,#7881,#7882,#7883,#7884,#7885,#7886,#7887,#7888,#7889,#7890,#7891,
#7892,#7893,#7894,#7895,#7896,#7897,#7898,#7899,#7900,#7901,#7902,#7903,#7904,
#7905,#7906,#7907,#7908,#7909,#7910,#7911,#7912,#7913,#7914,#7915,#7916,#7917,
#7918,#7919,#7920,#7921,#7922,#7923,#7924,#7925,#7926,#7927,#7928,#7929,#7930,
#7931,#7932,#7933,#7934,#7935,#7936,#7937,#7938,#7939),(#7940,#7941,#7942,#7943,
#7944,#7945,#7946,#7947,#7948,#7949,#7950,#7951,#7952,#7953,#7954,#7955,#7956,
#7957,#7958,#7959,#7960,#7961,#7962,#7963,#7964,#7965,#7966,#7967,#7968,#7969,
#7970,#7971,#7972,#7973,#7974,#7975,#7976,#7977,#7978,#7979,#7980,#7981,#7982,
#7983,#7984,#7985,#7986,#7987,#7988,#7989,#7990,#7991,#7992,#7993,#7994,#7995,
#7996,#7997,#7998,#7999,#8000,#8001,#8002,#8003,#8004,#8005,#8006),(#8007,#8008,
#8009,#8010,#8011,#8012,#8013,#8014,#8015,#8016,#8017,#8018,#8019,#8020,#8021,
#8022,#8023,#8024,#8025,#8026,#8027,#8028,#8029,#8030,#8031,#8032,#8033,#8034,
#8035,#8036,#8037,#8038,#8039,#8040,#8041,#8042,#8043,#8044,#8045,#8046,#8047,
#8048,#8049,#8050,#8051,#8052,#8053,#8054,#8055,#8056,#8057,#8058,#8059,#8060,
#8061,#8062,#8063,#8064,#8065,#8066,#8067,#8068,#8069,#8070,#8071,#8072,#8073),(
#8074,#8075,#8076,#8077,#8078,#8079,#8080,#8081,#8082,#8083,#8084,#8085,#8086,
#8087,#8088,#8089,#8090,#8091,#8092,#8093,#8094,#8095,#8096,#8097,#8098,#8099,
#8100,#8101,#8102,#8103,#8104,#8105,#8106,#8107,#8108,#8109,#8110,#8111,#8112,
#8113,#8114,#8115,#8116,#8117,#8118,#8119,#8120,#8121,#8122,#8123,#8124,#8125,
#8126,#8127,#8128,#8129,#8130,#8131,#8132,#8133,#8134,#8135,#8136,#8137,#8138,
#8139,#8140),(#8141,#8142,#8143,#8144,#8145,#8146,#8147,#8148,#8149,#8150,#8151,
#8152,#8153,#8154,#8155,#8156,#8157,#8158,#8159,#8160,#8161,#8162,#8163,#8164,
#8165,#8166,#8167,#8168,#8169,#8170,#8171,#8172,#8173,#8174,#8175,#8176,#8177,
#8178,#8179,#8180,#8181,#8182,#8183,#8184,#8185,#8186,#8187,#8188,#8189,#8190,
#8191,#8192,#8193,#8194,#8195,#8196,#8197,#8198,#8199,#8200,#8201,#8202,#8203,
#8204,#8205,#8206,#8207)),.UNSPECIFIED.,.F.,.F.,.F.,(4,1,4),(4,1,1,1,1,1,1,1,1,
1,1,1,1,1,1,1,1,1,1,1,1,1,1,1,1,1,1,1,1,1,1,1,1,1,1,1,1,1,1,1,1,1,1,1,1,1,1,1,1,
1,1,1,1,1,1,1,1,1,1,1,1,1,1,1,4),(-1.013773367433E-1,5.E-1,1.101967184197E0),(
-2.E-2,-3.75E-3,1.25E-2,2.875E-2,4.5E-2,6.125E-2,7.75E-2,9.375E-2,1.1E-1,
1.2625E-1,1.425E-1,1.5875E-1,1.75E-1,1.9125E-1,2.075E-1,2.2375E-1,2.4E-1,
2.5625E-1,2.725E-1,2.8875E-1,3.05E-1,3.2125E-1,3.375E-1,3.5375E-1,3.7E-1,
3.8625E-1,4.025E-1,4.1875E-1,4.35E-1,4.5125E-1,4.675E-1,4.8375E-1,5.E-1,
5.1625E-1,5.325E-1,5.4875E-1,5.65E-1,5.8125E-1,5.975E-1,6.1375E-1,6.3E-1,
6.4625E-1,6.625E-1,6.7875E-1,6.95E-1,7.1125E-1,7.275E-1,7.4375E-1,7.6E-1,
7.7625E-1,7.925E-1,8.0875E-1,8.25E-1,8.4125E-1,8.575E-1,8.7375E-1,8.9E-1,
9.0625E-1,9.225E-1,9.3875E-1,9.55E-1,9.7125E-1,9.875E-1,1.00375E0,1.02E0),
.UNSPECIFIED.);
#8209=ORIENTED_EDGE('',*,*,#7444,.F.);
#8211=ORIENTED_EDGE('',*,*,#8210,.T.);
#8212=ORIENTED_EDGE('',*,*,#7865,.T.);
#8214=ORIENTED_EDGE('',*,*,#8213,.F.);
#8215=ORIENTED_EDGE('',*,*,#6986,.T.);
#8216=EDGE_LOOP('',(#8209,#8211,#8212,#8214,#8215));
#8217=FACE_OUTER_BOUND('',#8216,.F.);
#8219=CARTESIAN_POINT('',(3.937732639274E0,-1.401461476186E0,
5.145268554352E-1));
#8220=CARTESIAN_POINT('',(3.927905258322E0,-1.337920233666E0,
6.875996554250E-1));
#8221=CARTESIAN_POINT('',(3.908250496417E0,-1.146003813449E0,1.009870006307E0));
#8222=CARTESIAN_POINT('',(3.878768353560E0,-7.026035298490E-1,
1.356291100314E0));
#8223=CARTESIAN_POINT('',(3.849286210703E0,-1.638682262829E-1,
1.518656529229E0));
#8224=CARTESIAN_POINT('',(3.819804067845E0,3.971045354210E-1,1.474951104239E0));
#8225=CARTESIAN_POINT('',(3.790321924988E0,9.041917506312E-1,1.231100881097E0));
#8226=CARTESIAN_POINT('',(3.760839782131E0,1.288584550209E0,8.201963951076E-1));
#8227=CARTESIAN_POINT('',(3.731357639274E0,1.498122543316E0,2.979950987840E-1));
#8228=CARTESIAN_POINT('',(3.701875496417E0,1.504372455332E0,
-2.646426934190E-1));
#8229=CARTESIAN_POINT('',(3.672393353560E0,1.306486194355E0,
-7.913697385896E-1));
#8230=CARTESIAN_POINT('',(3.642911210703E0,9.313159850315E-1,
-1.210711681191E0));
#8231=CARTESIAN_POINT('',(3.613429067845E0,4.297706357913E-1,
-1.465765820214E0));
#8232=CARTESIAN_POINT('',(3.583946924988E0,-1.300925400666E-1,
-1.521922524329E0));
#8233=CARTESIAN_POINT('',(3.554464782131E0,-6.723027783699E-1,
-1.371561596595E0));
#8234=CARTESIAN_POINT('',(3.524982639274E0,-1.123284734369E0,
-1.035086298135E0));
#8235=CARTESIAN_POINT('',(3.495500496417E0,-1.421842306371E0,
-5.581547230541E-1));
#8236=CARTESIAN_POINT('',(3.466018353560E0,-1.527462655015E0,
-5.484212657653E-3));
#8237=CARTESIAN_POINT('',(3.436536210703E0,-1.425813602459E0,
5.479304792543E-1));
#8238=CARTESIAN_POINT('',(3.407054067845E0,-1.130688440597E0,1.026993616998E0));
#8239=CARTESIAN_POINT('',(3.377571924988E0,-6.821342470936E-1,
1.366698616373E0));
#8240=CARTESIAN_POINT('',(3.348089782131E0,-1.410176878471E-1,
1.520949128264E0));
#8241=CARTESIAN_POINT('',(3.318607639274E0,4.192342994392E-1,1.468814093487E0));
#8242=CARTESIAN_POINT('',(3.289125496417E0,9.225981906914E-1,1.217367987745E0));
#8243=CARTESIAN_POINT('',(3.259643353560E0,1.300769905294E0,8.007308489972E-1));
#8244=CARTESIAN_POINT('',(3.230161210703E0,1.502433344238E0,2.754383509520E-1));
#8245=CARTESIAN_POINT('',(3.200679067845E0,1.500223740146E0,
-2.872298183621E-1));
#8246=CARTESIAN_POINT('',(3.171196924988E0,1.294440925760E0,
-8.109222704871E-1));
#8247=CARTESIAN_POINT('',(3.141714782131E0,9.130086480694E-1,
-1.224576435999E0));
#8248=CARTESIAN_POINT('',(3.112232639274E0,4.076854489518E-1,
-1.472061416438E0));
#8249=CARTESIAN_POINT('',(3.082750496417E0,-1.529587222396E-1,
-1.519794679667E0));
#8250=CARTESIAN_POINT('',(3.053268353560E0,-6.928471239445E-1,
-1.361299049399E0));
#8251=CARTESIAN_POINT('',(3.023786210703E0,-1.138719473583E0,
-1.018081627148E0));
#8252=CARTESIAN_POINT('',(2.994304067845E0,-1.430073018688E0,
-5.367153810683E-1));
#8253=CARTESIAN_POINT('',(2.964821924988E0,-1.527372472006E0,
1.748058381532E-2));
#8254=CARTESIAN_POINT('',(2.935339782131E0,-1.417414761530E0,
5.693045168014E-1));
#8255=CARTESIAN_POINT('',(2.905857639274E0,-1.115120624425E0,1.043876540610E0));
#8256=CARTESIAN_POINT('',(2.876375496417E0,-6.615099341260E-1,
1.376799493792E0));
#8257=CARTESIAN_POINT('',(2.846893353560E0,-1.181354990415E-1,
1.522897318574E0));
#8258=CARTESIAN_POINT('',(2.817411210703E0,4.412693601365E-1,1.462345236549E0));
#8259=CARTESIAN_POINT('',(2.787929067845E0,9.407960705801E-1,1.203359876610E0));
#8260=CARTESIAN_POINT('',(2.758446924988E0,1.312661238818E0,7.810843175724E-1));
#8261=CARTESIAN_POINT('',(2.728964782131E0,1.506404534123E0,2.528193399011E-1));
#8262=CARTESIAN_POINT('',(2.699482639274E0,1.495735914853E0,
-3.097520170594E-1));
#8263=CARTESIAN_POINT('',(2.670000496417E0,1.282103061789E0,
-8.302915018261E-1));
#8264=CARTESIAN_POINT('',(2.640518353560E0,8.944949347499E-1,
-1.238164387616E0));
#8265=CARTESIAN_POINT('',(2.611036210703E0,3.855081089300E-1,
-1.478024268070E0));
#8266=CARTESIAN_POINT('',(2.581554067845E0,-1.757903296375E-1,
-1.517323300770E0));
#8267=CARTESIAN_POINT('',(2.552071924988E0,-7.132348584278E-1,
-1.350728794310E0));
#8268=CARTESIAN_POINT('',(2.522589782131E0,-1.153896816767E0,
-1.000846829095E0));
#8269=CARTESIAN_POINT('',(2.493107639274E0,-1.437980477448E0,
-5.151547199937E-1));
#8270=CARTESIAN_POINT('',(2.463625496417E0,-1.526937041883E0,
4.044142897880E-2));
#8271=CARTESIAN_POINT('',(2.434143353560E0,-1.408695528317E0,
5.905498688154E-1));
#8272=CARTESIAN_POINT('',(2.404661210703E0,-1.099300746500E0,1.060523506474E0));
#8273=CARTESIAN_POINT('',(2.375179067845E0,-6.407360935370E-1,
1.386589159605E0));
#8274=CARTESIAN_POINT('',(2.345696924988E0,-9.522660684303E-2,
1.524501273301E0));
#8275=CARTESIAN_POINT('',(2.316214782131E0,4.632046761414E-1,1.455545831362E0));
#8276=CARTESIAN_POINT('',(2.286732639274E0,9.587812938148E-1,1.189079757700E0));
#8277=CARTESIAN_POINT('',(2.257250496417E0,1.324255855578E0,7.612612315475E-1));
#8278=CARTESIAN_POINT('',(2.227768353560E0,1.510035227513E0,2.301431755553E-1));
#8279=CARTESIAN_POINT('',(2.198286210703E0,1.490909952408E0,
-3.322041769104E-1));
#8280=CARTESIAN_POINT('',(2.168804067845E0,1.269475544993E0,
-8.494731382533E-1));
#8281=CARTESIAN_POINT('',(2.139321924988E0,8.757784565828E-1,
-1.251472150845E0));
#8282=CARTESIAN_POINT('',(2.109839782131E0,3.632457683013E-1,
-1.483654198511E0));
#8283=CARTESIAN_POINT('',(2.080357639274E0,-1.985901865256E-1,
-1.514504575065E0));
#8284=CARTESIAN_POINT('',(2.060702877369E0,-5.551511105161E-1,
-1.398081214482E0));
#8285=CARTESIAN_POINT('',(2.050875496417E0,-7.168735046921E-1,
-1.309551271416E0));
#8286=CARTESIAN_POINT('',(3.941988762503E0,-1.415349857603E0,
5.196257791936E-1));
#8287=CARTESIAN_POINT('',(3.932161381550E0,-1.351178925986E0,
6.944137180580E-1));
#8288=CARTESIAN_POINT('',(3.912506619645E0,-1.157360627986E0,1.019877744705E0));
#8289=CARTESIAN_POINT('',(3.883024476788E0,-7.095662797876E-1,
1.369731846587E0));
#8290=CARTESIAN_POINT('',(3.853542333931E0,-1.654921485008E-1,
1.533706305108E0));
#8291=CARTESIAN_POINT('',(3.824060191074E0,4.010398125185E-1,1.489567762531E0));
#8292=CARTESIAN_POINT('',(3.794578048217E0,9.131522251929E-1,1.243301001392E0));
#8293=CARTESIAN_POINT('',(3.765095905360E0,1.301354329489E0,8.283244817981E-1));
#8294=CARTESIAN_POINT('',(3.735613762503E0,1.512968828885E0,3.009482085645E-1));
#8295=CARTESIAN_POINT('',(3.706131619645E0,1.519280677076E0,
-2.672652832853E-1));
#8296=CARTESIAN_POINT('',(3.676649476788E0,1.319433377628E0,
-7.992121552082E-1));
#8297=CARTESIAN_POINT('',(3.647167333931E0,9.405452587857E-1,
-1.222709745997E0));
#8298=CARTESIAN_POINT('',(3.617685191074E0,4.340296315703E-1,
-1.480291453009E0));
#8299=CARTESIAN_POINT('',(3.588203048217E0,-1.313817476878E-1,
-1.537004665981E0));
#8300=CARTESIAN_POINT('',(3.558720905360E0,-6.789652500627E-1,
-1.385153672377E0));
#8301=CARTESIAN_POINT('',(3.529238762503E0,-1.134416404483E0,
-1.045343928154E0));
#8302=CARTESIAN_POINT('',(3.499756619645E0,-1.435932660334E0,
-5.636859958112E-1));
#8303=CARTESIAN_POINT('',(3.470274476788E0,-1.542599698960E0,
-5.538560806678E-3));
#8304=CARTESIAN_POINT('',(3.440792333931E0,-1.439943311678E0,
5.533604304981E-1));
#8305=CARTESIAN_POINT('',(3.411310191074E0,-1.141893480902E0,1.037171049134E0));
#8306=CARTESIAN_POINT('',(3.381828048217E0,-6.888941479271E-1,
1.380242500374E0));
#8307=CARTESIAN_POINT('',(3.352345905360E0,-1.424151628891E-1,
1.536021623633E0));
#8308=CARTESIAN_POINT('',(3.322863762503E0,4.233888808905E-1,1.483369934449E0));
#8309=CARTESIAN_POINT('',(3.293381619645E0,9.317410717369E-1,1.229432016065E0));
#8310=CARTESIAN_POINT('',(3.263899476788E0,1.313660440558E0,8.086660335399E-1));
#8311=CARTESIAN_POINT('',(3.234417333931E0,1.517322349532E0,2.781679250001E-1));
#8312=CARTESIAN_POINT('',(3.204935191074E0,1.515090848424E0,
-2.900762449956E-1));
#8313=CARTESIAN_POINT('',(3.175453048217E0,1.307268741297E0,
-8.189584512764E-1));
#8314=CARTESIAN_POINT('',(3.145970905360E0,9.220564974443E-1,
-1.236711899518E0));
#8315=CARTESIAN_POINT('',(3.116488762503E0,4.117255821337E-1,
-1.486649438134E0));
#8316=CARTESIAN_POINT('',(3.087006619645E0,-1.544745320650E-1,
-1.534855734534E0));
#8317=CARTESIAN_POINT('',(3.057524476788E0,-6.997131886094E-1,
-1.374789424084E0));
#8318=CARTESIAN_POINT('',(3.028042333931E0,-1.150004100842E0,
-1.028170742112E0));
#8319=CARTESIAN_POINT('',(2.998560191074E0,-1.444244938412E0,
-5.420341915038E-1));
#8320=CARTESIAN_POINT('',(2.969078048217E0,-1.542508622245E0,
1.765381513101E-2));
#8321=CARTESIAN_POINT('',(2.939595905360E0,-1.431461238846E0,
5.749462832045E-1));
#8322=CARTESIAN_POINT('',(2.910113762503E0,-1.126171388803E0,1.054221281292E0));
#8323=CARTESIAN_POINT('',(2.880631619645E0,-6.680654495163E-1,
1.390443476755E0));
#8324=CARTESIAN_POINT('',(2.851149476788E0,-1.193062132547E-1,
1.537989120367E0));
#8325=CARTESIAN_POINT('',(2.821667333931E0,4.456423074385E-1,1.476836971608E0));
#8326=CARTESIAN_POINT('',(2.792185191074E0,9.501192912933E-1,1.215285085566E0));
#8327=CARTESIAN_POINT('',(2.762703048217E0,1.325669616334E0,7.888248064159E-1));
#8328=CARTESIAN_POINT('',(2.733220905360E0,1.521332893620E0,2.553247611929E-1));
#8329=CARTESIAN_POINT('',(2.703738762503E0,1.510558549108E0,
-3.128216370458E-1));
#8330=CARTESIAN_POINT('',(2.674256619645E0,1.294808609990E0,
-8.385196302909E-1));
#8331=CARTESIAN_POINT('',(2.644774476788E0,9.033593145707E-1,
-1.250434506748E0));
#8332=CARTESIAN_POINT('',(2.615292333931E0,3.893284662834E-1,
-1.492671381192E0));
#8333=CARTESIAN_POINT('',(2.585810191074E0,-1.775323990335E-1,
-1.532359864451E0));
#8334=CARTESIAN_POINT('',(2.556328048217E0,-7.203029640603E-1,
-1.364114418535E0));
#8335=CARTESIAN_POINT('',(2.526845905360E0,-1.165331850393E0,
-1.010765148463E0));
#8336=CARTESIAN_POINT('',(2.497363762503E0,-1.452230759514E0,
-5.202598658443E-1));
#8337=CARTESIAN_POINT('',(2.467881619645E0,-1.542068877041E0,
4.084220060202E-2));
#8338=CARTESIAN_POINT('',(2.438399476788E0,-1.422655598665E0,
5.964021751136E-1));
#8339=CARTESIAN_POINT('',(2.408917333931E0,-1.110194737037E0,1.071033217380E0));
#8340=CARTESIAN_POINT('',(2.379435191074E0,-6.470857416763E-1,
1.400330157445E0));
#8341=CARTESIAN_POINT('',(2.349953048217E0,-9.617029559890E-2,
1.539608970169E0));
#8342=CARTESIAN_POINT('',(2.320470905360E0,4.677950008315E-1,1.469970184810E0));
#8343=CARTESIAN_POINT('',(2.290988762503E0,9.682827467838E-1,1.200863451716E0));
#8344=CARTESIAN_POINT('',(2.261506619645E0,1.337379134903E0,7.688052750486E-1));
#8345=CARTESIAN_POINT('',(2.232024476788E0,1.524999566917E0,2.324238777058E-1));
#8346=CARTESIAN_POINT('',(2.202542333931E0,1.505684761726E0,
-3.354962961699E-1));
#8347=CARTESIAN_POINT('',(2.173060191074E0,1.282055955420E0,
-8.578913553415E-1));
#8348=CARTESIAN_POINT('',(2.143578048217E0,8.844573574646E-1,
-1.263874148944E0));
#8349=CARTESIAN_POINT('',(2.114095905360E0,3.668455074764E-1,
-1.498357103835E0));
#8350=CARTESIAN_POINT('',(2.084613762503E0,-2.005582008470E-1,
-1.529513205379E0));
#8351=CARTESIAN_POINT('',(2.064959000598E0,-5.606526176912E-1,
-1.411936097751E0));
#8352=CARTESIAN_POINT('',(2.055131619645E0,-7.239776690448E-1,
-1.322528829381E0));
#8353=CARTESIAN_POINT('',(3.972014717924E0,-1.434734857708E0,
5.267427091389E-1));
#8354=CARTESIAN_POINT('',(3.962187336972E0,-1.369685024307E0,
7.039245891163E-1));
#8355=CARTESIAN_POINT('',(3.942532575067E0,-1.173212140441E0,1.033846255800E0));
#8356=CARTESIAN_POINT('',(3.913050432210E0,-7.192846842759E-1,
1.388492050538E0));
#8357=CARTESIAN_POINT('',(3.883568289353E0,-1.677587720490E-1,
1.554712345930E0));
#8358=CARTESIAN_POINT('',(3.854086146496E0,4.065325581929E-1,1.509969270384E0));
#8359=CARTESIAN_POINT('',(3.824604003638E0,9.256589957887E-1,1.260329575574E0));
#8360=CARTESIAN_POINT('',(3.795121860781E0,1.319178017165E0,8.396694295373E-1));
#8361=CARTESIAN_POINT('',(3.765639717924E0,1.533690843835E0,3.050700735744E-1));
#8362=CARTESIAN_POINT('',(3.736157575067E0,1.540089140741E0,
-2.709258181819E-1));
#8363=CARTESIAN_POINT('',(3.706675432210E0,1.337504680655E0,
-8.101583729437E-1));
#8364=CARTESIAN_POINT('',(3.677193289353E0,9.534272115008E-1,
-1.239456296984E0));
#8365=CARTESIAN_POINT('',(3.647711146496E0,4.399742143946E-1,
-1.500565910111E0));
#8366=CARTESIAN_POINT('',(3.618229003638E0,-1.331811863065E-1,
-1.558055882013E0));
#8367=CARTESIAN_POINT('',(3.588746860781E0,-6.882645348815E-1,
-1.404125097669E0));
#8368=CARTESIAN_POINT('',(3.559264717924E0,-1.149953666880E0,
-1.059661230726E0));
#8369=CARTESIAN_POINT('',(3.529782575067E0,-1.455599567864E0,
-5.714063859534E-1));
#8370=CARTESIAN_POINT('',(3.500300432210E0,-1.563727546020E0,
-5.614418377332E-3));
#8371=CARTESIAN_POINT('',(3.470818289353E0,-1.459665150133E0,
5.609393990097E-1));
#8372=CARTESIAN_POINT('',(3.441336146496E0,-1.157533151283E0,1.051376413829E0));
#8373=CARTESIAN_POINT('',(3.411854003638E0,-6.983294215159E-1,
1.399146660976E0));
#8374=CARTESIAN_POINT('',(3.382371860781E0,-1.443657180348E-1,
1.557059375660E0));
#8375=CARTESIAN_POINT('',(3.352889717924E0,4.291877252233E-1,1.503686555234E0));
#8376=CARTESIAN_POINT('',(3.323407575067E0,9.445024400142E-1,1.246270637014E0));
#8377=CARTESIAN_POINT('',(3.293925432210E0,1.331652675935E0,8.197417340541E-1));
#8378=CARTESIAN_POINT('',(3.264443289353E0,1.538103991433E0,2.819777853160E-1));
#8379=CARTESIAN_POINT('',(3.234961146496E0,1.535841927105E0,
-2.940492047622E-1));
#8380=CARTESIAN_POINT('',(3.205479003638E0,1.325173434297E0,
-8.301751194234E-1));
#8381=CARTESIAN_POINT('',(3.175996860781E0,9.346852232709E-1,
-1.253650227645E0));
#8382=CARTESIAN_POINT('',(3.146514717924E0,4.173646828906E-1,
-1.507010975856E0));
#8383=CARTESIAN_POINT('',(3.117032575067E0,-1.565902554703E-1,
-1.555877518241E0));
#8384=CARTESIAN_POINT('',(3.087550432210E0,-7.092966425959E-1,
-1.393618897934E0));
#8385=CARTESIAN_POINT('',(3.058068289353E0,-1.165754856386E0,
-1.042252836258E0));
#8386=CARTESIAN_POINT('',(3.028586146496E0,-1.464025693067E0,
-5.494580328976E-1));
#8387=CARTESIAN_POINT('',(2.999104003638E0,-1.563635221894E0,
1.789560637884E-2));
#8388=CARTESIAN_POINT('',(2.969621860781E0,-1.451066904623E0,
5.828208971742E-1));
#8389=CARTESIAN_POINT('',(2.940139717924E0,-1.141595725318E0,1.068660170405E0));
#8390=CARTESIAN_POINT('',(2.910657575067E0,-6.772154478294E-1,
1.409487352585E0));
#8391=CARTESIAN_POINT('',(2.881175432210E0,-1.209402622103E-1,
1.559053819742E0));
#8392=CARTESIAN_POINT('',(2.851693289353E0,4.517459404946E-1,1.497064115234E0));
#8393=CARTESIAN_POINT('',(2.822211146496E0,9.631323724501E-1,1.231929946472E0));
#8394=CARTESIAN_POINT('',(2.792729003638E0,1.343826332509E0,7.996287563182E-1));
#8395=CARTESIAN_POINT('',(2.763246860781E0,1.542169464977E0,2.588217555905E-1));
#8396=CARTESIAN_POINT('',(2.733764717924E0,1.531247552238E0,
-3.171061236232E-1));
#8397=CARTESIAN_POINT('',(2.704282575067E0,1.312542645788E0,
-8.500042134379E-1));
#8398=CARTESIAN_POINT('',(2.674800432210E0,9.157319589133E-1,
-1.267560783276E0));
#8399=CARTESIAN_POINT('',(2.645318289353E0,3.946608103110E-1,
-1.513115397014E0));
#8400=CARTESIAN_POINT('',(2.615836146496E0,-1.799639289874E-1,
-1.553347464072E0));
#8401=CARTESIAN_POINT('',(2.586354003638E0,-7.301684209715E-1,
-1.382797684729E0));
#8402=CARTESIAN_POINT('',(2.556871860781E0,-1.181292538786E0,
-1.024608851067E0));
#8403=CARTESIAN_POINT('',(2.527389717924E0,-1.472120890054E0,
-5.273854804054E-1));
#8404=CARTESIAN_POINT('',(2.497907575067E0,-1.563189453825E0,
4.140158601385E-2));
#8405=CARTESIAN_POINT('',(2.468425432210E0,-1.442140660102E0,
6.045706545645E-1));
#8406=CARTESIAN_POINT('',(2.438943289353E0,-1.125400253170E0,1.085702367145E0));
#8407=CARTESIAN_POINT('',(2.409461146496E0,-6.559483964492E-1,
1.419509443828E0));
#8408=CARTESIAN_POINT('',(2.379979003638E0,-9.748746900329E-2,
1.560695855429E0));
#8409=CARTESIAN_POINT('',(2.350496860781E0,4.742020429433E-1,1.490103279136E0));
#8410=CARTESIAN_POINT('',(2.321014717924E0,9.815445993553E-1,1.217310790169E0));
#8411=CARTESIAN_POINT('',(2.291532575067E0,1.355696227693E0,7.793350322376E-1));
#8412=CARTESIAN_POINT('',(2.262050432210E0,1.545886357987E0,2.356072156414E-1));
#8413=CARTESIAN_POINT('',(2.232568289353E0,1.526307012196E0,
-3.400913407815E-1));
#8414=CARTESIAN_POINT('',(2.203086146496E0,1.299615327541E0,
-8.696412586779E-1));
#8415=CARTESIAN_POINT('',(2.173604003638E0,8.965711156820E-1,
-1.281184498311E0));
#8416=CARTESIAN_POINT('',(2.144121860781E0,3.718699190471E-1,
-1.518878992794E0));
#8417=CARTESIAN_POINT('',(2.114639717924E0,-2.033050981768E-1,
-1.550461816416E0));
#8418=CARTESIAN_POINT('',(2.094984956019E0,-5.683314618970E-1,
-1.431274342113E0));
#8419=CARTESIAN_POINT('',(2.085157575067E0,-7.338934556721E-1,
-1.340642528520E0));
#8420=CARTESIAN_POINT('',(4.002040673346E0,-1.415330844261E0,
5.196187987127E-1));
#8421=CARTESIAN_POINT('',(3.992213292393E0,-1.351160774695E0,
6.944043895338E-1));
#8422=CARTESIAN_POINT('',(3.972558530489E0,-1.157345080386E0,1.019864044005E0));
#8423=CARTESIAN_POINT('',(3.943076387631E0,-7.095567477088E-1,
1.369713446063E0));
#8424=CARTESIAN_POINT('',(3.913594244774E0,-1.654899253340E-1,
1.533685701804E0));
#8425=CARTESIAN_POINT('',(3.884112101917E0,4.010344250823E-1,1.489547752170E0));
#8426=CARTESIAN_POINT('',(3.854629959060E0,9.131399582079E-1,1.243284299298E0));
#8427=CARTESIAN_POINT('',(3.825147816203E0,1.301336847525E0,8.283133543609E-1));
#8428=CARTESIAN_POINT('',(3.795665673346E0,1.512948504163E0,3.009441657258E-1));
#8429=CARTESIAN_POINT('',(3.766183530489E0,1.519260267562E0,
-2.672616929318E-1));
#8430=CARTESIAN_POINT('',(3.736701387631E0,1.319415652797E0,
-7.992014188564E-1));
#8431=CARTESIAN_POINT('',(3.707219244774E0,9.405326238117E-1,
-1.222693320519E0));
#8432=CARTESIAN_POINT('',(3.677737101917E0,4.340238009598E-1,
-1.480271567263E0));
#8433=CARTESIAN_POINT('',(3.648254959060E0,-1.313799827488E-1,
-1.536984018369E0));
#8434=CARTESIAN_POINT('',(3.618772816203E0,-6.789561290680E-1,
-1.385135064681E0));
#8435=CARTESIAN_POINT('',(3.589290673346E0,-1.134401165108E0,
-1.045329885349E0));
#8436=CARTESIAN_POINT('',(3.559808530489E0,-1.435913370490E0,
-5.636784234399E-1));
#8437=CARTESIAN_POINT('',(3.530326387631E0,-1.542578976186E0,
-5.538486403484E-3));
#8438=CARTESIAN_POINT('',(3.500844244774E0,-1.439923967956E0,
5.533529968370E-1));
#8439=CARTESIAN_POINT('',(3.471362101917E0,-1.141878141082E0,1.037157116121E0));
#8440=CARTESIAN_POINT('',(3.441879959060E0,-6.888848935509E-1,
1.380223958653E0));
#8441=CARTESIAN_POINT('',(3.412397816203E0,-1.424132497309E-1,
1.536000989226E0));
#8442=CARTESIAN_POINT('',(3.382915673346E0,4.233831932242E-1,1.483350007348E0));
#8443=CARTESIAN_POINT('',(3.353433530489E0,9.317285550355E-1,1.229415500282E0));
#8444=CARTESIAN_POINT('',(3.323951387631E0,1.313642793278E0,8.086551701878E-1));
#8445=CARTESIAN_POINT('',(3.294469244774E0,1.517301966325E0,2.781641881842E-1));
#8446=CARTESIAN_POINT('',(3.264987101917E0,1.515070495194E0,
-2.900723482072E-1));
#8447=CARTESIAN_POINT('',(3.235504959060E0,1.307251179881E0,
-8.189474496594E-1));
#8448=CARTESIAN_POINT('',(3.206022816203E0,9.220441108422E-1,
-1.236695285939E0));
#8449=CARTESIAN_POINT('',(3.176540673346E0,4.117200511484E-1,
-1.486629466977E0));
#8450=CARTESIAN_POINT('',(3.147058530489E0,-1.544724569052E-1,
-1.534835115789E0));
#8451=CARTESIAN_POINT('',(3.117576387631E0,-6.997037888938E-1,
-1.374770955618E0));
#8452=CARTESIAN_POINT('',(3.088094244774E0,-1.149988652067E0,
-1.028156930006E0));
#8453=CARTESIAN_POINT('',(3.058612101917E0,-1.444225536903E0,
-5.420269099958E-1));
#8454=CARTESIAN_POINT('',(3.029129959060E0,-1.542487900694E0,
1.765357797549E-2));
#8455=CARTESIAN_POINT('',(2.999647816203E0,-1.431442009069E0,
5.749385595663E-1));
#8456=CARTESIAN_POINT('',(2.970165673346E0,-1.126156260189E0,1.054207119232E0));
#8457=CARTESIAN_POINT('',(2.940683530489E0,-6.680564749460E-1,
1.390424797997E0));
#8458=CARTESIAN_POINT('',(2.911201387631E0,-1.193046105345E-1,
1.537968459530E0));
#8459=CARTESIAN_POINT('',(2.881719244774E0,4.456363208271E-1,1.476817132269E0));
#8460=CARTESIAN_POINT('',(2.852237101917E0,9.501065277050E-1,1.215268759829E0));
#8461=CARTESIAN_POINT('',(2.822754959060E0,1.325651807727E0,7.888142096043E-1));
#8462=CARTESIAN_POINT('',(2.793272816203E0,1.521312456537E0,2.553213312445E-1));
#8463=CARTESIAN_POINT('',(2.763790673346E0,1.510538256764E0,
-3.128174347034E-1));
#8464=CARTESIAN_POINT('',(2.734308530489E0,1.294791215960E0,
-8.385083658954E-1));
#8465=CARTESIAN_POINT('',(2.704826387631E0,9.033471791404E-1,
-1.250417708824E0));
#8466=CARTESIAN_POINT('',(2.675344244774E0,3.893232361736E-1,
-1.492651329138E0));
#8467=CARTESIAN_POINT('',(2.645862101917E0,-1.775300141219E-1,
-1.532339279236E0));
#8468=CARTESIAN_POINT('',(2.616379959060E0,-7.202932877485E-1,
-1.364096093473E0));
#8469=CARTESIAN_POINT('',(2.586897816203E0,-1.165316195711E0,
-1.010751570178E0));
#8470=CARTESIAN_POINT('',(2.557415673346E0,-1.452211250727E0,
-5.202528768453E-1));
#8471=CARTESIAN_POINT('',(2.527933530489E0,-1.542048161397E0,
4.084165194140E-2));
#8472=CARTESIAN_POINT('',(2.498451387631E0,-1.422636487180E0,
5.963941632440E-1));
#8473=CARTESIAN_POINT('',(2.468969244774E0,-1.110179823048E0,1.071018829473E0));
#8474=CARTESIAN_POINT('',(2.439487101917E0,-6.470770489404E-1,
1.400311345873E0));
#8475=CARTESIAN_POINT('',(2.410004959060E0,-9.616900367895E-2,
1.539588287571E0));
#8476=CARTESIAN_POINT('',(2.380522816203E0,4.677887166281E-1,1.469950437716E0));
#8477=CARTESIAN_POINT('',(2.351040673346E0,9.682697391935E-1,1.200847319713E0));
#8478=CARTESIAN_POINT('',(2.321558530489E0,1.337361168994E0,7.687949471728E-1));
#8479=CARTESIAN_POINT('',(2.292076387631E0,1.524979080578E0,2.324207554003E-1));
#8480=CARTESIAN_POINT('',(2.262594244774E0,1.505664534855E0,
-3.354917892236E-1));
#8481=CARTESIAN_POINT('',(2.233112101917E0,1.282038732704E0,
-8.578798307127E-1));
#8482=CARTESIAN_POINT('',(2.203629959060E0,8.844454759570E-1,
-1.263857170477E0));
#8483=CARTESIAN_POINT('',(2.174147816203E0,3.668405793951E-1,
-1.498336975401E0));
#8484=CARTESIAN_POINT('',(2.144665673346E0,-2.005555066145E-1,
-1.529492658405E0));
#8485=CARTESIAN_POINT('',(2.125010911441E0,-5.606450860693E-1,
-1.411917130268E0));
#8486=CARTESIAN_POINT('',(2.115183530489E0,-7.239679433682E-1,
-1.322511062966E0));
#8487=CARTESIAN_POINT('',(4.006279853261E0,-1.401420597747E0,
5.145118474916E-1));
#8488=CARTESIAN_POINT('',(3.996452472308E0,-1.337881208626E0,
6.875795992186E-1));
#8489=CARTESIAN_POINT('',(3.976797710404E0,-1.145970386310E0,1.009840549978E0));
#8490=CARTESIAN_POINT('',(3.947315567546E0,-7.025830360030E-1,
1.356251539424E0));
#8491=CARTESIAN_POINT('',(3.917833424689E0,-1.638634465031E-1,
1.518612232394E0));
#8492=CARTESIAN_POINT('',(3.888351281832E0,3.970929525029E-1,1.474908082223E0));
#8493=CARTESIAN_POINT('',(3.858869138975E0,9.041653767722E-1,1.231064971810E0));
#8494=CARTESIAN_POINT('',(3.829386996118E0,1.288546964213E0,8.201724712617E-1));
#8495=CARTESIAN_POINT('',(3.799904853261E0,1.498078845424E0,2.979864067331E-1));
#8496=CARTESIAN_POINT('',(3.770422710404E0,1.504328575141E0,
-2.646349742056E-1));
#8497=CARTESIAN_POINT('',(3.740940567546E0,1.306448086196E0,
-7.913466555722E-1));
#8498=CARTESIAN_POINT('',(3.711458424689E0,9.312888200010E-1,
-1.210676366625E0));
#8499=CARTESIAN_POINT('',(3.681976281832E0,4.297581000541E-1,
-1.465723066118E0));
#8500=CARTESIAN_POINT('',(3.652494138975E0,-1.300887454707E-1,
-1.521878132229E0));
#8501=CARTESIAN_POINT('',(3.623011996118E0,-6.722831683495E-1,
-1.371521590288E0));
#8502=CARTESIAN_POINT('',(3.593529853261E0,-1.123251969910E0,
-1.035056106287E0));
#8503=CARTESIAN_POINT('',(3.564047710404E0,-1.421800833455E0,
-5.581384425539E-1));
#8504=CARTESIAN_POINT('',(3.534565567546E0,-1.527418101319E0,
-5.484052691749E-3));
#8505=CARTESIAN_POINT('',(3.505083424689E0,-1.425772013707E0,
5.479144969793E-1));
#8506=CARTESIAN_POINT('',(3.475601281832E0,-1.130655460183E0,1.026963661201E0));
#8507=CARTESIAN_POINT('',(3.446119138975E0,-6.821143503046E-1,
1.366658751912E0));
#8508=CARTESIAN_POINT('',(3.416636996118E0,-1.410135745817E-1,
1.520904764557E0));
#8509=CARTESIAN_POINT('',(3.387154853261E0,4.192220710305E-1,1.468771250478E0));
#8510=CARTESIAN_POINT('',(3.357672710404E0,9.225712799453E-1,1.217332479025E0));
#8511=CARTESIAN_POINT('',(3.328190567546E0,1.300731963870E0,8.007074929309E-1));
#8512=CARTESIAN_POINT('',(3.298708424689E0,1.502389520608E0,2.754303168461E-1));
#8513=CARTESIAN_POINT('',(3.269226281832E0,1.500179980966E0,
-2.872214403175E-1));
#8514=CARTESIAN_POINT('',(3.239744138975E0,1.294403168943E0,
-8.108986171530E-1));
#8515=CARTESIAN_POINT('',(3.210261996118E0,9.129820170353E-1,
-1.224540717020E0));
#8516=CARTESIAN_POINT('',(3.180779853261E0,4.076735574050E-1,
-1.472018478710E0));
#8517=CARTESIAN_POINT('',(3.151297710404E0,-1.529542606730E-1,
-1.519750349634E0));
#8518=CARTESIAN_POINT('',(3.121815567546E0,-6.928269146777E-1,
-1.361259342435E0));
#8519=CARTESIAN_POINT('',(3.092333424689E0,-1.138686258918E0,
-1.018051931299E0));
#8520=CARTESIAN_POINT('',(3.062851281832E0,-1.430031305695E0,
-5.366997259202E-1));
#8521=CARTESIAN_POINT('',(3.033369138975E0,-1.527327920941E0,
1.748007393403E-2));
#8522=CARTESIAN_POINT('',(3.003886996118E0,-1.417373417759E0,
5.692879110792E-1));
#8523=CARTESIAN_POINT('',(2.974404853261E0,-1.115088098101E0,1.043846092364E0));
#8524=CARTESIAN_POINT('',(2.944922710404E0,-6.614906389160E-1,
1.376759334705E0));
#8525=CARTESIAN_POINT('',(2.915440567546E0,-1.181320532137E-1,
1.522852898041E0));
#8526=CARTESIAN_POINT('',(2.885958424689E0,4.412564889995E-1,1.462302582226E0));
#8527=CARTESIAN_POINT('',(2.856476281832E0,9.407686290303E-1,1.203324776485E0));
#8528=CARTESIAN_POINT('',(2.826994138975E0,1.312622950543E0,7.810615345646E-1));
#8529=CARTESIAN_POINT('',(2.797511996118E0,1.506360594659E0,2.528119655564E-1));
#8530=CARTESIAN_POINT('',(2.768029853261E0,1.495692286576E0,
-3.097429820776E-1));
#8531=CARTESIAN_POINT('',(2.738547710404E0,1.282065664848E0,
-8.302672835218E-1));
#8532=CARTESIAN_POINT('',(2.709065567546E0,8.944688437318E-1,
-1.238128272298E0));
#8533=CARTESIAN_POINT('',(2.679583424689E0,3.854968642615E-1,
-1.477981156414E0));
#8534=CARTESIAN_POINT('',(2.650101281832E0,-1.757852021085E-1,
-1.517279042823E0));
#8535=CARTESIAN_POINT('',(2.620619138975E0,-7.132140544826E-1,
-1.350689395664E0));
#8536=CARTESIAN_POINT('',(2.591136996118E0,-1.153863159401E0,
-1.000817635959E0));
#8537=CARTESIAN_POINT('',(2.561654853261E0,-1.437938533807E0,
-5.151396937363E-1));
#8538=CARTESIAN_POINT('',(2.532172710404E0,-1.526892503518E0,
4.044024936557E-2));
#8539=CARTESIAN_POINT('',(2.502690567546E0,-1.408654438872E0,
5.905326433995E-1));
#8540=CARTESIAN_POINT('',(2.473208424689E0,-1.099268681617E0,1.060492572663E0));
#8541=CARTESIAN_POINT('',(2.443726281832E0,-6.407174042675E-1,
1.386548714969E0));
#8542=CARTESIAN_POINT('',(2.414244138975E0,-9.522382923186E-2,
1.524456805984E0));
#8543=CARTESIAN_POINT('',(2.384761996118E0,4.631911651856E-1,1.455503375367E0));
#8544=CARTESIAN_POINT('',(2.355279853261E0,9.587533276642E-1,1.189045074104E0));
#8545=CARTESIAN_POINT('',(2.325797710404E0,1.324217229106E0,7.612390267481E-1));
#8546=CARTESIAN_POINT('',(2.296315567546E0,1.509991182147E0,2.301364626389E-1));
#8547=CARTESIAN_POINT('',(2.266833424689E0,1.490866464897E0,
-3.321944870342E-1));
#8548=CARTESIAN_POINT('',(2.237351281832E0,1.269438516377E0,
-8.494483604506E-1));
#8549=CARTESIAN_POINT('',(2.207869138975E0,8.757529114951E-1,
-1.251435647360E0));
#8550=CARTESIAN_POINT('',(2.178386996118E0,3.632351729904E-1,
-1.483610922638E0));
#8551=CARTESIAN_POINT('',(2.148904853261E0,-1.985843939605E-1,
-1.514460399336E0));
#8552=CARTESIAN_POINT('',(2.129250091356E0,-5.551349176266E-1,
-1.398040434640E0));
#8553=CARTESIAN_POINT('',(2.119422710404E0,-7.168525946133E-1,
-1.309513073854E0));
#8554=B_SPLINE_SURFACE_WITH_KNOTS('',3,3,((#8219,#8220,#8221,#8222,#8223,#8224,
#8225,#8226,#8227,#8228,#8229,#8230,#8231,#8232,#8233,#8234,#8235,#8236,#8237,
#8238,#8239,#8240,#8241,#8242,#8243,#8244,#8245,#8246,#8247,#8248,#8249,#8250,
#8251,#8252,#8253,#8254,#8255,#8256,#8257,#8258,#8259,#8260,#8261,#8262,#8263,
#8264,#8265,#8266,#8267,#8268,#8269,#8270,#8271,#8272,#8273,#8274,#8275,#8276,
#8277,#8278,#8279,#8280,#8281,#8282,#8283,#8284,#8285),(#8286,#8287,#8288,#8289,
#8290,#8291,#8292,#8293,#8294,#8295,#8296,#8297,#8298,#8299,#8300,#8301,#8302,
#8303,#8304,#8305,#8306,#8307,#8308,#8309,#8310,#8311,#8312,#8313,#8314,#8315,
#8316,#8317,#8318,#8319,#8320,#8321,#8322,#8323,#8324,#8325,#8326,#8327,#8328,
#8329,#8330,#8331,#8332,#8333,#8334,#8335,#8336,#8337,#8338,#8339,#8340,#8341,
#8342,#8343,#8344,#8345,#8346,#8347,#8348,#8349,#8350,#8351,#8352),(#8353,#8354,
#8355,#8356,#8357,#8358,#8359,#8360,#8361,#8362,#8363,#8364,#8365,#8366,#8367,
#8368,#8369,#8370,#8371,#8372,#8373,#8374,#8375,#8376,#8377,#8378,#8379,#8380,
#8381,#8382,#8383,#8384,#8385,#8386,#8387,#8388,#8389,#8390,#8391,#8392,#8393,
#8394,#8395,#8396,#8397,#8398,#8399,#8400,#8401,#8402,#8403,#8404,#8405,#8406,
#8407,#8408,#8409,#8410,#8411,#8412,#8413,#8414,#8415,#8416,#8417,#8418,#8419),(
#8420,#8421,#8422,#8423,#8424,#8425,#8426,#8427,#8428,#8429,#8430,#8431,#8432,
#8433,#8434,#8435,#8436,#8437,#8438,#8439,#8440,#8441,#8442,#8443,#8444,#8445,
#8446,#8447,#8448,#8449,#8450,#8451,#8452,#8453,#8454,#8455,#8456,#8457,#8458,
#8459,#8460,#8461,#8462,#8463,#8464,#8465,#8466,#8467,#8468,#8469,#8470,#8471,
#8472,#8473,#8474,#8475,#8476,#8477,#8478,#8479,#8480,#8481,#8482,#8483,#8484,
#8485,#8486),(#8487,#8488,#8489,#8490,#8491,#8492,#8493,#8494,#8495,#8496,#8497,
#8498,#8499,#8500,#8501,#8502,#8503,#8504,#8505,#8506,#8507,#8508,#8509,#8510,
#8511,#8512,#8513,#8514,#8515,#8516,#8517,#8518,#8519,#8520,#8521,#8522,#8523,
#8524,#8525,#8526,#8527,#8528,#8529,#8530,#8531,#8532,#8533,#8534,#8535,#8536,
#8537,#8538,#8539,#8540,#8541,#8542,#8543,#8544,#8545,#8546,#8547,#8548,#8549,
#8550,#8551,#8552,#8553)),.UNSPECIFIED.,.F.,.F.,.F.,(4,1,4),(4,1,1,1,1,1,1,1,1,
1,1,1,1,1,1,1,1,1,1,1,1,1,1,1,1,1,1,1,1,1,1,1,1,1,1,1,1,1,1,1,1,1,1,1,1,1,1,1,1,
1,1,1,1,1,1,1,1,1,1,1,1,1,1,1,4),(-1.013773367433E-1,5.E-1,1.101967184197E0),(
-2.E-2,-3.75E-3,1.25E-2,2.875E-2,4.5E-2,6.125E-2,7.75E-2,9.375E-2,1.1E-1,
1.2625E-1,1.425E-1,1.5875E-1,1.75E-1,1.9125E-1,2.075E-1,2.2375E-1,2.4E-1,
2.5625E-1,2.725E-1,2.8875E-1,3.05E-1,3.2125E-1,3.375E-1,3.5375E-1,3.7E-1,
3.8625E-1,4.025E-1,4.1875E-1,4.35E-1,4.5125E-1,4.675E-1,4.8375E-1,5.E-1,
5.1625E-1,5.325E-1,5.4875E-1,5.65E-1,5.8125E-1,5.975E-1,6.1375E-1,6.3E-1,
6.4625E-1,6.625E-1,6.7875E-1,6.95E-1,7.1125E-1,7.275E-1,7.4375E-1,7.6E-1,
7.7625E-1,7.925E-1,8.0875E-1,8.25E-1,8.4125E-1,8.575E-1,8.7375E-1,8.9E-1,
9.0625E-1,9.225E-1,9.3875E-1,9.55E-1,9.7125E-1,9.875E-1,1.00375E0,1.02E0),
.UNSPECIFIED.);
#8556=ORIENTED_EDGE('',*,*,#8555,.T.);
#8558=ORIENTED_EDGE('',*,*,#8557,.T.);
#8559=ORIENTED_EDGE('',*,*,#8210,.F.);
#8561=ORIENTED_EDGE('',*,*,#8560,.F.);
#8562=EDGE_LOOP('',(#8556,#8558,#8559,#8561));
#8563=FACE_OUTER_BOUND('',#8562,.F.);
#8565=CARTESIAN_POINT('',(5.223391698718E0,1.486017918860E0,1.434674145011E-1));
#8566=CARTESIAN_POINT('',(5.209351435598E0,1.511330613641E0,
-1.187183797447E-1));
#8567=CARTESIAN_POINT('',(5.181270909358E0,1.419870733321E0,
-6.563942788616E-1));
#8568=CARTESIAN_POINT('',(5.139150119999E0,8.941152852657E-1,
-1.283577633594E0));
#8569=CARTESIAN_POINT('',(5.097029330640E0,1.236466284175E-1,
-1.559382103388E0));
#8570=CARTESIAN_POINT('',(5.054908541281E0,-6.806599595288E-1,
-1.408431135976E0));
#8571=CARTESIAN_POINT('',(5.012787751922E0,-1.298681364348E0,
-8.720090038263E-1));
#8572=CARTESIAN_POINT('',(4.970666962563E0,-1.561274252268E0,
-9.693354521053E-2));
#8573=CARTESIAN_POINT('',(4.928546173204E0,-1.396571339462E0,
7.046715114279E-1));
#8574=CARTESIAN_POINT('',(4.886425383845E0,-8.496491311496E-1,
1.313419106717E0));
#8575=CARTESIAN_POINT('',(4.844304594486E0,-7.019152029640E-2,
1.562704887748E0));
#8576=CARTESIAN_POINT('',(4.802183805127E0,7.284763901081E-1,1.384303275718E0));
#8577=CARTESIAN_POINT('',(4.760063015768E0,1.327771939877E0,8.270399548743E-1));
#8578=CARTESIAN_POINT('',(4.717942226409E0,1.563677502948E0,4.342899855350E-2));
#8579=CARTESIAN_POINT('',(4.675821437050E0,1.371629492036E0,
-7.520677813202E-1));
#8580=CARTESIAN_POINT('',(4.633700647691E0,8.041883823779E-1,
-1.341735613595E0));
#8581=CARTESIAN_POINT('',(4.591579858332E0,1.665374848904E-2,
-1.564191824488E0));
#8582=CARTESIAN_POINT('',(4.549459068973E0,-7.754387505429E-1,
-1.358553699820E0));
#8583=CARTESIAN_POINT('',(4.507338279614E0,-1.355306040691E0,
-7.811011120206E-1));
#8584=CARTESIAN_POINT('',(4.465217490255E0,-1.564247700180E0,
1.012638261639E-2));
#8585=CARTESIAN_POINT('',(4.423096700896E0,-1.345079731808E0,
7.985824479682E-1));
#8586=CARTESIAN_POINT('',(4.380975911537E0,-7.577849103265E-1,
1.368479243841E0));
#8587=CARTESIAN_POINT('',(4.338855122178E0,3.690354589762E-2,1.563845113681E0));
#8588=CARTESIAN_POINT('',(4.296734332819E0,8.214920900989E-1,1.331211536915E0));
#8589=CARTESIAN_POINT('',(4.254613543460E0,1.381251363496E0,7.342466115371E-1));
#8590=CARTESIAN_POINT('',(4.212492754101E0,1.562984177906E0,
-6.366989531529E-2));
#8591=CARTESIAN_POINT('',(4.170371964742E0,1.316953198698E0,
-8.441609548325E-1));
#8592=CARTESIAN_POINT('',(4.128251175383E0,7.104930436980E-1,
-1.393618684519E0));
#8593=CARTESIAN_POINT('',(4.086130386024E0,-9.041732194079E-2,
-1.561665039870E0));
#8594=CARTESIAN_POINT('',(4.044009596665E0,-8.665833835808E-1,
-1.302309289146E0));
#8595=CARTESIAN_POINT('',(4.001888807306E0,-1.405573904695E0,
-6.865297018534E-1));
#8596=CARTESIAN_POINT('',(3.959768017947E0,-1.559901810826E0,
1.171325120976E-1));
#8597=CARTESIAN_POINT('',(3.917647228588E0,-1.287232879202E0,
8.887732350644E-1));
#8598=CARTESIAN_POINT('',(3.889566702348E0,-8.707808055866E-1,
1.240949260059E0));
#8599=CARTESIAN_POINT('',(3.875526439229E0,-6.321551503020E-1,
1.352483648753E0));
#8600=CARTESIAN_POINT('',(5.227647821946E0,1.500744248481E0,1.448891661563E-1));
#8601=CARTESIAN_POINT('',(5.213607558826E0,1.526307790229E0,
-1.198948702634E-1));
#8602=CARTESIAN_POINT('',(5.185527032587E0,1.433941549139E0,
-6.628990984799E-1));
#8603=CARTESIAN_POINT('',(5.143406243228E0,9.029759027877E-1,
-1.296297794695E0));
#8604=CARTESIAN_POINT('',(5.101285453869E0,1.248719575226E-1,
-1.574835466748E0));
#8605=CARTESIAN_POINT('',(5.059164664510E0,-6.874052502797E-1,
-1.422388586215E0));
#8606=CARTESIAN_POINT('',(5.017043875151E0,-1.311551202324E0,
-8.806505497052E-1));
#8607=CARTESIAN_POINT('',(4.974923085792E0,-1.576746366686E0,
-9.789414960161E-2));
#8608=CARTESIAN_POINT('',(4.932802296433E0,-1.410411259979E0,
7.116547549138E-1));
#8609=CARTESIAN_POINT('',(4.890681507074E0,-8.580690923147E-1,
1.326434994649E0));
#8610=CARTESIAN_POINT('',(4.848560717715E0,-7.088711316332E-2,
1.578191179659E0));
#8611=CARTESIAN_POINT('',(4.806439928356E0,7.356955382123E-1,1.398021620615E0));
#8612=CARTESIAN_POINT('',(4.764319138997E0,1.340930063342E0,8.352358607449E-1));
#8613=CARTESIAN_POINT('',(4.722198349638E0,1.579173433406E0,4.385937677417E-2));
#8614=CARTESIAN_POINT('',(4.680077560279E0,1.385222240657E0,
-7.595207183975E-1));
#8615=CARTESIAN_POINT('',(4.637956770920E0,8.121578308252E-1,
-1.355032116053E0));
#8616=CARTESIAN_POINT('',(4.595835981561E0,1.681878592672E-2,
-1.579692851835E0));
#8617=CARTESIAN_POINT('',(4.553715192202E0,-7.831232922273E-1,
-1.372016868290E0));
#8618=CARTESIAN_POINT('',(4.511594402843E0,-1.368737025095E0,
-7.888417672959E-1));
#8619=CARTESIAN_POINT('',(4.469473613484E0,-1.579749281250E0,
1.022673433247E-2));
#8620=CARTESIAN_POINT('',(4.427352824125E0,-1.358409374234E0,
8.064963420128E-1));
#8621=CARTESIAN_POINT('',(4.385232034766E0,-7.652945037369E-1,
1.382040773731E0));
#8622=CARTESIAN_POINT('',(4.343111245407E0,3.726925735653E-2,1.579342705148E0));
#8623=CARTESIAN_POINT('',(4.300990456048E0,8.296330170327E-1,1.344403746537E0));
#8624=CARTESIAN_POINT('',(4.258869666689E0,1.394939464164E0,7.415229421165E-1));
#8625=CARTESIAN_POINT('',(4.216748877330E0,1.578473237562E0,
-6.430085935242E-2));
#8626=CARTESIAN_POINT('',(4.174628087971E0,1.330004109225E0,
-8.525265285690E-1));
#8627=CARTESIAN_POINT('',(4.132507298612E0,7.175339781457E-1,
-1.407429344440E0));
#8628=CARTESIAN_POINT('',(4.090386509253E0,-9.131335103266E-2,
-1.577141026965E0));
#8629=CARTESIAN_POINT('',(4.048265719893E0,-8.751711619572E-1,
-1.315215079592E0));
#8630=CARTESIAN_POINT('',(4.006144930534E0,-1.419503039979E0,
-6.933331613243E-1));
#8631=CARTESIAN_POINT('',(3.964024141175E0,-1.575360324449E0,
1.182932867832E-1));
#8632=CARTESIAN_POINT('',(3.921903351816E0,-1.299989263521E0,
8.975809132570E-1));
#8633=CARTESIAN_POINT('',(3.893822825577E0,-8.794101801102E-1,
1.253246977075E0));
#8634=CARTESIAN_POINT('',(3.879782562457E0,-6.384197619171E-1,
1.365886663458E0));
#8635=CARTESIAN_POINT('',(5.257673777368E0,1.521298832395E0,1.468736058948E-1));
#8636=CARTESIAN_POINT('',(5.243633514248E0,1.547212499065E0,
-1.215369816186E-1));
#8637=CARTESIAN_POINT('',(5.215552988009E0,1.453581185892E0,
-6.719783371042E-1));
#8638=CARTESIAN_POINT('',(5.173432198650E0,9.153432958227E-1,
-1.314052226754E0));
#8639=CARTESIAN_POINT('',(5.131311409291E0,1.265822363605E-1,
-1.596404823275E0));
#8640=CARTESIAN_POINT('',(5.089190619932E0,-6.968201315387E-1,
-1.441869990581E0));
#8641=CARTESIAN_POINT('',(5.047069830573E0,-1.329514549025E0,
-8.927121688924E-1));
#8642=CARTESIAN_POINT('',(5.004949041214E0,-1.598341895396E0,
-9.923493335919E-2));
#8643=CARTESIAN_POINT('',(4.962828251855E0,-1.429728619766E0,
7.214017637011E-1));
#8644=CARTESIAN_POINT('',(4.920707462496E0,-8.698214299829E-1,
1.344602193644E0));
#8645=CARTESIAN_POINT('',(4.878586673137E0,-7.185800151914E-2,
1.599806496904E0));
#8646=CARTESIAN_POINT('',(4.836465883777E0,7.457718158262E-1,1.417169288676E0));
#8647=CARTESIAN_POINT('',(4.794345094418E0,1.359295790572E0,8.466754685294E-1));
#8648=CARTESIAN_POINT('',(4.752224305059E0,1.600802203854E0,4.446008621632E-2));
#8649=CARTESIAN_POINT('',(4.710103515700E0,1.404194605078E0,
-7.699233118815E-1));
#8650=CARTESIAN_POINT('',(4.667982726341E0,8.232813559041E-1,
-1.373590988668E0));
#8651=CARTESIAN_POINT('',(4.625861936982E0,1.704914039720E-2,
-1.601328736373E0));
#8652=CARTESIAN_POINT('',(4.583741147623E0,-7.938491527070E-1,
-1.390808368493E0));
#8653=CARTESIAN_POINT('',(4.541620358264E0,-1.387483603713E0,
-7.996459494989E-1));
#8654=CARTESIAN_POINT('',(4.499499568905E0,-1.601385938660E0,
1.036680234820E-2));
#8655=CARTESIAN_POINT('',(4.457378779546E0,-1.377014502656E0,
8.175423258670E-1));
#8656=CARTESIAN_POINT('',(4.415257990187E0,-7.757761764881E-1,
1.400969563953E0));
#8657=CARTESIAN_POINT('',(4.373137200828E0,3.777970680751E-2,1.600973793986E0));
#8658=CARTESIAN_POINT('',(4.331016411469E0,8.409958868111E-1,1.362817050236E0));
#8659=CARTESIAN_POINT('',(4.288895622110E0,1.414044918207E0,7.516790333713E-1));
#8660=CARTESIAN_POINT('',(4.246774832751E0,1.600092417946E0,
-6.518154066147E-2));
#8661=CARTESIAN_POINT('',(4.204654043392E0,1.348220191743E0,
-8.642029538412E-1));
#8662=CARTESIAN_POINT('',(4.162533254033E0,7.273615103050E-1,
-1.426705863135E0));
#8663=CARTESIAN_POINT('',(4.120412464674E0,-9.256400245988E-2,
-1.598741961045E0));
#8664=CARTESIAN_POINT('',(4.078291675315E0,-8.871577340234E-1,
-1.333228607710E0));
#8665=CARTESIAN_POINT('',(4.036170885956E0,-1.438944923152E0,
-7.028292327962E-1));
#8666=CARTESIAN_POINT('',(3.994050096597E0,-1.596936869564E0,
1.199134624341E-1));
#8667=CARTESIAN_POINT('',(3.951929307238E0,-1.317794254898E0,
9.098744151109E-1));
#8668=CARTESIAN_POINT('',(3.923848780999E0,-8.914548108725E-1,
1.270411773929E0));
#8669=CARTESIAN_POINT('',(3.909808517879E0,-6.471637251753E-1,
1.384594202780E0));
#8670=CARTESIAN_POINT('',(5.287699732789E0,1.500724087979E0,1.448872197631E-1));
#8671=CARTESIAN_POINT('',(5.273659469670E0,1.526287286314E0,
-1.198932596354E-1));
#8672=CARTESIAN_POINT('',(5.245578943430E0,1.433922286042E0,
-6.628901933126E-1));
#8673=CARTESIAN_POINT('',(5.203458154071E0,9.029637725080E-1,
-1.296280380659E0));
#8674=CARTESIAN_POINT('',(5.161337364712E0,1.248702800340E-1,
-1.574814310929E0));
#8675=CARTESIAN_POINT('',(5.119216575353E0,-6.873960159049E-1,
-1.422369478317E0));
#8676=CARTESIAN_POINT('',(5.077095785994E0,-1.311533583378E0,
-8.806387193369E-1));
#8677=CARTESIAN_POINT('',(5.034974996635E0,-1.576725185197E0,
-9.789283452398E-2));
#8678=CARTESIAN_POINT('',(4.992854207276E0,-1.410392312981E0,
7.116451947791E-1));
#8679=CARTESIAN_POINT('',(4.950733417917E0,-8.580575652983E-1,
1.326417175759E0));
#8680=CARTESIAN_POINT('',(4.908612628558E0,-7.088616088928E-2,
1.578169978761E0));
#8681=CARTESIAN_POINT('',(4.866491839199E0,7.356856551218E-1,1.398002840055E0));
#8682=CARTESIAN_POINT('',(4.824371049840E0,1.340912049731E0,8.352246404626E-1));
#8683=CARTESIAN_POINT('',(4.782250260481E0,1.579152219312E0,4.385878758180E-2));
#8684=CARTESIAN_POINT('',(4.740129471122E0,1.385203632040E0,
-7.595105152473E-1));
#8685=CARTESIAN_POINT('',(4.698008681763E0,8.121469205655E-1,
-1.355013912999E0));
#8686=CARTESIAN_POINT('',(4.655887892404E0,1.681855998871E-2,
-1.579671630763E0));
#8687=CARTESIAN_POINT('',(4.613767103045E0,-7.831127720080E-1,
-1.371998437069E0));
#8688=CARTESIAN_POINT('',(4.571646313686E0,-1.368718637935E0,
-7.888311702565E-1));
#8689=CARTESIAN_POINT('',(4.529525524327E0,-1.579728059421E0,
1.022659694989E-2));
#8690=CARTESIAN_POINT('',(4.487404734968E0,-1.358391125811E0,
8.064855078076E-1));
#8691=CARTESIAN_POINT('',(4.445283945609E0,-7.652842230236E-1,
1.382022207853E0));
#8692=CARTESIAN_POINT('',(4.403163156250E0,3.726875669365E-2,1.579321488781E0));
#8693=CARTESIAN_POINT('',(4.361042366891E0,8.296218720171E-1,1.344385686261E0));
#8694=CARTESIAN_POINT('',(4.318921577532E0,1.394920725008E0,7.415129807425E-1));
#8695=CARTESIAN_POINT('',(4.276800788173E0,1.578452032875E0,
-6.429999555594E-2));
#8696=CARTESIAN_POINT('',(4.234679998814E0,1.329986242389E0,
-8.525150760095E-1));
#8697=CARTESIAN_POINT('',(4.192559209455E0,7.175243390315E-1,
-1.407410437499E0));
#8698=CARTESIAN_POINT('',(4.150438420096E0,-9.131212435930E-2,
-1.577119840174E0));
#8699=CARTESIAN_POINT('',(4.108317630737E0,-8.751594051973E-1,
-1.315197411428E0));
#8700=CARTESIAN_POINT('',(4.066196841378E0,-1.419483970845E0,
-6.933238473159E-1));
#8701=CARTESIAN_POINT('',(4.024076052019E0,-1.575339161579E0,
1.182916976703E-1));
#8702=CARTESIAN_POINT('',(3.981955262660E0,-1.299971799895E0,
8.975688554519E-1));
#8703=CARTESIAN_POINT('',(3.953874736420E0,-8.793983664046E-1,
1.253230141369E0));
#8704=CARTESIAN_POINT('',(3.939834473301E0,-6.384111855972E-1,
1.365868314588E0));
#8705=CARTESIAN_POINT('',(5.291938912704E0,1.485974574042E0,1.434632297810E-1));
#8706=CARTESIAN_POINT('',(5.277898649585E0,1.511286530491E0,
-1.187149169153E-1));
#8707=CARTESIAN_POINT('',(5.249818123345E0,1.419829317913E0,
-6.563751328672E-1));
#8708=CARTESIAN_POINT('',(5.207697333986E0,8.940892053214E-1,
-1.283540193642E0));
#8709=CARTESIAN_POINT('',(5.165576544627E0,1.236430218388E-1,
-1.559336618651E0));
#8710=CARTESIAN_POINT('',(5.123455755268E0,-6.806401057425E-1,
-1.408390054243E0));
#8711=CARTESIAN_POINT('',(5.081334965909E0,-1.298643483845E0,
-8.719835686877E-1));
#8712=CARTESIAN_POINT('',(5.039214176550E0,-1.561228712341E0,
-9.693071781064E-2));
#8713=CARTESIAN_POINT('',(4.997093387191E0,-1.396530603661E0,
7.046509572622E-1));
#8714=CARTESIAN_POINT('',(4.954972597832E0,-8.496243482135E-1,
1.313380796336E0));
#8715=CARTESIAN_POINT('',(4.912851808473E0,-7.018947291955E-2,
1.562659306091E0));
#8716=CARTESIAN_POINT('',(4.870731019114E0,7.284551415913E-1,1.384262897757E0));
#8717=CARTESIAN_POINT('',(4.828610229755E0,1.327733210846E0,8.270158314125E-1));
#8718=CARTESIAN_POINT('',(4.786489440396E0,1.563631892922E0,4.342773179754E-2));
#8719=CARTESIAN_POINT('',(4.744368651037E0,1.371589483749E0,
-7.520458446794E-1));
#8720=CARTESIAN_POINT('',(4.702247861678E0,8.041649254607E-1,
-1.341696477266E0));
#8721=CARTESIAN_POINT('',(4.660127072319E0,1.665326272526E-2,
-1.564146199459E0));
#8722=CARTESIAN_POINT('',(4.618006282960E0,-7.754161322075E-1,
-1.358514072933E0));
#8723=CARTESIAN_POINT('',(4.575885493601E0,-1.355266508534E0,
-7.810783285230E-1));
#8724=CARTESIAN_POINT('',(4.533764704242E0,-1.564202073521E0,
1.012608724565E-2));
#8725=CARTESIAN_POINT('',(4.491643914883E0,-1.345040497936E0,
7.985591545674E-1));
#8726=CARTESIAN_POINT('',(4.449523125524E0,-7.577628069260E-1,
1.368439327442E0));
#8727=CARTESIAN_POINT('',(4.407402336165E0,3.690246947891E-2,1.563799498765E0));
#8728=CARTESIAN_POINT('',(4.365281546806E0,8.214681284596E-1,1.331172707556E0));
#8729=CARTESIAN_POINT('',(4.323160757447E0,1.381211074554E0,7.342251947120E-1));
#8730=CARTESIAN_POINT('',(4.281039968088E0,1.562938588102E0,
-6.366803816403E-2));
#8731=CARTESIAN_POINT('',(4.238919178729E0,1.316914785234E0,
-8.441363319779E-1));
#8732=CARTESIAN_POINT('',(4.196798389370E0,7.104723197273E-1,
-1.393578034842E0));
#8733=CARTESIAN_POINT('',(4.154677600011E0,-9.041468460895E-2,
-1.561619488544E0));
#8734=CARTESIAN_POINT('',(4.112556810652E0,-8.665581066990E-1,
-1.302271302821E0));
#8735=CARTESIAN_POINT('',(4.070436021293E0,-1.405532906302E0,
-6.865096768559E-1));
#8736=CARTESIAN_POINT('',(4.028315231934E0,-1.559856310930E0,
1.171290955255E-1));
#8737=CARTESIAN_POINT('',(3.986194442575E0,-1.287195332632E0,
8.887473109394E-1));
#8738=CARTESIAN_POINT('',(3.958113916335E0,-8.707554062726E-1,
1.240913063510E0));
#8739=CARTESIAN_POINT('',(3.944073653216E0,-6.321367113251E-1,
1.352444198920E0));
#8740=B_SPLINE_SURFACE_WITH_KNOTS('',3,3,((#8565,#8566,#8567,#8568,#8569,#8570,
#8571,#8572,#8573,#8574,#8575,#8576,#8577,#8578,#8579,#8580,#8581,#8582,#8583,
#8584,#8585,#8586,#8587,#8588,#8589,#8590,#8591,#8592,#8593,#8594,#8595,#8596,
#8597,#8598,#8599),(#8600,#8601,#8602,#8603,#8604,#8605,#8606,#8607,#8608,#8609,
#8610,#8611,#8612,#8613,#8614,#8615,#8616,#8617,#8618,#8619,#8620,#8621,#8622,
#8623,#8624,#8625,#8626,#8627,#8628,#8629,#8630,#8631,#8632,#8633,#8634),(#8635,
#8636,#8637,#8638,#8639,#8640,#8641,#8642,#8643,#8644,#8645,#8646,#8647,#8648,
#8649,#8650,#8651,#8652,#8653,#8654,#8655,#8656,#8657,#8658,#8659,#8660,#8661,
#8662,#8663,#8664,#8665,#8666,#8667,#8668,#8669),(#8670,#8671,#8672,#8673,#8674,
#8675,#8676,#8677,#8678,#8679,#8680,#8681,#8682,#8683,#8684,#8685,#8686,#8687,
#8688,#8689,#8690,#8691,#8692,#8693,#8694,#8695,#8696,#8697,#8698,#8699,#8700,
#8701,#8702,#8703,#8704),(#8705,#8706,#8707,#8708,#8709,#8710,#8711,#8712,#8713,
#8714,#8715,#8716,#8717,#8718,#8719,#8720,#8721,#8722,#8723,#8724,#8725,#8726,
#8727,#8728,#8729,#8730,#8731,#8732,#8733,#8734,#8735,#8736,#8737,#8738,#8739)),
.UNSPECIFIED.,.F.,.F.,.F.,(4,1,4),(4,1,1,1,1,1,1,1,1,1,1,1,1,1,1,1,1,1,1,1,1,1,
1,1,1,1,1,1,1,1,1,1,4),(-1.013773367433E-1,5.E-1,1.101967184197E0),(
2.713690223539E-1,2.945852054652E-1,3.178013885765E-1,3.410175716877E-1,
3.642337547990E-1,3.874499379103E-1,4.106661210216E-1,4.338823041328E-1,
4.570984872441E-1,4.803146703554E-1,5.035308534666E-1,5.267470365779E-1,
5.499632196892E-1,5.731794028005E-1,5.963955859117E-1,6.196117690230E-1,
6.428279521343E-1,6.660441352456E-1,6.892603183568E-1,7.124765014681E-1,
7.356926845794E-1,7.589088676906E-1,7.821250508019E-1,8.053412339132E-1,
8.285574170245E-1,8.517736001357E-1,8.749897832470E-1,8.982059663583E-1,
9.214221494695E-1,9.446383325808E-1,9.678545156921E-1,9.910706988034E-1,
1.014286881915E0),.UNSPECIFIED.);
#8742=ORIENTED_EDGE('',*,*,#8741,.F.);
#8744=ORIENTED_EDGE('',*,*,#8743,.T.);
#8746=ORIENTED_EDGE('',*,*,#8745,.T.);
#8747=ORIENTED_EDGE('',*,*,#8555,.F.);
#8748=EDGE_LOOP('',(#8742,#8744,#8746,#8747));
#8749=FACE_OUTER_BOUND('',#8748,.F.);
#8751=CARTESIAN_POINT('',(5.061976965201E0,1.211138432310E0,1.092784177095E-1));
#8752=CARTESIAN_POINT('',(5.047941994963E0,1.230411717958E0,
-1.043284175098E-1));
#8753=CARTESIAN_POINT('',(5.019872054487E0,1.153247019606E0,
-5.416466589624E-1));
#8754=CARTESIAN_POINT('',(4.977767143772E0,7.221300749298E-1,
-1.049748656640E0));
#8755=CARTESIAN_POINT('',(4.935662233058E0,9.351696528824E-2,
-1.270694221510E0));
#8756=CARTESIAN_POINT('',(4.893557322344E0,-5.606697485766E-1,
-1.144145416835E0));
#8757=CARTESIAN_POINT('',(4.851452411629E0,-1.061523503977E0,
-7.046878702747E-1));
#8758=CARTESIAN_POINT('',(4.809347500915E0,-1.272068967771E0,
-7.251179337629E-2));
#8759=CARTESIAN_POINT('',(4.767242590201E0,-1.134725776767E0,
5.794953478850E-1));
#8760=CARTESIAN_POINT('',(4.725137679487E0,-6.870548590114E-1,
1.073020519290E0));
#8761=CARTESIAN_POINT('',(4.683032768772E0,-5.148641706339E-2,
1.273093310030E0));
#8762=CARTESIAN_POINT('',(4.640927858058E0,5.981626629990E-1,1.124997267583E0));
#8763=CARTESIAN_POINT('',(4.598822947344E0,1.084224682365E0,6.692340864019E-1));
#8764=CARTESIAN_POINT('',(4.556718036629E0,1.273770152489E0,3.044704889259E-2));
#8765=CARTESIAN_POINT('',(4.514613125915E0,1.114961691592E0,
-6.166667255734E-1));
#8766=CARTESIAN_POINT('',(4.472508215201E0,6.512306452272E-1,
-1.095132901010E0));
#8767=CARTESIAN_POINT('',(4.430403304487E0,9.399370327275E-3,
-1.274099319516E0));
#8768=CARTESIAN_POINT('',(4.388298393772E0,-6.350024684974E-1,
-1.104621785571E0));
#8769=CARTESIAN_POINT('',(4.346193483058E0,-1.105742202216E0,
-6.330494501953E-1));
#8770=CARTESIAN_POINT('',(4.304088572344E0,-1.274080720087E0,
1.165087382600E-2));
#8771=CARTESIAN_POINT('',(4.261983661629E0,-1.093980372116E0,
6.531648869702E-1));
#8772=CARTESIAN_POINT('',(4.219878750915E0,-6.146954638152E-1,
1.116049690168E0));
#8773=CARTESIAN_POINT('',(4.177773840201E0,3.269793794251E-2,1.273714359308E0));
#8774=CARTESIAN_POINT('',(4.135668929487E0,6.711490232543E-1,1.083040355693E0));
#8775=CARTESIAN_POINT('',(4.093564018772E0,1.126052552534E0,5.961736962639E-1));
#8776=CARTESIAN_POINT('',(4.051459108058E0,1.273000333047E0,
-5.373607885635E-2));
#8777=CARTESIAN_POINT('',(4.009354197344E0,1.071804737798E0,
-6.889499624157E-1));
#8778=CARTESIAN_POINT('',(3.967249286629E0,5.774891455588E-1,
-1.135748081973E0));
#8779=CARTESIAN_POINT('',(3.925144375915E0,-7.475933954356E-2,
-1.271938750554E0));
#8780=CARTESIAN_POINT('',(3.883039465201E0,-7.065636467433E-1,
-1.060276904838E0));
#8781=CARTESIAN_POINT('',(3.840934554487E0,-1.145130642450E0,
-5.586457187677E-1));
#8782=CARTESIAN_POINT('',(3.798829643772E0,-1.270541059050E0,
9.575752973995E-2));
#8783=CARTESIAN_POINT('',(3.756724733058E0,-1.048418363125E0,
7.240018834631E-1));
#8784=CARTESIAN_POINT('',(3.728654792582E0,-7.093420961347E-1,
1.010757738056E0));
#8785=CARTESIAN_POINT('',(3.714619822344E0,-5.150548870419E-1,
1.101597266759E0));
#8786=CARTESIAN_POINT('',(5.119182797924E0,1.309820964854E0,1.181823305276E-1));
#8787=CARTESIAN_POINT('',(5.105147827686E0,1.330664621474E0,
-1.128290085088E-1));
#8788=CARTESIAN_POINT('',(5.077077887210E0,1.247212608928E0,
-5.857795694739E-1));
#8789=CARTESIAN_POINT('',(5.034972976496E0,7.809686211430E-1,
-1.135281287103E0));
#8790=CARTESIAN_POINT('',(4.992868065781E0,1.011366483271E-1,
-1.374229309261E0));
#8791=CARTESIAN_POINT('',(4.950763155067E0,-6.063526443002E-1,
-1.237369415281E0));
#8792=CARTESIAN_POINT('',(4.908658244353E0,-1.148015539019E0,
-7.621052404417E-1));
#8793=CARTESIAN_POINT('',(4.866553333638E0,-1.375716068681E0,
-7.841999281804E-2));
#8794=CARTESIAN_POINT('',(4.824448422924E0,-1.227182270927E0,
6.267121374781E-1));
#8795=CARTESIAN_POINT('',(4.782343512210E0,-7.430355063717E-1,
1.160449321391E0));
#8796=CARTESIAN_POINT('',(4.740238601495E0,-5.568148667052E-2,
1.376823873479E0));
#8797=CARTESIAN_POINT('',(4.698133690781E0,6.469004495996E-1,1.216661091063E0));
#8798=CARTESIAN_POINT('',(4.656028780067E0,1.172566390173E0,7.237627123201E-1));
#8799=CARTESIAN_POINT('',(4.613923869353E0,1.377555864488E0,3.292784862038E-2));
#8800=CARTESIAN_POINT('',(4.571818958638E0,1.205807824849E0,
-6.669122075030E-1));
#8801=CARTESIAN_POINT('',(4.529714047924E0,7.042923660236E-1,
-1.184363401225E0));
#8802=CARTESIAN_POINT('',(4.487609137210E0,1.016522305184E-2,
-1.377911851765E0));
#8803=CARTESIAN_POINT('',(4.445504226496E0,-6.867419312137E-1,
-1.194625432053E0));
#8804=CARTESIAN_POINT('',(4.403399315781E0,-1.195837139297E0,
-6.846297826363E-1));
#8805=CARTESIAN_POINT('',(4.361294405067E0,-1.377891736870E0,
1.260017714660E-2));
#8806=CARTESIAN_POINT('',(4.319189494353E0,-1.183116965253E0,
7.063842081438E-1));
#8807=CARTESIAN_POINT('',(4.277084583638E0,-6.647803290083E-1,
1.206984472627E0));
#8808=CARTESIAN_POINT('',(4.234979672924E0,3.536213820157E-2,1.377495525325E0));
#8809=CARTESIAN_POINT('',(4.192874762210E0,7.258336766036E-1,1.171285565568E0));
#8810=CARTESIAN_POINT('',(4.150769851496E0,1.217802359737E0,6.447494235414E-1));
#8811=CARTESIAN_POINT('',(4.108664940781E0,1.376723320810E0,
-5.811444899889E-2));
#8812=CARTESIAN_POINT('',(4.066560030067E0,1.159134479053E0,
-7.450850211945E-1));
#8813=CARTESIAN_POINT('',(4.024455119353E0,6.245424714875E-1,
-1.228287872695E0));
#8814=CARTESIAN_POINT('',(3.982350208638E0,-8.085066714132E-2,
-1.375575241475E0));
#8815=CARTESIAN_POINT('',(3.940245297924E0,-7.641338535866E-1,
-1.146667368039E0));
#8816=CARTESIAN_POINT('',(3.898140387210E0,-1.238434916244E0,
-6.041636982587E-1));
#8817=CARTESIAN_POINT('',(3.856035476495E0,-1.374063667253E0,
1.035597720706E-1));
#8818=CARTESIAN_POINT('',(3.813930565781E0,-1.133842602401E0,
7.829929430484E-1));
#8819=CARTESIAN_POINT('',(3.785860625305E0,-7.671386886785E-1,
1.093113421534E0));
#8820=CARTESIAN_POINT('',(3.771825655067E0,-5.570211225244E-1,
1.191354478013E0));
#8821=CARTESIAN_POINT('',(5.176388630647E0,1.408503497398E0,1.270862433457E-1));
#8822=CARTESIAN_POINT('',(5.162353660409E0,1.430917524991E0,
-1.213295995077E-1));
#8823=CARTESIAN_POINT('',(5.134283719933E0,1.341178198251E0,
-6.299124799854E-1));
#8824=CARTESIAN_POINT('',(5.092178809219E0,8.398071673561E-1,
-1.220813917567E0));
#8825=CARTESIAN_POINT('',(5.050073898504E0,1.087563313660E-1,
-1.477764397011E0));
#8826=CARTESIAN_POINT('',(5.007968987790E0,-6.520355400239E-1,
-1.330593413727E0));
#8827=CARTESIAN_POINT('',(4.965864077076E0,-1.234507574060E0,
-8.195226106087E-1));
#8828=CARTESIAN_POINT('',(4.923759166362E0,-1.479363169591E0,
-8.432819225978E-2));
#8829=CARTESIAN_POINT('',(4.881654255647E0,-1.319638765087E0,
6.739289270712E-1));
#8830=CARTESIAN_POINT('',(4.839549344933E0,-7.990161537319E-1,
1.247878123491E0));
#8831=CARTESIAN_POINT('',(4.797444434219E0,-5.987655627765E-2,
1.480554436928E0));
#8832=CARTESIAN_POINT('',(4.755339523504E0,6.956382362002E-1,1.308324914543E0));
#8833=CARTESIAN_POINT('',(4.713234612790E0,1.260908097981E0,7.782913382384E-1));
#8834=CARTESIAN_POINT('',(4.671129702076E0,1.481341576486E0,3.540864834819E-2));
#8835=CARTESIAN_POINT('',(4.629024791362E0,1.296653958107E0,
-7.171576894327E-1));
#8836=CARTESIAN_POINT('',(4.586919880647E0,7.573540868199E-1,
-1.273593901439E0));
#8837=CARTESIAN_POINT('',(4.544814969933E0,1.093107577641E-2,
-1.481724384014E0));
#8838=CARTESIAN_POINT('',(4.502710059219E0,-7.384813939299E-1,
-1.284629078536E0));
#8839=CARTESIAN_POINT('',(4.460605148504E0,-1.285932076377E0,
-7.362101150773E-1));
#8840=CARTESIAN_POINT('',(4.418500237790E0,-1.481702753653E0,
1.354948046721E-2));
#8841=CARTESIAN_POINT('',(4.376395327076E0,-1.272253558390E0,
7.596035293173E-1));
#8842=CARTESIAN_POINT('',(4.334290416362E0,-7.148651942013E-1,
1.297919255086E0));
#8843=CARTESIAN_POINT('',(4.292185505647E0,3.802633846064E-2,1.481276691342E0));
#8844=CARTESIAN_POINT('',(4.250080594933E0,7.805183299529E-1,1.259530775442E0));
#8845=CARTESIAN_POINT('',(4.207975684219E0,1.309552166941E0,6.933251508189E-1));
#8846=CARTESIAN_POINT('',(4.165870773505E0,1.480446308573E0,
-6.249281914143E-2));
#8847=CARTESIAN_POINT('',(4.123765862790E0,1.246464220309E0,
-8.012200799733E-1));
#8848=CARTESIAN_POINT('',(4.081660952076E0,6.715957974161E-1,
-1.320827663416E0));
#8849=CARTESIAN_POINT('',(4.039556041362E0,-8.694199473908E-2,
-1.479211732397E0));
#8850=CARTESIAN_POINT('',(3.997451130647E0,-8.217040604298E-1,
-1.233057831239E0));
#8851=CARTESIAN_POINT('',(3.955346219933E0,-1.331739190037E0,
-6.496816777497E-1));
#8852=CARTESIAN_POINT('',(3.913241309219E0,-1.477586275456E0,
1.113620144013E-1));
#8853=CARTESIAN_POINT('',(3.871136398505E0,-1.219266841677E0,
8.419840026337E-1));
#8854=CARTESIAN_POINT('',(3.843066458028E0,-8.249352812223E-1,
1.175469105012E0));
#8855=CARTESIAN_POINT('',(3.829031487790E0,-5.989873580069E-1,
1.281111689267E0));
#8856=CARTESIAN_POINT('',(5.233594463371E0,1.507186029941E0,1.359901561638E-1));
#8857=CARTESIAN_POINT('',(5.219559493133E0,1.531170428507E0,
-1.298301905066E-1));
#8858=CARTESIAN_POINT('',(5.191489552656E0,1.435143787573E0,
-6.740453904970E-1));
#8859=CARTESIAN_POINT('',(5.149384641942E0,8.986457135692E-1,
-1.306346548031E0));
#8860=CARTESIAN_POINT('',(5.107279731228E0,1.163760144049E-1,
-1.581299484761E0));
#8861=CARTESIAN_POINT('',(5.065174820513E0,-6.977184357475E-1,
-1.423817412172E0));
#8862=CARTESIAN_POINT('',(5.023069909799E0,-1.320999609101E0,
-8.769399807757E-1));
#8863=CARTESIAN_POINT('',(4.980964999085E0,-1.583010270501E0,
-9.023639170153E-2));
#8864=CARTESIAN_POINT('',(4.938860088371E0,-1.412095259247E0,
7.211457166644E-1));
#8865=CARTESIAN_POINT('',(4.896755177656E0,-8.549968010922E-1,
1.335306925592E0));
#8866=CARTESIAN_POINT('',(4.854650266942E0,-6.407162588478E-2,
1.584285000376E0));
#8867=CARTESIAN_POINT('',(4.812545356228E0,7.443760228009E-1,1.399988738024E0));
#8868=CARTESIAN_POINT('',(4.770440445513E0,1.349249805789E0,8.328199641566E-1));
#8869=CARTESIAN_POINT('',(4.728335534799E0,1.585127288485E0,3.788944807598E-2));
#8870=CARTESIAN_POINT('',(4.686230624085E0,1.387500091365E0,
-7.674031713623E-1));
#8871=CARTESIAN_POINT('',(4.644125713371E0,8.104158076163E-1,
-1.362824401653E0));
#8872=CARTESIAN_POINT('',(4.602020802656E0,1.169692850097E-2,
-1.585536916262E0));
#8873=CARTESIAN_POINT('',(4.559915891942E0,-7.902208566462E-1,
-1.374632725018E0));
#8874=CARTESIAN_POINT('',(4.517810981228E0,-1.376027013458E0,
-7.877904475183E-1));
#8875=CARTESIAN_POINT('',(4.475706070513E0,-1.585513770436E0,
1.449878378780E-2));
#8876=CARTESIAN_POINT('',(4.433601159799E0,-1.361390151527E0,
8.128228504909E-1));
#8877=CARTESIAN_POINT('',(4.391496249085E0,-7.649500593943E-1,
1.388854037546E0));
#8878=CARTESIAN_POINT('',(4.349391338371E0,4.069053871970E-2,1.585057857360E0));
#8879=CARTESIAN_POINT('',(4.307286427656E0,8.352029833022E-1,1.347775985317E0));
#8880=CARTESIAN_POINT('',(4.265181516942E0,1.401301974144E0,7.419008780964E-1));
#8881=CARTESIAN_POINT('',(4.223076606228E0,1.584169296336E0,
-6.687118928397E-2));
#8882=CARTESIAN_POINT('',(4.180971695513E0,1.333793961564E0,
-8.573551387521E-1));
#8883=CARTESIAN_POINT('',(4.138866784799E0,7.186491233447E-1,
-1.413367454138E0));
#8884=CARTESIAN_POINT('',(4.096761874085E0,-9.303332233685E-2,
-1.582848223318E0));
#8885=CARTESIAN_POINT('',(4.054656963371E0,-8.792742672730E-1,
-1.319448294439E0));
#8886=CARTESIAN_POINT('',(4.012552052656E0,-1.425043463831E0,
-6.951996572407E-1));
#8887=CARTESIAN_POINT('',(3.970447141942E0,-1.581108883660E0,
1.191642567319E-1));
#8888=CARTESIAN_POINT('',(3.928342231228E0,-1.304691080953E0,
9.009750622191E-1));
#8889=CARTESIAN_POINT('',(3.900272290752E0,-8.827318737661E-1,
1.257824788490E0));
#8890=CARTESIAN_POINT('',(3.886237320513E0,-6.409535934894E-1,
1.370868900521E0));
#8891=B_SPLINE_SURFACE_WITH_KNOTS('',3,3,((#8751,#8752,#8753,#8754,#8755,#8756,
#8757,#8758,#8759,#8760,#8761,#8762,#8763,#8764,#8765,#8766,#8767,#8768,#8769,
#8770,#8771,#8772,#8773,#8774,#8775,#8776,#8777,#8778,#8779,#8780,#8781,#8782,
#8783,#8784,#8785),(#8786,#8787,#8788,#8789,#8790,#8791,#8792,#8793,#8794,#8795,
#8796,#8797,#8798,#8799,#8800,#8801,#8802,#8803,#8804,#8805,#8806,#8807,#8808,
#8809,#8810,#8811,#8812,#8813,#8814,#8815,#8816,#8817,#8818,#8819,#8820),(#8821,
#8822,#8823,#8824,#8825,#8826,#8827,#8828,#8829,#8830,#8831,#8832,#8833,#8834,
#8835,#8836,#8837,#8838,#8839,#8840,#8841,#8842,#8843,#8844,#8845,#8846,#8847,
#8848,#8849,#8850,#8851,#8852,#8853,#8854,#8855),(#8856,#8857,#8858,#8859,#8860,
#8861,#8862,#8863,#8864,#8865,#8866,#8867,#8868,#8869,#8870,#8871,#8872,#8873,
#8874,#8875,#8876,#8877,#8878,#8879,#8880,#8881,#8882,#8883,#8884,#8885,#8886,
#8887,#8888,#8889,#8890)),.UNSPECIFIED.,.F.,.F.,.F.,(4,4),(4,1,1,1,1,1,1,1,1,1,
1,1,1,1,1,1,1,1,1,1,1,1,1,1,1,1,1,1,1,1,1,1,4),(-2.860391582697E-2,
1.048211758964E0),(2.716437007874E-1,2.948511318898E-1,3.180585629921E-1,
3.412659940945E-1,3.644734251969E-1,3.876808562992E-1,4.108882874016E-1,
4.340957185039E-1,4.573031496063E-1,4.805105807087E-1,5.037180118110E-1,
5.269254429134E-1,5.501328740157E-1,5.733403051181E-1,5.965477362205E-1,
6.197551673228E-1,6.429625984252E-1,6.661700295276E-1,6.893774606299E-1,
7.125848917323E-1,7.357923228346E-1,7.589997539370E-1,7.822071850394E-1,
8.054146161417E-1,8.286220472441E-1,8.518294783465E-1,8.750369094488E-1,
8.982443405512E-1,9.214517716535E-1,9.446592027559E-1,9.678666338583E-1,
9.910740649606E-1,1.014281496063E0),.UNSPECIFIED.);
#8892=ORIENTED_EDGE('',*,*,#7165,.T.);
#8893=ORIENTED_EDGE('',*,*,#7582,.T.);
#8895=ORIENTED_EDGE('',*,*,#8894,.T.);
#8896=ORIENTED_EDGE('',*,*,#8741,.T.);
#8898=ORIENTED_EDGE('',*,*,#8897,.F.);
#8899=ORIENTED_EDGE('',*,*,#7129,.T.);
#8900=ORIENTED_EDGE('',*,*,#7549,.T.);
#8901=ORIENTED_EDGE('',*,*,#7149,.T.);
#8902=ORIENTED_EDGE('',*,*,#7563,.T.);
#8903=EDGE_LOOP('',(#8892,#8893,#8895,#8896,#8898,#8899,#8900,#8901,#8902));
#8904=FACE_OUTER_BOUND('',#8903,.F.);
#8906=CARTESIAN_POINT('',(5.491746824527E0,0.E0,0.E0));
#8907=DIRECTION('',(1.E0,0.E0,0.E0));
#8908=DIRECTION('',(0.E0,-1.E0,0.E0));
#8909=AXIS2_PLACEMENT_3D('',#8906,#8907,#8908);
#8910=CONICAL_SURFACE('',#8909,1.864683530659E0,5.134019174591E1);
#8911=ORIENTED_EDGE('',*,*,#8894,.F.);
#8912=ORIENTED_EDGE('',*,*,#7580,.T.);
#8914=ORIENTED_EDGE('',*,*,#8913,.F.);
#8915=ORIENTED_EDGE('',*,*,#5140,.F.);
#8917=ORIENTED_EDGE('',*,*,#8916,.T.);
#8919=ORIENTED_EDGE('',*,*,#8918,.F.);
#8920=ORIENTED_EDGE('',*,*,#8743,.F.);
#8921=EDGE_LOOP('',(#8911,#8912,#8914,#8915,#8917,#8919,#8920));
#8922=FACE_OUTER_BOUND('',#8921,.F.);
#8924=CARTESIAN_POINT('',(5.491746824527E0,0.E0,0.E0));
#8925=DIRECTION('',(1.E0,0.E0,0.E0));
#8926=DIRECTION('',(0.E0,-1.E0,0.E0));
#8927=AXIS2_PLACEMENT_3D('',#8924,#8925,#8926);
#8928=CONICAL_SURFACE('',#8927,1.864683530659E0,5.134019174591E1);
#8930=ORIENTED_EDGE('',*,*,#8929,.F.);
#8931=ORIENTED_EDGE('',*,*,#8916,.F.);
#8932=ORIENTED_EDGE('',*,*,#5138,.F.);
#8933=ORIENTED_EDGE('',*,*,#8913,.T.);
#8934=ORIENTED_EDGE('',*,*,#7578,.T.);
#8935=EDGE_LOOP('',(#8930,#8931,#8932,#8933,#8934));
#8936=FACE_OUTER_BOUND('',#8935,.F.);
#8938=CARTESIAN_POINT('',(5.216976965201E0,1.146528152459E0,
-9.877126338370E-1));
#8939=CARTESIAN_POINT('',(5.203619078296E0,9.807305542084E-1,
-1.180169030053E0));
#8940=CARTESIAN_POINT('',(5.176903304487E0,5.503645809350E-1,
-1.479564961554E0));
#8941=CARTESIAN_POINT('',(5.136829643772E0,-2.319914554225E-1,
-1.561502735895E0));
#8942=CARTESIAN_POINT('',(5.096755983058E0,-9.567051584851E-1,
-1.255701080028E0));
#8943=CARTESIAN_POINT('',(5.056682322344E0,-1.443900514042E0,
-6.381484721040E-1));
#8944=CARTESIAN_POINT('',(5.016608661629E0,-1.572602184612E0,
1.378468049033E-1));
#8945=CARTESIAN_POINT('',(4.976535000915E0,-1.310860189954E0,
8.796166041909E-1));
#8946=CARTESIAN_POINT('',(4.936461340201E0,-7.236585734381E-1,
1.402996105968E0));
#8947=CARTESIAN_POINT('',(4.896387679487E0,4.321239723173E-2,1.578040704E0));
#8948=CARTESIAN_POINT('',(4.856314018772E0,7.993546420931E-1,1.361290543947E0));
#8949=CARTESIAN_POINT('',(4.816240358058E0,1.357033704314E0,8.065601711737E-1));
#8950=CARTESIAN_POINT('',(4.776166697344E0,1.577789444992E0,5.157763801511E-2));
#8951=CARTESIAN_POINT('',(4.736093036629E0,1.406812790914E0,
-7.162105532578E-1));
#8952=CARTESIAN_POINT('',(4.696019375915E0,8.865536994753E-1,
-1.306178518900E0));
#8953=CARTESIAN_POINT('',(4.655945715201E0,1.461817123417E-1,
-1.571849449621E0));
#8954=CARTESIAN_POINT('',(4.615872054487E0,-6.304841620225E-1,
-1.447262763540E0));
#8955=CARTESIAN_POINT('',(4.575798393772E0,-1.250613895757E0,
-9.633507507828E-1));
#8956=CARTESIAN_POINT('',(4.535724733058E0,-1.560242138010E0,
-2.402587273507E-1));
#8957=CARTESIAN_POINT('',(4.495651072344E0,-1.482494618199E0,
5.424845549032E-1));
#8958=CARTESIAN_POINT('',(4.455577411629E0,-1.036674432928E0,1.190540173787E0));
#8959=CARTESIAN_POINT('',(4.415503750915E0,-3.334694875351E-1,
1.543009360360E0));
#8960=CARTESIAN_POINT('',(4.375430090201E0,4.525290152755E-1,1.512381326188E0));
#8961=CARTESIAN_POINT('',(4.335356429487E0,1.126173949016E0,1.106260376640E0));
#8962=CARTESIAN_POINT('',(4.295282768772E0,1.520213250657E0,4.254779211679E-1));
#8963=CARTESIAN_POINT('',(4.255209108058E0,1.536815126761E0,
-3.609418802466E-1));
#8964=CARTESIAN_POINT('',(4.215135447344E0,1.171857704055E0,-1.057747288211E0));
#8965=CARTESIAN_POINT('',(4.175061786629E0,5.159522357115E-1,
-1.491936023575E0));
#8966=CARTESIAN_POINT('',(4.134988125915E0,-2.680531613770E-1,
-1.555707837399E0));
#8967=CARTESIAN_POINT('',(4.094914465201E0,-9.855076753780E-1,
-1.233230225331E0));
#8968=CARTESIAN_POINT('',(4.054840804487E0,-1.458276755067E0,
-6.045650240355E-1));
#8969=CARTESIAN_POINT('',(4.014767143772E0,-1.569002080459E0,
1.741932866452E-1));
#8970=CARTESIAN_POINT('',(3.974693483058E0,-1.290116578428E0,
9.097323020930E-1));
#8971=CARTESIAN_POINT('',(3.947977709248E0,-8.908031150938E-1,
1.249440342550E0));
#8972=CARTESIAN_POINT('',(3.934619822344E0,-6.624071934486E-1,
1.360632118352E0));
#8973=CARTESIAN_POINT('',(5.274182797924E0,1.071459581314E0,
-9.230424589575E-1));
#8974=CARTESIAN_POINT('',(5.260824911019E0,9.165175288024E-1,-1.102897833E0));
#8975=CARTESIAN_POINT('',(5.234109137210E0,5.143296326339E-1,
-1.382690909799E0));
#8976=CARTESIAN_POINT('',(5.194035476496E0,-2.168018876487E-1,
-1.459263834067E0));
#8977=CARTESIAN_POINT('',(5.153961815781E0,-8.940651883280E-1,
-1.173484445696E0));
#8978=CARTESIAN_POINT('',(5.113888155067E0,-1.349361580801E0,
-5.963659010643E-1));
#8979=CARTESIAN_POINT('',(5.073814494353E0,-1.469636549861E0,
1.288213285914E-1));
#8980=CARTESIAN_POINT('',(5.033740833638E0,-1.225032030201E0,
8.220239829454E-1));
#8981=CARTESIAN_POINT('',(4.993667172924E0,-6.762772553360E-1,
1.311135376014E0));
#8982=CARTESIAN_POINT('',(4.953593512210E0,4.038307907764E-2,1.474718983898E0));
#8983=CARTESIAN_POINT('',(4.913519851495E0,7.470171476397E-1,1.272160472585E0));
#8984=CARTESIAN_POINT('',(4.873446190781E0,1.268182348192E0,7.537508969640E-1));
#8985=CARTESIAN_POINT('',(4.833372530067E0,1.474484175994E0,4.820060834469E-2));
#8986=CARTESIAN_POINT('',(4.793298869353E0,1.314702164711E0,
-6.693168919407E-1));
#8987=CARTESIAN_POINT('',(4.753225208638E0,8.285068740920E-1,
-1.220656890090E0));
#8988=CARTESIAN_POINT('',(4.713151547924E0,1.366105105797E-1,
-1.468933099957E0));
#8989=CARTESIAN_POINT('',(4.673077887210E0,-5.892034092813E-1,
-1.352503688068E0));
#8990=CARTESIAN_POINT('',(4.633004226496E0,-1.168730343219E0,
-9.002756625544E-1));
#8991=CARTESIAN_POINT('',(4.592930565781E0,-1.458085773433E0,
-2.245278625406E-1));
#8992=CARTESIAN_POINT('',(4.552856905067E0,-1.385428748094E0,
5.069655488348E-1));
#8993=CARTESIAN_POINT('',(4.512783244353E0,-9.687984996108E-1,
1.112589929352E0));
#8994=CARTESIAN_POINT('',(4.472709583638E0,-3.116356774399E-1,
1.441981306494E0));
#8995=CARTESIAN_POINT('',(4.432635922924E0,4.228998199474E-1,1.413358633253E0));
#8996=CARTESIAN_POINT('',(4.392562262210E0,1.052438062957E0,1.033828325486E0));
#8997=CARTESIAN_POINT('',(4.352488601495E0,1.420677764924E0,3.976198877413E-1));
#8998=CARTESIAN_POINT('',(4.312414940781E0,1.436192638397E0,
-3.373093238560E-1));
#8999=CARTESIAN_POINT('',(4.272341280067E0,1.095130688465E0,
-9.884916163046E-1));
#9000=CARTESIAN_POINT('',(4.232267619353E0,4.821704249197E-1,
-1.394251980414E0));
#9001=CARTESIAN_POINT('',(4.192193958638E0,-2.505024647175E-1,
-1.453848354732E0));
#9002=CARTESIAN_POINT('',(4.152120297924E0,-9.209818694618E-1,
-1.152484863161E0));
#9003=CARTESIAN_POINT('',(4.112046637210E0,-1.362796541954E0,
-5.649813187238E-1));
#9004=CARTESIAN_POINT('',(4.071972976496E0,-1.466272161397E0,
1.627880358422E-1));
#9005=CARTESIAN_POINT('',(4.031899315781E0,-1.205646600133E0,
8.501678649739E-1));
#9006=CARTESIAN_POINT('',(4.005183541972E0,-8.324780605558E-1,
1.167633628040E0));
#9007=CARTESIAN_POINT('',(3.991825655067E0,-6.190362902382E-1,
1.271545157199E0));
#9008=CARTESIAN_POINT('',(5.331388630647E0,9.963910101695E-1,
-8.583722840779E-1));
#9009=CARTESIAN_POINT('',(5.318030743743E0,8.523045033964E-1,
-1.025626635947E0));
#9010=CARTESIAN_POINT('',(5.291314969933E0,4.782946843329E-1,
-1.285816858044E0));
#9011=CARTESIAN_POINT('',(5.251241309219E0,-2.016123198748E-1,
-1.357024932238E0));
#9012=CARTESIAN_POINT('',(5.211167648504E0,-8.314252181708E-1,
-1.091267811363E0));
#9013=CARTESIAN_POINT('',(5.171093987790E0,-1.254822647559E0,
-5.545833300246E-1));
#9014=CARTESIAN_POINT('',(5.131020327076E0,-1.366670915109E0,
1.197958522795E-1));
#9015=CARTESIAN_POINT('',(5.090946666362E0,-1.139203870448E0,
7.644313616999E-1));
#9016=CARTESIAN_POINT('',(5.050873005647E0,-6.288959372338E-1,
1.219274646061E0));
#9017=CARTESIAN_POINT('',(5.010799344933E0,3.755376092354E-2,1.371397263796E0));
#9018=CARTESIAN_POINT('',(4.970725684219E0,6.946796531864E-1,1.183030401223E0));
#9019=CARTESIAN_POINT('',(4.930652023504E0,1.179330992069E0,7.009416227543E-1));
#9020=CARTESIAN_POINT('',(4.890578362790E0,1.371178906997E0,4.482357867428E-2));
#9021=CARTESIAN_POINT('',(4.850504702076E0,1.222591538508E0,
-6.224232306235E-1));
#9022=CARTESIAN_POINT('',(4.810431041362E0,7.704600487087E-1,
-1.135135261281E0));
#9023=CARTESIAN_POINT('',(4.770357380647E0,1.270393088177E-1,
-1.366016750293E0));
#9024=CARTESIAN_POINT('',(4.730283719933E0,-5.479226565401E-1,
-1.257744612595E0));
#9025=CARTESIAN_POINT('',(4.690210059219E0,-1.086846790680E0,
-8.372005743261E-1));
#9026=CARTESIAN_POINT('',(4.650136398504E0,-1.355929408856E0,
-2.087969977305E-1));
#9027=CARTESIAN_POINT('',(4.610062737790E0,-1.288362877989E0,
4.714465427664E-1));
#9028=CARTESIAN_POINT('',(4.569989077076E0,-9.009225662938E-1,
1.034639684916E0));
#9029=CARTESIAN_POINT('',(4.529915416362E0,-2.898018673446E-1,
1.340953252628E0));
#9030=CARTESIAN_POINT('',(4.489841755647E0,3.932706246193E-1,1.314335940317E0));
#9031=CARTESIAN_POINT('',(4.449768094933E0,9.787021768982E-1,
9.613962743320E-1));
#9032=CARTESIAN_POINT('',(4.409694434219E0,1.321142279190E0,3.697618543147E-1));
#9033=CARTESIAN_POINT('',(4.369620773504E0,1.335570150033E0,
-3.136767674653E-1));
#9034=CARTESIAN_POINT('',(4.329547112790E0,1.018403672874E0,
-9.192359443980E-1));
#9035=CARTESIAN_POINT('',(4.289473452076E0,4.483886141279E-1,
-1.296567937254E0));
#9036=CARTESIAN_POINT('',(4.249399791362E0,-2.329517680579E-1,
-1.351988872065E0));
#9037=CARTESIAN_POINT('',(4.209326130647E0,-8.564560635457E-1,
-1.071739500991E0));
#9038=CARTESIAN_POINT('',(4.169252469933E0,-1.267316328842E0,
-5.253976134121E-1));
#9039=CARTESIAN_POINT('',(4.129178809219E0,-1.363542242336E0,
1.513827850392E-1));
#9040=CARTESIAN_POINT('',(4.089105148504E0,-1.121176621838E0,
7.906034278547E-1));
#9041=CARTESIAN_POINT('',(4.062389374695E0,-7.741530060179E-1,
1.085826913530E0));
#9042=CARTESIAN_POINT('',(4.049031487790E0,-5.756653870279E-1,
1.182458196047E0));
#9043=CARTESIAN_POINT('',(5.388594463371E0,9.213224390246E-1,
-7.937021091983E-1));
#9044=CARTESIAN_POINT('',(5.375236576466E0,7.880914779904E-1,
-9.483554388936E-1));
#9045=CARTESIAN_POINT('',(5.348520802656E0,4.422597360319E-1,
-1.188942806289E0));
#9046=CARTESIAN_POINT('',(5.308447141942E0,-1.864227521010E-1,
-1.254786030410E0));
#9047=CARTESIAN_POINT('',(5.268373481228E0,-7.687852480136E-1,
-1.009051177030E0));
#9048=CARTESIAN_POINT('',(5.228299820513E0,-1.160283714318E0,
-5.128007589849E-1));
#9049=CARTESIAN_POINT('',(5.188226159799E0,-1.263705280358E0,
1.107703759675E-1));
#9050=CARTESIAN_POINT('',(5.148152499085E0,-1.053375710695E0,
7.068387404543E-1));
#9051=CARTESIAN_POINT('',(5.108078838371E0,-5.815146191317E-1,
1.127413916108E0));
#9052=CARTESIAN_POINT('',(5.068005177656E0,3.472444276945E-2,1.268075543693E0));
#9053=CARTESIAN_POINT('',(5.027931516942E0,6.423421587330E-1,1.093900329861E0));
#9054=CARTESIAN_POINT('',(4.987857856228E0,1.090479635947E0,6.481323485445E-1));
#9055=CARTESIAN_POINT('',(4.947784195513E0,1.267873637999E0,4.144654900386E-2));
#9056=CARTESIAN_POINT('',(4.907710534799E0,1.130480912305E0,
-5.755295693064E-1));
#9057=CARTESIAN_POINT('',(4.867636874085E0,7.124132233254E-1,
-1.049613632472E0));
#9058=CARTESIAN_POINT('',(4.827563213371E0,1.174681070557E-1,
-1.263100400629E0));
#9059=CARTESIAN_POINT('',(4.787489552656E0,-5.066419037989E-1,
-1.162985537123E0));
#9060=CARTESIAN_POINT('',(4.747415891942E0,-1.004963238142E0,
-7.741254860978E-1));
#9061=CARTESIAN_POINT('',(4.707342231228E0,-1.253773044279E0,
-1.930661329204E-1));
#9062=CARTESIAN_POINT('',(4.667268570513E0,-1.191297007884E0,
4.359275366981E-1));
#9063=CARTESIAN_POINT('',(4.627194909799E0,-8.330466329769E-1,
9.566894404798E-1));
#9064=CARTESIAN_POINT('',(4.587121249085E0,-2.679680572493E-1,
1.239925198762E0));
#9065=CARTESIAN_POINT('',(4.547047588371E0,3.636414292913E-1,1.215313247381E0));
#9066=CARTESIAN_POINT('',(4.506973927656E0,9.049662908391E-1,
8.889642231779E-1));
#9067=CARTESIAN_POINT('',(4.466900266942E0,1.221606793456E0,3.419038208881E-1));
#9068=CARTESIAN_POINT('',(4.426826606228E0,1.234947661669E0,
-2.900442110747E-1));
#9069=CARTESIAN_POINT('',(4.386752945513E0,9.416766572839E-1,
-8.499802724914E-1));
#9070=CARTESIAN_POINT('',(4.346679284799E0,4.146068033361E-1,
-1.198883894094E0));
#9071=CARTESIAN_POINT('',(4.306605624085E0,-2.154010713984E-1,
-1.250129389398E0));
#9072=CARTESIAN_POINT('',(4.266531963371E0,-7.919302576296E-1,
-9.909941388214E-1));
#9073=CARTESIAN_POINT('',(4.226458302656E0,-1.171836115729E0,
-4.858139081004E-1));
#9074=CARTESIAN_POINT('',(4.186384641942E0,-1.260812323275E0,
1.399775342362E-1));
#9075=CARTESIAN_POINT('',(4.146310981228E0,-1.036706643543E0,
7.310389907356E-1));
#9076=CARTESIAN_POINT('',(4.119595207418E0,-7.158279514799E-1,
1.004020199020E0));
#9077=CARTESIAN_POINT('',(4.106237320513E0,-5.322944838175E-1,
1.093371234894E0));
#9078=B_SPLINE_SURFACE_WITH_KNOTS('',3,3,((#8938,#8939,#8940,#8941,#8942,#8943,
#8944,#8945,#8946,#8947,#8948,#8949,#8950,#8951,#8952,#8953,#8954,#8955,#8956,
#8957,#8958,#8959,#8960,#8961,#8962,#8963,#8964,#8965,#8966,#8967,#8968,#8969,
#8970,#8971,#8972),(#8973,#8974,#8975,#8976,#8977,#8978,#8979,#8980,#8981,#8982,
#8983,#8984,#8985,#8986,#8987,#8988,#8989,#8990,#8991,#8992,#8993,#8994,#8995,
#8996,#8997,#8998,#8999,#9000,#9001,#9002,#9003,#9004,#9005,#9006,#9007),(#9008,
#9009,#9010,#9011,#9012,#9013,#9014,#9015,#9016,#9017,#9018,#9019,#9020,#9021,
#9022,#9023,#9024,#9025,#9026,#9027,#9028,#9029,#9030,#9031,#9032,#9033,#9034,
#9035,#9036,#9037,#9038,#9039,#9040,#9041,#9042),(#9043,#9044,#9045,#9046,#9047,
#9048,#9049,#9050,#9051,#9052,#9053,#9054,#9055,#9056,#9057,#9058,#9059,#9060,
#9061,#9062,#9063,#9064,#9065,#9066,#9067,#9068,#9069,#9070,#9071,#9072,#9073,
#9074,#9075,#9076,#9077)),.UNSPECIFIED.,.F.,.F.,.F.,(4,4),(4,1,1,1,1,1,1,1,1,1,
1,1,1,1,1,1,1,1,1,1,1,1,1,1,1,1,1,1,1,1,1,1,4),(-4.821175896423E-2,
1.028603915827E0),(3.067814960630E-1,3.288693405512E-1,3.509571850394E-1,
3.730450295276E-1,3.951328740157E-1,4.172207185039E-1,4.393085629921E-1,
4.613964074803E-1,4.834842519685E-1,5.055720964567E-1,5.276599409449E-1,
5.497477854331E-1,5.718356299213E-1,5.939234744094E-1,6.160113188976E-1,
6.380991633858E-1,6.601870078740E-1,6.822748523622E-1,7.043626968504E-1,
7.264505413386E-1,7.485383858268E-1,7.706262303150E-1,7.927140748031E-1,
8.148019192913E-1,8.368897637795E-1,8.589776082677E-1,8.810654527559E-1,
9.031532972441E-1,9.252411417323E-1,9.473289862205E-1,9.694168307087E-1,
9.915046751969E-1,1.013592519685E0),.UNSPECIFIED.);
#9079=ORIENTED_EDGE('',*,*,#7576,.F.);
#9080=ORIENTED_EDGE('',*,*,#7161,.T.);
#9081=ORIENTED_EDGE('',*,*,#7566,.T.);
#9082=ORIENTED_EDGE('',*,*,#7145,.T.);
#9084=ORIENTED_EDGE('',*,*,#9083,.F.);
#9085=ORIENTED_EDGE('',*,*,#8745,.F.);
#9086=ORIENTED_EDGE('',*,*,#8918,.T.);
#9087=ORIENTED_EDGE('',*,*,#8929,.T.);
#9088=EDGE_LOOP('',(#9079,#9080,#9081,#9082,#9084,#9085,#9086,#9087));
#9089=FACE_OUTER_BOUND('',#9088,.F.);
#9091=CARTESIAN_POINT('',(3.995566250915E0,-1.420594061023E0,
5.215511146671E-1));
#9092=CARTESIAN_POINT('',(3.985738869963E0,-1.356185361043E0,
6.969866838696E-1));
#9093=CARTESIAN_POINT('',(3.966084108058E0,-1.161648920758E0,1.023656631125E0));
#9094=CARTESIAN_POINT('',(3.936601965201E0,-7.121953893968E-1,
1.374807024569E0));
#9095=CARTESIAN_POINT('',(3.907119822344E0,-1.661053357538E-1,
1.539389046945E0));
#9096=CARTESIAN_POINT('',(3.877637679487E0,4.025257591521E-1,1.495086960708E0));
#9097=CARTESIAN_POINT('',(3.848155536629E0,9.165356685137E-1,1.247907723418E0));
#9098=CARTESIAN_POINT('',(3.818673393772E0,1.306176152721E0,8.313936184196E-1));
#9099=CARTESIAN_POINT('',(3.789191250915E0,1.518574733506E0,3.020632923129E-1));
#9100=CARTESIAN_POINT('',(3.759709108058E0,1.524909968575E0,
-2.682555638898E-1));
#9101=CARTESIAN_POINT('',(3.730226965201E0,1.324322187977E0,
-8.021734238267E-1));
#9102=CARTESIAN_POINT('',(3.700744822344E0,9.440301997253E-1,
-1.227240172589E0));
#9103=CARTESIAN_POINT('',(3.671262679487E0,4.356378132266E-1,
-1.485776280282E0));
#9104=CARTESIAN_POINT('',(3.641780536629E0,-1.318685478996E-1,
-1.542699629020E0));
#9105=CARTESIAN_POINT('',(3.612298393772E0,-6.814809756744E-1,
-1.390285991843E0));
#9106=CARTESIAN_POINT('',(3.582816250915E0,-1.138619683521E0,
-1.049217172761E0));
#9107=CARTESIAN_POINT('',(3.553334108058E0,-1.441253127869E0,
-5.657745847287E-1));
#9108=CARTESIAN_POINT('',(3.523851965201E0,-1.548315392909E0,
-5.559082474425E-3));
#9109=CARTESIAN_POINT('',(3.494369822344E0,-1.445278639618E0,
5.554107607725E-1));
#9110=CARTESIAN_POINT('',(3.464887679487E0,-1.146124464263E0,1.041014011306E0));
#9111=CARTESIAN_POINT('',(3.435405536629E0,-6.914466624359E-1,
1.385356622796E0));
#9112=CARTESIAN_POINT('',(3.405923393772E0,-1.429428444940E-1,
1.541712944269E0));
#9113=CARTESIAN_POINT('',(3.376441250915E0,4.249576360680E-1,1.488866168218E0));
#9114=CARTESIAN_POINT('',(3.346959108058E0,9.351933910971E-1,1.233987350245E0));
#9115=CARTESIAN_POINT('',(3.317476965201E0,1.318527860820E0,8.116623309966E-1));
#9116=CARTESIAN_POINT('',(3.287994822344E0,1.522944384968E0,2.791986024512E-1));
#9117=CARTESIAN_POINT('',(3.258512679487E0,1.520704615625E0,
-2.911510455672E-1));
#9118=CARTESIAN_POINT('',(3.229030536629E0,1.312112478813E0,
-8.219928845565E-1));
#9119=CARTESIAN_POINT('',(3.199548393772E0,9.254729331836E-1,
-1.241294207375E0));
#9120=CARTESIAN_POINT('',(3.170066250915E0,4.132511220519E-1,
-1.492157823235E0));
#9121=CARTESIAN_POINT('',(3.140584108058E0,-1.550468964631E-1,
-1.540542735277E0));
#9122=CARTESIAN_POINT('',(3.111101965201E0,-7.023057902032E-1,
-1.379883341578E0));
#9123=CARTESIAN_POINT('',(3.081619822344E0,-1.154265135953E0,
-1.031980356034E0));
#9124=CARTESIAN_POINT('',(3.052137679487E0,-1.449596204888E0,
-5.440425554045E-1));
#9125=CARTESIAN_POINT('',(3.022655536629E0,-1.548223978733E0,
1.771922665961E-2));
#9126=CARTESIAN_POINT('',(2.993173393772E0,-1.436765138714E0,
5.770765941297E-1));
#9127=CARTESIAN_POINT('',(2.963691250915E0,-1.130344118123E0,1.058127418576E0));
#9128=CARTESIAN_POINT('',(2.934209108058E0,-6.705407888088E-1,
1.395595396188E0));
#9129=CARTESIAN_POINT('',(2.904726965201E0,-1.197482707773E-1,
1.543687731040E0));
#9130=CARTESIAN_POINT('',(2.875244822344E0,4.472935167845E-1,1.482308999217E0));
#9131=CARTESIAN_POINT('',(2.845762679487E0,9.536397062705E-1,1.219788002049E0));
#9132=CARTESIAN_POINT('',(2.816280536629E0,1.330581533411E0,7.917475874691E-1));
#9133=CARTESIAN_POINT('',(2.786798393772E0,1.526969789064E0,2.562707993605E-1));
#9134=CARTESIAN_POINT('',(2.757316250915E0,1.516155523077E0,
-3.139807146336E-1));
#9135=CARTESIAN_POINT('',(2.727834108058E0,1.299606179795E0,
-8.416265423304E-1));
#9136=CARTESIAN_POINT('',(2.698351965201E0,9.067064728591E-1,
-1.255067660086E0));
#9137=CARTESIAN_POINT('',(2.668869822344E0,3.907710196305E-1,
-1.498202079005E0));
#9138=CARTESIAN_POINT('',(2.639387679487E0,-1.781901982406E-1,
-1.538037617410E0));
#9139=CARTESIAN_POINT('',(2.609905536629E0,-7.229718556048E-1,
-1.369168782627E0));
#9140=CARTESIAN_POINT('',(2.580423393772E0,-1.169649678415E0,
-1.014510270575E0));
#9141=CARTESIAN_POINT('',(2.550941250915E0,-1.457611615332E0,
-5.221875507577E-1));
#9142=CARTESIAN_POINT('',(2.521459108058E0,-1.547782604170E0,
4.099353054134E-2));
#9143=CARTESIAN_POINT('',(2.491976965201E0,-1.427926871570E0,
5.986119851542E-1));
#9144=CARTESIAN_POINT('',(2.462494822344E0,-1.114308269112E0,1.075001646833E0));
#9145=CARTESIAN_POINT('',(2.433012679487E0,-6.494833462270E-1,
1.405518709351E0));
#9146=CARTESIAN_POINT('',(2.403530536629E0,-9.652662911627E-2,
1.545313582766E0));
#9147=CARTESIAN_POINT('',(2.374048393772E0,4.695282911059E-1,1.475416769362E0));
#9148=CARTESIAN_POINT('',(2.344566250915E0,9.718704616267E-1,1.205312932659E0));
#9149=CARTESIAN_POINT('',(2.315084108058E0,1.342334438495E0,7.716538790393E-1));
#9150=CARTESIAN_POINT('',(2.285601965201E0,1.530650048246E0,2.332850627250E-1));
#9151=CARTESIAN_POINT('',(2.256119822344E0,1.511263677168E0,
-3.367393886917E-1));
#9152=CARTESIAN_POINT('',(2.226637679487E0,1.286806273647E0,
-8.610700441691E-1));
#9153=CARTESIAN_POINT('',(2.197155536629E0,8.877344795655E-1,
-1.268557099310E0));
#9154=CARTESIAN_POINT('',(2.167673393772E0,3.682047561841E-1,
-1.503908868584E0));
#9155=CARTESIAN_POINT('',(2.138191250915E0,-2.013013160543E-1,
-1.535180410798E0));
#9156=CARTESIAN_POINT('',(2.118536489010E0,-5.627299672308E-1,
-1.417167652389E0));
#9157=CARTESIAN_POINT('',(2.108709108058E0,-7.266601762337E-1,
-1.327429109105E0));
#9158=CARTESIAN_POINT('',(4.052772083638E0,-1.327581110482E0,
4.874027190319E-1));
#9159=CARTESIAN_POINT('',(4.042944702686E0,-1.267389549930E0,
6.513516993707E-1));
#9160=CARTESIAN_POINT('',(4.023289940781E0,-1.085590322051E0,
9.566330342978E-1));
#9161=CARTESIAN_POINT('',(3.993807797924E0,-6.655646196741E-1,
1.284791965878E0));
#9162=CARTESIAN_POINT('',(3.964325655067E0,-1.552296409984E-1,
1.438598031964E0));
#9163=CARTESIAN_POINT('',(3.934843512210E0,3.761705113340E-1,1.397196610928E0));
#9164=CARTESIAN_POINT('',(3.905361369353E0,8.565257831122E-1,1.166201356665E0));
#9165=CARTESIAN_POINT('',(3.875879226496E0,1.220654678837E0,7.769583820411E-1));
#9166=CARTESIAN_POINT('',(3.846397083638E0,1.419146529169E0,2.822857929985E-1));
#9167=CARTESIAN_POINT('',(3.816914940781E0,1.425066966709E0,
-2.506916149892E-1));
#9168=CARTESIAN_POINT('',(3.787432797924E0,1.237612608126E0,
-7.496513705235E-1));
#9169=CARTESIAN_POINT('',(3.757950655067E0,8.822201185171E-1,
-1.146887007243E0));
#9170=CARTESIAN_POINT('',(3.728468512210E0,4.071145640543E-1,
-1.388495544382E0));
#9171=CARTESIAN_POINT('',(3.698986369353E0,-1.232344960898E-1,
-1.441691854716E0));
#9172=CARTESIAN_POINT('',(3.669504226496E0,-6.368612225558E-1,
-1.299257452625E0));
#9173=CARTESIAN_POINT('',(3.640022083638E0,-1.064068916899E0,
-9.805200074874E-1));
#9174=CARTESIAN_POINT('',(3.610539940781E0,-1.346887531407E0,
-5.287306712630E-1));
#9175=CARTESIAN_POINT('',(3.581057797924E0,-1.446939928227E0,
-5.195103293158E-3));
#9176=CARTESIAN_POINT('',(3.551575655067E0,-1.350649474037E0,
5.190454154295E-1));
#9177=CARTESIAN_POINT('',(3.522093512210E0,-1.071082324476E0,
9.728539454563E-1));
#9178=CARTESIAN_POINT('',(3.492611369353E0,-6.461744091025E-1,
1.294650832470E0));
#9179=CARTESIAN_POINT('',(3.463129226496E0,-1.335837065884E-1,
1.440769772840E0));
#9180=CARTESIAN_POINT('',(3.433647083638E0,3.971336681451E-1,1.391383122875E0));
#9181=CARTESIAN_POINT('',(3.404164940781E0,8.739618971619E-1,1.153192415559E0));
#9182=CARTESIAN_POINT('',(3.374682797924E0,1.232197662722E0,7.585189944729E-1));
#9183=CARTESIAN_POINT('',(3.345200655067E0,1.423230079072E0,2.609181615333E-1));
#9184=CARTESIAN_POINT('',(3.315718512210E0,1.421136957924E0,
-2.720880221856E-1));
#9185=CARTESIAN_POINT('',(3.286236369353E0,1.226202325840E0,
-7.681731582789E-1));
#9186=CARTESIAN_POINT('',(3.256754226496E0,8.648778831813E-1,
-1.160020858510E0));
#9187=CARTESIAN_POINT('',(3.227272083638E0,3.861936344621E-1,
-1.394459257811E0));
#9188=CARTESIAN_POINT('',(3.197789940781E0,-1.448952495515E-1,
-1.439676182915E0));
#9189=CARTESIAN_POINT('',(3.168307797924E0,-6.563225388856E-1,
-1.289535912623E0));
#9190=CARTESIAN_POINT('',(3.138825655067E0,-1.078689988241E0,
-9.644117659292E-1));
#9191=CARTESIAN_POINT('',(3.109343512210E0,-1.354684348076E0,
-5.084215397420E-1));
#9192=CARTESIAN_POINT('',(3.079861369353E0,-1.446854499365E0,
1.655906585215E-2));
#9193=CARTESIAN_POINT('',(3.050379226496E0,-1.342693391935E0,
5.392926851437E-1));
#9194=CARTESIAN_POINT('',(3.020897083638E0,-1.056335191549E0,
9.888468577534E-1));
#9195=CARTESIAN_POINT('',(2.991414940781E0,-6.266373409935E-1,
1.304219225386E0));
#9196=CARTESIAN_POINT('',(2.961932797924E0,-1.119077903102E-1,
1.442615261067E0));
#9197=CARTESIAN_POINT('',(2.932450655067E0,4.180071140779E-1,1.385255282457E0));
#9198=CARTESIAN_POINT('',(2.902968512210E0,8.912004456355E-1,1.139922765232E0));
#9199=CARTESIAN_POINT('',(2.873486369353E0,1.243462124881E0,7.399081625311E-1));
#9200=CARTESIAN_POINT('',(2.844004226496E0,1.426991921097E0,2.394915491582E-1));
#9201=CARTESIAN_POINT('',(2.814522083638E0,1.416885715783E0,
-2.934229258309E-1));
#9202=CARTESIAN_POINT('',(2.785039940781E0,1.214514872827E0,
-7.865213084687E-1));
#9203=CARTESIAN_POINT('',(2.755557797924E0,8.473401509599E-1,
-1.172892498725E0));
#9204=CARTESIAN_POINT('',(2.726075655067E0,3.651854096953E-1,
-1.400107767831E0));
#9205=CARTESIAN_POINT('',(2.696593512210E0,-1.665232509047E-1,
-1.437335086854E0));
#9206=CARTESIAN_POINT('',(2.667111369353E0,-6.756355001374E-1,
-1.279522886059E0));
#9207=CARTESIAN_POINT('',(2.637629226496E0,-1.093067232611E0,
-9.480855288357E-1));
#9208=CARTESIAN_POINT('',(2.608147083638E0,-1.362174952035E0,
-4.879974846691E-1));
#9209=CARTESIAN_POINT('',(2.578664940781E0,-1.446442023663E0,
3.830949198780E-2));
#9210=CARTESIAN_POINT('',(2.549182797924E0,-1.334433807559E0,
5.594180531960E-1));
#9211=CARTESIAN_POINT('',(2.519700655067E0,-1.041349284722E0,1.004616251208E0));
#9212=CARTESIAN_POINT('',(2.490218512210E0,-6.069586278596E-1,
1.313492812732E0));
#9213=CARTESIAN_POINT('',(2.460736369353E0,-9.020657835288E-2,
1.444134660661E0));
#9214=CARTESIAN_POINT('',(2.431254226496E0,4.387860735251E-1,1.378814319189E0));
#9215=CARTESIAN_POINT('',(2.401772083638E0,9.082375480033E-1,1.126395446470E0));
#9216=CARTESIAN_POINT('',(2.372289940781E0,1.254445512192E0,7.211300833579E-1));
#9217=CARTESIAN_POINT('',(2.342807797924E0,1.430431216464E0,2.180107964188E-1));
#9218=CARTESIAN_POINT('',(2.313325655067E0,1.412314161952E0,
-3.146914828439E-1));
#9219=CARTESIAN_POINT('',(2.283843512210E0,1.202553036519E0,
-8.046917531234E-1));
#9220=CARTESIAN_POINT('',(2.254361369353E0,8.296103429762E-1,
-1.185498721148E0));
#9221=CARTESIAN_POINT('',(2.224879226496E0,3.440966652696E-1,
-1.405440907153E0));
#9222=CARTESIAN_POINT('',(2.195397083638E0,-1.881211755288E-1,
-1.434664954949E0));
#9223=CARTESIAN_POINT('',(2.175742321734E0,-5.258853991407E-1,
-1.324379044879E0));
#9224=CARTESIAN_POINT('',(2.165914940781E0,-6.790823291301E-1,
-1.240516104568E0));
#9225=CARTESIAN_POINT('',(4.109977916362E0,-1.234568159942E0,
4.532543233967E-1));
#9226=CARTESIAN_POINT('',(4.100150535409E0,-1.178593738817E0,
6.057167148717E-1));
#9227=CARTESIAN_POINT('',(4.080495773504E0,-1.009531723345E0,
8.896094374705E-1));
#9228=CARTESIAN_POINT('',(4.051013630647E0,-6.189338499513E-1,
1.194776907188E0));
#9229=CARTESIAN_POINT('',(4.021531487790E0,-1.443539462430E-1,
1.337807016984E0));
#9230=CARTESIAN_POINT('',(3.992049344933E0,3.498152635158E-1,1.299306261147E0));
#9231=CARTESIAN_POINT('',(3.962567202076E0,7.965158977107E-1,1.084494989912E0));
#9232=CARTESIAN_POINT('',(3.933085059219E0,1.135133204952E0,7.225231456626E-1));
#9233=CARTESIAN_POINT('',(3.903602916362E0,1.319718324832E0,2.625082936840E-1));
#9234=CARTESIAN_POINT('',(3.874120773504E0,1.325223964843E0,
-2.331276660886E-1));
#9235=CARTESIAN_POINT('',(3.844638630647E0,1.150903028276E0,
-6.971293172203E-1));
#9236=CARTESIAN_POINT('',(3.815156487790E0,8.204100373089E-1,
-1.066533841898E0));
#9237=CARTESIAN_POINT('',(3.785674344933E0,3.785913148821E-1,
-1.291214808481E0));
#9238=CARTESIAN_POINT('',(3.756192202076E0,-1.146004442800E-1,
-1.340684080413E0));
#9239=CARTESIAN_POINT('',(3.726710059219E0,-5.922414694371E-1,
-1.208228913408E0));
#9240=CARTESIAN_POINT('',(3.697227916362E0,-9.895181502772E-1,
-9.118228422142E-1));
#9241=CARTESIAN_POINT('',(3.667745773504E0,-1.252521934945E0,
-4.916867577973E-1));
#9242=CARTESIAN_POINT('',(3.638263630647E0,-1.345564463544E0,
-4.831124111892E-3));
#9243=CARTESIAN_POINT('',(3.608781487790E0,-1.256020308456E0,
4.826800700865E-1));
#9244=CARTESIAN_POINT('',(3.579299344933E0,-9.960401846890E-1,
9.046938796062E-1));
#9245=CARTESIAN_POINT('',(3.549817202076E0,-6.009021557691E-1,
1.203945042144E0));
#9246=CARTESIAN_POINT('',(3.520335059219E0,-1.242245686827E-1,
1.339826601411E0));
#9247=CARTESIAN_POINT('',(3.490852916362E0,3.693097002222E-1,1.293900077531E0));
#9248=CARTESIAN_POINT('',(3.461370773505E0,8.127304032268E-1,1.072397480873E0));
#9249=CARTESIAN_POINT('',(3.431888630647E0,1.145867464625E0,7.053756579492E-1));
#9250=CARTESIAN_POINT('',(3.402406487790E0,1.323515773176E0,2.426377206155E-1));
#9251=CARTESIAN_POINT('',(3.372924344933E0,1.321569300223E0,
-2.530249988039E-1));
#9252=CARTESIAN_POINT('',(3.343442202076E0,1.140292172866E0,
-7.143534320013E-1));
#9253=CARTESIAN_POINT('',(3.313960059219E0,8.042828331789E-1,
-1.078747509645E0));
#9254=CARTESIAN_POINT('',(3.284477916362E0,3.591361468724E-1,
-1.296760692388E0));
#9255=CARTESIAN_POINT('',(3.254995773505E0,-1.347436026400E-1,
-1.338809630552E0));
#9256=CARTESIAN_POINT('',(3.225513630647E0,-6.103392875679E-1,
-1.199188483669E0));
#9257=CARTESIAN_POINT('',(3.196031487790E0,-1.003114840529E0,
-8.968431758245E-1));
#9258=CARTESIAN_POINT('',(3.166549344933E0,-1.259772491263E0,
-4.728005240795E-1));
#9259=CARTESIAN_POINT('',(3.137067202076E0,-1.345485019997E0,
1.539890504469E-2));
#9260=CARTESIAN_POINT('',(3.107585059219E0,-1.248621645155E0,
5.015087761576E-1));
#9261=CARTESIAN_POINT('',(3.078102916362E0,-9.823262649762E-1,
9.195662969304E-1));
#9262=CARTESIAN_POINT('',(3.048620773504E0,-5.827338931782E-1,
1.212843054584E0));
#9263=CARTESIAN_POINT('',(3.019138630647E0,-1.040673098431E-1,
1.341542791093E0));
#9264=CARTESIAN_POINT('',(2.989656487790E0,3.887207113713E-1,1.288201565697E0));
#9265=CARTESIAN_POINT('',(2.960174344933E0,8.287611850005E-1,1.060057528415E0));
#9266=CARTESIAN_POINT('',(2.930692202076E0,1.156342716352E0,6.880687375931E-1));
#9267=CARTESIAN_POINT('',(2.901210059219E0,1.327014053131E0,2.227122989558E-1));
#9268=CARTESIAN_POINT('',(2.871727916362E0,1.317615908490E0,
-2.728651370282E-1));
#9269=CARTESIAN_POINT('',(2.842245773505E0,1.129423565860E0,
-7.314160746069E-1));
#9270=CARTESIAN_POINT('',(2.812763630647E0,7.879738290608E-1,
-1.090717337365E0));
#9271=CARTESIAN_POINT('',(2.783281487790E0,3.395997997602E-1,
-1.302013456657E0));
#9272=CARTESIAN_POINT('',(2.753799344933E0,-1.548563035687E-1,
-1.336632556299E0));
#9273=CARTESIAN_POINT('',(2.724317202076E0,-6.282991446700E-1,
-1.189876989491E0));
#9274=CARTESIAN_POINT('',(2.694835059219E0,-1.016484786806E0,
-8.816607870964E-1));
#9275=CARTESIAN_POINT('',(2.665352916362E0,-1.266738288738E0,
-4.538074185805E-1));
#9276=CARTESIAN_POINT('',(2.635870773505E0,-1.345101443156E0,
3.562545343425E-2));
#9277=CARTESIAN_POINT('',(2.606388630647E0,-1.240940743548E0,
5.202241212377E-1));
#9278=CARTESIAN_POINT('',(2.576906487790E0,-9.683903003331E-1,
9.342308555825E-1));
#9279=CARTESIAN_POINT('',(2.547424344933E0,-5.644339094922E-1,
1.221466916114E0));
#9280=CARTESIAN_POINT('',(2.517942202076E0,-8.388652758950E-2,
1.342955738556E0));
#9281=CARTESIAN_POINT('',(2.488460059219E0,4.080438559443E-1,1.282211869017E0));
#9282=CARTESIAN_POINT('',(2.458977916362E0,8.446046343799E-1,1.047477960281E0));
#9283=CARTESIAN_POINT('',(2.429495773505E0,1.166556585888E0,6.706062876764E-1));
#9284=CARTESIAN_POINT('',(2.400013630647E0,1.330212384682E0,2.027365301126E-1));
#9285=CARTESIAN_POINT('',(2.370531487790E0,1.313364646735E0,
-2.926435769961E-1));
#9286=CARTESIAN_POINT('',(2.341049344933E0,1.118299799391E0,
-7.483134620777E-1));
#9287=CARTESIAN_POINT('',(2.311567202076E0,7.714862063868E-1,
-1.102440342985E0));
#9288=CARTESIAN_POINT('',(2.282085059219E0,3.199885743551E-1,
-1.306972945721E0));
#9289=CARTESIAN_POINT('',(2.252602916362E0,-1.749410350034E-1,
-1.334149499100E0));
#9290=CARTESIAN_POINT('',(2.232948154457E0,-4.890408310507E-1,
-1.231590437369E0));
#9291=CARTESIAN_POINT('',(2.223120773504E0,-6.315044820264E-1,
-1.153603100031E0));
#9292=CARTESIAN_POINT('',(4.167183749085E0,-1.141555209401E0,
4.191059277615E-1));
#9293=CARTESIAN_POINT('',(4.157356368133E0,-1.089797927705E0,
5.600817303727E-1));
#9294=CARTESIAN_POINT('',(4.137701606228E0,-9.334731246389E-1,
8.225858406432E-1));
#9295=CARTESIAN_POINT('',(4.108219463371E0,-5.723030802285E-1,
1.104761848497E0));
#9296=CARTESIAN_POINT('',(4.078737320513E0,-1.334782514877E-1,
1.237016002003E0));
#9297=CARTESIAN_POINT('',(4.049255177656E0,3.234600156976E-1,1.201415911366E0));
#9298=CARTESIAN_POINT('',(4.019773034799E0,7.365060123092E-1,1.002788623159E0));
#9299=CARTESIAN_POINT('',(3.990290891942E0,1.049611731068E0,6.680879092841E-1));
#9300=CARTESIAN_POINT('',(3.960808749085E0,1.220290120495E0,2.427307943696E-1));
#9301=CARTESIAN_POINT('',(3.931326606228E0,1.225380962977E0,
-2.155637171881E-1));
#9302=CARTESIAN_POINT('',(3.901844463371E0,1.064193448425E0,
-6.446072639171E-1));
#9303=CARTESIAN_POINT('',(3.872362320513E0,7.585999561007E-1,
-9.861806765522E-1));
#9304=CARTESIAN_POINT('',(3.842880177656E0,3.500680657098E-1,
-1.193934072581E0));
#9305=CARTESIAN_POINT('',(3.813398034799E0,-1.059663924701E-1,
-1.239676306109E0));
#9306=CARTESIAN_POINT('',(3.783915891942E0,-5.476217163185E-1,
-1.117200374190E0));
#9307=CARTESIAN_POINT('',(3.754433749085E0,-9.149673836553E-1,
-8.431256769411E-1));
#9308=CARTESIAN_POINT('',(3.724951606228E0,-1.158156338483E0,
-4.546428443316E-1));
#9309=CARTESIAN_POINT('',(3.695469463371E0,-1.244188998861E0,
-4.467144930625E-3));
#9310=CARTESIAN_POINT('',(3.665987320513E0,-1.161391142875E0,
4.463147247434E-1));
#9311=CARTESIAN_POINT('',(3.636505177656E0,-9.209980449022E-1,
8.365338137561E-1));
#9312=CARTESIAN_POINT('',(3.607023034799E0,-5.556299024358E-1,
1.113239251819E0));
#9313=CARTESIAN_POINT('',(3.577540891942E0,-1.148654307771E-1,
1.238883429982E0));
#9314=CARTESIAN_POINT('',(3.548058749085E0,3.414857322993E-1,1.196417032187E0));
#9315=CARTESIAN_POINT('',(3.518576606228E0,7.514989092916E-1,
9.916025461870E-1));
#9316=CARTESIAN_POINT('',(3.489094463371E0,1.059537266527E0,6.522323214255E-1));
#9317=CARTESIAN_POINT('',(3.459612320513E0,1.223801467280E0,2.243572796977E-1));
#9318=CARTESIAN_POINT('',(3.430130177656E0,1.222001642522E0,
-2.339619754222E-1));
#9319=CARTESIAN_POINT('',(3.400648034799E0,1.054382019893E0,
-6.605337057237E-1));
#9320=CARTESIAN_POINT('',(3.371165891942E0,7.436877831766E-1,
-9.974741607806E-1));
#9321=CARTESIAN_POINT('',(3.341683749085E0,3.320786592826E-1,
-1.199062126964E0));
#9322=CARTESIAN_POINT('',(3.312201606228E0,-1.245919557284E-1,
-1.237943078190E0));
#9323=CARTESIAN_POINT('',(3.282719463371E0,-5.643560362502E-1,
-1.108841054714E0));
#9324=CARTESIAN_POINT('',(3.253237320513E0,-9.275396928166E-1,
-8.292745857198E-1));
#9325=CARTESIAN_POINT('',(3.223755177656E0,-1.164860634450E0,
-4.371795084170E-1));
#9326=CARTESIAN_POINT('',(3.194273034799E0,-1.244115540629E0,
1.423874423724E-2));
#9327=CARTESIAN_POINT('',(3.164790891942E0,-1.154549898375E0,
4.637248671715E-1));
#9328=CARTESIAN_POINT('',(3.135308749085E0,-9.083173384029E-1,
8.502857361073E-1));
#9329=CARTESIAN_POINT('',(3.105826606228E0,-5.388304453629E-1,
1.121466883783E0));
#9330=CARTESIAN_POINT('',(3.076344463371E0,-9.622682937601E-2,
1.240470321120E0));
#9331=CARTESIAN_POINT('',(3.046862320513E0,3.594343086647E-1,1.191147848936E0));
#9332=CARTESIAN_POINT('',(3.017380177656E0,7.663219243655E-1,
9.801922915978E-1));
#9333=CARTESIAN_POINT('',(2.987898034799E0,1.069223307822E0,6.362293126551E-1));
#9334=CARTESIAN_POINT('',(2.958415891942E0,1.227036185164E0,2.059330487535E-1));
#9335=CARTESIAN_POINT('',(2.928933749085E0,1.218346101197E0,
-2.523073482255E-1));
#9336=CARTESIAN_POINT('',(2.899451606228E0,1.044332258892E0,
-6.763108407451E-1));
#9337=CARTESIAN_POINT('',(2.869969463371E0,7.286075071616E-1,
-1.008542176004E0));
#9338=CARTESIAN_POINT('',(2.840487320513E0,3.140141898250E-1,
-1.203919145483E0));
#9339=CARTESIAN_POINT('',(2.811005177656E0,-1.431893562327E-1,
-1.235930025743E0));
#9340=CARTESIAN_POINT('',(2.781523034799E0,-5.809627892025E-1,
-1.100231092922E0));
#9341=CARTESIAN_POINT('',(2.752040891942E0,-9.399023410022E-1,
-8.152360453572E-1));
#9342=CARTESIAN_POINT('',(2.722558749085E0,-1.171301625440E0,
-4.196173524919E-1));
#9343=CARTESIAN_POINT('',(2.693076606228E0,-1.243760862648E0,
3.294141488071E-2));
#9344=CARTESIAN_POINT('',(2.663594463371E0,-1.147447679537E0,
4.810301892794E-1));
#9345=CARTESIAN_POINT('',(2.634112320513E0,-8.954313159438E-1,
8.638454599574E-1));
#9346=CARTESIAN_POINT('',(2.604630177656E0,-5.219091911247E-1,
1.129441019495E0));
#9347=CARTESIAN_POINT('',(2.575148034799E0,-7.756647682612E-2,
1.241776816450E0));
#9348=CARTESIAN_POINT('',(2.545665891942E0,3.773016383635E-1,1.185609418845E0));
#9349=CARTESIAN_POINT('',(2.516183749085E0,7.809717207565E-1,
9.685604740919E-1));
#9350=CARTESIAN_POINT('',(2.486701606228E0,1.078667659584E0,6.200824919949E-1));
#9351=CARTESIAN_POINT('',(2.457219463371E0,1.229993552900E0,1.874622638064E-1));
#9352=CARTESIAN_POINT('',(2.427737320513E0,1.214415131518E0,
-2.705956711483E-1));
#9353=CARTESIAN_POINT('',(2.398255177656E0,1.034046562263E0,
-6.919351710320E-1));
#9354=CARTESIAN_POINT('',(2.368773034799E0,7.133620697975E-1,
-1.019381964823E0));
#9355=CARTESIAN_POINT('',(2.339290891942E0,2.958804834406E-1,
-1.208504984289E0));
#9356=CARTESIAN_POINT('',(2.309808749085E0,-1.617608944780E-1,
-1.233634043251E0));
#9357=CARTESIAN_POINT('',(2.290153987180E0,-4.521962629607E-1,
-1.138801829859E0));
#9358=CARTESIAN_POINT('',(2.280326606228E0,-5.839266349227E-1,
-1.066690095494E0));
#9359=B_SPLINE_SURFACE_WITH_KNOTS('',3,3,((#9091,#9092,#9093,#9094,#9095,#9096,
#9097,#9098,#9099,#9100,#9101,#9102,#9103,#9104,#9105,#9106,#9107,#9108,#9109,
#9110,#9111,#9112,#9113,#9114,#9115,#9116,#9117,#9118,#9119,#9120,#9121,#9122,
#9123,#9124,#9125,#9126,#9127,#9128,#9129,#9130,#9131,#9132,#9133,#9134,#9135,
#9136,#9137,#9138,#9139,#9140,#9141,#9142,#9143,#9144,#9145,#9146,#9147,#9148,
#9149,#9150,#9151,#9152,#9153,#9154,#9155,#9156,#9157),(#9158,#9159,#9160,#9161,
#9162,#9163,#9164,#9165,#9166,#9167,#9168,#9169,#9170,#9171,#9172,#9173,#9174,
#9175,#9176,#9177,#9178,#9179,#9180,#9181,#9182,#9183,#9184,#9185,#9186,#9187,
#9188,#9189,#9190,#9191,#9192,#9193,#9194,#9195,#9196,#9197,#9198,#9199,#9200,
#9201,#9202,#9203,#9204,#9205,#9206,#9207,#9208,#9209,#9210,#9211,#9212,#9213,
#9214,#9215,#9216,#9217,#9218,#9219,#9220,#9221,#9222,#9223,#9224),(#9225,#9226,
#9227,#9228,#9229,#9230,#9231,#9232,#9233,#9234,#9235,#9236,#9237,#9238,#9239,
#9240,#9241,#9242,#9243,#9244,#9245,#9246,#9247,#9248,#9249,#9250,#9251,#9252,
#9253,#9254,#9255,#9256,#9257,#9258,#9259,#9260,#9261,#9262,#9263,#9264,#9265,
#9266,#9267,#9268,#9269,#9270,#9271,#9272,#9273,#9274,#9275,#9276,#9277,#9278,
#9279,#9280,#9281,#9282,#9283,#9284,#9285,#9286,#9287,#9288,#9289,#9290,#9291),(
#9292,#9293,#9294,#9295,#9296,#9297,#9298,#9299,#9300,#9301,#9302,#9303,#9304,
#9305,#9306,#9307,#9308,#9309,#9310,#9311,#9312,#9313,#9314,#9315,#9316,#9317,
#9318,#9319,#9320,#9321,#9322,#9323,#9324,#9325,#9326,#9327,#9328,#9329,#9330,
#9331,#9332,#9333,#9334,#9335,#9336,#9337,#9338,#9339,#9340,#9341,#9342,#9343,
#9344,#9345,#9346,#9347,#9348,#9349,#9350,#9351,#9352,#9353,#9354,#9355,#9356,
#9357,#9358)),.UNSPECIFIED.,.F.,.F.,.F.,(4,4),(4,1,1,1,1,1,1,1,1,1,1,1,1,1,1,1,
1,1,1,1,1,1,1,1,1,1,1,1,1,1,1,1,1,1,1,1,1,1,1,1,1,1,1,1,1,1,1,1,1,1,1,1,1,1,1,1,
1,1,1,1,1,1,1,1,4),(-4.821175896423E-2,1.028603915827E0),(-2.E-2,-3.75E-3,
1.25E-2,2.875E-2,4.5E-2,6.125E-2,7.75E-2,9.375E-2,1.1E-1,1.2625E-1,1.425E-1,
1.5875E-1,1.75E-1,1.9125E-1,2.075E-1,2.2375E-1,2.4E-1,2.5625E-1,2.725E-1,
2.8875E-1,3.05E-1,3.2125E-1,3.375E-1,3.5375E-1,3.7E-1,3.8625E-1,4.025E-1,
4.1875E-1,4.35E-1,4.5125E-1,4.675E-1,4.8375E-1,5.E-1,5.1625E-1,5.325E-1,
5.4875E-1,5.65E-1,5.8125E-1,5.975E-1,6.1375E-1,6.3E-1,6.4625E-1,6.625E-1,
6.7875E-1,6.95E-1,7.1125E-1,7.275E-1,7.4375E-1,7.6E-1,7.7625E-1,7.925E-1,
8.0875E-1,8.25E-1,8.4125E-1,8.575E-1,8.7375E-1,8.9E-1,9.0625E-1,9.225E-1,
9.3875E-1,9.55E-1,9.7125E-1,9.875E-1,1.00375E0,1.02E0),.UNSPECIFIED.);
#9360=ORIENTED_EDGE('',*,*,#7143,.T.);
#9361=ORIENTED_EDGE('',*,*,#7552,.T.);
#9362=ORIENTED_EDGE('',*,*,#7125,.T.);
#9363=ORIENTED_EDGE('',*,*,#7538,.T.);
#9364=ORIENTED_EDGE('',*,*,#7109,.T.);
#9365=ORIENTED_EDGE('',*,*,#7524,.T.);
#9366=ORIENTED_EDGE('',*,*,#7093,.T.);
#9367=ORIENTED_EDGE('',*,*,#7510,.T.);
#9368=ORIENTED_EDGE('',*,*,#7867,.F.);
#9369=ORIENTED_EDGE('',*,*,#8557,.F.);
#9370=ORIENTED_EDGE('',*,*,#9083,.T.);
#9371=EDGE_LOOP('',(#9360,#9361,#9362,#9363,#9364,#9365,#9366,#9367,#9368,#9369,
#9370));
#9372=FACE_OUTER_BOUND('',#9371,.F.);
#9374=CARTESIAN_POINT('',(3.776816250915E0,-1.141555209401E0,
4.191059277615E-1));
#9375=CARTESIAN_POINT('',(3.766988869963E0,-1.089797927705E0,
5.600817303727E-1));
#9376=CARTESIAN_POINT('',(3.747334108058E0,-9.334731246389E-1,
8.225858406432E-1));
#9377=CARTESIAN_POINT('',(3.717851965201E0,-5.723030802285E-1,
1.104761848497E0));
#9378=CARTESIAN_POINT('',(3.688369822344E0,-1.334782514877E-1,
1.237016002003E0));
#9379=CARTESIAN_POINT('',(3.658887679487E0,3.234600156976E-1,1.201415911366E0));
#9380=CARTESIAN_POINT('',(3.629405536629E0,7.365060123092E-1,1.002788623159E0));
#9381=CARTESIAN_POINT('',(3.599923393772E0,1.049611731068E0,6.680879092841E-1));
#9382=CARTESIAN_POINT('',(3.570441250915E0,1.220290120495E0,2.427307943696E-1));
#9383=CARTESIAN_POINT('',(3.540959108058E0,1.225380962977E0,
-2.155637171881E-1));
#9384=CARTESIAN_POINT('',(3.511476965201E0,1.064193448425E0,
-6.446072639171E-1));
#9385=CARTESIAN_POINT('',(3.481994822344E0,7.585999561007E-1,
-9.861806765522E-1));
#9386=CARTESIAN_POINT('',(3.452512679487E0,3.500680657098E-1,
-1.193934072581E0));
#9387=CARTESIAN_POINT('',(3.423030536629E0,-1.059663924701E-1,
-1.239676306109E0));
#9388=CARTESIAN_POINT('',(3.393548393772E0,-5.476217163185E-1,
-1.117200374190E0));
#9389=CARTESIAN_POINT('',(3.364066250915E0,-9.149673836553E-1,
-8.431256769411E-1));
#9390=CARTESIAN_POINT('',(3.334584108058E0,-1.158156338483E0,
-4.546428443316E-1));
#9391=CARTESIAN_POINT('',(3.305101965201E0,-1.244188998861E0,
-4.467144930624E-3));
#9392=CARTESIAN_POINT('',(3.275619822344E0,-1.161391142875E0,
4.463147247434E-1));
#9393=CARTESIAN_POINT('',(3.246137679487E0,-9.209980449022E-1,
8.365338137561E-1));
#9394=CARTESIAN_POINT('',(3.216655536629E0,-5.556299024358E-1,
1.113239251819E0));
#9395=CARTESIAN_POINT('',(3.187173393772E0,-1.148654307771E-1,
1.238883429982E0));
#9396=CARTESIAN_POINT('',(3.157691250915E0,3.414857322993E-1,1.196417032187E0));
#9397=CARTESIAN_POINT('',(3.128209108058E0,7.514989092916E-1,
9.916025461870E-1));
#9398=CARTESIAN_POINT('',(3.098726965201E0,1.059537266527E0,6.522323214255E-1));
#9399=CARTESIAN_POINT('',(3.069244822344E0,1.223801467280E0,2.243572796977E-1));
#9400=CARTESIAN_POINT('',(3.039762679487E0,1.222001642522E0,
-2.339619754222E-1));
#9401=CARTESIAN_POINT('',(3.010280536629E0,1.054382019893E0,
-6.605337057237E-1));
#9402=CARTESIAN_POINT('',(2.980798393772E0,7.436877831766E-1,
-9.974741607806E-1));
#9403=CARTESIAN_POINT('',(2.951316250915E0,3.320786592826E-1,
-1.199062126964E0));
#9404=CARTESIAN_POINT('',(2.921834108058E0,-1.245919557284E-1,
-1.237943078190E0));
#9405=CARTESIAN_POINT('',(2.892351965201E0,-5.643560362502E-1,
-1.108841054714E0));
#9406=CARTESIAN_POINT('',(2.862869822344E0,-9.275396928166E-1,
-8.292745857198E-1));
#9407=CARTESIAN_POINT('',(2.833387679487E0,-1.164860634450E0,
-4.371795084170E-1));
#9408=CARTESIAN_POINT('',(2.803905536629E0,-1.244115540629E0,
1.423874423724E-2));
#9409=CARTESIAN_POINT('',(2.774423393772E0,-1.154549898375E0,
4.637248671715E-1));
#9410=CARTESIAN_POINT('',(2.744941250915E0,-9.083173384029E-1,
8.502857361073E-1));
#9411=CARTESIAN_POINT('',(2.715459108058E0,-5.388304453629E-1,
1.121466883783E0));
#9412=CARTESIAN_POINT('',(2.685976965201E0,-9.622682937601E-2,
1.240470321120E0));
#9413=CARTESIAN_POINT('',(2.656494822344E0,3.594343086647E-1,1.191147848936E0));
#9414=CARTESIAN_POINT('',(2.627012679487E0,7.663219243655E-1,
9.801922915978E-1));
#9415=CARTESIAN_POINT('',(2.597530536629E0,1.069223307822E0,6.362293126551E-1));
#9416=CARTESIAN_POINT('',(2.568048393772E0,1.227036185164E0,2.059330487535E-1));
#9417=CARTESIAN_POINT('',(2.538566250915E0,1.218346101197E0,
-2.523073482255E-1));
#9418=CARTESIAN_POINT('',(2.509084108058E0,1.044332258892E0,
-6.763108407451E-1));
#9419=CARTESIAN_POINT('',(2.479601965201E0,7.286075071616E-1,
-1.008542176004E0));
#9420=CARTESIAN_POINT('',(2.450119822344E0,3.140141898250E-1,
-1.203919145483E0));
#9421=CARTESIAN_POINT('',(2.420637679487E0,-1.431893562327E-1,
-1.235930025743E0));
#9422=CARTESIAN_POINT('',(2.391155536629E0,-5.809627892025E-1,
-1.100231092922E0));
#9423=CARTESIAN_POINT('',(2.361673393772E0,-9.399023410022E-1,
-8.152360453572E-1));
#9424=CARTESIAN_POINT('',(2.332191250915E0,-1.171301625440E0,
-4.196173524919E-1));
#9425=CARTESIAN_POINT('',(2.302709108058E0,-1.243760862648E0,
3.294141488071E-2));
#9426=CARTESIAN_POINT('',(2.273226965201E0,-1.147447679537E0,
4.810301892794E-1));
#9427=CARTESIAN_POINT('',(2.243744822344E0,-8.954313159438E-1,
8.638454599574E-1));
#9428=CARTESIAN_POINT('',(2.214262679487E0,-5.219091911247E-1,
1.129441019495E0));
#9429=CARTESIAN_POINT('',(2.184780536629E0,-7.756647682612E-2,
1.241776816450E0));
#9430=CARTESIAN_POINT('',(2.155298393772E0,3.773016383635E-1,1.185609418845E0));
#9431=CARTESIAN_POINT('',(2.125816250915E0,7.809717207565E-1,
9.685604740919E-1));
#9432=CARTESIAN_POINT('',(2.096334108058E0,1.078667659584E0,6.200824919949E-1));
#9433=CARTESIAN_POINT('',(2.066851965201E0,1.229993552900E0,1.874622638064E-1));
#9434=CARTESIAN_POINT('',(2.037369822344E0,1.214415131518E0,
-2.705956711483E-1));
#9435=CARTESIAN_POINT('',(2.007887679487E0,1.034046562263E0,
-6.919351710320E-1));
#9436=CARTESIAN_POINT('',(1.978405536629E0,7.133620697975E-1,
-1.019381964823E0));
#9437=CARTESIAN_POINT('',(1.948923393772E0,2.958804834406E-1,
-1.208504984289E0));
#9438=CARTESIAN_POINT('',(1.919441250915E0,-1.617608944780E-1,
-1.233634043251E0));
#9439=CARTESIAN_POINT('',(1.899786489010E0,-4.521962629607E-1,
-1.138801829859E0));
#9440=CARTESIAN_POINT('',(1.889959108058E0,-5.839266349227E-1,
-1.066690095494E0));
#9441=CARTESIAN_POINT('',(3.834022083638E0,-1.234568159942E0,
4.532543233967E-1));
#9442=CARTESIAN_POINT('',(3.824194702686E0,-1.178593738817E0,
6.057167148717E-1));
#9443=CARTESIAN_POINT('',(3.804539940781E0,-1.009531723345E0,
8.896094374705E-1));
#9444=CARTESIAN_POINT('',(3.775057797924E0,-6.189338499513E-1,
1.194776907188E0));
#9445=CARTESIAN_POINT('',(3.745575655067E0,-1.443539462430E-1,
1.337807016984E0));
#9446=CARTESIAN_POINT('',(3.716093512210E0,3.498152635158E-1,1.299306261147E0));
#9447=CARTESIAN_POINT('',(3.686611369353E0,7.965158977107E-1,1.084494989912E0));
#9448=CARTESIAN_POINT('',(3.657129226496E0,1.135133204952E0,7.225231456626E-1));
#9449=CARTESIAN_POINT('',(3.627647083638E0,1.319718324832E0,2.625082936840E-1));
#9450=CARTESIAN_POINT('',(3.598164940781E0,1.325223964843E0,
-2.331276660886E-1));
#9451=CARTESIAN_POINT('',(3.568682797924E0,1.150903028276E0,
-6.971293172203E-1));
#9452=CARTESIAN_POINT('',(3.539200655067E0,8.204100373089E-1,
-1.066533841898E0));
#9453=CARTESIAN_POINT('',(3.509718512210E0,3.785913148821E-1,
-1.291214808481E0));
#9454=CARTESIAN_POINT('',(3.480236369353E0,-1.146004442800E-1,
-1.340684080413E0));
#9455=CARTESIAN_POINT('',(3.450754226496E0,-5.922414694371E-1,
-1.208228913408E0));
#9456=CARTESIAN_POINT('',(3.421272083638E0,-9.895181502772E-1,
-9.118228422142E-1));
#9457=CARTESIAN_POINT('',(3.391789940781E0,-1.252521934945E0,
-4.916867577973E-1));
#9458=CARTESIAN_POINT('',(3.362307797924E0,-1.345564463544E0,
-4.831124111892E-3));
#9459=CARTESIAN_POINT('',(3.332825655067E0,-1.256020308456E0,
4.826800700865E-1));
#9460=CARTESIAN_POINT('',(3.303343512210E0,-9.960401846890E-1,
9.046938796062E-1));
#9461=CARTESIAN_POINT('',(3.273861369353E0,-6.009021557691E-1,
1.203945042144E0));
#9462=CARTESIAN_POINT('',(3.244379226496E0,-1.242245686827E-1,
1.339826601411E0));
#9463=CARTESIAN_POINT('',(3.214897083638E0,3.693097002222E-1,1.293900077531E0));
#9464=CARTESIAN_POINT('',(3.185414940781E0,8.127304032268E-1,1.072397480873E0));
#9465=CARTESIAN_POINT('',(3.155932797924E0,1.145867464625E0,7.053756579492E-1));
#9466=CARTESIAN_POINT('',(3.126450655067E0,1.323515773176E0,2.426377206155E-1));
#9467=CARTESIAN_POINT('',(3.096968512210E0,1.321569300223E0,
-2.530249988039E-1));
#9468=CARTESIAN_POINT('',(3.067486369353E0,1.140292172866E0,
-7.143534320013E-1));
#9469=CARTESIAN_POINT('',(3.038004226496E0,8.042828331789E-1,
-1.078747509645E0));
#9470=CARTESIAN_POINT('',(3.008522083638E0,3.591361468724E-1,
-1.296760692388E0));
#9471=CARTESIAN_POINT('',(2.979039940781E0,-1.347436026400E-1,
-1.338809630552E0));
#9472=CARTESIAN_POINT('',(2.949557797924E0,-6.103392875679E-1,
-1.199188483669E0));
#9473=CARTESIAN_POINT('',(2.920075655067E0,-1.003114840529E0,
-8.968431758245E-1));
#9474=CARTESIAN_POINT('',(2.890593512210E0,-1.259772491263E0,
-4.728005240795E-1));
#9475=CARTESIAN_POINT('',(2.861111369353E0,-1.345485019997E0,
1.539890504469E-2));
#9476=CARTESIAN_POINT('',(2.831629226496E0,-1.248621645155E0,
5.015087761576E-1));
#9477=CARTESIAN_POINT('',(2.802147083638E0,-9.823262649762E-1,
9.195662969304E-1));
#9478=CARTESIAN_POINT('',(2.772664940781E0,-5.827338931782E-1,
1.212843054584E0));
#9479=CARTESIAN_POINT('',(2.743182797924E0,-1.040673098431E-1,
1.341542791093E0));
#9480=CARTESIAN_POINT('',(2.713700655067E0,3.887207113713E-1,1.288201565697E0));
#9481=CARTESIAN_POINT('',(2.684218512210E0,8.287611850005E-1,1.060057528415E0));
#9482=CARTESIAN_POINT('',(2.654736369353E0,1.156342716352E0,6.880687375931E-1));
#9483=CARTESIAN_POINT('',(2.625254226496E0,1.327014053131E0,2.227122989558E-1));
#9484=CARTESIAN_POINT('',(2.595772083638E0,1.317615908490E0,
-2.728651370282E-1));
#9485=CARTESIAN_POINT('',(2.566289940781E0,1.129423565860E0,
-7.314160746069E-1));
#9486=CARTESIAN_POINT('',(2.536807797924E0,7.879738290608E-1,
-1.090717337365E0));
#9487=CARTESIAN_POINT('',(2.507325655067E0,3.395997997602E-1,
-1.302013456657E0));
#9488=CARTESIAN_POINT('',(2.477843512210E0,-1.548563035687E-1,
-1.336632556299E0));
#9489=CARTESIAN_POINT('',(2.448361369353E0,-6.282991446700E-1,
-1.189876989491E0));
#9490=CARTESIAN_POINT('',(2.418879226496E0,-1.016484786806E0,
-8.816607870964E-1));
#9491=CARTESIAN_POINT('',(2.389397083638E0,-1.266738288738E0,
-4.538074185805E-1));
#9492=CARTESIAN_POINT('',(2.359914940781E0,-1.345101443156E0,
3.562545343426E-2));
#9493=CARTESIAN_POINT('',(2.330432797924E0,-1.240940743548E0,
5.202241212377E-1));
#9494=CARTESIAN_POINT('',(2.300950655067E0,-9.683903003331E-1,
9.342308555825E-1));
#9495=CARTESIAN_POINT('',(2.271468512210E0,-5.644339094922E-1,
1.221466916114E0));
#9496=CARTESIAN_POINT('',(2.241986369353E0,-8.388652758950E-2,
1.342955738556E0));
#9497=CARTESIAN_POINT('',(2.212504226496E0,4.080438559443E-1,1.282211869017E0));
#9498=CARTESIAN_POINT('',(2.183022083638E0,8.446046343799E-1,1.047477960281E0));
#9499=CARTESIAN_POINT('',(2.153539940781E0,1.166556585888E0,6.706062876764E-1));
#9500=CARTESIAN_POINT('',(2.124057797924E0,1.330212384682E0,2.027365301126E-1));
#9501=CARTESIAN_POINT('',(2.094575655067E0,1.313364646735E0,
-2.926435769961E-1));
#9502=CARTESIAN_POINT('',(2.065093512210E0,1.118299799391E0,
-7.483134620777E-1));
#9503=CARTESIAN_POINT('',(2.035611369353E0,7.714862063868E-1,
-1.102440342985E0));
#9504=CARTESIAN_POINT('',(2.006129226496E0,3.199885743551E-1,
-1.306972945721E0));
#9505=CARTESIAN_POINT('',(1.976647083638E0,-1.749410350034E-1,
-1.334149499100E0));
#9506=CARTESIAN_POINT('',(1.956992321734E0,-4.890408310507E-1,
-1.231590437369E0));
#9507=CARTESIAN_POINT('',(1.947164940781E0,-6.315044820264E-1,
-1.153603100031E0));
#9508=CARTESIAN_POINT('',(3.891227916362E0,-1.327581110482E0,
4.874027190319E-1));
#9509=CARTESIAN_POINT('',(3.881400535409E0,-1.267389549930E0,
6.513516993707E-1));
#9510=CARTESIAN_POINT('',(3.861745773504E0,-1.085590322051E0,
9.566330342978E-1));
#9511=CARTESIAN_POINT('',(3.832263630647E0,-6.655646196741E-1,
1.284791965878E0));
#9512=CARTESIAN_POINT('',(3.802781487790E0,-1.552296409984E-1,
1.438598031964E0));
#9513=CARTESIAN_POINT('',(3.773299344933E0,3.761705113340E-1,1.397196610928E0));
#9514=CARTESIAN_POINT('',(3.743817202076E0,8.565257831122E-1,1.166201356665E0));
#9515=CARTESIAN_POINT('',(3.714335059219E0,1.220654678837E0,7.769583820411E-1));
#9516=CARTESIAN_POINT('',(3.684852916362E0,1.419146529169E0,2.822857929985E-1));
#9517=CARTESIAN_POINT('',(3.655370773505E0,1.425066966709E0,
-2.506916149892E-1));
#9518=CARTESIAN_POINT('',(3.625888630647E0,1.237612608126E0,
-7.496513705235E-1));
#9519=CARTESIAN_POINT('',(3.596406487790E0,8.822201185171E-1,
-1.146887007243E0));
#9520=CARTESIAN_POINT('',(3.566924344933E0,4.071145640543E-1,
-1.388495544382E0));
#9521=CARTESIAN_POINT('',(3.537442202076E0,-1.232344960898E-1,
-1.441691854716E0));
#9522=CARTESIAN_POINT('',(3.507960059219E0,-6.368612225558E-1,
-1.299257452625E0));
#9523=CARTESIAN_POINT('',(3.478477916362E0,-1.064068916899E0,
-9.805200074874E-1));
#9524=CARTESIAN_POINT('',(3.448995773505E0,-1.346887531407E0,
-5.287306712630E-1));
#9525=CARTESIAN_POINT('',(3.419513630647E0,-1.446939928227E0,
-5.195103293158E-3));
#9526=CARTESIAN_POINT('',(3.390031487790E0,-1.350649474037E0,
5.190454154295E-1));
#9527=CARTESIAN_POINT('',(3.360549344933E0,-1.071082324476E0,
9.728539454563E-1));
#9528=CARTESIAN_POINT('',(3.331067202076E0,-6.461744091025E-1,
1.294650832470E0));
#9529=CARTESIAN_POINT('',(3.301585059219E0,-1.335837065884E-1,
1.440769772840E0));
#9530=CARTESIAN_POINT('',(3.272102916362E0,3.971336681451E-1,1.391383122875E0));
#9531=CARTESIAN_POINT('',(3.242620773505E0,8.739618971619E-1,1.153192415559E0));
#9532=CARTESIAN_POINT('',(3.213138630647E0,1.232197662722E0,7.585189944729E-1));
#9533=CARTESIAN_POINT('',(3.183656487790E0,1.423230079072E0,2.609181615333E-1));
#9534=CARTESIAN_POINT('',(3.154174344933E0,1.421136957924E0,
-2.720880221856E-1));
#9535=CARTESIAN_POINT('',(3.124692202076E0,1.226202325840E0,
-7.681731582789E-1));
#9536=CARTESIAN_POINT('',(3.095210059219E0,8.648778831813E-1,
-1.160020858510E0));
#9537=CARTESIAN_POINT('',(3.065727916362E0,3.861936344621E-1,
-1.394459257811E0));
#9538=CARTESIAN_POINT('',(3.036245773505E0,-1.448952495515E-1,
-1.439676182915E0));
#9539=CARTESIAN_POINT('',(3.006763630647E0,-6.563225388856E-1,
-1.289535912623E0));
#9540=CARTESIAN_POINT('',(2.977281487790E0,-1.078689988241E0,
-9.644117659292E-1));
#9541=CARTESIAN_POINT('',(2.947799344933E0,-1.354684348076E0,
-5.084215397420E-1));
#9542=CARTESIAN_POINT('',(2.918317202076E0,-1.446854499365E0,
1.655906585216E-2));
#9543=CARTESIAN_POINT('',(2.888835059219E0,-1.342693391935E0,
5.392926851437E-1));
#9544=CARTESIAN_POINT('',(2.859352916362E0,-1.056335191549E0,
9.888468577534E-1));
#9545=CARTESIAN_POINT('',(2.829870773504E0,-6.266373409935E-1,
1.304219225386E0));
#9546=CARTESIAN_POINT('',(2.800388630647E0,-1.119077903102E-1,
1.442615261067E0));
#9547=CARTESIAN_POINT('',(2.770906487790E0,4.180071140779E-1,1.385255282457E0));
#9548=CARTESIAN_POINT('',(2.741424344933E0,8.912004456355E-1,1.139922765232E0));
#9549=CARTESIAN_POINT('',(2.711942202076E0,1.243462124881E0,7.399081625311E-1));
#9550=CARTESIAN_POINT('',(2.682460059219E0,1.426991921097E0,2.394915491582E-1));
#9551=CARTESIAN_POINT('',(2.652977916362E0,1.416885715783E0,
-2.934229258309E-1));
#9552=CARTESIAN_POINT('',(2.623495773504E0,1.214514872827E0,
-7.865213084687E-1));
#9553=CARTESIAN_POINT('',(2.594013630647E0,8.473401509599E-1,
-1.172892498725E0));
#9554=CARTESIAN_POINT('',(2.564531487790E0,3.651854096953E-1,
-1.400107767831E0));
#9555=CARTESIAN_POINT('',(2.535049344933E0,-1.665232509047E-1,
-1.437335086854E0));
#9556=CARTESIAN_POINT('',(2.505567202076E0,-6.756355001374E-1,
-1.279522886059E0));
#9557=CARTESIAN_POINT('',(2.476085059219E0,-1.093067232611E0,
-9.480855288357E-1));
#9558=CARTESIAN_POINT('',(2.446602916362E0,-1.362174952035E0,
-4.879974846691E-1));
#9559=CARTESIAN_POINT('',(2.417120773505E0,-1.446442023663E0,
3.830949198780E-2));
#9560=CARTESIAN_POINT('',(2.387638630647E0,-1.334433807559E0,
5.594180531960E-1));
#9561=CARTESIAN_POINT('',(2.358156487790E0,-1.041349284722E0,1.004616251208E0));
#9562=CARTESIAN_POINT('',(2.328674344933E0,-6.069586278596E-1,
1.313492812732E0));
#9563=CARTESIAN_POINT('',(2.299192202076E0,-9.020657835289E-2,
1.444134660661E0));
#9564=CARTESIAN_POINT('',(2.269710059219E0,4.387860735251E-1,1.378814319189E0));
#9565=CARTESIAN_POINT('',(2.240227916362E0,9.082375480033E-1,1.126395446470E0));
#9566=CARTESIAN_POINT('',(2.210745773505E0,1.254445512192E0,7.211300833579E-1));
#9567=CARTESIAN_POINT('',(2.181263630647E0,1.430431216464E0,2.180107964188E-1));
#9568=CARTESIAN_POINT('',(2.151781487790E0,1.412314161952E0,
-3.146914828439E-1));
#9569=CARTESIAN_POINT('',(2.122299344933E0,1.202553036519E0,
-8.046917531234E-1));
#9570=CARTESIAN_POINT('',(2.092817202076E0,8.296103429762E-1,
-1.185498721148E0));
#9571=CARTESIAN_POINT('',(2.063335059219E0,3.440966652696E-1,
-1.405440907153E0));
#9572=CARTESIAN_POINT('',(2.033852916362E0,-1.881211755288E-1,
-1.434664954949E0));
#9573=CARTESIAN_POINT('',(2.014198154457E0,-5.258853991407E-1,
-1.324379044879E0));
#9574=CARTESIAN_POINT('',(2.004370773505E0,-6.790823291301E-1,
-1.240516104568E0));
#9575=CARTESIAN_POINT('',(3.948433749085E0,-1.420594061023E0,
5.215511146671E-1));
#9576=CARTESIAN_POINT('',(3.938606368133E0,-1.356185361043E0,
6.969866838696E-1));
#9577=CARTESIAN_POINT('',(3.918951606228E0,-1.161648920758E0,1.023656631125E0));
#9578=CARTESIAN_POINT('',(3.889469463371E0,-7.121953893968E-1,
1.374807024569E0));
#9579=CARTESIAN_POINT('',(3.859987320513E0,-1.661053357538E-1,
1.539389046945E0));
#9580=CARTESIAN_POINT('',(3.830505177656E0,4.025257591521E-1,1.495086960708E0));
#9581=CARTESIAN_POINT('',(3.801023034799E0,9.165356685137E-1,1.247907723418E0));
#9582=CARTESIAN_POINT('',(3.771540891942E0,1.306176152721E0,8.313936184196E-1));
#9583=CARTESIAN_POINT('',(3.742058749085E0,1.518574733506E0,3.020632923129E-1));
#9584=CARTESIAN_POINT('',(3.712576606228E0,1.524909968575E0,
-2.682555638898E-1));
#9585=CARTESIAN_POINT('',(3.683094463371E0,1.324322187977E0,
-8.021734238267E-1));
#9586=CARTESIAN_POINT('',(3.653612320513E0,9.440301997253E-1,
-1.227240172589E0));
#9587=CARTESIAN_POINT('',(3.624130177656E0,4.356378132266E-1,
-1.485776280282E0));
#9588=CARTESIAN_POINT('',(3.594648034799E0,-1.318685478996E-1,
-1.542699629020E0));
#9589=CARTESIAN_POINT('',(3.565165891942E0,-6.814809756744E-1,
-1.390285991843E0));
#9590=CARTESIAN_POINT('',(3.535683749085E0,-1.138619683521E0,
-1.049217172761E0));
#9591=CARTESIAN_POINT('',(3.506201606228E0,-1.441253127869E0,
-5.657745847287E-1));
#9592=CARTESIAN_POINT('',(3.476719463371E0,-1.548315392909E0,
-5.559082474426E-3));
#9593=CARTESIAN_POINT('',(3.447237320513E0,-1.445278639618E0,
5.554107607726E-1));
#9594=CARTESIAN_POINT('',(3.417755177656E0,-1.146124464263E0,1.041014011306E0));
#9595=CARTESIAN_POINT('',(3.388273034799E0,-6.914466624359E-1,
1.385356622796E0));
#9596=CARTESIAN_POINT('',(3.358790891942E0,-1.429428444940E-1,
1.541712944269E0));
#9597=CARTESIAN_POINT('',(3.329308749085E0,4.249576360680E-1,1.488866168218E0));
#9598=CARTESIAN_POINT('',(3.299826606228E0,9.351933910971E-1,1.233987350245E0));
#9599=CARTESIAN_POINT('',(3.270344463371E0,1.318527860820E0,8.116623309966E-1));
#9600=CARTESIAN_POINT('',(3.240862320513E0,1.522944384968E0,2.791986024512E-1));
#9601=CARTESIAN_POINT('',(3.211380177656E0,1.520704615625E0,
-2.911510455672E-1));
#9602=CARTESIAN_POINT('',(3.181898034799E0,1.312112478813E0,
-8.219928845565E-1));
#9603=CARTESIAN_POINT('',(3.152415891942E0,9.254729331836E-1,
-1.241294207375E0));
#9604=CARTESIAN_POINT('',(3.122933749085E0,4.132511220519E-1,
-1.492157823235E0));
#9605=CARTESIAN_POINT('',(3.093451606228E0,-1.550468964631E-1,
-1.540542735277E0));
#9606=CARTESIAN_POINT('',(3.063969463371E0,-7.023057902032E-1,
-1.379883341578E0));
#9607=CARTESIAN_POINT('',(3.034487320513E0,-1.154265135953E0,
-1.031980356034E0));
#9608=CARTESIAN_POINT('',(3.005005177656E0,-1.449596204888E0,
-5.440425554045E-1));
#9609=CARTESIAN_POINT('',(2.975523034799E0,-1.548223978733E0,
1.771922665961E-2));
#9610=CARTESIAN_POINT('',(2.946040891942E0,-1.436765138714E0,
5.770765941297E-1));
#9611=CARTESIAN_POINT('',(2.916558749085E0,-1.130344118123E0,1.058127418576E0));
#9612=CARTESIAN_POINT('',(2.887076606228E0,-6.705407888088E-1,
1.395595396188E0));
#9613=CARTESIAN_POINT('',(2.857594463371E0,-1.197482707773E-1,
1.543687731040E0));
#9614=CARTESIAN_POINT('',(2.828112320513E0,4.472935167845E-1,1.482308999217E0));
#9615=CARTESIAN_POINT('',(2.798630177656E0,9.536397062705E-1,1.219788002049E0));
#9616=CARTESIAN_POINT('',(2.769148034799E0,1.330581533411E0,7.917475874691E-1));
#9617=CARTESIAN_POINT('',(2.739665891942E0,1.526969789064E0,2.562707993605E-1));
#9618=CARTESIAN_POINT('',(2.710183749085E0,1.516155523077E0,
-3.139807146336E-1));
#9619=CARTESIAN_POINT('',(2.680701606228E0,1.299606179795E0,
-8.416265423304E-1));
#9620=CARTESIAN_POINT('',(2.651219463371E0,9.067064728591E-1,
-1.255067660086E0));
#9621=CARTESIAN_POINT('',(2.621737320513E0,3.907710196305E-1,
-1.498202079005E0));
#9622=CARTESIAN_POINT('',(2.592255177656E0,-1.781901982406E-1,
-1.538037617410E0));
#9623=CARTESIAN_POINT('',(2.562773034799E0,-7.229718556048E-1,
-1.369168782627E0));
#9624=CARTESIAN_POINT('',(2.533290891942E0,-1.169649678415E0,
-1.014510270575E0));
#9625=CARTESIAN_POINT('',(2.503808749085E0,-1.457611615332E0,
-5.221875507577E-1));
#9626=CARTESIAN_POINT('',(2.474326606228E0,-1.547782604170E0,
4.099353054134E-2));
#9627=CARTESIAN_POINT('',(2.444844463371E0,-1.427926871570E0,
5.986119851542E-1));
#9628=CARTESIAN_POINT('',(2.415362320513E0,-1.114308269112E0,1.075001646833E0));
#9629=CARTESIAN_POINT('',(2.385880177656E0,-6.494833462270E-1,
1.405518709351E0));
#9630=CARTESIAN_POINT('',(2.356398034799E0,-9.652662911627E-2,
1.545313582766E0));
#9631=CARTESIAN_POINT('',(2.326915891942E0,4.695282911060E-1,1.475416769362E0));
#9632=CARTESIAN_POINT('',(2.297433749085E0,9.718704616267E-1,1.205312932659E0));
#9633=CARTESIAN_POINT('',(2.267951606228E0,1.342334438495E0,7.716538790393E-1));
#9634=CARTESIAN_POINT('',(2.238469463371E0,1.530650048246E0,2.332850627250E-1));
#9635=CARTESIAN_POINT('',(2.208987320513E0,1.511263677168E0,
-3.367393886917E-1));
#9636=CARTESIAN_POINT('',(2.179505177656E0,1.286806273647E0,
-8.610700441691E-1));
#9637=CARTESIAN_POINT('',(2.150023034799E0,8.877344795655E-1,
-1.268557099310E0));
#9638=CARTESIAN_POINT('',(2.120540891942E0,3.682047561841E-1,
-1.503908868584E0));
#9639=CARTESIAN_POINT('',(2.091058749085E0,-2.013013160543E-1,
-1.535180410798E0));
#9640=CARTESIAN_POINT('',(2.071403987180E0,-5.627299672308E-1,
-1.417167652389E0));
#9641=CARTESIAN_POINT('',(2.061576606228E0,-7.266601762337E-1,
-1.327429109105E0));
#9642=B_SPLINE_SURFACE_WITH_KNOTS('',3,3,((#9374,#9375,#9376,#9377,#9378,#9379,
#9380,#9381,#9382,#9383,#9384,#9385,#9386,#9387,#9388,#9389,#9390,#9391,#9392,
#9393,#9394,#9395,#9396,#9397,#9398,#9399,#9400,#9401,#9402,#9403,#9404,#9405,
#9406,#9407,#9408,#9409,#9410,#9411,#9412,#9413,#9414,#9415,#9416,#9417,#9418,
#9419,#9420,#9421,#9422,#9423,#9424,#9425,#9426,#9427,#9428,#9429,#9430,#9431,
#9432,#9433,#9434,#9435,#9436,#9437,#9438,#9439,#9440),(#9441,#9442,#9443,#9444,
#9445,#9446,#9447,#9448,#9449,#9450,#9451,#9452,#9453,#9454,#9455,#9456,#9457,
#9458,#9459,#9460,#9461,#9462,#9463,#9464,#9465,#9466,#9467,#9468,#9469,#9470,
#9471,#9472,#9473,#9474,#9475,#9476,#9477,#9478,#9479,#9480,#9481,#9482,#9483,
#9484,#9485,#9486,#9487,#9488,#9489,#9490,#9491,#9492,#9493,#9494,#9495,#9496,
#9497,#9498,#9499,#9500,#9501,#9502,#9503,#9504,#9505,#9506,#9507),(#9508,#9509,
#9510,#9511,#9512,#9513,#9514,#9515,#9516,#9517,#9518,#9519,#9520,#9521,#9522,
#9523,#9524,#9525,#9526,#9527,#9528,#9529,#9530,#9531,#9532,#9533,#9534,#9535,
#9536,#9537,#9538,#9539,#9540,#9541,#9542,#9543,#9544,#9545,#9546,#9547,#9548,
#9549,#9550,#9551,#9552,#9553,#9554,#9555,#9556,#9557,#9558,#9559,#9560,#9561,
#9562,#9563,#9564,#9565,#9566,#9567,#9568,#9569,#9570,#9571,#9572,#9573,#9574),(
#9575,#9576,#9577,#9578,#9579,#9580,#9581,#9582,#9583,#9584,#9585,#9586,#9587,
#9588,#9589,#9590,#9591,#9592,#9593,#9594,#9595,#9596,#9597,#9598,#9599,#9600,
#9601,#9602,#9603,#9604,#9605,#9606,#9607,#9608,#9609,#9610,#9611,#9612,#9613,
#9614,#9615,#9616,#9617,#9618,#9619,#9620,#9621,#9622,#9623,#9624,#9625,#9626,
#9627,#9628,#9629,#9630,#9631,#9632,#9633,#9634,#9635,#9636,#9637,#9638,#9639,
#9640,#9641)),.UNSPECIFIED.,.F.,.F.,.F.,(4,4),(4,1,1,1,1,1,1,1,1,1,1,1,1,1,1,1,
1,1,1,1,1,1,1,1,1,1,1,1,1,1,1,1,1,1,1,1,1,1,1,1,1,1,1,1,1,1,1,1,1,1,1,1,1,1,1,1,
1,1,1,1,1,1,1,1,4),(-2.860391582697E-2,1.048211758964E0),(-2.E-2,-3.75E-3,
1.25E-2,2.875E-2,4.5E-2,6.125E-2,7.75E-2,9.375E-2,1.1E-1,1.2625E-1,1.425E-1,
1.5875E-1,1.75E-1,1.9125E-1,2.075E-1,2.2375E-1,2.4E-1,2.5625E-1,2.725E-1,
2.8875E-1,3.05E-1,3.2125E-1,3.375E-1,3.5375E-1,3.7E-1,3.8625E-1,4.025E-1,
4.1875E-1,4.35E-1,4.5125E-1,4.675E-1,4.8375E-1,5.E-1,5.1625E-1,5.325E-1,
5.4875E-1,5.65E-1,5.8125E-1,5.975E-1,6.1375E-1,6.3E-1,6.4625E-1,6.625E-1,
6.7875E-1,6.95E-1,7.1125E-1,7.275E-1,7.4375E-1,7.6E-1,7.7625E-1,7.925E-1,
8.0875E-1,8.25E-1,8.4125E-1,8.575E-1,8.7375E-1,8.9E-1,9.0625E-1,9.225E-1,
9.3875E-1,9.55E-1,9.7125E-1,9.875E-1,1.00375E0,1.02E0),.UNSPECIFIED.);
#9643=ORIENTED_EDGE('',*,*,#7131,.T.);
#9644=ORIENTED_EDGE('',*,*,#8897,.T.);
#9645=ORIENTED_EDGE('',*,*,#8560,.T.);
#9646=ORIENTED_EDGE('',*,*,#7442,.F.);
#9647=ORIENTED_EDGE('',*,*,#7490,.T.);
#9648=ORIENTED_EDGE('',*,*,#7081,.T.);
#9649=ORIENTED_EDGE('',*,*,#7505,.T.);
#9650=ORIENTED_EDGE('',*,*,#7097,.T.);
#9651=ORIENTED_EDGE('',*,*,#7521,.T.);
#9652=ORIENTED_EDGE('',*,*,#7113,.T.);
#9653=ORIENTED_EDGE('',*,*,#7535,.T.);
#9654=EDGE_LOOP('',(#9643,#9644,#9645,#9646,#9647,#9648,#9649,#9650,#9651,#9652,
#9653));
#9655=FACE_OUTER_BOUND('',#9654,.F.);
#9657=CARTESIAN_POINT('',(2.857546641692E-1,1.127108108458E0,1.005241486834E0));
#9658=CARTESIAN_POINT('',(2.724132115974E-1,1.295640500344E0,
8.162777125371E-1));
#9659=CARTESIAN_POINT('',(2.590717590255E-1,1.415497977097E0,
5.842594346261E-1));
#9660=CARTESIAN_POINT('',(2.457303064537E-1,1.472074505899E0,
3.374607889647E-1));
#9661=CARTESIAN_POINT('',(2.920979496433E-1,1.130765795133E0,1.008503692442E0));
#9662=CARTESIAN_POINT('',(2.787564970714E-1,1.299845107655E0,
8.189266936682E-1));
#9663=CARTESIAN_POINT('',(2.654150444996E-1,1.420091545407E0,
5.861554709801E-1));
#9664=CARTESIAN_POINT('',(2.520735919277E-1,1.476851676131E0,
3.385559153521E-1));
#9665=CARTESIAN_POINT('',(3.150458356183E-1,1.136989887797E0,1.014054815814E0));
#9666=CARTESIAN_POINT('',(3.017043830464E-1,1.306999866345E0,
8.234343252649E-1));
#9667=CARTESIAN_POINT('',(2.883629304746E-1,1.427908178532E0,
5.893818561279E-1));
#9668=CARTESIAN_POINT('',(2.750214779027E-1,1.484980734971E0,
3.404194342153E-1));
#9669=CARTESIAN_POINT('',(3.379937215933E-1,1.125201562913E0,1.003541083241E0));
#9670=CARTESIAN_POINT('',(3.246522690215E-1,1.293448875952E0,
8.148969482392E-1));
#9671=CARTESIAN_POINT('',(3.113108164496E-1,1.413103609298E0,
5.832711379280E-1));
#9672=CARTESIAN_POINT('',(2.979693638777E-1,1.469584436783E0,
3.368899614115E-1));
#9673=CARTESIAN_POINT('',(3.422351701692E-1,1.114145127805E0,
9.936801061225E-1));
#9674=CARTESIAN_POINT('',(3.288937175973E-1,1.280739212160E0,
8.068896226851E-1));
#9675=CARTESIAN_POINT('',(3.155522650254E-1,1.399218196344E0,
5.775398096934E-1));
#9676=CARTESIAN_POINT('',(3.022108124536E-1,1.455144032951E0,
3.335796194072E-1));
#9677=B_SPLINE_SURFACE_WITH_KNOTS('',3,3,((#9657,#9658,#9659,#9660),(#9661,
#9662,#9663,#9664),(#9665,#9666,#9667,#9668),(#9669,#9670,#9671,#9672),(#9673,
#9674,#9675,#9676)),.UNSPECIFIED.,.F.,.F.,.F.,(4,1,4),(4,4),(1.822102563821E-1,
5.E-1,1.101888330483E0),(-4.487309950998E-4,2.161193861192E-2),.UNSPECIFIED.);
#9678=ORIENTED_EDGE('',*,*,#7013,.T.);
#9679=ORIENTED_EDGE('',*,*,#6988,.T.);
#9680=ORIENTED_EDGE('',*,*,#8213,.T.);
#9681=EDGE_LOOP('',(#9678,#9679,#9680));
#9682=FACE_OUTER_BOUND('',#9681,.F.);
#9684=CARTESIAN_POINT('',(2.311898816048E-1,0.E0,0.E0));
#9685=DIRECTION('',(-1.E0,0.E0,0.E0));
#9686=DIRECTION('',(0.E0,1.E0,0.E0));
#9687=AXIS2_PLACEMENT_3D('',#9684,#9685,#9686);
#9688=CONICAL_SURFACE('',#9687,1.614683530659E0,5.903624346793E1);
#9689=ORIENTED_EDGE('',*,*,#7027,.F.);
#9690=ORIENTED_EDGE('',*,*,#7447,.F.);
#9691=ORIENTED_EDGE('',*,*,#6982,.T.);
#9692=ORIENTED_EDGE('',*,*,#6965,.T.);
#9693=ORIENTED_EDGE('',*,*,#6979,.F.);
#9694=EDGE_LOOP('',(#9689,#9690,#9691,#9692,#9693));
#9695=FACE_OUTER_BOUND('',#9694,.F.);
#9697=CARTESIAN_POINT('',(0.E0,3.997138237267E0,1.512809048574E-1));
#9698=DIRECTION('',(0.E0,-4.446351791835E-1,-8.957117602401E-1));
#9699=DIRECTION('',(0.E0,-8.957117602401E-1,4.446351791835E-1));
#9700=AXIS2_PLACEMENT_3D('',#9697,#9698,#9699);
#9701=PLANE('',#9700);
#9702=ORIENTED_EDGE('',*,*,#5594,.T.);
#9703=ORIENTED_EDGE('',*,*,#5366,.F.);
#9705=ORIENTED_EDGE('',*,*,#9704,.F.);
#9706=ORIENTED_EDGE('',*,*,#6819,.F.);
#9707=EDGE_LOOP('',(#9702,#9703,#9705,#9706));
#9708=FACE_OUTER_BOUND('',#9707,.F.);
#9710=CARTESIAN_POINT('',(0.E0,3.817995885219E0,2.402079406944E-1));
#9711=DIRECTION('',(0.E0,-5.533915492433E-1,8.329212407101E-1));
#9712=DIRECTION('',(0.E0,8.329212407101E-1,5.533915492433E-1));
#9713=AXIS2_PLACEMENT_3D('',#9710,#9711,#9712);
#9714=PLANE('',#9713);
#9715=ORIENTED_EDGE('',*,*,#5617,.F.);
#9716=ORIENTED_EDGE('',*,*,#6821,.F.);
#9717=ORIENTED_EDGE('',*,*,#9704,.T.);
#9718=ORIENTED_EDGE('',*,*,#5364,.F.);
#9719=EDGE_LOOP('',(#9715,#9716,#9717,#9718));
#9720=FACE_OUTER_BOUND('',#9719,.F.);
#9722=CARTESIAN_POINT('',(0.E0,3.946659083397E0,6.510622700174E-1));
#9723=DIRECTION('',(0.E0,-3.288666467371E-1,-9.443763702380E-1));
#9724=DIRECTION('',(0.E0,-9.443763702380E-1,3.288666467371E-1));
#9725=AXIS2_PLACEMENT_3D('',#9722,#9723,#9724);
#9726=PLANE('',#9725);
#9727=ORIENTED_EDGE('',*,*,#5613,.T.);
#9728=ORIENTED_EDGE('',*,*,#5360,.F.);
#9730=ORIENTED_EDGE('',*,*,#9729,.F.);
#9731=ORIENTED_EDGE('',*,*,#6824,.F.);
#9732=EDGE_LOOP('',(#9727,#9728,#9730,#9731));
#9733=FACE_OUTER_BOUND('',#9732,.F.);
#9735=CARTESIAN_POINT('',(0.E0,3.757783809349E0,7.168355993650E-1));
#9736=DIRECTION('',(0.E0,-6.534206039901E-1,7.569950556518E-1));
#9737=DIRECTION('',(0.E0,7.569950556518E-1,6.534206039901E-1));
#9738=AXIS2_PLACEMENT_3D('',#9735,#9736,#9737);
#9739=PLANE('',#9738);
#9740=ORIENTED_EDGE('',*,*,#5632,.F.);
#9741=ORIENTED_EDGE('',*,*,#6826,.F.);
#9742=ORIENTED_EDGE('',*,*,#9729,.T.);
#9743=ORIENTED_EDGE('',*,*,#5358,.F.);
#9744=EDGE_LOOP('',(#9740,#9741,#9742,#9743));
#9745=FACE_OUTER_BOUND('',#9744,.F.);
#9747=CARTESIAN_POINT('',(0.E0,3.833938758161E0,1.140575994254E0));
#9748=DIRECTION('',(0.E0,-2.079116908162E-1,-9.781476007341E-1));
#9749=DIRECTION('',(0.E0,-9.781476007341E-1,2.079116908162E-1));
#9750=AXIS2_PLACEMENT_3D('',#9747,#9748,#9749);
#9751=PLANE('',#9750);
#9752=ORIENTED_EDGE('',*,*,#5628,.T.);
#9753=ORIENTED_EDGE('',*,*,#5354,.F.);
#9755=ORIENTED_EDGE('',*,*,#9754,.F.);
#9756=ORIENTED_EDGE('',*,*,#6829,.F.);
#9757=EDGE_LOOP('',(#9752,#9753,#9755,#9756));
#9758=FACE_OUTER_BOUND('',#9757,.F.);
#9760=CARTESIAN_POINT('',(0.E0,3.638309238014E0,1.182158332417E0));
#9761=DIRECTION('',(0.E0,-7.431448254774E-1,6.691306063589E-1));
#9762=DIRECTION('',(0.E0,6.691306063589E-1,7.431448254774E-1));
#9763=AXIS2_PLACEMENT_3D('',#9760,#9761,#9762);
#9764=PLANE('',#9763);
#9765=ORIENTED_EDGE('',*,*,#5647,.F.);
#9766=ORIENTED_EDGE('',*,*,#6831,.F.);
#9767=ORIENTED_EDGE('',*,*,#9754,.T.);
#9768=ORIENTED_EDGE('',*,*,#5352,.F.);
#9769=EDGE_LOOP('',(#9765,#9766,#9767,#9768));
#9770=FACE_OUTER_BOUND('',#9769,.F.);
#9772=CARTESIAN_POINT('',(0.E0,3.660754928426E0,1.612102153713E0));
#9773=DIRECTION('',(0.E0,-8.367784333070E-2,-9.964928592496E-1));
#9774=DIRECTION('',(0.E0,-9.964928592496E-1,8.367784333070E-2));
#9775=AXIS2_PLACEMENT_3D('',#9772,#9773,#9774);
#9776=PLANE('',#9775);
#9777=ORIENTED_EDGE('',*,*,#5643,.T.);
#9778=ORIENTED_EDGE('',*,*,#5348,.F.);
#9780=ORIENTED_EDGE('',*,*,#9779,.F.);
#9781=ORIENTED_EDGE('',*,*,#6834,.F.);
#9782=EDGE_LOOP('',(#9777,#9778,#9780,#9781));
#9783=FACE_OUTER_BOUND('',#9782,.F.);
#9785=CARTESIAN_POINT('',(0.E0,3.461456356575E0,1.628837722379E0));
#9786=DIRECTION('',(0.E0,-8.211492091337E-1,5.707135676844E-1));
#9787=DIRECTION('',(0.E0,5.707135676844E-1,8.211492091337E-1));
#9788=AXIS2_PLACEMENT_3D('',#9785,#9786,#9787);
#9789=PLANE('',#9788);
#9790=ORIENTED_EDGE('',*,*,#5662,.F.);
#9791=ORIENTED_EDGE('',*,*,#6836,.F.);
#9792=ORIENTED_EDGE('',*,*,#9779,.T.);
#9793=ORIENTED_EDGE('',*,*,#5346,.F.);
#9794=EDGE_LOOP('',(#9790,#9791,#9792,#9793));
#9795=FACE_OUTER_BOUND('',#9794,.F.);
#9797=CARTESIAN_POINT('',(0.E0,3.429838806640E0,2.058204499186E0));
#9798=DIRECTION('',(0.E0,4.187565373082E-2,-9.991228300988E-1));
#9799=DIRECTION('',(0.E0,-9.991228300988E-1,-4.187565373082E-2));
#9800=AXIS2_PLACEMENT_3D('',#9797,#9798,#9799);
#9801=PLANE('',#9800);
#9802=ORIENTED_EDGE('',*,*,#5658,.T.);
#9803=ORIENTED_EDGE('',*,*,#5342,.F.);
#9805=ORIENTED_EDGE('',*,*,#9804,.F.);
#9806=ORIENTED_EDGE('',*,*,#6839,.F.);
#9807=EDGE_LOOP('',(#9802,#9803,#9805,#9806));
#9808=FACE_OUTER_BOUND('',#9807,.F.);
#9810=CARTESIAN_POINT('',(0.E0,3.230014240619E0,2.049829368439E0));
#9811=DIRECTION('',(0.E0,-8.862035792312E-1,4.632960351199E-1));
#9812=DIRECTION('',(0.E0,4.632960351199E-1,8.862035792312E-1));
#9813=AXIS2_PLACEMENT_3D('',#9810,#9811,#9812);
#9814=PLANE('',#9813);
#9815=ORIENTED_EDGE('',*,*,#5677,.F.);
#9816=ORIENTED_EDGE('',*,*,#6841,.F.);
#9817=ORIENTED_EDGE('',*,*,#9804,.T.);
#9818=ORIENTED_EDGE('',*,*,#5340,.F.);
#9819=EDGE_LOOP('',(#9815,#9816,#9817,#9818));
#9820=FACE_OUTER_BOUND('',#9819,.F.);
#9822=CARTESIAN_POINT('',(0.E0,3.144832077987E0,2.471847730194E0));
#9823=DIRECTION('',(0.E0,1.667687467177E-1,-9.859960370702E-1));
#9824=DIRECTION('',(0.E0,-9.859960370702E-1,-1.667687467177E-1));
#9825=AXIS2_PLACEMENT_3D('',#9822,#9823,#9824);
#9826=PLANE('',#9825);
#9827=ORIENTED_EDGE('',*,*,#5673,.T.);
#9828=ORIENTED_EDGE('',*,*,#5336,.F.);
#9830=ORIENTED_EDGE('',*,*,#9829,.F.);
#9831=ORIENTED_EDGE('',*,*,#6844,.F.);
#9832=EDGE_LOOP('',(#9827,#9828,#9830,#9831));
#9833=FACE_OUTER_BOUND('',#9832,.F.);
#9835=CARTESIAN_POINT('',(0.E0,2.947632870572E0,2.438493980851E0));
#9836=DIRECTION('',(0.E0,-9.372819894919E-1,3.485720473218E-1));
#9837=DIRECTION('',(0.E0,3.485720473218E-1,9.372819894919E-1));
#9838=AXIS2_PLACEMENT_3D('',#9835,#9836,#9837);
#9839=PLANE('',#9838);
#9840=ORIENTED_EDGE('',*,*,#5692,.F.);
#9841=ORIENTED_EDGE('',*,*,#6846,.F.);
#9842=ORIENTED_EDGE('',*,*,#9829,.T.);
#9843=ORIENTED_EDGE('',*,*,#5334,.F.);
#9844=EDGE_LOOP('',(#9840,#9841,#9842,#9843));
#9845=FACE_OUTER_BOUND('',#9844,.F.);
#9847=CARTESIAN_POINT('',(0.E0,2.810229468832E0,2.846508445887E0));
#9848=DIRECTION('',(0.E0,2.890317969460E-1,-9.573194975316E-1));
#9849=DIRECTION('',(0.E0,-9.573194975316E-1,-2.890317969460E-1));
#9850=AXIS2_PLACEMENT_3D('',#9847,#9848,#9849);
#9851=PLANE('',#9850);
#9852=ORIENTED_EDGE('',*,*,#5688,.T.);
#9853=ORIENTED_EDGE('',*,*,#5330,.F.);
#9855=ORIENTED_EDGE('',*,*,#9854,.F.);
#9856=ORIENTED_EDGE('',*,*,#6849,.F.);
#9857=EDGE_LOOP('',(#9852,#9853,#9855,#9856));
#9858=FACE_OUTER_BOUND('',#9857,.F.);
#9860=CARTESIAN_POINT('',(0.E0,2.618765569325E0,2.788702086498E0));
#9861=DIRECTION('',(0.E0,-9.735789028732E-1,2.283508701107E-1));
#9862=DIRECTION('',(0.E0,2.283508701107E-1,9.735789028732E-1));
#9863=AXIS2_PLACEMENT_3D('',#9860,#9861,#9862);
#9864=PLANE('',#9863);
#9865=ORIENTED_EDGE('',*,*,#5707,.F.);
#9866=ORIENTED_EDGE('',*,*,#6851,.F.);
#9867=ORIENTED_EDGE('',*,*,#9854,.T.);
#9868=ORIENTED_EDGE('',*,*,#5328,.F.);
#9869=EDGE_LOOP('',(#9865,#9866,#9867,#9868));
#9870=FACE_OUTER_BOUND('',#9869,.F.);
#9872=CARTESIAN_POINT('',(0.E0,2.431307862204E0,3.176278022967E0));
#9873=DIRECTION('',(0.E0,4.067366430773E-1,-9.135454576419E-1));
#9874=DIRECTION('',(0.E0,-9.135454576419E-1,-4.067366430773E-1));
#9875=AXIS2_PLACEMENT_3D('',#9872,#9873,#9874);
#9876=PLANE('',#9875);
#9877=ORIENTED_EDGE('',*,*,#5703,.T.);
#9878=ORIENTED_EDGE('',*,*,#5324,.F.);
#9880=ORIENTED_EDGE('',*,*,#9879,.F.);
#9881=ORIENTED_EDGE('',*,*,#6854,.F.);
#9882=EDGE_LOOP('',(#9877,#9878,#9880,#9881));
#9883=FACE_OUTER_BOUND('',#9882,.F.);
#9885=CARTESIAN_POINT('',(0.E0,2.248598770675E0,3.094930694351E0));
#9886=DIRECTION('',(0.E0,-9.945218953683E-1,1.045284632677E-1));
#9887=DIRECTION('',(0.E0,1.045284632677E-1,9.945218953683E-1));
#9888=AXIS2_PLACEMENT_3D('',#9885,#9886,#9887);
#9889=PLANE('',#9888);
#9890=ORIENTED_EDGE('',*,*,#5722,.F.);
#9891=ORIENTED_EDGE('',*,*,#6856,.F.);
#9892=ORIENTED_EDGE('',*,*,#9879,.T.);
#9893=ORIENTED_EDGE('',*,*,#5322,.F.);
#9894=EDGE_LOOP('',(#9890,#9891,#9892,#9893));
#9895=FACE_OUTER_BOUND('',#9894,.F.);
#9897=CARTESIAN_POINT('',(0.E0,2.014043078197E0,3.455955798208E0));
#9898=DIRECTION('',(0.E0,5.180270093745E-1,-8.553642601597E-1));
#9899=DIRECTION('',(0.E0,-8.553642601597E-1,-5.180270093745E-1));
#9900=AXIS2_PLACEMENT_3D('',#9897,#9898,#9899);
#9901=PLANE('',#9900);
#9902=ORIENTED_EDGE('',*,*,#5718,.T.);
#9903=ORIENTED_EDGE('',*,*,#5318,.F.);
#9905=ORIENTED_EDGE('',*,*,#9904,.F.);
#9906=ORIENTED_EDGE('',*,*,#6859,.F.);
#9907=EDGE_LOOP('',(#9902,#9903,#9905,#9906));
#9908=FACE_OUTER_BOUND('',#9907,.F.);
#9910=CARTESIAN_POINT('',(0.E0,1.842970226164E0,3.352350396333E0));
#9911=DIRECTION('',(0.E0,-9.997806834748E-1,-2.094241988336E-2));
#9912=DIRECTION('',(0.E0,-2.094241988336E-2,9.997806834748E-1));
#9913=AXIS2_PLACEMENT_3D('',#9910,#9911,#9912);
#9914=PLANE('',#9913);
#9915=ORIENTED_EDGE('',*,*,#5737,.F.);
#9916=ORIENTED_EDGE('',*,*,#6861,.F.);
#9917=ORIENTED_EDGE('',*,*,#9904,.T.);
#9918=ORIENTED_EDGE('',*,*,#5316,.F.);
#9919=EDGE_LOOP('',(#9915,#9916,#9917,#9918));
#9920=FACE_OUTER_BOUND('',#9919,.F.);
#9922=CARTESIAN_POINT('',(0.E0,1.565015631715E0,3.681131086023E0));
#9923=DIRECTION('',(0.E0,6.211477802796E-1,-7.836934573248E-1));
#9924=DIRECTION('',(0.E0,-7.836934573248E-1,-6.211477802796E-1));
#9925=AXIS2_PLACEMENT_3D('',#9922,#9923,#9924);
#9926=PLANE('',#9925);
#9927=ORIENTED_EDGE('',*,*,#5733,.T.);
#9928=ORIENTED_EDGE('',*,*,#5312,.F.);
#9930=ORIENTED_EDGE('',*,*,#9929,.F.);
#9931=ORIENTED_EDGE('',*,*,#6864,.F.);
#9932=EDGE_LOOP('',(#9927,#9928,#9930,#9931));
#9933=FACE_OUTER_BOUND('',#9932,.F.);
#9935=CARTESIAN_POINT('',(0.E0,1.408276940249E0,3.556901529967E0));
#9936=DIRECTION('',(0.E0,-9.892723329630E-1,-1.460830285624E-1));
#9937=DIRECTION('',(0.E0,-1.460830285624E-1,9.892723329630E-1));
#9938=AXIS2_PLACEMENT_3D('',#9935,#9936,#9937);
#9939=PLANE('',#9938);
#9940=ORIENTED_EDGE('',*,*,#5752,.F.);
#9941=ORIENTED_EDGE('',*,*,#6866,.F.);
#9942=ORIENTED_EDGE('',*,*,#9929,.T.);
#9943=ORIENTED_EDGE('',*,*,#5310,.F.);
#9944=EDGE_LOOP('',(#9940,#9941,#9942,#9943));
#9945=FACE_OUTER_BOUND('',#9944,.F.);
#9947=CARTESIAN_POINT('',(0.E0,1.091306953826E0,3.848252737611E0));
#9948=DIRECTION('',(0.E0,7.144726796339E-1,-6.996633405122E-1));
#9949=DIRECTION('',(0.E0,-6.996633405122E-1,-7.144726796339E-1));
#9950=AXIS2_PLACEMENT_3D('',#9947,#9948,#9949);
#9951=PLANE('',#9950);
#9952=ORIENTED_EDGE('',*,*,#5748,.T.);
#9953=ORIENTED_EDGE('',*,*,#5306,.F.);
#9955=ORIENTED_EDGE('',*,*,#9954,.F.);
#9956=ORIENTED_EDGE('',*,*,#6869,.F.);
#9957=EDGE_LOOP('',(#9952,#9953,#9955,#9956));
#9958=FACE_OUTER_BOUND('',#9957,.F.);
#9960=CARTESIAN_POINT('',(0.E0,9.513742857231E-1,3.705358201684E0));
#9961=DIRECTION('',(0.E0,-9.631625667977E-1,-2.689198206153E-1));
#9962=DIRECTION('',(0.E0,-2.689198206153E-1,9.631625667977E-1));
#9963=AXIS2_PLACEMENT_3D('',#9960,#9961,#9962);
#9964=PLANE('',#9963);
#9965=ORIENTED_EDGE('',*,*,#5767,.F.);
#9966=ORIENTED_EDGE('',*,*,#6871,.F.);
#9967=ORIENTED_EDGE('',*,*,#9954,.T.);
#9968=ORIENTED_EDGE('',*,*,#5304,.F.);
#9969=EDGE_LOOP('',(#9965,#9966,#9967,#9968));
#9970=FACE_OUTER_BOUND('',#9969,.F.);
#9972=CARTESIAN_POINT('',(0.E0,6.003877133599E-1,3.954685144692E0));
#9973=DIRECTION('',(0.E0,7.965299180252E-1,-6.045991148611E-1));
#9974=DIRECTION('',(0.E0,-6.045991148611E-1,-7.965299180252E-1));
#9975=AXIS2_PLACEMENT_3D('',#9972,#9973,#9974);
#9976=PLANE('',#9975);
#9977=ORIENTED_EDGE('',*,*,#5763,.T.);
#9978=ORIENTED_EDGE('',*,*,#5300,.F.);
#9980=ORIENTED_EDGE('',*,*,#9979,.F.);
#9981=ORIENTED_EDGE('',*,*,#6874,.F.);
#9982=EDGE_LOOP('',(#9977,#9978,#9980,#9981));
#9983=FACE_OUTER_BOUND('',#9982,.F.);
#9985=CARTESIAN_POINT('',(0.E0,4.794678903874E-1,3.795379161086E0));
#9986=DIRECTION('',(0.E0,-9.218631515885E-1,-3.875155864521E-1));
#9987=DIRECTION('',(0.E0,-3.875155864521E-1,9.218631515885E-1));
#9988=AXIS2_PLACEMENT_3D('',#9985,#9986,#9987);
#9989=PLANE('',#9988);
#9990=ORIENTED_EDGE('',*,*,#5782,.F.);
#9991=ORIENTED_EDGE('',*,*,#6876,.F.);
#9992=ORIENTED_EDGE('',*,*,#9979,.T.);
#9993=ORIENTED_EDGE('',*,*,#5298,.F.);
#9994=EDGE_LOOP('',(#9990,#9991,#9992,#9993));
#9995=FACE_OUTER_BOUND('',#9994,.F.);
#9997=CARTESIAN_POINT('',(0.E0,1.E-1,3.998749804626E0));
#9998=DIRECTION('',(0.E0,8.660254037852E-1,-4.999999999986E-1));
#9999=DIRECTION('',(0.E0,-4.999999999986E-1,-8.660254037852E-1));
#10000=AXIS2_PLACEMENT_3D('',#9997,#9998,#9999);
#10001=PLANE('',#10000);
#10002=ORIENTED_EDGE('',*,*,#5778,.T.);
#10003=ORIENTED_EDGE('',*,*,#5294,.F.);
#10005=ORIENTED_EDGE('',*,*,#10004,.F.);
#10006=ORIENTED_EDGE('',*,*,#6879,.F.);
#10007=EDGE_LOOP('',(#10002,#10003,#10005,#10006));
#10008=FACE_OUTER_BOUND('',#10007,.F.);
#10010=CARTESIAN_POINT('',(0.E0,0.E0,3.825544723869E0));
#10011=DIRECTION('',(0.E0,-8.660254037844E-1,-5.E-1));
#10012=DIRECTION('',(0.E0,-5.E-1,8.660254037844E-1));
#10013=AXIS2_PLACEMENT_3D('',#10010,#10011,#10012);
#10014=PLANE('',#10013);
#10015=ORIENTED_EDGE('',*,*,#5797,.F.);
#10016=ORIENTED_EDGE('',*,*,#6881,.F.);
#10017=ORIENTED_EDGE('',*,*,#10004,.T.);
#10018=ORIENTED_EDGE('',*,*,#5292,.F.);
#10019=EDGE_LOOP('',(#10015,#10016,#10017,#10018));
#10020=FACE_OUTER_BOUND('',#10019,.F.);
#10022=CARTESIAN_POINT('',(0.E0,-4.019647730970E-1,3.979751791405E0));
#10023=DIRECTION('',(0.E0,9.218631515891E-1,-3.875155864506E-1));
#10024=DIRECTION('',(0.E0,-3.875155864506E-1,-9.218631515891E-1));
#10025=AXIS2_PLACEMENT_3D('',#10022,#10023,#10024);
#10026=PLANE('',#10025);
#10027=ORIENTED_EDGE('',*,*,#5793,.T.);
#10028=ORIENTED_EDGE('',*,*,#5288,.F.);
#10030=ORIENTED_EDGE('',*,*,#10029,.F.);
#10031=ORIENTED_EDGE('',*,*,#6884,.F.);
#10032=EDGE_LOOP('',(#10027,#10028,#10030,#10031));
#10033=FACE_OUTER_BOUND('',#10032,.F.);
#10035=CARTESIAN_POINT('',(0.E0,-4.794678903874E-1,3.795379161086E0));
#10036=DIRECTION('',(0.E0,-7.965299180242E-1,-6.045991148624E-1));
#10037=DIRECTION('',(0.E0,-6.045991148624E-1,7.965299180242E-1));
#10038=AXIS2_PLACEMENT_3D('',#10035,#10036,#10037);
#10039=PLANE('',#10038);
#10040=ORIENTED_EDGE('',*,*,#5812,.F.);
#10041=ORIENTED_EDGE('',*,*,#6886,.F.);
#10042=ORIENTED_EDGE('',*,*,#10029,.T.);
#10043=ORIENTED_EDGE('',*,*,#5286,.F.);
#10044=EDGE_LOOP('',(#10040,#10041,#10042,#10043));
#10045=FACE_OUTER_BOUND('',#10044,.F.);
#10047=CARTESIAN_POINT('',(0.E0,-8.975903216002E-1,3.897990715044E0));
#10048=DIRECTION('',(0.E0,9.631625667981E-1,-2.689198206137E-1));
#10049=DIRECTION('',(0.E0,-2.689198206137E-1,-9.631625667981E-1));
#10050=AXIS2_PLACEMENT_3D('',#10047,#10048,#10049);
#10051=PLANE('',#10050);
#10052=ORIENTED_EDGE('',*,*,#5808,.T.);
#10053=ORIENTED_EDGE('',*,*,#5282,.F.);
#10055=ORIENTED_EDGE('',*,*,#10054,.F.);
#10056=ORIENTED_EDGE('',*,*,#6889,.F.);
#10057=EDGE_LOOP('',(#10052,#10053,#10055,#10056));
#10058=FACE_OUTER_BOUND('',#10057,.F.);
#10060=CARTESIAN_POINT('',(0.E0,-9.513742857231E-1,3.705358201684E0));
#10061=DIRECTION('',(0.E0,-7.144726796328E-1,-6.996633405134E-1));
#10062=DIRECTION('',(0.E0,-6.996633405134E-1,7.144726796328E-1));
#10063=AXIS2_PLACEMENT_3D('',#10060,#10061,#10062);
#10064=PLANE('',#10063);
#10065=ORIENTED_EDGE('',*,*,#5827,.F.);
#10066=ORIENTED_EDGE('',*,*,#6891,.F.);
#10067=ORIENTED_EDGE('',*,*,#10054,.T.);
#10068=ORIENTED_EDGE('',*,*,#5280,.F.);
#10069=EDGE_LOOP('',(#10065,#10066,#10067,#10068));
#10070=FACE_OUTER_BOUND('',#10069,.F.);
#10072=CARTESIAN_POINT('',(0.E0,-1.379060334537E0,3.754755996560E0));
#10073=DIRECTION('',(0.E0,9.892723329632E-1,-1.460830285608E-1));
#10074=DIRECTION('',(0.E0,-1.460830285608E-1,-9.892723329632E-1));
#10075=AXIS2_PLACEMENT_3D('',#10072,#10073,#10074);
#10076=PLANE('',#10075);
#10077=ORIENTED_EDGE('',*,*,#5823,.T.);
#10078=ORIENTED_EDGE('',*,*,#5276,.F.);
#10080=ORIENTED_EDGE('',*,*,#10079,.F.);
#10081=ORIENTED_EDGE('',*,*,#6894,.F.);
#10082=EDGE_LOOP('',(#10077,#10078,#10080,#10081));
#10083=FACE_OUTER_BOUND('',#10082,.F.);
#10085=CARTESIAN_POINT('',(0.E0,-1.408276940249E0,3.556901529967E0));
#10086=DIRECTION('',(0.E0,-6.211477802783E-1,-7.836934573258E-1));
#10087=DIRECTION('',(0.E0,-7.836934573258E-1,6.211477802783E-1));
#10088=AXIS2_PLACEMENT_3D('',#10085,#10086,#10087);
#10089=PLANE('',#10088);
#10090=ORIENTED_EDGE('',*,*,#5842,.F.);
#10091=ORIENTED_EDGE('',*,*,#6896,.F.);
#10092=ORIENTED_EDGE('',*,*,#10079,.T.);
#10093=ORIENTED_EDGE('',*,*,#5274,.F.);
#10094=EDGE_LOOP('',(#10090,#10091,#10092,#10093));
#10095=FACE_OUTER_BOUND('',#10094,.F.);
#10097=CARTESIAN_POINT('',(0.E0,-1.838781742188E0,3.552306533028E0));
#10098=DIRECTION('',(0.E0,9.997806834749E-1,-2.094241988174E-2));
#10099=DIRECTION('',(0.E0,-2.094241988174E-2,-9.997806834749E-1));
#10100=AXIS2_PLACEMENT_3D('',#10097,#10098,#10099);
#10101=PLANE('',#10100);
#10102=ORIENTED_EDGE('',*,*,#5838,.T.);
#10103=ORIENTED_EDGE('',*,*,#5270,.F.);
#10105=ORIENTED_EDGE('',*,*,#10104,.F.);
#10106=ORIENTED_EDGE('',*,*,#6899,.F.);
#10107=EDGE_LOOP('',(#10102,#10103,#10105,#10106));
#10108=FACE_OUTER_BOUND('',#10107,.F.);
#10110=CARTESIAN_POINT('',(0.E0,-1.842970226164E0,3.352350396333E0));
#10111=DIRECTION('',(0.E0,-5.180270093731E-1,-8.553642601605E-1));
#10112=DIRECTION('',(0.E0,-8.553642601605E-1,5.180270093731E-1));
#10113=AXIS2_PLACEMENT_3D('',#10110,#10111,#10112);
#10114=PLANE('',#10113);
#10115=ORIENTED_EDGE('',*,*,#5857,.F.);
#10116=ORIENTED_EDGE('',*,*,#6901,.F.);
#10117=ORIENTED_EDGE('',*,*,#10104,.T.);
#10118=ORIENTED_EDGE('',*,*,#5268,.F.);
#10119=EDGE_LOOP('',(#10115,#10116,#10117,#10118));
#10120=FACE_OUTER_BOUND('',#10119,.F.);
#10122=CARTESIAN_POINT('',(0.E0,-2.269504463329E0,3.293835073426E0));
#10123=DIRECTION('',(0.E0,9.945218953681E-1,1.045284632693E-1));
#10124=DIRECTION('',(0.E0,1.045284632693E-1,-9.945218953681E-1));
#10125=AXIS2_PLACEMENT_3D('',#10122,#10123,#10124);
#10126=PLANE('',#10125);
#10127=ORIENTED_EDGE('',*,*,#5853,.T.);
#10128=ORIENTED_EDGE('',*,*,#5264,.F.);
#10130=ORIENTED_EDGE('',*,*,#10129,.F.);
#10131=ORIENTED_EDGE('',*,*,#6904,.F.);
#10132=EDGE_LOOP('',(#10127,#10128,#10130,#10131));
#10133=FACE_OUTER_BOUND('',#10132,.F.);
#10135=CARTESIAN_POINT('',(0.E0,-2.248598770675E0,3.094930694351E0));
#10136=DIRECTION('',(0.E0,-4.067366430758E-1,-9.135454576426E-1));
#10137=DIRECTION('',(0.E0,-9.135454576426E-1,4.067366430758E-1));
#10138=AXIS2_PLACEMENT_3D('',#10135,#10136,#10137);
#10139=PLANE('',#10138);
#10140=ORIENTED_EDGE('',*,*,#5872,.F.);
#10141=ORIENTED_EDGE('',*,*,#6906,.F.);
#10142=ORIENTED_EDGE('',*,*,#10129,.T.);
#10143=ORIENTED_EDGE('',*,*,#5262,.F.);
#10144=EDGE_LOOP('',(#10140,#10141,#10142,#10143));
#10145=FACE_OUTER_BOUND('',#10144,.F.);
#10147=CARTESIAN_POINT('',(0.E0,-2.664435743348E0,2.983417867073E0));
#10148=DIRECTION('',(0.E0,9.735789028728E-1,2.283508701122E-1));
#10149=DIRECTION('',(0.E0,2.283508701122E-1,-9.735789028728E-1));
#10150=AXIS2_PLACEMENT_3D('',#10147,#10148,#10149);
#10151=PLANE('',#10150);
#10152=ORIENTED_EDGE('',*,*,#5868,.T.);
#10153=ORIENTED_EDGE('',*,*,#5258,.F.);
#10155=ORIENTED_EDGE('',*,*,#10154,.F.);
#10156=ORIENTED_EDGE('',*,*,#6909,.F.);
#10157=EDGE_LOOP('',(#10152,#10153,#10155,#10156));
#10158=FACE_OUTER_BOUND('',#10157,.F.);
#10160=CARTESIAN_POINT('',(0.E0,-2.618765569325E0,2.788702086498E0));
#10161=DIRECTION('',(0.E0,-2.890317969445E-1,-9.573194975321E-1));
#10162=DIRECTION('',(0.E0,-9.573194975321E-1,2.890317969445E-1));
#10163=AXIS2_PLACEMENT_3D('',#10160,#10161,#10162);
#10164=PLANE('',#10163);
#10165=ORIENTED_EDGE('',*,*,#5887,.F.);
#10166=ORIENTED_EDGE('',*,*,#6911,.F.);
#10167=ORIENTED_EDGE('',*,*,#10154,.T.);
#10168=ORIENTED_EDGE('',*,*,#5256,.F.);
#10169=EDGE_LOOP('',(#10165,#10166,#10167,#10168));
#10170=FACE_OUTER_BOUND('',#10169,.F.);
#10172=CARTESIAN_POINT('',(0.E0,-3.017347280037E0,2.625950378749E0));
#10173=DIRECTION('',(0.E0,9.372819894913E-1,3.485720473233E-1));
#10174=DIRECTION('',(0.E0,3.485720473233E-1,-9.372819894913E-1));
#10175=AXIS2_PLACEMENT_3D('',#10172,#10173,#10174);
#10176=PLANE('',#10175);
#10177=ORIENTED_EDGE('',*,*,#5883,.T.);
#10178=ORIENTED_EDGE('',*,*,#5252,.F.);
#10180=ORIENTED_EDGE('',*,*,#10179,.F.);
#10181=ORIENTED_EDGE('',*,*,#6914,.F.);
#10182=EDGE_LOOP('',(#10177,#10178,#10180,#10181));
#10183=FACE_OUTER_BOUND('',#10182,.F.);
#10185=CARTESIAN_POINT('',(0.E0,-2.947632870572E0,2.438493980851E0));
#10186=DIRECTION('',(0.E0,-1.667687467161E-1,-9.859960370705E-1));
#10187=DIRECTION('',(0.E0,-9.859960370705E-1,1.667687467161E-1));
#10188=AXIS2_PLACEMENT_3D('',#10185,#10186,#10187);
#10189=PLANE('',#10188);
#10190=ORIENTED_EDGE('',*,*,#5902,.F.);
#10191=ORIENTED_EDGE('',*,*,#6916,.F.);
#10192=ORIENTED_EDGE('',*,*,#10179,.T.);
#10193=ORIENTED_EDGE('',*,*,#5250,.F.);
#10194=EDGE_LOOP('',(#10190,#10191,#10192,#10193));
#10195=FACE_OUTER_BOUND('',#10194,.F.);
#10197=CARTESIAN_POINT('',(0.E0,-3.322673447644E0,2.227070084286E0));
#10198=DIRECTION('',(0.E0,8.862035792305E-1,4.632960351213E-1));
#10199=DIRECTION('',(0.E0,4.632960351213E-1,-8.862035792305E-1));
#10200=AXIS2_PLACEMENT_3D('',#10197,#10198,#10199);
#10201=PLANE('',#10200);
#10202=ORIENTED_EDGE('',*,*,#5898,.T.);
#10203=ORIENTED_EDGE('',*,*,#5246,.F.);
#10205=ORIENTED_EDGE('',*,*,#10204,.F.);
#10206=ORIENTED_EDGE('',*,*,#6919,.F.);
#10207=EDGE_LOOP('',(#10202,#10203,#10205,#10206));
#10208=FACE_OUTER_BOUND('',#10207,.F.);
#10210=CARTESIAN_POINT('',(0.E0,-3.230014240619E0,2.049829368439E0));
#10211=DIRECTION('',(0.E0,-4.187565372920E-2,-9.991228300989E-1));
#10212=DIRECTION('',(0.E0,-9.991228300989E-1,4.187565372920E-2));
#10213=AXIS2_PLACEMENT_3D('',#10210,#10211,#10212);
#10214=PLANE('',#10213);
#10215=ORIENTED_EDGE('',*,*,#5917,.F.);
#10216=ORIENTED_EDGE('',*,*,#6921,.F.);
#10217=ORIENTED_EDGE('',*,*,#10204,.T.);
#10218=ORIENTED_EDGE('',*,*,#5244,.F.);
#10219=EDGE_LOOP('',(#10215,#10216,#10217,#10218));
#10220=FACE_OUTER_BOUND('',#10219,.F.);
#10222=CARTESIAN_POINT('',(0.E0,-3.575599070113E0,1.793067564206E0));
#10223=DIRECTION('',(0.E0,8.211492091328E-1,5.707135676858E-1));
#10224=DIRECTION('',(0.E0,5.707135676858E-1,-8.211492091328E-1));
#10225=AXIS2_PLACEMENT_3D('',#10222,#10223,#10224);
#10226=PLANE('',#10225);
#10227=ORIENTED_EDGE('',*,*,#5913,.T.);
#10228=ORIENTED_EDGE('',*,*,#5240,.F.);
#10230=ORIENTED_EDGE('',*,*,#10229,.F.);
#10231=ORIENTED_EDGE('',*,*,#6924,.F.);
#10232=EDGE_LOOP('',(#10227,#10228,#10230,#10231));
#10233=FACE_OUTER_BOUND('',#10232,.F.);
#10235=CARTESIAN_POINT('',(0.E0,-3.461456356575E0,1.628837722379E0));
#10236=DIRECTION('',(0.E0,8.367784333232E-2,-9.964928592495E-1));
#10237=DIRECTION('',(0.E0,-9.964928592495E-1,-8.367784333232E-2));
#10238=AXIS2_PLACEMENT_3D('',#10235,#10236,#10237);
#10239=PLANE('',#10238);
#10240=ORIENTED_EDGE('',*,*,#5932,.F.);
#10241=ORIENTED_EDGE('',*,*,#6926,.F.);
#10242=ORIENTED_EDGE('',*,*,#10229,.T.);
#10243=ORIENTED_EDGE('',*,*,#5238,.F.);
#10244=EDGE_LOOP('',(#10240,#10241,#10242,#10243));
#10245=FACE_OUTER_BOUND('',#10244,.F.);
#10247=CARTESIAN_POINT('',(0.E0,-3.772135359286E0,1.330787297513E0));
#10248=DIRECTION('',(0.E0,7.431448254763E-1,6.691306063601E-1));
#10249=DIRECTION('',(0.E0,6.691306063601E-1,-7.431448254763E-1));
#10250=AXIS2_PLACEMENT_3D('',#10247,#10248,#10249);
#10251=PLANE('',#10250);
#10252=ORIENTED_EDGE('',*,*,#5928,.T.);
#10253=ORIENTED_EDGE('',*,*,#5234,.F.);
#10255=ORIENTED_EDGE('',*,*,#10254,.F.);
#10256=ORIENTED_EDGE('',*,*,#6929,.F.);
#10257=EDGE_LOOP('',(#10252,#10253,#10255,#10256));
#10258=FACE_OUTER_BOUND('',#10257,.F.);
#10260=CARTESIAN_POINT('',(0.E0,-3.638309238014E0,1.182158332417E0));
#10261=DIRECTION('',(0.E0,2.079116908178E-1,-9.781476007338E-1));
#10262=DIRECTION('',(0.E0,-9.781476007338E-1,-2.079116908178E-1));
#10263=AXIS2_PLACEMENT_3D('',#10260,#10261,#10262);
#10264=PLANE('',#10263);
#10265=ORIENTED_EDGE('',*,*,#5947,.F.);
#10266=ORIENTED_EDGE('',*,*,#6931,.F.);
#10267=ORIENTED_EDGE('',*,*,#10254,.T.);
#10268=ORIENTED_EDGE('',*,*,#5232,.F.);
#10269=EDGE_LOOP('',(#10265,#10266,#10267,#10268));
#10270=FACE_OUTER_BOUND('',#10269,.F.);
#10272=CARTESIAN_POINT('',(0.E0,-3.909182820480E0,8.475197201632E-1));
#10273=DIRECTION('',(0.E0,6.534206039889E-1,7.569950556528E-1));
#10274=DIRECTION('',(0.E0,7.569950556528E-1,-6.534206039889E-1));
#10275=AXIS2_PLACEMENT_3D('',#10272,#10273,#10274);
#10276=PLANE('',#10275);
#10277=ORIENTED_EDGE('',*,*,#5943,.T.);
#10278=ORIENTED_EDGE('',*,*,#5228,.F.);
#10280=ORIENTED_EDGE('',*,*,#10279,.F.);
#10281=ORIENTED_EDGE('',*,*,#6934,.F.);
#10282=EDGE_LOOP('',(#10277,#10278,#10280,#10281));
#10283=FACE_OUTER_BOUND('',#10282,.F.);
#10285=CARTESIAN_POINT('',(0.E0,-3.757783809349E0,7.168355993650E-1));
#10286=DIRECTION('',(0.E0,3.288666467386E-1,-9.443763702375E-1));
#10287=DIRECTION('',(0.E0,-9.443763702375E-1,-3.288666467386E-1));
#10288=AXIS2_PLACEMENT_3D('',#10285,#10286,#10287);
#10289=PLANE('',#10288);
#10290=ORIENTED_EDGE('',*,*,#5961,.F.);
#10291=ORIENTED_EDGE('',*,*,#6936,.F.);
#10292=ORIENTED_EDGE('',*,*,#10279,.T.);
#10293=ORIENTED_EDGE('',*,*,#5226,.F.);
#10294=EDGE_LOOP('',(#10290,#10291,#10292,#10293));
#10295=FACE_OUTER_BOUND('',#10294,.F.);
#10297=CARTESIAN_POINT('',(0.E0,-3.997138237267E0,-1.512809048574E-1));
#10298=DIRECTION('',(0.E0,4.446351791835E-1,8.957117602401E-1));
#10299=DIRECTION('',(0.E0,8.957117602401E-1,-4.446351791835E-1));
#10300=AXIS2_PLACEMENT_3D('',#10297,#10298,#10299);
#10301=PLANE('',#10300);
#10302=ORIENTED_EDGE('',*,*,#5972,.T.);
#10303=ORIENTED_EDGE('',*,*,#6253,.F.);
#10305=ORIENTED_EDGE('',*,*,#10304,.F.);
#10306=ORIENTED_EDGE('',*,*,#6435,.F.);
#10307=EDGE_LOOP('',(#10302,#10303,#10305,#10306));
#10308=FACE_OUTER_BOUND('',#10307,.F.);
#10310=CARTESIAN_POINT('',(0.E0,-3.817995885219E0,-2.402079406944E-1));
#10311=DIRECTION('',(0.E0,5.533915492433E-1,-8.329212407101E-1));
#10312=DIRECTION('',(0.E0,-8.329212407101E-1,-5.533915492433E-1));
#10313=AXIS2_PLACEMENT_3D('',#10310,#10311,#10312);
#10314=PLANE('',#10313);
#10315=ORIENTED_EDGE('',*,*,#5995,.F.);
#10316=ORIENTED_EDGE('',*,*,#6437,.F.);
#10317=ORIENTED_EDGE('',*,*,#10304,.T.);
#10318=ORIENTED_EDGE('',*,*,#6251,.F.);
#10319=EDGE_LOOP('',(#10315,#10316,#10317,#10318));
#10320=FACE_OUTER_BOUND('',#10319,.F.);
#10322=CARTESIAN_POINT('',(0.E0,-3.946659083397E0,-6.510622700174E-1));
#10323=DIRECTION('',(0.E0,3.288666467371E-1,9.443763702380E-1));
#10324=DIRECTION('',(0.E0,9.443763702380E-1,-3.288666467371E-1));
#10325=AXIS2_PLACEMENT_3D('',#10322,#10323,#10324);
#10326=PLANE('',#10325);
#10327=ORIENTED_EDGE('',*,*,#5991,.T.);
#10328=ORIENTED_EDGE('',*,*,#6248,.F.);
#10330=ORIENTED_EDGE('',*,*,#10329,.F.);
#10331=ORIENTED_EDGE('',*,*,#6440,.F.);
#10332=EDGE_LOOP('',(#10327,#10328,#10330,#10331));
#10333=FACE_OUTER_BOUND('',#10332,.F.);
#10335=CARTESIAN_POINT('',(0.E0,-3.757783809349E0,-7.168355993650E-1));
#10336=DIRECTION('',(0.E0,6.534206039901E-1,-7.569950556518E-1));
#10337=DIRECTION('',(0.E0,-7.569950556518E-1,-6.534206039901E-1));
#10338=AXIS2_PLACEMENT_3D('',#10335,#10336,#10337);
#10339=PLANE('',#10338);
#10340=ORIENTED_EDGE('',*,*,#6011,.F.);
#10341=ORIENTED_EDGE('',*,*,#6442,.F.);
#10342=ORIENTED_EDGE('',*,*,#10329,.T.);
#10343=ORIENTED_EDGE('',*,*,#6246,.F.);
#10344=EDGE_LOOP('',(#10340,#10341,#10342,#10343));
#10345=FACE_OUTER_BOUND('',#10344,.F.);
#10347=CARTESIAN_POINT('',(0.E0,-3.833938758161E0,-1.140575994254E0));
#10348=DIRECTION('',(0.E0,2.079116908162E-1,9.781476007341E-1));
#10349=DIRECTION('',(0.E0,9.781476007341E-1,-2.079116908162E-1));
#10350=AXIS2_PLACEMENT_3D('',#10347,#10348,#10349);
#10351=PLANE('',#10350);
#10352=ORIENTED_EDGE('',*,*,#6007,.T.);
#10353=ORIENTED_EDGE('',*,*,#6243,.F.);
#10355=ORIENTED_EDGE('',*,*,#10354,.F.);
#10356=ORIENTED_EDGE('',*,*,#6445,.F.);
#10357=EDGE_LOOP('',(#10352,#10353,#10355,#10356));
#10358=FACE_OUTER_BOUND('',#10357,.F.);
#10360=CARTESIAN_POINT('',(0.E0,-3.638309238014E0,-1.182158332417E0));
#10361=DIRECTION('',(0.E0,7.431448254774E-1,-6.691306063589E-1));
#10362=DIRECTION('',(0.E0,-6.691306063589E-1,-7.431448254774E-1));
#10363=AXIS2_PLACEMENT_3D('',#10360,#10361,#10362);
#10364=PLANE('',#10363);
#10365=ORIENTED_EDGE('',*,*,#6027,.F.);
#10366=ORIENTED_EDGE('',*,*,#6447,.F.);
#10367=ORIENTED_EDGE('',*,*,#10354,.T.);
#10368=ORIENTED_EDGE('',*,*,#6241,.F.);
#10369=EDGE_LOOP('',(#10365,#10366,#10367,#10368));
#10370=FACE_OUTER_BOUND('',#10369,.F.);
#10372=CARTESIAN_POINT('',(0.E0,-3.660754928426E0,-1.612102153713E0));
#10373=DIRECTION('',(0.E0,8.367784333070E-2,9.964928592496E-1));
#10374=DIRECTION('',(0.E0,9.964928592496E-1,-8.367784333070E-2));
#10375=AXIS2_PLACEMENT_3D('',#10372,#10373,#10374);
#10376=PLANE('',#10375);
#10377=ORIENTED_EDGE('',*,*,#6023,.T.);
#10378=ORIENTED_EDGE('',*,*,#6238,.F.);
#10380=ORIENTED_EDGE('',*,*,#10379,.F.);
#10381=ORIENTED_EDGE('',*,*,#6450,.F.);
#10382=EDGE_LOOP('',(#10377,#10378,#10380,#10381));
#10383=FACE_OUTER_BOUND('',#10382,.F.);
#10385=CARTESIAN_POINT('',(0.E0,-3.461456356575E0,-1.628837722379E0));
#10386=DIRECTION('',(0.E0,8.211492091337E-1,-5.707135676844E-1));
#10387=DIRECTION('',(0.E0,-5.707135676844E-1,-8.211492091337E-1));
#10388=AXIS2_PLACEMENT_3D('',#10385,#10386,#10387);
#10389=PLANE('',#10388);
#10390=ORIENTED_EDGE('',*,*,#6043,.F.);
#10391=ORIENTED_EDGE('',*,*,#6452,.F.);
#10392=ORIENTED_EDGE('',*,*,#10379,.T.);
#10393=ORIENTED_EDGE('',*,*,#6236,.F.);
#10394=EDGE_LOOP('',(#10390,#10391,#10392,#10393));
#10395=FACE_OUTER_BOUND('',#10394,.F.);
#10397=CARTESIAN_POINT('',(0.E0,-3.429838806640E0,-2.058204499186E0));
#10398=DIRECTION('',(0.E0,-4.187565373082E-2,9.991228300988E-1));
#10399=DIRECTION('',(0.E0,9.991228300988E-1,4.187565373082E-2));
#10400=AXIS2_PLACEMENT_3D('',#10397,#10398,#10399);
#10401=PLANE('',#10400);
#10402=ORIENTED_EDGE('',*,*,#6039,.T.);
#10403=ORIENTED_EDGE('',*,*,#6233,.F.);
#10405=ORIENTED_EDGE('',*,*,#10404,.F.);
#10406=ORIENTED_EDGE('',*,*,#6455,.F.);
#10407=EDGE_LOOP('',(#10402,#10403,#10405,#10406));
#10408=FACE_OUTER_BOUND('',#10407,.F.);
#10410=CARTESIAN_POINT('',(0.E0,-3.230014240619E0,-2.049829368439E0));
#10411=DIRECTION('',(0.E0,8.862035792312E-1,-4.632960351199E-1));
#10412=DIRECTION('',(0.E0,-4.632960351199E-1,-8.862035792312E-1));
#10413=AXIS2_PLACEMENT_3D('',#10410,#10411,#10412);
#10414=PLANE('',#10413);
#10415=ORIENTED_EDGE('',*,*,#6059,.F.);
#10416=ORIENTED_EDGE('',*,*,#6457,.F.);
#10417=ORIENTED_EDGE('',*,*,#10404,.T.);
#10418=ORIENTED_EDGE('',*,*,#6231,.F.);
#10419=EDGE_LOOP('',(#10415,#10416,#10417,#10418));
#10420=FACE_OUTER_BOUND('',#10419,.F.);
#10422=CARTESIAN_POINT('',(0.E0,-3.144832077987E0,-2.471847730194E0));
#10423=DIRECTION('',(0.E0,-1.667687467177E-1,9.859960370702E-1));
#10424=DIRECTION('',(0.E0,9.859960370702E-1,1.667687467177E-1));
#10425=AXIS2_PLACEMENT_3D('',#10422,#10423,#10424);
#10426=PLANE('',#10425);
#10427=ORIENTED_EDGE('',*,*,#6055,.T.);
#10428=ORIENTED_EDGE('',*,*,#6228,.F.);
#10430=ORIENTED_EDGE('',*,*,#10429,.F.);
#10431=ORIENTED_EDGE('',*,*,#6460,.F.);
#10432=EDGE_LOOP('',(#10427,#10428,#10430,#10431));
#10433=FACE_OUTER_BOUND('',#10432,.F.);
#10435=CARTESIAN_POINT('',(0.E0,-2.947632870572E0,-2.438493980851E0));
#10436=DIRECTION('',(0.E0,9.372819894919E-1,-3.485720473218E-1));
#10437=DIRECTION('',(0.E0,-3.485720473218E-1,-9.372819894919E-1));
#10438=AXIS2_PLACEMENT_3D('',#10435,#10436,#10437);
#10439=PLANE('',#10438);
#10440=ORIENTED_EDGE('',*,*,#6075,.F.);
#10441=ORIENTED_EDGE('',*,*,#6462,.F.);
#10442=ORIENTED_EDGE('',*,*,#10429,.T.);
#10443=ORIENTED_EDGE('',*,*,#6226,.F.);
#10444=EDGE_LOOP('',(#10440,#10441,#10442,#10443));
#10445=FACE_OUTER_BOUND('',#10444,.F.);
#10447=CARTESIAN_POINT('',(0.E0,-2.810229468832E0,-2.846508445887E0));
#10448=DIRECTION('',(0.E0,-2.890317969460E-1,9.573194975316E-1));
#10449=DIRECTION('',(0.E0,9.573194975316E-1,2.890317969460E-1));
#10450=AXIS2_PLACEMENT_3D('',#10447,#10448,#10449);
#10451=PLANE('',#10450);
#10452=ORIENTED_EDGE('',*,*,#6071,.T.);
#10453=ORIENTED_EDGE('',*,*,#6223,.F.);
#10455=ORIENTED_EDGE('',*,*,#10454,.F.);
#10456=ORIENTED_EDGE('',*,*,#6465,.F.);
#10457=EDGE_LOOP('',(#10452,#10453,#10455,#10456));
#10458=FACE_OUTER_BOUND('',#10457,.F.);
#10460=CARTESIAN_POINT('',(0.E0,-2.618765569325E0,-2.788702086498E0));
#10461=DIRECTION('',(0.E0,9.735789028732E-1,-2.283508701107E-1));
#10462=DIRECTION('',(0.E0,-2.283508701107E-1,-9.735789028732E-1));
#10463=AXIS2_PLACEMENT_3D('',#10460,#10461,#10462);
#10464=PLANE('',#10463);
#10465=ORIENTED_EDGE('',*,*,#6091,.F.);
#10466=ORIENTED_EDGE('',*,*,#6467,.F.);
#10467=ORIENTED_EDGE('',*,*,#10454,.T.);
#10468=ORIENTED_EDGE('',*,*,#6221,.F.);
#10469=EDGE_LOOP('',(#10465,#10466,#10467,#10468));
#10470=FACE_OUTER_BOUND('',#10469,.F.);
#10472=CARTESIAN_POINT('',(0.E0,-2.431307862204E0,-3.176278022967E0));
#10473=DIRECTION('',(0.E0,-4.067366430773E-1,9.135454576419E-1));
#10474=DIRECTION('',(0.E0,9.135454576419E-1,4.067366430773E-1));
#10475=AXIS2_PLACEMENT_3D('',#10472,#10473,#10474);
#10476=PLANE('',#10475);
#10477=ORIENTED_EDGE('',*,*,#6087,.T.);
#10478=ORIENTED_EDGE('',*,*,#6218,.F.);
#10480=ORIENTED_EDGE('',*,*,#10479,.F.);
#10481=ORIENTED_EDGE('',*,*,#6470,.F.);
#10482=EDGE_LOOP('',(#10477,#10478,#10480,#10481));
#10483=FACE_OUTER_BOUND('',#10482,.F.);
#10485=CARTESIAN_POINT('',(0.E0,-2.248598770675E0,-3.094930694351E0));
#10486=DIRECTION('',(0.E0,9.945218953683E-1,-1.045284632677E-1));
#10487=DIRECTION('',(0.E0,-1.045284632677E-1,-9.945218953683E-1));
#10488=AXIS2_PLACEMENT_3D('',#10485,#10486,#10487);
#10489=PLANE('',#10488);
#10490=ORIENTED_EDGE('',*,*,#6107,.F.);
#10491=ORIENTED_EDGE('',*,*,#6472,.F.);
#10492=ORIENTED_EDGE('',*,*,#10479,.T.);
#10493=ORIENTED_EDGE('',*,*,#6216,.F.);
#10494=EDGE_LOOP('',(#10490,#10491,#10492,#10493));
#10495=FACE_OUTER_BOUND('',#10494,.F.);
#10497=CARTESIAN_POINT('',(0.E0,-2.014043078197E0,-3.455955798208E0));
#10498=DIRECTION('',(0.E0,-5.180270093745E-1,8.553642601597E-1));
#10499=DIRECTION('',(0.E0,8.553642601597E-1,5.180270093745E-1));
#10500=AXIS2_PLACEMENT_3D('',#10497,#10498,#10499);
#10501=PLANE('',#10500);
#10502=ORIENTED_EDGE('',*,*,#6103,.T.);
#10503=ORIENTED_EDGE('',*,*,#6213,.F.);
#10505=ORIENTED_EDGE('',*,*,#10504,.F.);
#10506=ORIENTED_EDGE('',*,*,#6475,.F.);
#10507=EDGE_LOOP('',(#10502,#10503,#10505,#10506));
#10508=FACE_OUTER_BOUND('',#10507,.F.);
#10510=CARTESIAN_POINT('',(0.E0,-1.842970226164E0,-3.352350396333E0));
#10511=DIRECTION('',(0.E0,9.997806834748E-1,2.094241988336E-2));
#10512=DIRECTION('',(0.E0,2.094241988336E-2,-9.997806834748E-1));
#10513=AXIS2_PLACEMENT_3D('',#10510,#10511,#10512);
#10514=PLANE('',#10513);
#10515=ORIENTED_EDGE('',*,*,#6123,.F.);
#10516=ORIENTED_EDGE('',*,*,#6477,.F.);
#10517=ORIENTED_EDGE('',*,*,#10504,.T.);
#10518=ORIENTED_EDGE('',*,*,#6211,.F.);
#10519=EDGE_LOOP('',(#10515,#10516,#10517,#10518));
#10520=FACE_OUTER_BOUND('',#10519,.F.);
#10522=CARTESIAN_POINT('',(0.E0,-1.565015631715E0,-3.681131086023E0));
#10523=DIRECTION('',(0.E0,-6.211477802796E-1,7.836934573248E-1));
#10524=DIRECTION('',(0.E0,7.836934573248E-1,6.211477802796E-1));
#10525=AXIS2_PLACEMENT_3D('',#10522,#10523,#10524);
#10526=PLANE('',#10525);
#10527=ORIENTED_EDGE('',*,*,#6119,.T.);
#10528=ORIENTED_EDGE('',*,*,#6208,.F.);
#10530=ORIENTED_EDGE('',*,*,#10529,.F.);
#10531=ORIENTED_EDGE('',*,*,#6480,.F.);
#10532=EDGE_LOOP('',(#10527,#10528,#10530,#10531));
#10533=FACE_OUTER_BOUND('',#10532,.F.);
#10535=CARTESIAN_POINT('',(0.E0,-1.408276940249E0,-3.556901529967E0));
#10536=DIRECTION('',(0.E0,9.892723329630E-1,1.460830285624E-1));
#10537=DIRECTION('',(0.E0,1.460830285624E-1,-9.892723329630E-1));
#10538=AXIS2_PLACEMENT_3D('',#10535,#10536,#10537);
#10539=PLANE('',#10538);
#10540=ORIENTED_EDGE('',*,*,#6139,.F.);
#10541=ORIENTED_EDGE('',*,*,#6482,.F.);
#10542=ORIENTED_EDGE('',*,*,#10529,.T.);
#10543=ORIENTED_EDGE('',*,*,#6206,.F.);
#10544=EDGE_LOOP('',(#10540,#10541,#10542,#10543));
#10545=FACE_OUTER_BOUND('',#10544,.F.);
#10547=CARTESIAN_POINT('',(0.E0,-1.091306953826E0,-3.848252737611E0));
#10548=DIRECTION('',(0.E0,-7.144726796339E-1,6.996633405122E-1));
#10549=DIRECTION('',(0.E0,6.996633405122E-1,7.144726796339E-1));
#10550=AXIS2_PLACEMENT_3D('',#10547,#10548,#10549);
#10551=PLANE('',#10550);
#10552=ORIENTED_EDGE('',*,*,#6135,.T.);
#10553=ORIENTED_EDGE('',*,*,#6203,.F.);
#10555=ORIENTED_EDGE('',*,*,#10554,.F.);
#10556=ORIENTED_EDGE('',*,*,#6485,.F.);
#10557=EDGE_LOOP('',(#10552,#10553,#10555,#10556));
#10558=FACE_OUTER_BOUND('',#10557,.F.);
#10560=CARTESIAN_POINT('',(0.E0,-9.513742857231E-1,-3.705358201684E0));
#10561=DIRECTION('',(0.E0,9.631625667977E-1,2.689198206153E-1));
#10562=DIRECTION('',(0.E0,2.689198206153E-1,-9.631625667977E-1));
#10563=AXIS2_PLACEMENT_3D('',#10560,#10561,#10562);
#10564=PLANE('',#10563);
#10565=ORIENTED_EDGE('',*,*,#6155,.F.);
#10566=ORIENTED_EDGE('',*,*,#6487,.F.);
#10567=ORIENTED_EDGE('',*,*,#10554,.T.);
#10568=ORIENTED_EDGE('',*,*,#6201,.F.);
#10569=EDGE_LOOP('',(#10565,#10566,#10567,#10568));
#10570=FACE_OUTER_BOUND('',#10569,.F.);
#10572=CLOSED_SHELL('',(#5144,#5159,#5172,#5187,#5200,#5216,#5381,#5396,#5412,
#5428,#5444,#5460,#5476,#5492,#5508,#5524,#5540,#5556,#5572,#5588,#5607,#5622,
#5637,#5652,#5667,#5682,#5697,#5712,#5727,#5742,#5757,#5772,#5787,#5802,#5817,
#5832,#5847,#5862,#5877,#5892,#5907,#5922,#5937,#5952,#5966,#5985,#6001,#6017,
#6033,#6049,#6065,#6081,#6097,#6113,#6129,#6145,#6161,#6177,#6192,#6328,#6342,
#6355,#6492,#6505,#6517,#6529,#6542,#6554,#6567,#6579,#6592,#6604,#6617,#6629,
#6642,#6654,#6667,#6679,#6692,#6704,#6717,#6729,#6742,#6754,#6767,#6779,#6792,
#6804,#6941,#6953,#6969,#6992,#7019,#7037,#7053,#7069,#7085,#7101,#7117,#7135,
#7153,#7169,#7457,#7470,#7483,#7498,#7514,#7528,#7542,#7556,#7570,#7587,#7872,
#8218,#8564,#8750,#8905,#8923,#8937,#9090,#9373,#9656,#9683,#9696,#9709,#9721,
#9734,#9746,#9759,#9771,#9784,#9796,#9809,#9821,#9834,#9846,#9859,#9871,#9884,
#9896,#9909,#9921,#9934,#9946,#9959,#9971,#9984,#9996,#10009,#10021,#10034,
#10046,#10059,#10071,#10084,#10096,#10109,#10121,#10134,#10146,#10159,#10171,
#10184,#10196,#10209,#10221,#10234,#10246,#10259,#10271,#10284,#10296,#10309,
#10321,#10334,#10346,#10359,#10371,#10384,#10396,#10409,#10421,#10434,#10446,
#10459,#10471,#10484,#10496,#10509,#10521,#10534,#10546,#10559,#10571));
#10573=MANIFOLD_SOLID_BREP('',#10572);
#10576=PLANE_ANGLE_MEASURE_WITH_UNIT(PLANE_ANGLE_MEASURE(1.745329251994E-2),
#10575);
#10577=(CONVERSION_BASED_UNIT('DEGREE',#10576)NAMED_UNIT(*)PLANE_ANGLE_UNIT());
#10579=UNCERTAINTY_MEASURE_WITH_UNIT(LENGTH_MEASURE(1.280573622493E-3),#10574,
'distance_accuracy_value',
'Maximum model space distance between geometric entities at asserted connectivities');
#10582=APPLICATION_CONTEXT('automotive_design');
#10583=APPLICATION_PROTOCOL_DEFINITION('international standard',
'automotive_design',2001,#10582);
#10584=PRODUCT_DEFINITION_CONTEXT('part definition',#10582,'design');
#10585=PRODUCT_CONTEXT('',#10582,'mechanical');
#10586=PRODUCT('001_ROUND_THUMB_NUTS_MM','001_ROUND_THUMB_NUTS_MM',
'NOT SPECIFIED',(#10585));
#10587=PRODUCT_DEFINITION_FORMATION('119','LAST_VERSION',#10586);
#10595=DERIVED_UNIT_ELEMENT(#10594,2.E0);
#10596=DERIVED_UNIT((#10595));
#10597=MEASURE_REPRESENTATION_ITEM('surface area measure',AREA_MEASURE(
2.987808666480E2),#10596);
#10602=DERIVED_UNIT_ELEMENT(#10601,3.E0);
#10603=DERIVED_UNIT((#10602));
#10604=MEASURE_REPRESENTATION_ITEM('volume measure',VOLUME_MEASURE(
1.783580962650E2),#10603);
#10608=CARTESIAN_POINT('centre point',(2.340091841327E0,5.792878608337E-4,
-8.547073595560E-5));
#10613=DERIVED_UNIT_ELEMENT(#10612,2.E0);
#10614=DERIVED_UNIT((#10613));
#10615=MEASURE_REPRESENTATION_ITEM('surface area measure',AREA_MEASURE(
2.987808666480E2),#10614);
#10620=DERIVED_UNIT_ELEMENT(#10619,3.E0);
#10621=DERIVED_UNIT((#10620));
#10622=MEASURE_REPRESENTATION_ITEM('volume measure',VOLUME_MEASURE(
1.783580962650E2),#10621);
#10626=CARTESIAN_POINT('centre point',(2.340091841327E0,5.792878608337E-4,
-8.547073595560E-5));
#10631=PRODUCT_RELATED_PRODUCT_CATEGORY('part','',(#10586));
#10633=GENERAL_PROPERTY('','THREAD_SIZE','user defined attribute');
#10634=GENERAL_PROPERTY_ASSOCIATION('user defined attribute','',#10633,#10632);
#10635=DESCRIPTIVE_REPRESENTATION_ITEM('THREAD_SIZE','M3X0.5');
#10639=GENERAL_PROPERTY('','A','user defined attribute');
#10640=GENERAL_PROPERTY_ASSOCIATION('user defined attribute','',#10639,#10638);
#10641=VALUE_REPRESENTATION_ITEM('A',NUMERIC_MEASURE(8.E0));
#10644=DESCRIPTIVE_REPRESENTATION_ITEM('attribute description','Real Number');
#10649=GENERAL_PROPERTY('','SUPPLIER','user defined attribute');
#10650=GENERAL_PROPERTY_ASSOCIATION('user defined attribute','',#10649,#10648);
#10651=DESCRIPTIVE_REPRESENTATION_ITEM('SUPPLIER','RAF');
#10655=GENERAL_PROPERTY('','ADDRESS','user defined attribute');
#10656=GENERAL_PROPERTY_ASSOCIATION('user defined attribute','',#10655,#10654);
#10657=DESCRIPTIVE_REPRESENTATION_ITEM('ADDRESS',
'95 Silvermine Rd, Seymour CT 06483');
#10661=GENERAL_PROPERTY('','PHONE','user defined attribute');
#10662=GENERAL_PROPERTY_ASSOCIATION('user defined attribute','',#10661,#10660);
#10663=DESCRIPTIVE_REPRESENTATION_ITEM('PHONE','203-888-2133');
#10667=GENERAL_PROPERTY('','EMAIL','user defined attribute');
#10668=GENERAL_PROPERTY_ASSOCIATION('user defined attribute','',#10667,#10666);
#10669=DESCRIPTIVE_REPRESENTATION_ITEM('EMAIL','info@rafhdwe.com');
#10673=GENERAL_PROPERTY('','RAF_MATERIAL','user defined attribute');
#10674=GENERAL_PROPERTY_ASSOCIATION('user defined attribute','',#10673,#10672);
#10675=DESCRIPTIVE_REPRESENTATION_ITEM('RAF_MATERIAL','Brass');
#10679=GENERAL_PROPERTY('','RAF_FINISH','user defined attribute');
#10680=GENERAL_PROPERTY_ASSOCIATION('user defined attribute','',#10679,#10678);
#10681=DESCRIPTIVE_REPRESENTATION_ITEM('RAF_FINISH','-12 Zinc Clear Chromate');
#1=COLOUR_RGB('',0.E0,0.E0,5.01961E-1);
#2=COLOUR_RGB('',0.E0,9.4118E-2,9.76471E-1);
#3=DRAUGHTING_PRE_DEFINED_COLOUR('green');
#4=COLOUR_RGB('',1.1E-2,1.2E-2,1.E0);
#5=COLOUR_RGB('',6.2745E-2,3.68627E-1,1.41176E-1);
#6=COLOUR_RGB('',1.80392E-1,2.07843E-1,1.80392E-1);
#7=COLOUR_RGB('',1.80392E-1,6.E-1,5.72549E-1);
#8=COLOUR_RGB('',2.31373E-1,6.94118E-1,2.62745E-1);
#9=COLOUR_RGB('',2.4E-1,2.4E-1,2.4E-1);
#10=COLOUR_RGB('',3.3E-1,5.6E-1,5.8E-1);
#11=COLOUR_RGB('',3.4902E-1,3.4902E-1,3.4902E-1);
#12=COLOUR_RGB('',3.52941E-1,3.4902E-1,3.41176E-1);
#13=COLOUR_RGB('',3.92157E-1,0.E0,3.92157E-1);
#14=COLOUR_RGB('',3.92E-1,1.2E-2,1.2E-2);
#15=COLOUR_RGB('',3.96078E-1,4.03922E-1,3.84314E-1);
#16=COLOUR_RGB('',4.1E-1,0.E0,2.2E-1);
#17=COLOUR_RGB('',4.23529E-1,4.23529E-1,4.23529E-1);
#18=COLOUR_RGB('',4.58824E-1,4.54902E-1,2.90196E-1);
#19=COLOUR_RGB('',4.62745E-1,4.5098E-1,4.31373E-1);
#20=COLOUR_RGB('',4.62745E-1,5.09804E-1,5.01961E-1);
#21=COLOUR_RGB('',4.86275E-1,2.78431E-1,0.E0);
#22=COLOUR_RGB('',5.E-1,7.05882E-1,7.05882E-1);
#23=COLOUR_RGB('',5.05882E-1,4.78431E-1,4.07843E-1);
#24=COLOUR_RGB('',5.05882E-1,4.90196E-1,3.68627E-1);
#25=COLOUR_RGB('',5.17647E-1,6.5098E-1,7.56863E-1);
#26=COLOUR_RGB('',5.2E-1,6.8E-1,6.5E-1);
#27=COLOUR_RGB('',5.23922E-1,6.23922E-1,6.33333E-1);
#28=COLOUR_RGB('',5.33333E-1,6.70588E-1,8.27451E-1);
#29=COLOUR_RGB('',5.56863E-1,5.05882E-1,3.72549E-1);
#30=COLOUR_RGB('',5.64706E-1,9.33333E-1,5.64706E-1);
#31=COLOUR_RGB('',5.76471E-1,4.43137E-1,2.5098E-1);
#32=COLOUR_RGB('',5.80392E-1,5.84314E-1,5.60784E-1);
#33=COLOUR_RGB('',5.84314E-1,5.56863E-1,4.86275E-1);
#34=COLOUR_RGB('',6.E-1,6.6E-1,6.66667E-1);
#35=COLOUR_RGB('',6.E-1,8.E-1,1.E0);
#36=COLOUR_RGB('',6.07843E-1,6.11765E-1,5.92157E-1);
#37=COLOUR_RGB('',6.11765E-1,5.37255E-1,5.01961E-1);
#38=COLOUR_RGB('',6.11765E-1,5.52941E-1,3.05882E-1);
#39=COLOUR_RGB('',6.27451E-1,6.31373E-1,6.11765E-1);
#40=COLOUR_RGB('',6.27451E-1,6.35294E-1,6.27451E-1);
#41=COLOUR_RGB('',6.27451E-1,7.09804E-1,6.27451E-1);
#42=COLOUR_RGB('',6.39216E-1,4.E-1,2.07843E-1);
#43=COLOUR_RGB('',6.39216E-1,6.5098E-1,6.98039E-1);
#44=COLOUR_RGB('',6.54902E-1,6.58824E-1,6.70588E-1);
#45=COLOUR_RGB('',6.66667E-1,4.66667E-1,3.37255E-1);
#46=COLOUR_RGB('',6.66667E-1,6.66667E-1,6.66667E-1);
#47=COLOUR_RGB('',6.66667E-1,6.98039E-1,7.2549E-1);
#48=COLOUR_RGB('',6.78431E-1,5.96078E-1,4.27451E-1);
#49=COLOUR_RGB('',6.78431E-1,6.07843E-1,3.84314E-1);
#50=COLOUR_RGB('',6.78431E-1,7.01961E-1,6.94118E-1);
#51=COLOUR_RGB('',6.86275E-1,7.21569E-1,7.2549E-1);
#52=COLOUR_RGB('',6.952E-1,7.426E-1,7.9E-1);
#53=COLOUR_RGB('',6.98039E-1,0.E0,9.29412E-1);
#54=COLOUR_RGB('',7.E-1,7.E-1,7.E-1);
#55=COLOUR_RGB('',7.01961E-1,6.94118E-1,6.90196E-1);
#56=COLOUR_RGB('',7.05882E-1,6.7451E-1,6.62745E-1);
#57=COLOUR_RGB('',7.05882E-1,6.86275E-1,6.70588E-1);
#58=COLOUR_RGB('',7.09804E-1,7.17647E-1,7.09804E-1);
#59=COLOUR_RGB('',7.17647E-1,6.23529E-1,4.94118E-1);
#60=COLOUR_RGB('',7.2E-1,8.2E-1,8.3E-1);
#61=COLOUR_RGB('',7.29412E-1,7.68627E-1,7.84314E-1);
#62=COLOUR_RGB('',7.33333E-1,6.5098E-1,5.37255E-1);
#63=COLOUR_RGB('',7.33333E-1,6.82353E-1,4.7451E-1);
#64=COLOUR_RGB('',7.45098E-1,6.35294E-1,5.96078E-1);
#65=COLOUR_RGB('',7.45098E-1,7.09804E-1,1.E-1);
#66=COLOUR_RGB('',7.49804E-1,7.49804E-1,7.49804E-1);
#67=COLOUR_RGB('',7.5E-1,7.8E-1,8.15686E-1);
#68=COLOUR_RGB('',7.68627E-1,7.72549E-1,7.88235E-1);
#69=COLOUR_RGB('',7.76471E-1,6.15686E-1,4.11765E-1);
#70=COLOUR_RGB('',7.76471E-1,7.76471E-1,7.76471E-1);
#71=COLOUR_RGB('',7.80392E-1,7.4902E-1,7.05882E-1);
#72=COLOUR_RGB('',7.84314E-1,7.84314E-1,7.84314E-1);
#73=COLOUR_RGB('',7.92157E-1,7.84314E-1,8.03922E-1);
#74=COLOUR_RGB('',7.92157E-1,8.43137E-1,8.78431E-1);
#75=COLOUR_RGB('',8.E-1,5.84314E-1,3.76471E-1);
#76=COLOUR_RGB('',8.E-1,7.52941E-1,6.23529E-1);
#77=COLOUR_RGB('',8.E-1,7.88235E-1,8.47059E-1);
#78=COLOUR_RGB('',8.15686E-1,6.98039E-1,3.37255E-1);
#79=COLOUR_RGB('',8.2E-1,5.8E-1,4.66667E-1);
#80=COLOUR_RGB('',8.27451E-1,0.E0,0.E0);
#81=COLOUR_RGB('',8.27451E-1,8.31373E-1,8.35294E-1);
#82=COLOUR_RGB('',8.5098E-1,7.09804E-1,6.66667E-1);
#83=COLOUR_RGB('',8.54902E-1,7.21569E-1,4.70588E-1);
#84=COLOUR_RGB('',8.54902E-1,7.84314E-1,6.03922E-1);
#85=COLOUR_RGB('',8.54902E-1,8.54902E-1,8.54902E-1);
#86=COLOUR_RGB('',8.70588E-1,7.01961E-1,5.80392E-1);
#87=COLOUR_RGB('',8.8E-1,5.E-1,2.E-1);
#88=COLOUR_RGB('',8.78431E-1,7.33333E-1,3.29412E-1);
#89=COLOUR_RGB('',8.8E-1,8.3E-1,5.09804E-1);
#90=COLOUR_RGB('',8.8E-1,9.1E-1,9.1E-1);
#91=COLOUR_RGB('',8.784E-1,9.49E-1,1.E0);
#92=COLOUR_RGB('',9.1E-1,8.62745E-1,8.3E-1);
#93=COLOUR_RGB('',9.09804E-1,8.94118E-1,8.5098E-1);
#94=COLOUR_RGB('',9.2E-1,5.3E-1,2.5E-1);
#95=COLOUR_RGB('',9.2549E-1,6.35294E-1,2.86275E-1);
#96=COLOUR_RGB('',9.3E-1,9.2E-1,9.3E-1);
#97=COLOUR_RGB('',9.45098E-1,6.58824E-1,4.39216E-1);
#98=COLOUR_RGB('',9.6E-1,9.6E-1,9.6E-1);
#99=COLOUR_RGB('',9.68627E-1,9.68627E-1,5.37255E-1);
#100=COLOUR_RGB('',9.8E-1,6.27E-1,0.E0);
#101=COLOUR_RGB('',9.8E-1,7.3E-1,7.7E-1);
#102=COLOUR_RGB('',9.80392E-1,8.07843E-1,8.7451E-1);
#103=COLOUR_RGB('',9.88235E-1,4.E-1,0.E0);
#104=DRAUGHTING_PRE_DEFINED_COLOUR('red');
#105=COLOUR_RGB('',1.E0,7.5E-1,7.E-2);
#106=COLOUR_RGB('',1.E0,7.52941E-1,7.96078E-1);
#107=COLOUR_RGB('',1.E0,7.96078E-1,2.11765E-1);
#108=COLOUR_RGB('',1.E0,8.E-1,8.3E-1);
#109=COLOUR_RGB('',1.E0,8.15686E-1,2.94118E-1);
#110=COLOUR_RGB('',1.E0,8.43137E-1,0.E0);
#111=COLOUR_RGB('',1.E0,9.4902E-1,0.E0);
#112=DRAUGHTING_PRE_DEFINED_COLOUR('yellow');
#113=COLOUR_RGB('',1.E0,1.E0,9.49E-1);
#114=DRAUGHTING_PRE_DEFINED_COLOUR('white');
#119=CIRCLE('',#118,2.5E0);
#124=CIRCLE('',#123,2.5E0);
#137=CIRCLE('',#136,3.E0);
#142=CIRCLE('',#141,3.E0);
#147=CIRCLE('',#146,3.E0);
#152=CIRCLE('',#151,2.286E0);
#157=CIRCLE('',#156,2.286E0);
#162=CIRCLE('',#161,3.E0);
#167=CIRCLE('',#166,3.238E0);
#172=CIRCLE('',#171,3.238E0);
#177=CIRCLE('',#176,3.5936E0);
#182=CIRCLE('',#181,3.5936E0);
#188=B_SPLINE_CURVE_WITH_KNOTS('',3,(#183,#184,#185,#186,#187),.UNSPECIFIED.,
.F.,.F.,(4,1,4),(0.E0,5.E-1,1.E0),.UNSPECIFIED.);
#194=B_SPLINE_CURVE_WITH_KNOTS('',3,(#189,#190,#191,#192,#193),.UNSPECIFIED.,
.F.,.F.,(4,1,4),(0.E0,5.E-1,1.E0),.UNSPECIFIED.);
#200=B_SPLINE_CURVE_WITH_KNOTS('',3,(#195,#196,#197,#198,#199),.UNSPECIFIED.,
.F.,.F.,(4,1,4),(0.E0,5.E-1,1.E0),.UNSPECIFIED.);
#206=B_SPLINE_CURVE_WITH_KNOTS('',3,(#201,#202,#203,#204,#205),.UNSPECIFIED.,
.F.,.F.,(4,1,4),(0.E0,5.E-1,1.E0),.UNSPECIFIED.);
#212=B_SPLINE_CURVE_WITH_KNOTS('',3,(#207,#208,#209,#210,#211),.UNSPECIFIED.,
.F.,.F.,(4,1,4),(0.E0,5.E-1,1.E0),.UNSPECIFIED.);
#218=B_SPLINE_CURVE_WITH_KNOTS('',3,(#213,#214,#215,#216,#217),.UNSPECIFIED.,
.F.,.F.,(4,1,4),(0.E0,5.E-1,1.E0),.UNSPECIFIED.);
#224=B_SPLINE_CURVE_WITH_KNOTS('',3,(#219,#220,#221,#222,#223),.UNSPECIFIED.,
.F.,.F.,(4,1,4),(0.E0,5.E-1,1.E0),.UNSPECIFIED.);
#230=B_SPLINE_CURVE_WITH_KNOTS('',3,(#225,#226,#227,#228,#229),.UNSPECIFIED.,
.F.,.F.,(4,1,4),(0.E0,5.E-1,1.E0),.UNSPECIFIED.);
#236=B_SPLINE_CURVE_WITH_KNOTS('',3,(#231,#232,#233,#234,#235),.UNSPECIFIED.,
.F.,.F.,(4,1,4),(0.E0,5.E-1,1.E0),.UNSPECIFIED.);
#242=B_SPLINE_CURVE_WITH_KNOTS('',3,(#237,#238,#239,#240,#241),.UNSPECIFIED.,
.F.,.F.,(4,1,4),(0.E0,5.E-1,1.E0),.UNSPECIFIED.);
#248=B_SPLINE_CURVE_WITH_KNOTS('',3,(#243,#244,#245,#246,#247),.UNSPECIFIED.,
.F.,.F.,(4,1,4),(0.E0,5.E-1,1.E0),.UNSPECIFIED.);
#254=B_SPLINE_CURVE_WITH_KNOTS('',3,(#249,#250,#251,#252,#253),.UNSPECIFIED.,
.F.,.F.,(4,1,4),(0.E0,5.E-1,1.E0),.UNSPECIFIED.);
#260=B_SPLINE_CURVE_WITH_KNOTS('',3,(#255,#256,#257,#258,#259),.UNSPECIFIED.,
.F.,.F.,(4,1,4),(0.E0,5.E-1,1.E0),.UNSPECIFIED.);
#266=B_SPLINE_CURVE_WITH_KNOTS('',3,(#261,#262,#263,#264,#265),.UNSPECIFIED.,
.F.,.F.,(4,1,4),(0.E0,5.E-1,1.E0),.UNSPECIFIED.);
#272=B_SPLINE_CURVE_WITH_KNOTS('',3,(#267,#268,#269,#270,#271),.UNSPECIFIED.,
.F.,.F.,(4,1,4),(0.E0,5.E-1,1.E0),.UNSPECIFIED.);
#278=B_SPLINE_CURVE_WITH_KNOTS('',3,(#273,#274,#275,#276,#277),.UNSPECIFIED.,
.F.,.F.,(4,1,4),(0.E0,5.E-1,1.E0),.UNSPECIFIED.);
#284=B_SPLINE_CURVE_WITH_KNOTS('',3,(#279,#280,#281,#282,#283),.UNSPECIFIED.,
.F.,.F.,(4,1,4),(0.E0,5.E-1,1.E0),.UNSPECIFIED.);
#290=B_SPLINE_CURVE_WITH_KNOTS('',3,(#285,#286,#287,#288,#289),.UNSPECIFIED.,
.F.,.F.,(4,1,4),(0.E0,5.E-1,1.E0),.UNSPECIFIED.);
#296=B_SPLINE_CURVE_WITH_KNOTS('',3,(#291,#292,#293,#294,#295),.UNSPECIFIED.,
.F.,.F.,(4,1,4),(0.E0,5.E-1,1.E0),.UNSPECIFIED.);
#302=B_SPLINE_CURVE_WITH_KNOTS('',3,(#297,#298,#299,#300,#301),.UNSPECIFIED.,
.F.,.F.,(4,1,4),(0.E0,5.E-1,1.E0),.UNSPECIFIED.);
#308=B_SPLINE_CURVE_WITH_KNOTS('',3,(#303,#304,#305,#306,#307),.UNSPECIFIED.,
.F.,.F.,(4,1,4),(0.E0,5.E-1,1.E0),.UNSPECIFIED.);
#314=B_SPLINE_CURVE_WITH_KNOTS('',3,(#309,#310,#311,#312,#313),.UNSPECIFIED.,
.F.,.F.,(4,1,4),(0.E0,5.E-1,1.E0),.UNSPECIFIED.);
#320=B_SPLINE_CURVE_WITH_KNOTS('',3,(#315,#316,#317,#318,#319),.UNSPECIFIED.,
.F.,.F.,(4,1,4),(0.E0,5.E-1,1.E0),.UNSPECIFIED.);
#326=B_SPLINE_CURVE_WITH_KNOTS('',3,(#321,#322,#323,#324,#325),.UNSPECIFIED.,
.F.,.F.,(4,1,4),(0.E0,5.E-1,1.E0),.UNSPECIFIED.);
#332=B_SPLINE_CURVE_WITH_KNOTS('',3,(#327,#328,#329,#330,#331),.UNSPECIFIED.,
.F.,.F.,(4,1,4),(0.E0,5.E-1,1.E0),.UNSPECIFIED.);
#338=B_SPLINE_CURVE_WITH_KNOTS('',3,(#333,#334,#335,#336,#337),.UNSPECIFIED.,
.F.,.F.,(4,1,4),(0.E0,5.E-1,1.E0),.UNSPECIFIED.);
#344=B_SPLINE_CURVE_WITH_KNOTS('',3,(#339,#340,#341,#342,#343),.UNSPECIFIED.,
.F.,.F.,(4,1,4),(0.E0,5.E-1,1.E0),.UNSPECIFIED.);
#350=B_SPLINE_CURVE_WITH_KNOTS('',3,(#345,#346,#347,#348,#349),.UNSPECIFIED.,
.F.,.F.,(4,1,4),(0.E0,5.E-1,1.E0),.UNSPECIFIED.);
#356=B_SPLINE_CURVE_WITH_KNOTS('',3,(#351,#352,#353,#354,#355),.UNSPECIFIED.,
.F.,.F.,(4,1,4),(0.E0,5.E-1,1.E0),.UNSPECIFIED.);
#362=B_SPLINE_CURVE_WITH_KNOTS('',3,(#357,#358,#359,#360,#361),.UNSPECIFIED.,
.F.,.F.,(4,1,4),(0.E0,5.E-1,1.E0),.UNSPECIFIED.);
#368=B_SPLINE_CURVE_WITH_KNOTS('',3,(#363,#364,#365,#366,#367),.UNSPECIFIED.,
.F.,.F.,(4,1,4),(0.E0,5.E-1,1.E0),.UNSPECIFIED.);
#374=B_SPLINE_CURVE_WITH_KNOTS('',3,(#369,#370,#371,#372,#373),.UNSPECIFIED.,
.F.,.F.,(4,1,4),(0.E0,5.E-1,1.E0),.UNSPECIFIED.);
#380=B_SPLINE_CURVE_WITH_KNOTS('',3,(#375,#376,#377,#378,#379),.UNSPECIFIED.,
.F.,.F.,(4,1,4),(0.E0,5.E-1,1.E0),.UNSPECIFIED.);
#386=B_SPLINE_CURVE_WITH_KNOTS('',3,(#381,#382,#383,#384,#385),.UNSPECIFIED.,
.F.,.F.,(4,1,4),(0.E0,5.E-1,1.E0),.UNSPECIFIED.);
#392=B_SPLINE_CURVE_WITH_KNOTS('',3,(#387,#388,#389,#390,#391),.UNSPECIFIED.,
.F.,.F.,(4,1,4),(0.E0,5.E-1,1.E0),.UNSPECIFIED.);
#398=B_SPLINE_CURVE_WITH_KNOTS('',3,(#393,#394,#395,#396,#397),.UNSPECIFIED.,
.F.,.F.,(4,1,4),(0.E0,5.E-1,1.E0),.UNSPECIFIED.);
#404=B_SPLINE_CURVE_WITH_KNOTS('',3,(#399,#400,#401,#402,#403),.UNSPECIFIED.,
.F.,.F.,(4,1,4),(0.E0,5.E-1,1.E0),.UNSPECIFIED.);
#410=B_SPLINE_CURVE_WITH_KNOTS('',3,(#405,#406,#407,#408,#409),.UNSPECIFIED.,
.F.,.F.,(4,1,4),(0.E0,5.E-1,1.E0),.UNSPECIFIED.);
#416=B_SPLINE_CURVE_WITH_KNOTS('',3,(#411,#412,#413,#414,#415),.UNSPECIFIED.,
.F.,.F.,(4,1,4),(0.E0,5.E-1,1.E0),.UNSPECIFIED.);
#422=B_SPLINE_CURVE_WITH_KNOTS('',3,(#417,#418,#419,#420,#421),.UNSPECIFIED.,
.F.,.F.,(4,1,4),(0.E0,5.E-1,1.E0),.UNSPECIFIED.);
#428=B_SPLINE_CURVE_WITH_KNOTS('',3,(#423,#424,#425,#426,#427),.UNSPECIFIED.,
.F.,.F.,(4,1,4),(0.E0,5.E-1,1.E0),.UNSPECIFIED.);
#434=B_SPLINE_CURVE_WITH_KNOTS('',3,(#429,#430,#431,#432,#433),.UNSPECIFIED.,
.F.,.F.,(4,1,4),(0.E0,5.E-1,1.E0),.UNSPECIFIED.);
#440=B_SPLINE_CURVE_WITH_KNOTS('',3,(#435,#436,#437,#438,#439),.UNSPECIFIED.,
.F.,.F.,(4,1,4),(0.E0,5.E-1,1.E0),.UNSPECIFIED.);
#446=B_SPLINE_CURVE_WITH_KNOTS('',3,(#441,#442,#443,#444,#445),.UNSPECIFIED.,
.F.,.F.,(4,1,4),(0.E0,5.E-1,1.E0),.UNSPECIFIED.);
#452=B_SPLINE_CURVE_WITH_KNOTS('',3,(#447,#448,#449,#450,#451),.UNSPECIFIED.,
.F.,.F.,(4,1,4),(0.E0,5.E-1,1.E0),.UNSPECIFIED.);
#458=B_SPLINE_CURVE_WITH_KNOTS('',3,(#453,#454,#455,#456,#457),.UNSPECIFIED.,
.F.,.F.,(4,1,4),(0.E0,5.E-1,1.E0),.UNSPECIFIED.);
#464=B_SPLINE_CURVE_WITH_KNOTS('',3,(#459,#460,#461,#462,#463),.UNSPECIFIED.,
.F.,.F.,(4,1,4),(0.E0,5.E-1,1.E0),.UNSPECIFIED.);
#470=B_SPLINE_CURVE_WITH_KNOTS('',3,(#465,#466,#467,#468,#469),.UNSPECIFIED.,
.F.,.F.,(4,1,4),(0.E0,5.E-1,1.E0),.UNSPECIFIED.);
#476=B_SPLINE_CURVE_WITH_KNOTS('',3,(#471,#472,#473,#474,#475),.UNSPECIFIED.,
.F.,.F.,(4,1,4),(0.E0,5.E-1,1.E0),.UNSPECIFIED.);
#486=B_SPLINE_CURVE_WITH_KNOTS('',3,(#481,#482,#483,#484,#485),.UNSPECIFIED.,
.F.,.F.,(4,1,4),(0.E0,5.E-1,1.E0),.UNSPECIFIED.);
#495=CIRCLE('',#494,4.E0);
#504=CIRCLE('',#503,4.E0);
#513=CIRCLE('',#512,4.E0);
#522=CIRCLE('',#521,4.E0);
#531=CIRCLE('',#530,4.E0);
#540=CIRCLE('',#539,4.E0);
#549=CIRCLE('',#548,4.E0);
#558=CIRCLE('',#557,4.E0);
#567=CIRCLE('',#566,4.E0);
#576=CIRCLE('',#575,4.E0);
#585=CIRCLE('',#584,4.E0);
#594=CIRCLE('',#593,4.E0);
#603=CIRCLE('',#602,4.E0);
#612=CIRCLE('',#611,4.E0);
#621=CIRCLE('',#620,4.E0);
#630=CIRCLE('',#629,4.E0);
#639=CIRCLE('',#638,4.E0);
#648=CIRCLE('',#647,4.E0);
#657=CIRCLE('',#656,4.E0);
#666=CIRCLE('',#665,4.E0);
#675=CIRCLE('',#674,4.E0);
#684=CIRCLE('',#683,4.E0);
#693=CIRCLE('',#692,4.E0);
#702=CIRCLE('',#701,4.E0);
#711=CIRCLE('',#710,4.E0);
#716=CIRCLE('',#715,4.E0);
#725=CIRCLE('',#724,4.E0);
#730=CIRCLE('',#729,4.E0);
#739=CIRCLE('',#738,4.E0);
#748=CIRCLE('',#747,4.E0);
#757=CIRCLE('',#756,4.E0);
#766=CIRCLE('',#765,4.E0);
#775=CIRCLE('',#774,4.E0);
#784=CIRCLE('',#783,4.E0);
#793=CIRCLE('',#792,4.E0);
#802=CIRCLE('',#801,4.E0);
#811=CIRCLE('',#810,4.E0);
#820=CIRCLE('',#819,4.E0);
#829=CIRCLE('',#828,4.E0);
#838=CIRCLE('',#837,4.E0);
#847=CIRCLE('',#846,4.E0);
#856=CIRCLE('',#855,4.E0);
#865=CIRCLE('',#864,4.E0);
#874=CIRCLE('',#873,4.E0);
#883=CIRCLE('',#882,4.E0);
#892=CIRCLE('',#891,4.E0);
#901=CIRCLE('',#900,4.E0);
#910=CIRCLE('',#909,4.E0);
#919=CIRCLE('',#918,4.E0);
#928=CIRCLE('',#927,4.E0);
#937=CIRCLE('',#936,4.E0);
#946=CIRCLE('',#945,4.E0);
#955=CIRCLE('',#954,4.E0);
#964=CIRCLE('',#963,4.E0);
#973=CIRCLE('',#972,4.E0);
#982=CIRCLE('',#981,4.E0);
#991=CIRCLE('',#990,4.E0);
#1000=CIRCLE('',#999,4.E0);
#1009=CIRCLE('',#1008,4.E0);
#1018=CIRCLE('',#1017,4.E0);
#1027=CIRCLE('',#1026,4.E0);
#1036=CIRCLE('',#1035,4.E0);
#1045=CIRCLE('',#1044,4.E0);
#1054=CIRCLE('',#1053,4.E0);
#1063=CIRCLE('',#1062,4.E0);
#1072=CIRCLE('',#1071,4.E0);
#1081=CIRCLE('',#1080,4.E0);
#1090=CIRCLE('',#1089,4.E0);
#1099=CIRCLE('',#1098,4.E0);
#1108=CIRCLE('',#1107,4.E0);
#1117=CIRCLE('',#1116,4.E0);
#1126=CIRCLE('',#1125,4.E0);
#1135=CIRCLE('',#1134,4.E0);
#1144=CIRCLE('',#1143,4.E0);
#1153=CIRCLE('',#1152,4.E0);
#1162=CIRCLE('',#1161,4.E0);
#1171=CIRCLE('',#1170,4.E0);
#1176=CIRCLE('',#1175,4.E0);
#1185=CIRCLE('',#1184,4.E0);
#1190=CIRCLE('',#1189,4.E0);
#1199=CIRCLE('',#1198,4.E0);
#1208=CIRCLE('',#1207,4.E0);
#1217=CIRCLE('',#1216,4.E0);
#1226=CIRCLE('',#1225,4.E0);
#1235=CIRCLE('',#1234,4.E0);
#1244=CIRCLE('',#1243,4.E0);
#1253=CIRCLE('',#1252,4.E0);
#1262=CIRCLE('',#1261,4.E0);
#1271=CIRCLE('',#1270,4.E0);
#1280=CIRCLE('',#1279,4.E0);
#1289=CIRCLE('',#1288,4.E0);
#1298=CIRCLE('',#1297,4.E0);
#1307=CIRCLE('',#1306,4.E0);
#1316=CIRCLE('',#1315,4.E0);
#1325=CIRCLE('',#1324,4.E0);
#1334=CIRCLE('',#1333,4.E0);
#1343=CIRCLE('',#1342,4.E0);
#1352=CIRCLE('',#1351,4.E0);
#1361=CIRCLE('',#1360,4.E0);
#1370=CIRCLE('',#1369,4.E0);
#1379=CIRCLE('',#1378,4.E0);
#1388=CIRCLE('',#1387,4.E0);
#1397=CIRCLE('',#1396,4.E0);
#1406=CIRCLE('',#1405,4.E0);
#1412=B_SPLINE_CURVE_WITH_KNOTS('',3,(#1407,#1408,#1409,#1410,#1411),
.UNSPECIFIED.,.F.,.F.,(4,1,4),(0.E0,5.E-1,1.E0),.UNSPECIFIED.);
#1418=B_SPLINE_CURVE_WITH_KNOTS('',3,(#1413,#1414,#1415,#1416,#1417),
.UNSPECIFIED.,.F.,.F.,(4,1,4),(0.E0,5.E-1,1.E0),.UNSPECIFIED.);
#1424=B_SPLINE_CURVE_WITH_KNOTS('',3,(#1419,#1420,#1421,#1422,#1423),
.UNSPECIFIED.,.F.,.F.,(4,1,4),(0.E0,5.E-1,1.E0),.UNSPECIFIED.);
#1430=B_SPLINE_CURVE_WITH_KNOTS('',3,(#1425,#1426,#1427,#1428,#1429),
.UNSPECIFIED.,.F.,.F.,(4,1,4),(0.E0,5.E-1,1.E0),.UNSPECIFIED.);
#1436=B_SPLINE_CURVE_WITH_KNOTS('',3,(#1431,#1432,#1433,#1434,#1435),
.UNSPECIFIED.,.F.,.F.,(4,1,4),(0.E0,5.E-1,1.E0),.UNSPECIFIED.);
#1442=B_SPLINE_CURVE_WITH_KNOTS('',3,(#1437,#1438,#1439,#1440,#1441),
.UNSPECIFIED.,.F.,.F.,(4,1,4),(0.E0,5.E-1,1.E0),.UNSPECIFIED.);
#1448=B_SPLINE_CURVE_WITH_KNOTS('',3,(#1443,#1444,#1445,#1446,#1447),
.UNSPECIFIED.,.F.,.F.,(4,1,4),(0.E0,5.E-1,1.E0),.UNSPECIFIED.);
#1454=B_SPLINE_CURVE_WITH_KNOTS('',3,(#1449,#1450,#1451,#1452,#1453),
.UNSPECIFIED.,.F.,.F.,(4,1,4),(0.E0,5.E-1,1.E0),.UNSPECIFIED.);
#1460=B_SPLINE_CURVE_WITH_KNOTS('',3,(#1455,#1456,#1457,#1458,#1459),
.UNSPECIFIED.,.F.,.F.,(4,1,4),(0.E0,5.E-1,1.E0),.UNSPECIFIED.);
#1466=B_SPLINE_CURVE_WITH_KNOTS('',3,(#1461,#1462,#1463,#1464,#1465),
.UNSPECIFIED.,.F.,.F.,(4,1,4),(0.E0,5.E-1,1.E0),.UNSPECIFIED.);
#1472=B_SPLINE_CURVE_WITH_KNOTS('',3,(#1467,#1468,#1469,#1470,#1471),
.UNSPECIFIED.,.F.,.F.,(4,1,4),(0.E0,5.E-1,1.E0),.UNSPECIFIED.);
#1478=B_SPLINE_CURVE_WITH_KNOTS('',3,(#1473,#1474,#1475,#1476,#1477),
.UNSPECIFIED.,.F.,.F.,(4,1,4),(0.E0,5.E-1,1.E0),.UNSPECIFIED.);
#1484=B_SPLINE_CURVE_WITH_KNOTS('',3,(#1479,#1480,#1481,#1482,#1483),
.UNSPECIFIED.,.F.,.F.,(4,1,4),(0.E0,5.E-1,1.E0),.UNSPECIFIED.);
#1490=B_SPLINE_CURVE_WITH_KNOTS('',3,(#1485,#1486,#1487,#1488,#1489),
.UNSPECIFIED.,.F.,.F.,(4,1,4),(0.E0,5.E-1,1.E0),.UNSPECIFIED.);
#1496=B_SPLINE_CURVE_WITH_KNOTS('',3,(#1491,#1492,#1493,#1494,#1495),
.UNSPECIFIED.,.F.,.F.,(4,1,4),(0.E0,5.E-1,1.E0),.UNSPECIFIED.);
#1502=B_SPLINE_CURVE_WITH_KNOTS('',3,(#1497,#1498,#1499,#1500,#1501),
.UNSPECIFIED.,.F.,.F.,(4,1,4),(0.E0,5.E-1,1.E0),.UNSPECIFIED.);
#1508=B_SPLINE_CURVE_WITH_KNOTS('',3,(#1503,#1504,#1505,#1506,#1507),
.UNSPECIFIED.,.F.,.F.,(4,1,4),(0.E0,5.E-1,1.E0),.UNSPECIFIED.);
#1514=B_SPLINE_CURVE_WITH_KNOTS('',3,(#1509,#1510,#1511,#1512,#1513),
.UNSPECIFIED.,.F.,.F.,(4,1,4),(0.E0,5.E-1,1.E0),.UNSPECIFIED.);
#1520=B_SPLINE_CURVE_WITH_KNOTS('',3,(#1515,#1516,#1517,#1518,#1519),
.UNSPECIFIED.,.F.,.F.,(4,1,4),(0.E0,5.E-1,1.E0),.UNSPECIFIED.);
#1526=B_SPLINE_CURVE_WITH_KNOTS('',3,(#1521,#1522,#1523,#1524,#1525),
.UNSPECIFIED.,.F.,.F.,(4,1,4),(0.E0,5.E-1,1.E0),.UNSPECIFIED.);
#1532=B_SPLINE_CURVE_WITH_KNOTS('',3,(#1527,#1528,#1529,#1530,#1531),
.UNSPECIFIED.,.F.,.F.,(4,1,4),(0.E0,5.E-1,1.E0),.UNSPECIFIED.);
#1538=B_SPLINE_CURVE_WITH_KNOTS('',3,(#1533,#1534,#1535,#1536,#1537),
.UNSPECIFIED.,.F.,.F.,(4,1,4),(0.E0,5.E-1,1.E0),.UNSPECIFIED.);
#1544=B_SPLINE_CURVE_WITH_KNOTS('',3,(#1539,#1540,#1541,#1542,#1543),
.UNSPECIFIED.,.F.,.F.,(4,1,4),(0.E0,5.E-1,1.E0),.UNSPECIFIED.);
#1554=B_SPLINE_CURVE_WITH_KNOTS('',3,(#1549,#1550,#1551,#1552,#1553),
.UNSPECIFIED.,.F.,.F.,(4,1,4),(0.E0,5.E-1,1.E0),.UNSPECIFIED.);
#1560=B_SPLINE_CURVE_WITH_KNOTS('',3,(#1555,#1556,#1557,#1558,#1559),
.UNSPECIFIED.,.F.,.F.,(4,1,4),(0.E0,5.E-1,1.E0),.UNSPECIFIED.);
#1566=B_SPLINE_CURVE_WITH_KNOTS('',3,(#1561,#1562,#1563,#1564,#1565),
.UNSPECIFIED.,.F.,.F.,(4,1,4),(0.E0,5.E-1,1.E0),.UNSPECIFIED.);
#1572=B_SPLINE_CURVE_WITH_KNOTS('',3,(#1567,#1568,#1569,#1570,#1571),
.UNSPECIFIED.,.F.,.F.,(4,1,4),(0.E0,5.E-1,1.E0),.UNSPECIFIED.);
#1578=B_SPLINE_CURVE_WITH_KNOTS('',3,(#1573,#1574,#1575,#1576,#1577),
.UNSPECIFIED.,.F.,.F.,(4,1,4),(0.E0,5.E-1,1.E0),.UNSPECIFIED.);
#1584=B_SPLINE_CURVE_WITH_KNOTS('',3,(#1579,#1580,#1581,#1582,#1583),
.UNSPECIFIED.,.F.,.F.,(4,1,4),(0.E0,5.E-1,1.E0),.UNSPECIFIED.);
#1590=B_SPLINE_CURVE_WITH_KNOTS('',3,(#1585,#1586,#1587,#1588,#1589),
.UNSPECIFIED.,.F.,.F.,(4,1,4),(0.E0,5.E-1,1.E0),.UNSPECIFIED.);
#1596=B_SPLINE_CURVE_WITH_KNOTS('',3,(#1591,#1592,#1593,#1594,#1595),
.UNSPECIFIED.,.F.,.F.,(4,1,4),(0.E0,5.E-1,1.E0),.UNSPECIFIED.);
#1602=B_SPLINE_CURVE_WITH_KNOTS('',3,(#1597,#1598,#1599,#1600,#1601),
.UNSPECIFIED.,.F.,.F.,(4,1,4),(0.E0,5.E-1,1.E0),.UNSPECIFIED.);
#1608=B_SPLINE_CURVE_WITH_KNOTS('',3,(#1603,#1604,#1605,#1606,#1607),
.UNSPECIFIED.,.F.,.F.,(4,1,4),(0.E0,5.E-1,1.E0),.UNSPECIFIED.);
#1614=B_SPLINE_CURVE_WITH_KNOTS('',3,(#1609,#1610,#1611,#1612,#1613),
.UNSPECIFIED.,.F.,.F.,(4,1,4),(0.E0,5.E-1,1.E0),.UNSPECIFIED.);
#1620=B_SPLINE_CURVE_WITH_KNOTS('',3,(#1615,#1616,#1617,#1618,#1619),
.UNSPECIFIED.,.F.,.F.,(4,1,4),(0.E0,5.E-1,1.E0),.UNSPECIFIED.);
#1626=B_SPLINE_CURVE_WITH_KNOTS('',3,(#1621,#1622,#1623,#1624,#1625),
.UNSPECIFIED.,.F.,.F.,(4,1,4),(0.E0,5.E-1,1.E0),.UNSPECIFIED.);
#1632=B_SPLINE_CURVE_WITH_KNOTS('',3,(#1627,#1628,#1629,#1630,#1631),
.UNSPECIFIED.,.F.,.F.,(4,1,4),(0.E0,5.E-1,1.E0),.UNSPECIFIED.);
#1638=B_SPLINE_CURVE_WITH_KNOTS('',3,(#1633,#1634,#1635,#1636,#1637),
.UNSPECIFIED.,.F.,.F.,(4,1,4),(0.E0,5.E-1,1.E0),.UNSPECIFIED.);
#1644=B_SPLINE_CURVE_WITH_KNOTS('',3,(#1639,#1640,#1641,#1642,#1643),
.UNSPECIFIED.,.F.,.F.,(4,1,4),(0.E0,5.E-1,1.E0),.UNSPECIFIED.);
#1650=B_SPLINE_CURVE_WITH_KNOTS('',3,(#1645,#1646,#1647,#1648,#1649),
.UNSPECIFIED.,.F.,.F.,(4,1,4),(0.E0,5.E-1,1.E0),.UNSPECIFIED.);
#1656=B_SPLINE_CURVE_WITH_KNOTS('',3,(#1651,#1652,#1653,#1654,#1655),
.UNSPECIFIED.,.F.,.F.,(4,1,4),(0.E0,5.E-1,1.E0),.UNSPECIFIED.);
#1662=B_SPLINE_CURVE_WITH_KNOTS('',3,(#1657,#1658,#1659,#1660,#1661),
.UNSPECIFIED.,.F.,.F.,(4,1,4),(0.E0,5.E-1,1.E0),.UNSPECIFIED.);
#1668=B_SPLINE_CURVE_WITH_KNOTS('',3,(#1663,#1664,#1665,#1666,#1667),
.UNSPECIFIED.,.F.,.F.,(4,1,4),(0.E0,5.E-1,1.E0),.UNSPECIFIED.);
#1674=B_SPLINE_CURVE_WITH_KNOTS('',3,(#1669,#1670,#1671,#1672,#1673),
.UNSPECIFIED.,.F.,.F.,(4,1,4),(0.E0,5.E-1,1.E0),.UNSPECIFIED.);
#1680=B_SPLINE_CURVE_WITH_KNOTS('',3,(#1675,#1676,#1677,#1678,#1679),
.UNSPECIFIED.,.F.,.F.,(4,1,4),(0.E0,5.E-1,1.E0),.UNSPECIFIED.);
#1686=B_SPLINE_CURVE_WITH_KNOTS('',3,(#1681,#1682,#1683,#1684,#1685),
.UNSPECIFIED.,.F.,.F.,(4,1,4),(0.E0,5.E-1,1.E0),.UNSPECIFIED.);
#1692=B_SPLINE_CURVE_WITH_KNOTS('',3,(#1687,#1688,#1689,#1690,#1691),
.UNSPECIFIED.,.F.,.F.,(4,1,4),(0.E0,5.E-1,1.E0),.UNSPECIFIED.);
#1698=B_SPLINE_CURVE_WITH_KNOTS('',3,(#1693,#1694,#1695,#1696,#1697),
.UNSPECIFIED.,.F.,.F.,(4,1,4),(0.E0,5.E-1,1.E0),.UNSPECIFIED.);
#1704=B_SPLINE_CURVE_WITH_KNOTS('',3,(#1699,#1700,#1701,#1702,#1703),
.UNSPECIFIED.,.F.,.F.,(4,1,4),(0.E0,5.E-1,1.E0),.UNSPECIFIED.);
#1710=B_SPLINE_CURVE_WITH_KNOTS('',3,(#1705,#1706,#1707,#1708,#1709),
.UNSPECIFIED.,.F.,.F.,(4,1,4),(0.E0,5.E-1,1.E0),.UNSPECIFIED.);
#1720=B_SPLINE_CURVE_WITH_KNOTS('',3,(#1715,#1716,#1717,#1718,#1719),
.UNSPECIFIED.,.F.,.F.,(4,1,4),(0.E0,5.E-1,1.E0),.UNSPECIFIED.);
#1726=B_SPLINE_CURVE_WITH_KNOTS('',3,(#1721,#1722,#1723,#1724,#1725),
.UNSPECIFIED.,.F.,.F.,(4,1,4),(0.E0,5.E-1,1.E0),.UNSPECIFIED.);
#1732=B_SPLINE_CURVE_WITH_KNOTS('',3,(#1727,#1728,#1729,#1730,#1731),
.UNSPECIFIED.,.F.,.F.,(4,1,4),(0.E0,5.E-1,1.E0),.UNSPECIFIED.);
#1738=B_SPLINE_CURVE_WITH_KNOTS('',3,(#1733,#1734,#1735,#1736,#1737),
.UNSPECIFIED.,.F.,.F.,(4,1,4),(0.E0,5.E-1,1.E0),.UNSPECIFIED.);
#1744=B_SPLINE_CURVE_WITH_KNOTS('',3,(#1739,#1740,#1741,#1742,#1743),
.UNSPECIFIED.,.F.,.F.,(4,1,4),(0.E0,5.E-1,1.E0),.UNSPECIFIED.);
#1750=B_SPLINE_CURVE_WITH_KNOTS('',3,(#1745,#1746,#1747,#1748,#1749),
.UNSPECIFIED.,.F.,.F.,(4,1,4),(0.E0,5.E-1,1.E0),.UNSPECIFIED.);
#1756=B_SPLINE_CURVE_WITH_KNOTS('',3,(#1751,#1752,#1753,#1754,#1755),
.UNSPECIFIED.,.F.,.F.,(4,1,4),(0.E0,5.E-1,1.E0),.UNSPECIFIED.);
#1762=B_SPLINE_CURVE_WITH_KNOTS('',3,(#1757,#1758,#1759,#1760,#1761),
.UNSPECIFIED.,.F.,.F.,(4,1,4),(0.E0,5.E-1,1.E0),.UNSPECIFIED.);
#1768=B_SPLINE_CURVE_WITH_KNOTS('',3,(#1763,#1764,#1765,#1766,#1767),
.UNSPECIFIED.,.F.,.F.,(4,1,4),(0.E0,5.E-1,1.E0),.UNSPECIFIED.);
#1774=B_SPLINE_CURVE_WITH_KNOTS('',3,(#1769,#1770,#1771,#1772,#1773),
.UNSPECIFIED.,.F.,.F.,(4,1,4),(0.E0,5.E-1,1.E0),.UNSPECIFIED.);
#1780=B_SPLINE_CURVE_WITH_KNOTS('',3,(#1775,#1776,#1777,#1778,#1779),
.UNSPECIFIED.,.F.,.F.,(4,1,4),(0.E0,5.E-1,1.E0),.UNSPECIFIED.);
#1786=B_SPLINE_CURVE_WITH_KNOTS('',3,(#1781,#1782,#1783,#1784,#1785),
.UNSPECIFIED.,.F.,.F.,(4,1,4),(0.E0,5.E-1,1.E0),.UNSPECIFIED.);
#1792=B_SPLINE_CURVE_WITH_KNOTS('',3,(#1787,#1788,#1789,#1790,#1791),
.UNSPECIFIED.,.F.,.F.,(4,1,4),(0.E0,5.E-1,1.E0),.UNSPECIFIED.);
#1798=B_SPLINE_CURVE_WITH_KNOTS('',3,(#1793,#1794,#1795,#1796,#1797),
.UNSPECIFIED.,.F.,.F.,(4,1,4),(0.E0,5.E-1,1.E0),.UNSPECIFIED.);
#1804=B_SPLINE_CURVE_WITH_KNOTS('',3,(#1799,#1800,#1801,#1802,#1803),
.UNSPECIFIED.,.F.,.F.,(4,1,4),(0.E0,5.E-1,1.E0),.UNSPECIFIED.);
#1810=B_SPLINE_CURVE_WITH_KNOTS('',3,(#1805,#1806,#1807,#1808,#1809),
.UNSPECIFIED.,.F.,.F.,(4,1,4),(0.E0,5.E-1,1.E0),.UNSPECIFIED.);
#1816=B_SPLINE_CURVE_WITH_KNOTS('',3,(#1811,#1812,#1813,#1814,#1815),
.UNSPECIFIED.,.F.,.F.,(4,1,4),(0.E0,5.E-1,1.E0),.UNSPECIFIED.);
#1822=B_SPLINE_CURVE_WITH_KNOTS('',3,(#1817,#1818,#1819,#1820,#1821),
.UNSPECIFIED.,.F.,.F.,(4,1,4),(0.E0,5.E-1,1.E0),.UNSPECIFIED.);
#1828=B_SPLINE_CURVE_WITH_KNOTS('',3,(#1823,#1824,#1825,#1826,#1827),
.UNSPECIFIED.,.F.,.F.,(4,1,4),(0.E0,5.E-1,1.E0),.UNSPECIFIED.);
#1834=B_SPLINE_CURVE_WITH_KNOTS('',3,(#1829,#1830,#1831,#1832,#1833),
.UNSPECIFIED.,.F.,.F.,(4,1,4),(0.E0,5.E-1,1.E0),.UNSPECIFIED.);
#1840=B_SPLINE_CURVE_WITH_KNOTS('',3,(#1835,#1836,#1837,#1838,#1839),
.UNSPECIFIED.,.F.,.F.,(4,1,4),(0.E0,5.E-1,1.E0),.UNSPECIFIED.);
#1846=B_SPLINE_CURVE_WITH_KNOTS('',3,(#1841,#1842,#1843,#1844,#1845),
.UNSPECIFIED.,.F.,.F.,(4,1,4),(0.E0,5.E-1,1.E0),.UNSPECIFIED.);
#1852=B_SPLINE_CURVE_WITH_KNOTS('',3,(#1847,#1848,#1849,#1850,#1851),
.UNSPECIFIED.,.F.,.F.,(4,1,4),(0.E0,5.E-1,1.E0),.UNSPECIFIED.);
#1858=B_SPLINE_CURVE_WITH_KNOTS('',3,(#1853,#1854,#1855,#1856,#1857),
.UNSPECIFIED.,.F.,.F.,(4,1,4),(0.E0,5.E-1,1.E0),.UNSPECIFIED.);
#1864=B_SPLINE_CURVE_WITH_KNOTS('',3,(#1859,#1860,#1861,#1862,#1863),
.UNSPECIFIED.,.F.,.F.,(4,1,4),(0.E0,5.E-1,1.E0),.UNSPECIFIED.);
#1870=B_SPLINE_CURVE_WITH_KNOTS('',3,(#1865,#1866,#1867,#1868,#1869),
.UNSPECIFIED.,.F.,.F.,(4,1,4),(0.E0,5.E-1,1.E0),.UNSPECIFIED.);
#1876=B_SPLINE_CURVE_WITH_KNOTS('',3,(#1871,#1872,#1873,#1874,#1875),
.UNSPECIFIED.,.F.,.F.,(4,1,4),(0.E0,5.E-1,1.E0),.UNSPECIFIED.);
#1882=B_SPLINE_CURVE_WITH_KNOTS('',3,(#1877,#1878,#1879,#1880,#1881),
.UNSPECIFIED.,.F.,.F.,(4,1,4),(0.E0,5.E-1,1.E0),.UNSPECIFIED.);
#1892=B_SPLINE_CURVE_WITH_KNOTS('',3,(#1887,#1888,#1889,#1890,#1891),
.UNSPECIFIED.,.F.,.F.,(4,1,4),(0.E0,5.E-1,1.E0),.UNSPECIFIED.);
#1898=B_SPLINE_CURVE_WITH_KNOTS('',3,(#1893,#1894,#1895,#1896,#1897),
.UNSPECIFIED.,.F.,.F.,(4,1,4),(0.E0,5.E-1,1.E0),.UNSPECIFIED.);
#1904=B_SPLINE_CURVE_WITH_KNOTS('',3,(#1899,#1900,#1901,#1902,#1903),
.UNSPECIFIED.,.F.,.F.,(4,1,4),(0.E0,5.E-1,1.E0),.UNSPECIFIED.);
#1910=B_SPLINE_CURVE_WITH_KNOTS('',3,(#1905,#1906,#1907,#1908,#1909),
.UNSPECIFIED.,.F.,.F.,(4,1,4),(0.E0,5.E-1,1.E0),.UNSPECIFIED.);
#1916=B_SPLINE_CURVE_WITH_KNOTS('',3,(#1911,#1912,#1913,#1914,#1915),
.UNSPECIFIED.,.F.,.F.,(4,1,4),(0.E0,5.E-1,1.E0),.UNSPECIFIED.);
#1922=B_SPLINE_CURVE_WITH_KNOTS('',3,(#1917,#1918,#1919,#1920,#1921),
.UNSPECIFIED.,.F.,.F.,(4,1,4),(0.E0,5.E-1,1.E0),.UNSPECIFIED.);
#1928=B_SPLINE_CURVE_WITH_KNOTS('',3,(#1923,#1924,#1925,#1926,#1927),
.UNSPECIFIED.,.F.,.F.,(4,1,4),(0.E0,5.E-1,1.E0),.UNSPECIFIED.);
#1934=B_SPLINE_CURVE_WITH_KNOTS('',3,(#1929,#1930,#1931,#1932,#1933),
.UNSPECIFIED.,.F.,.F.,(4,1,4),(0.E0,5.E-1,1.E0),.UNSPECIFIED.);
#1940=B_SPLINE_CURVE_WITH_KNOTS('',3,(#1935,#1936,#1937,#1938,#1939),
.UNSPECIFIED.,.F.,.F.,(4,1,4),(0.E0,5.E-1,1.E0),.UNSPECIFIED.);
#1946=B_SPLINE_CURVE_WITH_KNOTS('',3,(#1941,#1942,#1943,#1944,#1945),
.UNSPECIFIED.,.F.,.F.,(4,1,4),(0.E0,5.E-1,1.E0),.UNSPECIFIED.);
#1952=B_SPLINE_CURVE_WITH_KNOTS('',3,(#1947,#1948,#1949,#1950,#1951),
.UNSPECIFIED.,.F.,.F.,(4,1,4),(0.E0,5.E-1,1.E0),.UNSPECIFIED.);
#1958=B_SPLINE_CURVE_WITH_KNOTS('',3,(#1953,#1954,#1955,#1956,#1957),
.UNSPECIFIED.,.F.,.F.,(4,1,4),(0.E0,5.E-1,1.E0),.UNSPECIFIED.);
#1964=B_SPLINE_CURVE_WITH_KNOTS('',3,(#1959,#1960,#1961,#1962,#1963),
.UNSPECIFIED.,.F.,.F.,(4,1,4),(0.E0,5.E-1,1.E0),.UNSPECIFIED.);
#1970=B_SPLINE_CURVE_WITH_KNOTS('',3,(#1965,#1966,#1967,#1968,#1969),
.UNSPECIFIED.,.F.,.F.,(4,1,4),(0.E0,5.E-1,1.E0),.UNSPECIFIED.);
#1976=B_SPLINE_CURVE_WITH_KNOTS('',3,(#1971,#1972,#1973,#1974,#1975),
.UNSPECIFIED.,.F.,.F.,(4,1,4),(0.E0,5.E-1,1.E0),.UNSPECIFIED.);
#1982=B_SPLINE_CURVE_WITH_KNOTS('',3,(#1977,#1978,#1979,#1980,#1981),
.UNSPECIFIED.,.F.,.F.,(4,1,4),(0.E0,5.E-1,1.E0),.UNSPECIFIED.);
#1988=B_SPLINE_CURVE_WITH_KNOTS('',3,(#1983,#1984,#1985,#1986,#1987),
.UNSPECIFIED.,.F.,.F.,(4,1,4),(0.E0,5.E-1,1.E0),.UNSPECIFIED.);
#1994=B_SPLINE_CURVE_WITH_KNOTS('',3,(#1989,#1990,#1991,#1992,#1993),
.UNSPECIFIED.,.F.,.F.,(4,1,4),(0.E0,5.E-1,1.E0),.UNSPECIFIED.);
#2000=B_SPLINE_CURVE_WITH_KNOTS('',3,(#1995,#1996,#1997,#1998,#1999),
.UNSPECIFIED.,.F.,.F.,(4,1,4),(0.E0,5.E-1,1.E0),.UNSPECIFIED.);
#2006=B_SPLINE_CURVE_WITH_KNOTS('',3,(#2001,#2002,#2003,#2004,#2005),
.UNSPECIFIED.,.F.,.F.,(4,1,4),(0.E0,5.E-1,1.E0),.UNSPECIFIED.);
#2012=B_SPLINE_CURVE_WITH_KNOTS('',3,(#2007,#2008,#2009,#2010,#2011),
.UNSPECIFIED.,.F.,.F.,(4,1,4),(0.E0,5.E-1,1.E0),.UNSPECIFIED.);
#2018=B_SPLINE_CURVE_WITH_KNOTS('',3,(#2013,#2014,#2015,#2016,#2017),
.UNSPECIFIED.,.F.,.F.,(4,1,4),(0.E0,5.E-1,1.E0),.UNSPECIFIED.);
#2076=B_SPLINE_CURVE_WITH_KNOTS('',3,(#2071,#2072,#2073,#2074,#2075),
.UNSPECIFIED.,.F.,.F.,(4,1,4),(0.E0,5.E-1,1.E0),.UNSPECIFIED.);
#2082=B_SPLINE_CURVE_WITH_KNOTS('',3,(#2077,#2078,#2079,#2080,#2081),
.UNSPECIFIED.,.F.,.F.,(4,1,4),(0.E0,5.E-1,1.E0),.UNSPECIFIED.);
#2092=B_SPLINE_CURVE_WITH_KNOTS('',3,(#2087,#2088,#2089,#2090,#2091),
.UNSPECIFIED.,.F.,.F.,(4,1,4),(0.E0,5.E-1,1.E0),.UNSPECIFIED.);
#2098=B_SPLINE_CURVE_WITH_KNOTS('',3,(#2093,#2094,#2095,#2096,#2097),
.UNSPECIFIED.,.F.,.F.,(4,1,4),(0.E0,5.E-1,1.E0),.UNSPECIFIED.);
#2104=B_SPLINE_CURVE_WITH_KNOTS('',3,(#2099,#2100,#2101,#2102,#2103),
.UNSPECIFIED.,.F.,.F.,(4,1,4),(0.E0,5.E-1,1.E0),.UNSPECIFIED.);
#2110=B_SPLINE_CURVE_WITH_KNOTS('',3,(#2105,#2106,#2107,#2108,#2109),
.UNSPECIFIED.,.F.,.F.,(4,1,4),(0.E0,5.E-1,1.E0),.UNSPECIFIED.);
#2116=B_SPLINE_CURVE_WITH_KNOTS('',3,(#2111,#2112,#2113,#2114,#2115),
.UNSPECIFIED.,.F.,.F.,(4,1,4),(0.E0,5.E-1,1.E0),.UNSPECIFIED.);
#2122=B_SPLINE_CURVE_WITH_KNOTS('',3,(#2117,#2118,#2119,#2120,#2121),
.UNSPECIFIED.,.F.,.F.,(4,1,4),(0.E0,5.E-1,1.E0),.UNSPECIFIED.);
#2128=B_SPLINE_CURVE_WITH_KNOTS('',3,(#2123,#2124,#2125,#2126,#2127),
.UNSPECIFIED.,.F.,.F.,(4,1,4),(0.E0,5.E-1,1.E0),.UNSPECIFIED.);
#2134=B_SPLINE_CURVE_WITH_KNOTS('',3,(#2129,#2130,#2131,#2132,#2133),
.UNSPECIFIED.,.F.,.F.,(4,1,4),(0.E0,5.E-1,1.E0),.UNSPECIFIED.);
#2140=B_SPLINE_CURVE_WITH_KNOTS('',3,(#2135,#2136,#2137,#2138,#2139),
.UNSPECIFIED.,.F.,.F.,(4,1,4),(0.E0,5.E-1,1.E0),.UNSPECIFIED.);
#2146=B_SPLINE_CURVE_WITH_KNOTS('',3,(#2141,#2142,#2143,#2144,#2145),
.UNSPECIFIED.,.F.,.F.,(4,1,4),(0.E0,5.E-1,1.E0),.UNSPECIFIED.);
#2152=B_SPLINE_CURVE_WITH_KNOTS('',3,(#2147,#2148,#2149,#2150,#2151),
.UNSPECIFIED.,.F.,.F.,(4,1,4),(0.E0,5.E-1,1.E0),.UNSPECIFIED.);
#2158=B_SPLINE_CURVE_WITH_KNOTS('',3,(#2153,#2154,#2155,#2156,#2157),
.UNSPECIFIED.,.F.,.F.,(4,1,4),(0.E0,5.E-1,1.E0),.UNSPECIFIED.);
#2164=B_SPLINE_CURVE_WITH_KNOTS('',3,(#2159,#2160,#2161,#2162,#2163),
.UNSPECIFIED.,.F.,.F.,(4,1,4),(0.E0,5.E-1,1.E0),.UNSPECIFIED.);
#2170=B_SPLINE_CURVE_WITH_KNOTS('',3,(#2165,#2166,#2167,#2168,#2169),
.UNSPECIFIED.,.F.,.F.,(4,1,4),(0.E0,5.E-1,1.E0),.UNSPECIFIED.);
#2176=B_SPLINE_CURVE_WITH_KNOTS('',3,(#2171,#2172,#2173,#2174,#2175),
.UNSPECIFIED.,.F.,.F.,(4,1,4),(0.E0,5.E-1,1.E0),.UNSPECIFIED.);
#2182=B_SPLINE_CURVE_WITH_KNOTS('',3,(#2177,#2178,#2179,#2180,#2181),
.UNSPECIFIED.,.F.,.F.,(4,1,4),(0.E0,5.E-1,1.E0),.UNSPECIFIED.);
#2188=B_SPLINE_CURVE_WITH_KNOTS('',3,(#2183,#2184,#2185,#2186,#2187),
.UNSPECIFIED.,.F.,.F.,(4,1,4),(0.E0,5.E-1,1.E0),.UNSPECIFIED.);
#2194=B_SPLINE_CURVE_WITH_KNOTS('',3,(#2189,#2190,#2191,#2192,#2193),
.UNSPECIFIED.,.F.,.F.,(4,1,4),(0.E0,5.E-1,1.E0),.UNSPECIFIED.);
#2200=B_SPLINE_CURVE_WITH_KNOTS('',3,(#2195,#2196,#2197,#2198,#2199),
.UNSPECIFIED.,.F.,.F.,(4,1,4),(0.E0,5.E-1,1.E0),.UNSPECIFIED.);
#2206=B_SPLINE_CURVE_WITH_KNOTS('',3,(#2201,#2202,#2203,#2204,#2205),
.UNSPECIFIED.,.F.,.F.,(4,1,4),(0.E0,5.E-1,1.E0),.UNSPECIFIED.);
#2212=B_SPLINE_CURVE_WITH_KNOTS('',3,(#2207,#2208,#2209,#2210,#2211),
.UNSPECIFIED.,.F.,.F.,(4,1,4),(0.E0,5.E-1,1.E0),.UNSPECIFIED.);
#2218=B_SPLINE_CURVE_WITH_KNOTS('',3,(#2213,#2214,#2215,#2216,#2217),
.UNSPECIFIED.,.F.,.F.,(4,1,4),(0.E0,5.E-1,1.E0),.UNSPECIFIED.);
#2224=B_SPLINE_CURVE_WITH_KNOTS('',3,(#2219,#2220,#2221,#2222,#2223),
.UNSPECIFIED.,.F.,.F.,(4,1,4),(0.E0,5.E-1,1.E0),.UNSPECIFIED.);
#2230=B_SPLINE_CURVE_WITH_KNOTS('',3,(#2225,#2226,#2227,#2228,#2229),
.UNSPECIFIED.,.F.,.F.,(4,1,4),(0.E0,5.E-1,1.E0),.UNSPECIFIED.);
#2236=B_SPLINE_CURVE_WITH_KNOTS('',3,(#2231,#2232,#2233,#2234,#2235),
.UNSPECIFIED.,.F.,.F.,(4,1,4),(0.E0,5.E-1,1.E0),.UNSPECIFIED.);
#2242=B_SPLINE_CURVE_WITH_KNOTS('',3,(#2237,#2238,#2239,#2240,#2241),
.UNSPECIFIED.,.F.,.F.,(4,1,4),(0.E0,5.E-1,1.E0),.UNSPECIFIED.);
#2248=B_SPLINE_CURVE_WITH_KNOTS('',3,(#2243,#2244,#2245,#2246,#2247),
.UNSPECIFIED.,.F.,.F.,(4,1,4),(0.E0,5.E-1,1.E0),.UNSPECIFIED.);
#2254=B_SPLINE_CURVE_WITH_KNOTS('',3,(#2249,#2250,#2251,#2252,#2253),
.UNSPECIFIED.,.F.,.F.,(4,1,4),(0.E0,5.E-1,1.E0),.UNSPECIFIED.);
#2260=B_SPLINE_CURVE_WITH_KNOTS('',3,(#2255,#2256,#2257,#2258,#2259),
.UNSPECIFIED.,.F.,.F.,(4,1,4),(0.E0,5.E-1,1.E0),.UNSPECIFIED.);
#2266=B_SPLINE_CURVE_WITH_KNOTS('',3,(#2261,#2262,#2263,#2264,#2265),
.UNSPECIFIED.,.F.,.F.,(4,1,4),(0.E0,5.E-1,1.E0),.UNSPECIFIED.);
#2272=B_SPLINE_CURVE_WITH_KNOTS('',3,(#2267,#2268,#2269,#2270,#2271),
.UNSPECIFIED.,.F.,.F.,(4,1,4),(0.E0,5.E-1,1.E0),.UNSPECIFIED.);
#2278=B_SPLINE_CURVE_WITH_KNOTS('',3,(#2273,#2274,#2275,#2276,#2277),
.UNSPECIFIED.,.F.,.F.,(4,1,4),(0.E0,5.E-1,1.E0),.UNSPECIFIED.);
#2284=B_SPLINE_CURVE_WITH_KNOTS('',3,(#2279,#2280,#2281,#2282,#2283),
.UNSPECIFIED.,.F.,.F.,(4,1,4),(0.E0,5.E-1,1.E0),.UNSPECIFIED.);
#2290=B_SPLINE_CURVE_WITH_KNOTS('',3,(#2285,#2286,#2287,#2288,#2289),
.UNSPECIFIED.,.F.,.F.,(4,1,4),(0.E0,5.E-1,1.E0),.UNSPECIFIED.);
#2296=B_SPLINE_CURVE_WITH_KNOTS('',3,(#2291,#2292,#2293,#2294,#2295),
.UNSPECIFIED.,.F.,.F.,(4,1,4),(0.E0,5.E-1,1.E0),.UNSPECIFIED.);
#2302=B_SPLINE_CURVE_WITH_KNOTS('',3,(#2297,#2298,#2299,#2300,#2301),
.UNSPECIFIED.,.F.,.F.,(4,1,4),(0.E0,5.E-1,1.E0),.UNSPECIFIED.);
#2308=B_SPLINE_CURVE_WITH_KNOTS('',3,(#2303,#2304,#2305,#2306,#2307),
.UNSPECIFIED.,.F.,.F.,(4,1,4),(0.E0,5.E-1,1.E0),.UNSPECIFIED.);
#2314=B_SPLINE_CURVE_WITH_KNOTS('',3,(#2309,#2310,#2311,#2312,#2313),
.UNSPECIFIED.,.F.,.F.,(4,1,4),(0.E0,5.E-1,1.E0),.UNSPECIFIED.);
#2320=B_SPLINE_CURVE_WITH_KNOTS('',3,(#2315,#2316,#2317,#2318,#2319),
.UNSPECIFIED.,.F.,.F.,(4,1,4),(0.E0,5.E-1,1.E0),.UNSPECIFIED.);
#2326=B_SPLINE_CURVE_WITH_KNOTS('',3,(#2321,#2322,#2323,#2324,#2325),
.UNSPECIFIED.,.F.,.F.,(4,1,4),(0.E0,5.E-1,1.E0),.UNSPECIFIED.);
#2332=B_SPLINE_CURVE_WITH_KNOTS('',3,(#2327,#2328,#2329,#2330,#2331),
.UNSPECIFIED.,.F.,.F.,(4,1,4),(0.E0,5.E-1,1.E0),.UNSPECIFIED.);
#2338=B_SPLINE_CURVE_WITH_KNOTS('',3,(#2333,#2334,#2335,#2336,#2337),
.UNSPECIFIED.,.F.,.F.,(4,1,4),(0.E0,5.E-1,1.E0),.UNSPECIFIED.);
#2344=B_SPLINE_CURVE_WITH_KNOTS('',3,(#2339,#2340,#2341,#2342,#2343),
.UNSPECIFIED.,.F.,.F.,(4,1,4),(0.E0,5.E-1,1.E0),.UNSPECIFIED.);
#2350=B_SPLINE_CURVE_WITH_KNOTS('',3,(#2345,#2346,#2347,#2348,#2349),
.UNSPECIFIED.,.F.,.F.,(4,1,4),(0.E0,5.E-1,1.E0),.UNSPECIFIED.);
#2356=B_SPLINE_CURVE_WITH_KNOTS('',3,(#2351,#2352,#2353,#2354,#2355),
.UNSPECIFIED.,.F.,.F.,(4,1,4),(0.E0,5.E-1,1.E0),.UNSPECIFIED.);
#2362=B_SPLINE_CURVE_WITH_KNOTS('',3,(#2357,#2358,#2359,#2360,#2361),
.UNSPECIFIED.,.F.,.F.,(4,1,4),(0.E0,5.E-1,1.E0),.UNSPECIFIED.);
#2368=B_SPLINE_CURVE_WITH_KNOTS('',3,(#2363,#2364,#2365,#2366,#2367),
.UNSPECIFIED.,.F.,.F.,(4,1,4),(0.E0,5.E-1,1.E0),.UNSPECIFIED.);
#2374=B_SPLINE_CURVE_WITH_KNOTS('',3,(#2369,#2370,#2371,#2372,#2373),
.UNSPECIFIED.,.F.,.F.,(4,1,4),(0.E0,5.E-1,1.E0),.UNSPECIFIED.);
#2383=CIRCLE('',#2382,3.5936E0);
#2388=CIRCLE('',#2387,3.5936E0);
#2393=CIRCLE('',#2392,2.E0);
#2398=CIRCLE('',#2397,2.E0);
#2405=B_SPLINE_CURVE_WITH_KNOTS('',3,(#2399,#2400,#2401,#2402,#2403,#2404),
.UNSPECIFIED.,.F.,.F.,(4,1,1,4),(0.E0,3.333333333333E-1,6.666666666667E-1,1.E0),
.UNSPECIFIED.);
#2422=B_SPLINE_CURVE_WITH_KNOTS('',3,(#2406,#2407,#2408,#2409,#2410,#2411,#2412,
#2413,#2414,#2415,#2416,#2417,#2418,#2419,#2420,#2421),.UNSPECIFIED.,.F.,.F.,(4,
1,1,1,1,1,1,1,1,1,1,1,1,4),(0.E0,7.692307692308E-2,1.538461538462E-1,
2.307692307692E-1,3.076923076923E-1,3.846153846154E-1,4.615384615385E-1,
5.384615384615E-1,6.153846153846E-1,6.923076923077E-1,7.692307692308E-1,
8.461538461538E-1,9.230769230769E-1,1.E0),.UNSPECIFIED.);
#2429=B_SPLINE_CURVE_WITH_KNOTS('',3,(#2423,#2424,#2425,#2426,#2427,#2428),
.UNSPECIFIED.,.F.,.F.,(4,1,1,4),(0.E0,3.333333333333E-1,6.666666666667E-1,1.E0),
.UNSPECIFIED.);
#2484=B_SPLINE_CURVE_WITH_KNOTS('',3,(#2430,#2431,#2432,#2433,#2434,#2435,#2436,
#2437,#2438,#2439,#2440,#2441,#2442,#2443,#2444,#2445,#2446,#2447,#2448,#2449,
#2450,#2451,#2452,#2453,#2454,#2455,#2456,#2457,#2458,#2459,#2460,#2461,#2462,
#2463,#2464,#2465,#2466,#2467,#2468,#2469,#2470,#2471,#2472,#2473,#2474,#2475,
#2476,#2477,#2478,#2479,#2480,#2481,#2482,#2483),.UNSPECIFIED.,.F.,.F.,(4,1,1,1,
1,1,1,1,1,1,1,1,1,1,1,1,1,1,1,1,1,1,1,1,1,1,1,1,1,1,1,1,1,1,1,1,1,1,1,1,1,1,1,1,
1,1,1,1,1,1,1,4),(0.E0,1.960784313725E-2,3.921568627451E-2,5.882352941176E-2,
7.843137254902E-2,9.803921568627E-2,1.176470588235E-1,1.372549019608E-1,
1.568627450980E-1,1.764705882353E-1,1.960784313725E-1,2.156862745098E-1,
2.352941176471E-1,2.549019607843E-1,2.745098039216E-1,2.941176470588E-1,
3.137254901961E-1,3.333333333333E-1,3.529411764706E-1,3.725490196078E-1,
3.921568627451E-1,4.117647058824E-1,4.313725490196E-1,4.509803921569E-1,
4.705882352941E-1,4.901960784314E-1,5.098039215686E-1,5.294117647059E-1,
5.490196078431E-1,5.686274509804E-1,5.882352941176E-1,6.078431372549E-1,
6.274509803922E-1,6.470588235294E-1,6.666666666667E-1,6.862745098039E-1,
7.058823529412E-1,7.254901960784E-1,7.450980392157E-1,7.647058823529E-1,
7.843137254902E-1,8.039215686275E-1,8.235294117647E-1,8.431372549020E-1,
8.627450980392E-1,8.823529411765E-1,9.019607843137E-1,9.215686274510E-1,
9.411764705882E-1,9.607843137255E-1,9.803921568627E-1,1.E0),.UNSPECIFIED.);
#2491=B_SPLINE_CURVE_WITH_KNOTS('',3,(#2485,#2486,#2487,#2488,#2489,#2490),
.UNSPECIFIED.,.F.,.F.,(4,1,1,4),(0.E0,3.333333333333E-1,6.666666666667E-1,1.E0),
.UNSPECIFIED.);
#2522=B_SPLINE_CURVE_WITH_KNOTS('',3,(#2496,#2497,#2498,#2499,#2500,#2501,#2502,
#2503,#2504,#2505,#2506,#2507,#2508,#2509,#2510,#2511,#2512,#2513,#2514,#2515,
#2516,#2517,#2518,#2519,#2520,#2521),.UNSPECIFIED.,.F.,.F.,(4,1,1,1,1,1,1,1,1,1,
1,1,1,1,1,1,1,1,1,1,1,1,1,4),(0.E0,4.347826086957E-2,8.695652173913E-2,
1.304347826087E-1,1.739130434783E-1,2.173913043478E-1,2.608695652174E-1,
3.043478260870E-1,3.478260869565E-1,3.913043478261E-1,4.347826086957E-1,
4.782608695652E-1,5.217391304348E-1,5.652173913043E-1,6.086956521739E-1,
6.521739130435E-1,6.956521739130E-1,7.391304347826E-1,7.826086956522E-1,
8.260869565217E-1,8.695652173913E-1,9.130434782609E-1,9.565217391304E-1,1.E0),
.UNSPECIFIED.);
#2527=CIRCLE('',#2526,1.229367061317E0);
#2532=CIRCLE('',#2531,1.229367061317E0);
#2539=B_SPLINE_CURVE_WITH_KNOTS('',3,(#2533,#2534,#2535,#2536,#2537,#2538),
.UNSPECIFIED.,.F.,.F.,(4,1,1,4),(0.E0,3.333333333333E-1,6.666666666667E-1,1.E0),
.UNSPECIFIED.);
#2556=B_SPLINE_CURVE_WITH_KNOTS('',3,(#2540,#2541,#2542,#2543,#2544,#2545,#2546,
#2547,#2548,#2549,#2550,#2551,#2552,#2553,#2554,#2555),.UNSPECIFIED.,.F.,.F.,(4,
1,1,1,1,1,1,1,1,1,1,1,1,4),(0.E0,7.692307692308E-2,1.538461538462E-1,
2.307692307692E-1,3.076923076923E-1,3.846153846154E-1,4.615384615385E-1,
5.384615384615E-1,6.153846153846E-1,6.923076923077E-1,7.692307692308E-1,
8.461538461538E-1,9.230769230769E-1,1.E0),.UNSPECIFIED.);
#2581=B_SPLINE_CURVE_WITH_KNOTS('',3,(#2561,#2562,#2563,#2564,#2565,#2566,#2567,
#2568,#2569,#2570,#2571,#2572,#2573,#2574,#2575,#2576,#2577,#2578,#2579,#2580),
.UNSPECIFIED.,.F.,.F.,(4,1,1,1,1,1,1,1,1,1,1,1,1,1,1,1,1,4),(0.E0,
5.882352941176E-2,1.176470588235E-1,1.764705882353E-1,2.352941176471E-1,
2.941176470588E-1,3.529411764706E-1,4.117647058824E-1,4.705882352941E-1,
5.294117647059E-1,5.882352941176E-1,6.470588235294E-1,7.058823529412E-1,
7.647058823529E-1,8.235294117647E-1,8.823529411765E-1,9.411764705882E-1,1.E0),
.UNSPECIFIED.);
#2602=B_SPLINE_CURVE_WITH_KNOTS('',3,(#2582,#2583,#2584,#2585,#2586,#2587,#2588,
#2589,#2590,#2591,#2592,#2593,#2594,#2595,#2596,#2597,#2598,#2599,#2600,#2601),
.UNSPECIFIED.,.F.,.F.,(4,1,1,1,1,1,1,1,1,1,1,1,1,1,1,1,1,4),(0.E0,
5.882352941176E-2,1.176470588235E-1,1.764705882353E-1,2.352941176471E-1,
2.941176470588E-1,3.529411764706E-1,4.117647058824E-1,4.705882352941E-1,
5.294117647059E-1,5.882352941176E-1,6.470588235294E-1,7.058823529412E-1,
7.647058823529E-1,8.235294117647E-1,8.823529411765E-1,9.411764705882E-1,1.E0),
.UNSPECIFIED.);
#2627=B_SPLINE_CURVE_WITH_KNOTS('',3,(#2607,#2608,#2609,#2610,#2611,#2612,#2613,
#2614,#2615,#2616,#2617,#2618,#2619,#2620,#2621,#2622,#2623,#2624,#2625,#2626),
.UNSPECIFIED.,.F.,.F.,(4,1,1,1,1,1,1,1,1,1,1,1,1,1,1,1,1,4),(0.E0,
5.882352941176E-2,1.176470588235E-1,1.764705882353E-1,2.352941176471E-1,
2.941176470588E-1,3.529411764706E-1,4.117647058824E-1,4.705882352941E-1,
5.294117647059E-1,5.882352941176E-1,6.470588235294E-1,7.058823529412E-1,
7.647058823529E-1,8.235294117647E-1,8.823529411765E-1,9.411764705882E-1,1.E0),
.UNSPECIFIED.);
#2648=B_SPLINE_CURVE_WITH_KNOTS('',3,(#2628,#2629,#2630,#2631,#2632,#2633,#2634,
#2635,#2636,#2637,#2638,#2639,#2640,#2641,#2642,#2643,#2644,#2645,#2646,#2647),
.UNSPECIFIED.,.F.,.F.,(4,1,1,1,1,1,1,1,1,1,1,1,1,1,1,1,1,4),(0.E0,
5.882352941176E-2,1.176470588235E-1,1.764705882353E-1,2.352941176471E-1,
2.941176470588E-1,3.529411764706E-1,4.117647058824E-1,4.705882352941E-1,
5.294117647059E-1,5.882352941176E-1,6.470588235294E-1,7.058823529412E-1,
7.647058823529E-1,8.235294117647E-1,8.823529411765E-1,9.411764705882E-1,1.E0),
.UNSPECIFIED.);
#2673=B_SPLINE_CURVE_WITH_KNOTS('',3,(#2653,#2654,#2655,#2656,#2657,#2658,#2659,
#2660,#2661,#2662,#2663,#2664,#2665,#2666,#2667,#2668,#2669,#2670,#2671,#2672),
.UNSPECIFIED.,.F.,.F.,(4,1,1,1,1,1,1,1,1,1,1,1,1,1,1,1,1,4),(0.E0,
5.882352941176E-2,1.176470588235E-1,1.764705882353E-1,2.352941176471E-1,
2.941176470588E-1,3.529411764706E-1,4.117647058824E-1,4.705882352941E-1,
5.294117647059E-1,5.882352941176E-1,6.470588235294E-1,7.058823529412E-1,
7.647058823529E-1,8.235294117647E-1,8.823529411765E-1,9.411764705882E-1,1.E0),
.UNSPECIFIED.);
#2694=B_SPLINE_CURVE_WITH_KNOTS('',3,(#2674,#2675,#2676,#2677,#2678,#2679,#2680,
#2681,#2682,#2683,#2684,#2685,#2686,#2687,#2688,#2689,#2690,#2691,#2692,#2693),
.UNSPECIFIED.,.F.,.F.,(4,1,1,1,1,1,1,1,1,1,1,1,1,1,1,1,1,4),(0.E0,
5.882352941176E-2,1.176470588235E-1,1.764705882353E-1,2.352941176471E-1,
2.941176470588E-1,3.529411764706E-1,4.117647058824E-1,4.705882352941E-1,
5.294117647059E-1,5.882352941176E-1,6.470588235294E-1,7.058823529412E-1,
7.647058823529E-1,8.235294117647E-1,8.823529411765E-1,9.411764705882E-1,1.E0),
.UNSPECIFIED.);
#2719=B_SPLINE_CURVE_WITH_KNOTS('',3,(#2699,#2700,#2701,#2702,#2703,#2704,#2705,
#2706,#2707,#2708,#2709,#2710,#2711,#2712,#2713,#2714,#2715,#2716,#2717,#2718),
.UNSPECIFIED.,.F.,.F.,(4,1,1,1,1,1,1,1,1,1,1,1,1,1,1,1,1,4),(0.E0,
5.882352941176E-2,1.176470588235E-1,1.764705882353E-1,2.352941176471E-1,
2.941176470588E-1,3.529411764706E-1,4.117647058824E-1,4.705882352941E-1,
5.294117647059E-1,5.882352941176E-1,6.470588235294E-1,7.058823529412E-1,
7.647058823529E-1,8.235294117647E-1,8.823529411765E-1,9.411764705882E-1,1.E0),
.UNSPECIFIED.);
#2740=B_SPLINE_CURVE_WITH_KNOTS('',3,(#2720,#2721,#2722,#2723,#2724,#2725,#2726,
#2727,#2728,#2729,#2730,#2731,#2732,#2733,#2734,#2735,#2736,#2737,#2738,#2739),
.UNSPECIFIED.,.F.,.F.,(4,1,1,1,1,1,1,1,1,1,1,1,1,1,1,1,1,4),(0.E0,
5.882352941176E-2,1.176470588235E-1,1.764705882353E-1,2.352941176471E-1,
2.941176470588E-1,3.529411764706E-1,4.117647058824E-1,4.705882352941E-1,
5.294117647059E-1,5.882352941176E-1,6.470588235294E-1,7.058823529412E-1,
7.647058823529E-1,8.235294117647E-1,8.823529411765E-1,9.411764705882E-1,1.E0),
.UNSPECIFIED.);
#2765=B_SPLINE_CURVE_WITH_KNOTS('',3,(#2745,#2746,#2747,#2748,#2749,#2750,#2751,
#2752,#2753,#2754,#2755,#2756,#2757,#2758,#2759,#2760,#2761,#2762,#2763,#2764),
.UNSPECIFIED.,.F.,.F.,(4,1,1,1,1,1,1,1,1,1,1,1,1,1,1,1,1,4),(0.E0,
5.882352941176E-2,1.176470588235E-1,1.764705882353E-1,2.352941176471E-1,
2.941176470588E-1,3.529411764706E-1,4.117647058824E-1,4.705882352941E-1,
5.294117647059E-1,5.882352941176E-1,6.470588235294E-1,7.058823529412E-1,
7.647058823529E-1,8.235294117647E-1,8.823529411765E-1,9.411764705882E-1,1.E0),
.UNSPECIFIED.);
#2786=B_SPLINE_CURVE_WITH_KNOTS('',3,(#2766,#2767,#2768,#2769,#2770,#2771,#2772,
#2773,#2774,#2775,#2776,#2777,#2778,#2779,#2780,#2781,#2782,#2783,#2784,#2785),
.UNSPECIFIED.,.F.,.F.,(4,1,1,1,1,1,1,1,1,1,1,1,1,1,1,1,1,4),(0.E0,
5.882352941176E-2,1.176470588235E-1,1.764705882353E-1,2.352941176471E-1,
2.941176470588E-1,3.529411764706E-1,4.117647058824E-1,4.705882352941E-1,
5.294117647059E-1,5.882352941176E-1,6.470588235294E-1,7.058823529412E-1,
7.647058823529E-1,8.235294117647E-1,8.823529411765E-1,9.411764705882E-1,1.E0),
.UNSPECIFIED.);
#2811=B_SPLINE_CURVE_WITH_KNOTS('',3,(#2791,#2792,#2793,#2794,#2795,#2796,#2797,
#2798,#2799,#2800,#2801,#2802,#2803,#2804,#2805,#2806,#2807,#2808,#2809,#2810),
.UNSPECIFIED.,.F.,.F.,(4,1,1,1,1,1,1,1,1,1,1,1,1,1,1,1,1,4),(0.E0,
5.882352941176E-2,1.176470588235E-1,1.764705882353E-1,2.352941176471E-1,
2.941176470588E-1,3.529411764706E-1,4.117647058824E-1,4.705882352941E-1,
5.294117647059E-1,5.882352941176E-1,6.470588235294E-1,7.058823529412E-1,
7.647058823529E-1,8.235294117647E-1,8.823529411765E-1,9.411764705882E-1,1.E0),
.UNSPECIFIED.);
#2820=B_SPLINE_CURVE_WITH_KNOTS('',3,(#2812,#2813,#2814,#2815,#2816,#2817,#2818,
#2819),.UNSPECIFIED.,.F.,.F.,(4,1,1,1,1,4),(0.E0,2.E-1,4.E-1,6.E-1,8.E-1,1.E0),
.UNSPECIFIED.);
#2837=B_SPLINE_CURVE_WITH_KNOTS('',3,(#2821,#2822,#2823,#2824,#2825,#2826,#2827,
#2828,#2829,#2830,#2831,#2832,#2833,#2834,#2835,#2836),.UNSPECIFIED.,.F.,.F.,(4,
1,1,1,1,1,1,1,1,1,1,1,1,4),(0.E0,7.692307692308E-2,1.538461538462E-1,
2.307692307692E-1,3.076923076923E-1,3.846153846154E-1,4.615384615385E-1,
5.384615384615E-1,6.153846153846E-1,6.923076923077E-1,7.692307692308E-1,
8.461538461538E-1,9.230769230769E-1,1.E0),.UNSPECIFIED.);
#2858=B_SPLINE_CURVE_WITH_KNOTS('',3,(#2842,#2843,#2844,#2845,#2846,#2847,#2848,
#2849,#2850,#2851,#2852,#2853,#2854,#2855,#2856,#2857),.UNSPECIFIED.,.F.,.F.,(4,
1,1,1,1,1,1,1,1,1,1,1,1,4),(0.E0,7.692307692308E-2,1.538461538462E-1,
2.307692307692E-1,3.076923076923E-1,3.846153846154E-1,4.615384615385E-1,
5.384615384615E-1,6.153846153846E-1,6.923076923077E-1,7.692307692308E-1,
8.461538461538E-1,9.230769230769E-1,1.E0),.UNSPECIFIED.);
#2867=B_SPLINE_CURVE_WITH_KNOTS('',3,(#2859,#2860,#2861,#2862,#2863,#2864,#2865,
#2866),.UNSPECIFIED.,.F.,.F.,(4,1,1,1,1,4),(0.E0,2.E-1,4.E-1,6.E-1,8.E-1,1.E0),
.UNSPECIFIED.);
#2888=B_SPLINE_CURVE_WITH_KNOTS('',3,(#2868,#2869,#2870,#2871,#2872,#2873,#2874,
#2875,#2876,#2877,#2878,#2879,#2880,#2881,#2882,#2883,#2884,#2885,#2886,#2887),
.UNSPECIFIED.,.F.,.F.,(4,1,1,1,1,1,1,1,1,1,1,1,1,1,1,1,1,4),(0.E0,
5.882352941176E-2,1.176470588235E-1,1.764705882353E-1,2.352941176471E-1,
2.941176470588E-1,3.529411764706E-1,4.117647058824E-1,4.705882352941E-1,
5.294117647059E-1,5.882352941176E-1,6.470588235294E-1,7.058823529412E-1,
7.647058823529E-1,8.235294117647E-1,8.823529411765E-1,9.411764705882E-1,1.E0),
.UNSPECIFIED.);
#2913=B_SPLINE_CURVE_WITH_KNOTS('',3,(#2893,#2894,#2895,#2896,#2897,#2898,#2899,
#2900,#2901,#2902,#2903,#2904,#2905,#2906,#2907,#2908,#2909,#2910,#2911,#2912),
.UNSPECIFIED.,.F.,.F.,(4,1,1,1,1,1,1,1,1,1,1,1,1,1,1,1,1,4),(0.E0,
5.882352941176E-2,1.176470588235E-1,1.764705882353E-1,2.352941176471E-1,
2.941176470588E-1,3.529411764706E-1,4.117647058824E-1,4.705882352941E-1,
5.294117647059E-1,5.882352941176E-1,6.470588235294E-1,7.058823529412E-1,
7.647058823529E-1,8.235294117647E-1,8.823529411765E-1,9.411764705882E-1,1.E0),
.UNSPECIFIED.);
#2934=B_SPLINE_CURVE_WITH_KNOTS('',3,(#2914,#2915,#2916,#2917,#2918,#2919,#2920,
#2921,#2922,#2923,#2924,#2925,#2926,#2927,#2928,#2929,#2930,#2931,#2932,#2933),
.UNSPECIFIED.,.F.,.F.,(4,1,1,1,1,1,1,1,1,1,1,1,1,1,1,1,1,4),(0.E0,
5.882352941176E-2,1.176470588235E-1,1.764705882353E-1,2.352941176471E-1,
2.941176470588E-1,3.529411764706E-1,4.117647058824E-1,4.705882352941E-1,
5.294117647059E-1,5.882352941176E-1,6.470588235294E-1,7.058823529412E-1,
7.647058823529E-1,8.235294117647E-1,8.823529411765E-1,9.411764705882E-1,1.E0),
.UNSPECIFIED.);
#2959=B_SPLINE_CURVE_WITH_KNOTS('',3,(#2939,#2940,#2941,#2942,#2943,#2944,#2945,
#2946,#2947,#2948,#2949,#2950,#2951,#2952,#2953,#2954,#2955,#2956,#2957,#2958),
.UNSPECIFIED.,.F.,.F.,(4,1,1,1,1,1,1,1,1,1,1,1,1,1,1,1,1,4),(0.E0,
5.882352941176E-2,1.176470588235E-1,1.764705882353E-1,2.352941176471E-1,
2.941176470588E-1,3.529411764706E-1,4.117647058824E-1,4.705882352941E-1,
5.294117647059E-1,5.882352941176E-1,6.470588235294E-1,7.058823529412E-1,
7.647058823529E-1,8.235294117647E-1,8.823529411765E-1,9.411764705882E-1,1.E0),
.UNSPECIFIED.);
#2984=B_SPLINE_CURVE_WITH_KNOTS('',3,(#2964,#2965,#2966,#2967,#2968,#2969,#2970,
#2971,#2972,#2973,#2974,#2975,#2976,#2977,#2978,#2979,#2980,#2981,#2982,#2983),
.UNSPECIFIED.,.F.,.F.,(4,1,1,1,1,1,1,1,1,1,1,1,1,1,1,1,1,4),(0.E0,
5.882352941176E-2,1.176470588235E-1,1.764705882353E-1,2.352941176471E-1,
2.941176470588E-1,3.529411764706E-1,4.117647058824E-1,4.705882352941E-1,
5.294117647059E-1,5.882352941176E-1,6.470588235294E-1,7.058823529412E-1,
7.647058823529E-1,8.235294117647E-1,8.823529411765E-1,9.411764705882E-1,1.E0),
.UNSPECIFIED.);
#3005=B_SPLINE_CURVE_WITH_KNOTS('',3,(#2985,#2986,#2987,#2988,#2989,#2990,#2991,
#2992,#2993,#2994,#2995,#2996,#2997,#2998,#2999,#3000,#3001,#3002,#3003,#3004),
.UNSPECIFIED.,.F.,.F.,(4,1,1,1,1,1,1,1,1,1,1,1,1,1,1,1,1,4),(0.E0,
5.882352941176E-2,1.176470588235E-1,1.764705882353E-1,2.352941176471E-1,
2.941176470588E-1,3.529411764706E-1,4.117647058824E-1,4.705882352941E-1,
5.294117647059E-1,5.882352941176E-1,6.470588235294E-1,7.058823529412E-1,
7.647058823529E-1,8.235294117647E-1,8.823529411765E-1,9.411764705882E-1,1.E0),
.UNSPECIFIED.);
#3030=B_SPLINE_CURVE_WITH_KNOTS('',3,(#3010,#3011,#3012,#3013,#3014,#3015,#3016,
#3017,#3018,#3019,#3020,#3021,#3022,#3023,#3024,#3025,#3026,#3027,#3028,#3029),
.UNSPECIFIED.,.F.,.F.,(4,1,1,1,1,1,1,1,1,1,1,1,1,1,1,1,1,4),(0.E0,
5.882352941176E-2,1.176470588235E-1,1.764705882353E-1,2.352941176471E-1,
2.941176470588E-1,3.529411764706E-1,4.117647058824E-1,4.705882352941E-1,
5.294117647059E-1,5.882352941176E-1,6.470588235294E-1,7.058823529412E-1,
7.647058823529E-1,8.235294117647E-1,8.823529411765E-1,9.411764705882E-1,1.E0),
.UNSPECIFIED.);
#3043=B_SPLINE_CURVE_WITH_KNOTS('',3,(#3031,#3032,#3033,#3034,#3035,#3036,#3037,
#3038,#3039,#3040,#3041,#3042),.UNSPECIFIED.,.F.,.F.,(4,1,1,1,1,1,1,1,1,4),
(0.E0,1.111111111111E-1,2.222222222222E-1,3.333333333333E-1,4.444444444444E-1,
5.555555555556E-1,6.666666666667E-1,7.777777777778E-1,8.888888888889E-1,1.E0),
.UNSPECIFIED.);
#3055=B_SPLINE_CURVE_WITH_KNOTS('',3,(#3044,#3045,#3046,#3047,#3048,#3049,#3050,
#3051,#3052,#3053,#3054),.UNSPECIFIED.,.F.,.F.,(4,1,1,1,1,1,1,1,4),(0.E0,
1.25E-1,2.5E-1,3.75E-1,5.E-1,6.25E-1,7.5E-1,8.75E-1,1.E0),.UNSPECIFIED.);
#3080=B_SPLINE_CURVE_WITH_KNOTS('',3,(#3060,#3061,#3062,#3063,#3064,#3065,#3066,
#3067,#3068,#3069,#3070,#3071,#3072,#3073,#3074,#3075,#3076,#3077,#3078,#3079),
.UNSPECIFIED.,.F.,.F.,(4,1,1,1,1,1,1,1,1,1,1,1,1,1,1,1,1,4),(0.E0,
5.882352941176E-2,1.176470588235E-1,1.764705882353E-1,2.352941176471E-1,
2.941176470588E-1,3.529411764706E-1,4.117647058824E-1,4.705882352941E-1,
5.294117647059E-1,5.882352941176E-1,6.470588235294E-1,7.058823529412E-1,
7.647058823529E-1,8.235294117647E-1,8.823529411765E-1,9.411764705882E-1,1.E0),
.UNSPECIFIED.);
#3101=B_SPLINE_CURVE_WITH_KNOTS('',3,(#3081,#3082,#3083,#3084,#3085,#3086,#3087,
#3088,#3089,#3090,#3091,#3092,#3093,#3094,#3095,#3096,#3097,#3098,#3099,#3100),
.UNSPECIFIED.,.F.,.F.,(4,1,1,1,1,1,1,1,1,1,1,1,1,1,1,1,1,4),(0.E0,
5.882352941176E-2,1.176470588235E-1,1.764705882353E-1,2.352941176471E-1,
2.941176470588E-1,3.529411764706E-1,4.117647058824E-1,4.705882352941E-1,
5.294117647059E-1,5.882352941176E-1,6.470588235294E-1,7.058823529412E-1,
7.647058823529E-1,8.235294117647E-1,8.823529411765E-1,9.411764705882E-1,1.E0),
.UNSPECIFIED.);
#3117=B_SPLINE_CURVE_WITH_KNOTS('',3,(#3106,#3107,#3108,#3109,#3110,#3111,#3112,
#3113,#3114,#3115,#3116),.UNSPECIFIED.,.F.,.F.,(4,1,1,1,1,1,1,1,4),(0.E0,
1.25E-1,2.5E-1,3.75E-1,5.E-1,6.25E-1,7.5E-1,8.75E-1,1.E0),.UNSPECIFIED.);
#3130=B_SPLINE_CURVE_WITH_KNOTS('',3,(#3118,#3119,#3120,#3121,#3122,#3123,#3124,
#3125,#3126,#3127,#3128,#3129),.UNSPECIFIED.,.F.,.F.,(4,1,1,1,1,1,1,1,1,4),
(0.E0,1.111111111111E-1,2.222222222222E-1,3.333333333333E-1,4.444444444444E-1,
5.555555555556E-1,6.666666666667E-1,7.777777777778E-1,8.888888888889E-1,1.E0),
.UNSPECIFIED.);
#3151=B_SPLINE_CURVE_WITH_KNOTS('',3,(#3131,#3132,#3133,#3134,#3135,#3136,#3137,
#3138,#3139,#3140,#3141,#3142,#3143,#3144,#3145,#3146,#3147,#3148,#3149,#3150),
.UNSPECIFIED.,.F.,.F.,(4,1,1,1,1,1,1,1,1,1,1,1,1,1,1,1,1,4),(0.E0,
5.882352941176E-2,1.176470588235E-1,1.764705882353E-1,2.352941176471E-1,
2.941176470588E-1,3.529411764706E-1,4.117647058824E-1,4.705882352941E-1,
5.294117647059E-1,5.882352941176E-1,6.470588235294E-1,7.058823529412E-1,
7.647058823529E-1,8.235294117647E-1,8.823529411765E-1,9.411764705882E-1,1.E0),
.UNSPECIFIED.);
#3176=B_SPLINE_CURVE_WITH_KNOTS('',3,(#3156,#3157,#3158,#3159,#3160,#3161,#3162,
#3163,#3164,#3165,#3166,#3167,#3168,#3169,#3170,#3171,#3172,#3173,#3174,#3175),
.UNSPECIFIED.,.F.,.F.,(4,1,1,1,1,1,1,1,1,1,1,1,1,1,1,1,1,4),(0.E0,
5.882352941176E-2,1.176470588235E-1,1.764705882353E-1,2.352941176471E-1,
2.941176470588E-1,3.529411764706E-1,4.117647058824E-1,4.705882352941E-1,
5.294117647059E-1,5.882352941176E-1,6.470588235294E-1,7.058823529412E-1,
7.647058823529E-1,8.235294117647E-1,8.823529411765E-1,9.411764705882E-1,1.E0),
.UNSPECIFIED.);
#3197=B_SPLINE_CURVE_WITH_KNOTS('',3,(#3177,#3178,#3179,#3180,#3181,#3182,#3183,
#3184,#3185,#3186,#3187,#3188,#3189,#3190,#3191,#3192,#3193,#3194,#3195,#3196),
.UNSPECIFIED.,.F.,.F.,(4,1,1,1,1,1,1,1,1,1,1,1,1,1,1,1,1,4),(0.E0,
5.882352941176E-2,1.176470588235E-1,1.764705882353E-1,2.352941176471E-1,
2.941176470588E-1,3.529411764706E-1,4.117647058824E-1,4.705882352941E-1,
5.294117647059E-1,5.882352941176E-1,6.470588235294E-1,7.058823529412E-1,
7.647058823529E-1,8.235294117647E-1,8.823529411765E-1,9.411764705882E-1,1.E0),
.UNSPECIFIED.);
#3222=B_SPLINE_CURVE_WITH_KNOTS('',3,(#3202,#3203,#3204,#3205,#3206,#3207,#3208,
#3209,#3210,#3211,#3212,#3213,#3214,#3215,#3216,#3217,#3218,#3219,#3220,#3221),
.UNSPECIFIED.,.F.,.F.,(4,1,1,1,1,1,1,1,1,1,1,1,1,1,1,1,1,4),(0.E0,
5.882352941176E-2,1.176470588235E-1,1.764705882353E-1,2.352941176471E-1,
2.941176470588E-1,3.529411764706E-1,4.117647058824E-1,4.705882352941E-1,
5.294117647059E-1,5.882352941176E-1,6.470588235294E-1,7.058823529412E-1,
7.647058823529E-1,8.235294117647E-1,8.823529411765E-1,9.411764705882E-1,1.E0),
.UNSPECIFIED.);
#3243=B_SPLINE_CURVE_WITH_KNOTS('',3,(#3223,#3224,#3225,#3226,#3227,#3228,#3229,
#3230,#3231,#3232,#3233,#3234,#3235,#3236,#3237,#3238,#3239,#3240,#3241,#3242),
.UNSPECIFIED.,.F.,.F.,(4,1,1,1,1,1,1,1,1,1,1,1,1,1,1,1,1,4),(0.E0,
5.882352941176E-2,1.176470588235E-1,1.764705882353E-1,2.352941176471E-1,
2.941176470588E-1,3.529411764706E-1,4.117647058824E-1,4.705882352941E-1,
5.294117647059E-1,5.882352941176E-1,6.470588235294E-1,7.058823529412E-1,
7.647058823529E-1,8.235294117647E-1,8.823529411765E-1,9.411764705882E-1,1.E0),
.UNSPECIFIED.);
#3268=B_SPLINE_CURVE_WITH_KNOTS('',3,(#3248,#3249,#3250,#3251,#3252,#3253,#3254,
#3255,#3256,#3257,#3258,#3259,#3260,#3261,#3262,#3263,#3264,#3265,#3266,#3267),
.UNSPECIFIED.,.F.,.F.,(4,1,1,1,1,1,1,1,1,1,1,1,1,1,1,1,1,4),(0.E0,
5.882352941176E-2,1.176470588235E-1,1.764705882353E-1,2.352941176471E-1,
2.941176470588E-1,3.529411764706E-1,4.117647058824E-1,4.705882352941E-1,
5.294117647059E-1,5.882352941176E-1,6.470588235294E-1,7.058823529412E-1,
7.647058823529E-1,8.235294117647E-1,8.823529411765E-1,9.411764705882E-1,1.E0),
.UNSPECIFIED.);
#3289=B_SPLINE_CURVE_WITH_KNOTS('',3,(#3269,#3270,#3271,#3272,#3273,#3274,#3275,
#3276,#3277,#3278,#3279,#3280,#3281,#3282,#3283,#3284,#3285,#3286,#3287,#3288),
.UNSPECIFIED.,.F.,.F.,(4,1,1,1,1,1,1,1,1,1,1,1,1,1,1,1,1,4),(0.E0,
5.882352941176E-2,1.176470588235E-1,1.764705882353E-1,2.352941176471E-1,
2.941176470588E-1,3.529411764706E-1,4.117647058824E-1,4.705882352941E-1,
5.294117647059E-1,5.882352941176E-1,6.470588235294E-1,7.058823529412E-1,
7.647058823529E-1,8.235294117647E-1,8.823529411765E-1,9.411764705882E-1,1.E0),
.UNSPECIFIED.);
#3314=B_SPLINE_CURVE_WITH_KNOTS('',3,(#3294,#3295,#3296,#3297,#3298,#3299,#3300,
#3301,#3302,#3303,#3304,#3305,#3306,#3307,#3308,#3309,#3310,#3311,#3312,#3313),
.UNSPECIFIED.,.F.,.F.,(4,1,1,1,1,1,1,1,1,1,1,1,1,1,1,1,1,4),(0.E0,
5.882352941176E-2,1.176470588235E-1,1.764705882353E-1,2.352941176471E-1,
2.941176470588E-1,3.529411764706E-1,4.117647058824E-1,4.705882352941E-1,
5.294117647059E-1,5.882352941176E-1,6.470588235294E-1,7.058823529412E-1,
7.647058823529E-1,8.235294117647E-1,8.823529411765E-1,9.411764705882E-1,1.E0),
.UNSPECIFIED.);
#3338=B_SPLINE_CURVE_WITH_KNOTS('',3,(#3315,#3316,#3317,#3318,#3319,#3320,#3321,
#3322,#3323,#3324,#3325,#3326,#3327,#3328,#3329,#3330,#3331,#3332,#3333,#3334,
#3335,#3336,#3337),.UNSPECIFIED.,.F.,.F.,(4,1,1,1,1,1,1,1,1,1,1,1,1,1,1,1,1,1,1,
1,4),(0.E0,5.E-2,1.E-1,1.5E-1,2.E-1,2.5E-1,3.E-1,3.5E-1,4.E-1,4.5E-1,5.E-1,
5.5E-1,6.E-1,6.5E-1,7.E-1,7.5E-1,8.E-1,8.5E-1,9.E-1,9.5E-1,1.E0),.UNSPECIFIED.);
#3343=CIRCLE('',#3342,1.229367061317E0);
#3348=CIRCLE('',#3347,1.229367061317E0);
#3364=B_SPLINE_CURVE_WITH_KNOTS('',3,(#3349,#3350,#3351,#3352,#3353,#3354,#3355,
#3356,#3357,#3358,#3359,#3360,#3361,#3362,#3363),.UNSPECIFIED.,.F.,.F.,(4,1,1,1,
1,1,1,1,1,1,1,1,4),(0.E0,8.333333333333E-2,1.666666666667E-1,2.5E-1,
3.333333333333E-1,4.166666666667E-1,5.E-1,5.833333333333E-1,6.666666666667E-1,
7.5E-1,8.333333333333E-1,9.166666666667E-1,1.E0),.UNSPECIFIED.);
#3498=B_SPLINE_CURVE_WITH_KNOTS('',3,(#3369,#3370,#3371,#3372,#3373,#3374,#3375,
#3376,#3377,#3378,#3379,#3380,#3381,#3382,#3383,#3384,#3385,#3386,#3387,#3388,
#3389,#3390,#3391,#3392,#3393,#3394,#3395,#3396,#3397,#3398,#3399,#3400,#3401,
#3402,#3403,#3404,#3405,#3406,#3407,#3408,#3409,#3410,#3411,#3412,#3413,#3414,
#3415,#3416,#3417,#3418,#3419,#3420,#3421,#3422,#3423,#3424,#3425,#3426,#3427,
#3428,#3429,#3430,#3431,#3432,#3433,#3434,#3435,#3436,#3437,#3438,#3439,#3440,
#3441,#3442,#3443,#3444,#3445,#3446,#3447,#3448,#3449,#3450,#3451,#3452,#3453,
#3454,#3455,#3456,#3457,#3458,#3459,#3460,#3461,#3462,#3463,#3464,#3465,#3466,
#3467,#3468,#3469,#3470,#3471,#3472,#3473,#3474,#3475,#3476,#3477,#3478,#3479,
#3480,#3481,#3482,#3483,#3484,#3485,#3486,#3487,#3488,#3489,#3490,#3491,#3492,
#3493,#3494,#3495,#3496,#3497),.UNSPECIFIED.,.F.,.F.,(4,1,1,1,1,1,1,1,1,1,1,1,1,
1,1,1,1,1,1,1,1,1,1,1,1,1,1,1,1,1,1,1,1,1,1,1,1,1,1,1,1,1,1,1,1,1,1,1,1,1,1,1,1,
1,1,1,1,1,1,1,1,1,1,1,1,1,1,1,1,1,1,1,1,1,1,1,1,1,1,1,1,1,1,1,1,1,1,1,1,1,1,1,1,
1,1,1,1,1,1,1,1,1,1,1,1,1,1,1,1,1,1,1,1,1,1,1,1,1,1,1,1,1,1,1,1,1,4),(0.E0,
7.936507936508E-3,1.587301587302E-2,2.380952380952E-2,3.174603174603E-2,
3.968253968254E-2,4.761904761905E-2,5.555555555556E-2,6.349206349206E-2,
7.142857142857E-2,7.936507936508E-2,8.730158730159E-2,9.523809523810E-2,
1.031746031746E-1,1.111111111111E-1,1.190476190476E-1,1.269841269841E-1,
1.349206349206E-1,1.428571428571E-1,1.507936507937E-1,1.587301587302E-1,
1.666666666667E-1,1.746031746032E-1,1.825396825397E-1,1.904761904762E-1,
1.984126984127E-1,2.063492063492E-1,2.142857142857E-1,2.222222222222E-1,
2.301587301587E-1,2.380952380952E-1,2.460317460317E-1,2.539682539683E-1,
2.619047619048E-1,2.698412698413E-1,2.777777777778E-1,2.857142857143E-1,
2.936507936508E-1,3.015873015873E-1,3.095238095238E-1,3.174603174603E-1,
3.253968253968E-1,3.333333333333E-1,3.412698412698E-1,3.492063492063E-1,
3.571428571429E-1,3.650793650794E-1,3.730158730159E-1,3.809523809524E-1,
3.888888888889E-1,3.968253968254E-1,4.047619047619E-1,4.126984126984E-1,
4.206349206349E-1,4.285714285714E-1,4.365079365079E-1,4.444444444444E-1,
4.523809523810E-1,4.603174603175E-1,4.682539682540E-1,4.761904761905E-1,
4.841269841270E-1,4.920634920635E-1,5.E-1,5.079365079365E-1,5.158730158730E-1,
5.238095238095E-1,5.317460317460E-1,5.396825396825E-1,5.476190476190E-1,
5.555555555556E-1,5.634920634921E-1,5.714285714286E-1,5.793650793651E-1,
5.873015873016E-1,5.952380952381E-1,6.031746031746E-1,6.111111111111E-1,
6.190476190476E-1,6.269841269841E-1,6.349206349206E-1,6.428571428571E-1,
6.507936507937E-1,6.587301587302E-1,6.666666666667E-1,6.746031746032E-1,
6.825396825397E-1,6.904761904762E-1,6.984126984127E-1,7.063492063492E-1,
7.142857142857E-1,7.222222222222E-1,7.301587301587E-1,7.380952380952E-1,
7.460317460317E-1,7.539682539683E-1,7.619047619048E-1,7.698412698413E-1,
7.777777777778E-1,7.857142857143E-1,7.936507936508E-1,8.015873015873E-1,
8.095238095238E-1,8.174603174603E-1,8.253968253968E-1,8.333333333333E-1,
8.412698412698E-1,8.492063492063E-1,8.571428571429E-1,8.650793650794E-1,
8.730158730159E-1,8.809523809524E-1,8.888888888889E-1,8.968253968254E-1,
9.047619047619E-1,9.126984126984E-1,9.206349206349E-1,9.285714285714E-1,
9.365079365079E-1,9.444444444444E-1,9.523809523810E-1,9.603174603175E-1,
9.682539682540E-1,9.761904761905E-1,9.841269841270E-1,9.920634920635E-1,1.E0),
.UNSPECIFIED.);
#3631=B_SPLINE_CURVE_WITH_KNOTS('',3,(#3503,#3504,#3505,#3506,#3507,#3508,#3509,
#3510,#3511,#3512,#3513,#3514,#3515,#3516,#3517,#3518,#3519,#3520,#3521,#3522,
#3523,#3524,#3525,#3526,#3527,#3528,#3529,#3530,#3531,#3532,#3533,#3534,#3535,
#3536,#3537,#3538,#3539,#3540,#3541,#3542,#3543,#3544,#3545,#3546,#3547,#3548,
#3549,#3550,#3551,#3552,#3553,#3554,#3555,#3556,#3557,#3558,#3559,#3560,#3561,
#3562,#3563,#3564,#3565,#3566,#3567,#3568,#3569,#3570,#3571,#3572,#3573,#3574,
#3575,#3576,#3577,#3578,#3579,#3580,#3581,#3582,#3583,#3584,#3585,#3586,#3587,
#3588,#3589,#3590,#3591,#3592,#3593,#3594,#3595,#3596,#3597,#3598,#3599,#3600,
#3601,#3602,#3603,#3604,#3605,#3606,#3607,#3608,#3609,#3610,#3611,#3612,#3613,
#3614,#3615,#3616,#3617,#3618,#3619,#3620,#3621,#3622,#3623,#3624,#3625,#3626,
#3627,#3628,#3629,#3630),.UNSPECIFIED.,.F.,.F.,(4,1,1,1,1,1,1,1,1,1,1,1,1,1,1,1,
1,1,1,1,1,1,1,1,1,1,1,1,1,1,1,1,1,1,1,1,1,1,1,1,1,1,1,1,1,1,1,1,1,1,1,1,1,1,1,1,
1,1,1,1,1,1,1,1,1,1,1,1,1,1,1,1,1,1,1,1,1,1,1,1,1,1,1,1,1,1,1,1,1,1,1,1,1,1,1,1,
1,1,1,1,1,1,1,1,1,1,1,1,1,1,1,1,1,1,1,1,1,1,1,1,1,1,1,1,1,4),(0.E0,8.E-3,1.6E-2,
2.4E-2,3.2E-2,4.E-2,4.8E-2,5.6E-2,6.4E-2,7.2E-2,8.E-2,8.8E-2,9.6E-2,1.04E-1,
1.12E-1,1.2E-1,1.28E-1,1.36E-1,1.44E-1,1.52E-1,1.6E-1,1.68E-1,1.76E-1,1.84E-1,
1.92E-1,2.E-1,2.08E-1,2.16E-1,2.24E-1,2.32E-1,2.4E-1,2.48E-1,2.56E-1,2.64E-1,
2.72E-1,2.8E-1,2.88E-1,2.96E-1,3.04E-1,3.12E-1,3.2E-1,3.28E-1,3.36E-1,3.44E-1,
3.52E-1,3.6E-1,3.68E-1,3.76E-1,3.84E-1,3.92E-1,4.E-1,4.08E-1,4.16E-1,4.24E-1,
4.32E-1,4.4E-1,4.48E-1,4.56E-1,4.64E-1,4.72E-1,4.8E-1,4.88E-1,4.96E-1,5.04E-1,
5.12E-1,5.2E-1,5.28E-1,5.36E-1,5.44E-1,5.52E-1,5.6E-1,5.68E-1,5.76E-1,5.84E-1,
5.92E-1,6.E-1,6.08E-1,6.16E-1,6.24E-1,6.32E-1,6.4E-1,6.48E-1,6.56E-1,6.64E-1,
6.72E-1,6.8E-1,6.88E-1,6.96E-1,7.04E-1,7.12E-1,7.2E-1,7.28E-1,7.36E-1,7.44E-1,
7.52E-1,7.6E-1,7.68E-1,7.76E-1,7.84E-1,7.92E-1,8.E-1,8.08E-1,8.16E-1,8.24E-1,
8.32E-1,8.4E-1,8.48E-1,8.56E-1,8.64E-1,8.72E-1,8.8E-1,8.88E-1,8.96E-1,9.04E-1,
9.12E-1,9.2E-1,9.28E-1,9.36E-1,9.44E-1,9.52E-1,9.6E-1,9.68E-1,9.76E-1,9.84E-1,
9.92E-1,1.E0),.UNSPECIFIED.);
#3639=B_SPLINE_CURVE_WITH_KNOTS('',3,(#3632,#3633,#3634,#3635,#3636,#3637,
#3638),.UNSPECIFIED.,.F.,.F.,(4,1,1,1,4),(0.E0,2.5E-1,5.E-1,7.5E-1,1.E0),
.UNSPECIFIED.);
#3647=B_SPLINE_CURVE_WITH_KNOTS('',3,(#3640,#3641,#3642,#3643,#3644,#3645,
#3646),.UNSPECIFIED.,.F.,.F.,(4,1,1,1,4),(0.E0,2.5E-1,5.E-1,7.5E-1,1.E0),
.UNSPECIFIED.);
#3777=B_SPLINE_CURVE_WITH_KNOTS('',3,(#3648,#3649,#3650,#3651,#3652,#3653,#3654,
#3655,#3656,#3657,#3658,#3659,#3660,#3661,#3662,#3663,#3664,#3665,#3666,#3667,
#3668,#3669,#3670,#3671,#3672,#3673,#3674,#3675,#3676,#3677,#3678,#3679,#3680,
#3681,#3682,#3683,#3684,#3685,#3686,#3687,#3688,#3689,#3690,#3691,#3692,#3693,
#3694,#3695,#3696,#3697,#3698,#3699,#3700,#3701,#3702,#3703,#3704,#3705,#3706,
#3707,#3708,#3709,#3710,#3711,#3712,#3713,#3714,#3715,#3716,#3717,#3718,#3719,
#3720,#3721,#3722,#3723,#3724,#3725,#3726,#3727,#3728,#3729,#3730,#3731,#3732,
#3733,#3734,#3735,#3736,#3737,#3738,#3739,#3740,#3741,#3742,#3743,#3744,#3745,
#3746,#3747,#3748,#3749,#3750,#3751,#3752,#3753,#3754,#3755,#3756,#3757,#3758,
#3759,#3760,#3761,#3762,#3763,#3764,#3765,#3766,#3767,#3768,#3769,#3770,#3771,
#3772,#3773,#3774,#3775,#3776),.UNSPECIFIED.,.F.,.F.,(4,1,1,1,1,1,1,1,1,1,1,1,1,
1,1,1,1,1,1,1,1,1,1,1,1,1,1,1,1,1,1,1,1,1,1,1,1,1,1,1,1,1,1,1,1,1,1,1,1,1,1,1,1,
1,1,1,1,1,1,1,1,1,1,1,1,1,1,1,1,1,1,1,1,1,1,1,1,1,1,1,1,1,1,1,1,1,1,1,1,1,1,1,1,
1,1,1,1,1,1,1,1,1,1,1,1,1,1,1,1,1,1,1,1,1,1,1,1,1,1,1,1,1,1,1,1,1,4),(0.E0,
7.936507936508E-3,1.587301587302E-2,2.380952380952E-2,3.174603174603E-2,
3.968253968254E-2,4.761904761905E-2,5.555555555556E-2,6.349206349206E-2,
7.142857142857E-2,7.936507936508E-2,8.730158730159E-2,9.523809523810E-2,
1.031746031746E-1,1.111111111111E-1,1.190476190476E-1,1.269841269841E-1,
1.349206349206E-1,1.428571428571E-1,1.507936507937E-1,1.587301587302E-1,
1.666666666667E-1,1.746031746032E-1,1.825396825397E-1,1.904761904762E-1,
1.984126984127E-1,2.063492063492E-1,2.142857142857E-1,2.222222222222E-1,
2.301587301587E-1,2.380952380952E-1,2.460317460317E-1,2.539682539683E-1,
2.619047619048E-1,2.698412698413E-1,2.777777777778E-1,2.857142857143E-1,
2.936507936508E-1,3.015873015873E-1,3.095238095238E-1,3.174603174603E-1,
3.253968253968E-1,3.333333333333E-1,3.412698412698E-1,3.492063492063E-1,
3.571428571429E-1,3.650793650794E-1,3.730158730159E-1,3.809523809524E-1,
3.888888888889E-1,3.968253968254E-1,4.047619047619E-1,4.126984126984E-1,
4.206349206349E-1,4.285714285714E-1,4.365079365079E-1,4.444444444444E-1,
4.523809523810E-1,4.603174603175E-1,4.682539682540E-1,4.761904761905E-1,
4.841269841270E-1,4.920634920635E-1,5.E-1,5.079365079365E-1,5.158730158730E-1,
5.238095238095E-1,5.317460317460E-1,5.396825396825E-1,5.476190476190E-1,
5.555555555556E-1,5.634920634921E-1,5.714285714286E-1,5.793650793651E-1,
5.873015873016E-1,5.952380952381E-1,6.031746031746E-1,6.111111111111E-1,
6.190476190476E-1,6.269841269841E-1,6.349206349206E-1,6.428571428571E-1,
6.507936507937E-1,6.587301587302E-1,6.666666666667E-1,6.746031746032E-1,
6.825396825397E-1,6.904761904762E-1,6.984126984127E-1,7.063492063492E-1,
7.142857142857E-1,7.222222222222E-1,7.301587301587E-1,7.380952380952E-1,
7.460317460317E-1,7.539682539683E-1,7.619047619048E-1,7.698412698413E-1,
7.777777777778E-1,7.857142857143E-1,7.936507936508E-1,8.015873015873E-1,
8.095238095238E-1,8.174603174603E-1,8.253968253968E-1,8.333333333333E-1,
8.412698412698E-1,8.492063492063E-1,8.571428571429E-1,8.650793650794E-1,
8.730158730159E-1,8.809523809524E-1,8.888888888889E-1,8.968253968254E-1,
9.047619047619E-1,9.126984126984E-1,9.206349206349E-1,9.285714285714E-1,
9.365079365079E-1,9.444444444444E-1,9.523809523810E-1,9.603174603175E-1,
9.682539682540E-1,9.761904761905E-1,9.841269841270E-1,9.920634920635E-1,1.E0),
.UNSPECIFIED.);
#3871=B_SPLINE_CURVE_WITH_KNOTS('',3,(#3778,#3779,#3780,#3781,#3782,#3783,#3784,
#3785,#3786,#3787,#3788,#3789,#3790,#3791,#3792,#3793,#3794,#3795,#3796,#3797,
#3798,#3799,#3800,#3801,#3802,#3803,#3804,#3805,#3806,#3807,#3808,#3809,#3810,
#3811,#3812,#3813,#3814,#3815,#3816,#3817,#3818,#3819,#3820,#3821,#3822,#3823,
#3824,#3825,#3826,#3827,#3828,#3829,#3830,#3831,#3832,#3833,#3834,#3835,#3836,
#3837,#3838,#3839,#3840,#3841,#3842,#3843,#3844,#3845,#3846,#3847,#3848,#3849,
#3850,#3851,#3852,#3853,#3854,#3855,#3856,#3857,#3858,#3859,#3860,#3861,#3862,
#3863,#3864,#3865,#3866,#3867,#3868,#3869,#3870),.UNSPECIFIED.,.F.,.F.,(4,1,1,1,
1,1,1,1,1,1,1,1,1,1,1,1,1,1,1,1,1,1,1,1,1,1,1,1,1,1,1,1,1,1,1,1,1,1,1,1,1,1,1,1,
1,1,1,1,1,1,1,1,1,1,1,1,1,1,1,1,1,1,1,1,1,1,1,1,1,1,1,1,1,1,1,1,1,1,1,1,1,1,1,1,
1,1,1,1,1,1,4),(0.E0,1.111111111111E-2,2.222222222222E-2,3.333333333333E-2,
4.444444444444E-2,5.555555555556E-2,6.666666666667E-2,7.777777777778E-2,
8.888888888889E-2,1.E-1,1.111111111111E-1,1.222222222222E-1,1.333333333333E-1,
1.444444444444E-1,1.555555555556E-1,1.666666666667E-1,1.777777777778E-1,
1.888888888889E-1,2.E-1,2.111111111111E-1,2.222222222222E-1,2.333333333333E-1,
2.444444444444E-1,2.555555555556E-1,2.666666666667E-1,2.777777777778E-1,
2.888888888889E-1,3.E-1,3.111111111111E-1,3.222222222222E-1,3.333333333333E-1,
3.444444444444E-1,3.555555555556E-1,3.666666666667E-1,3.777777777778E-1,
3.888888888889E-1,4.E-1,4.111111111111E-1,4.222222222222E-1,4.333333333333E-1,
4.444444444444E-1,4.555555555556E-1,4.666666666667E-1,4.777777777778E-1,
4.888888888889E-1,5.E-1,5.111111111111E-1,5.222222222222E-1,5.333333333333E-1,
5.444444444444E-1,5.555555555556E-1,5.666666666667E-1,5.777777777778E-1,
5.888888888889E-1,6.E-1,6.111111111111E-1,6.222222222222E-1,6.333333333333E-1,
6.444444444444E-1,6.555555555556E-1,6.666666666667E-1,6.777777777778E-1,
6.888888888889E-1,7.E-1,7.111111111111E-1,7.222222222222E-1,7.333333333333E-1,
7.444444444444E-1,7.555555555556E-1,7.666666666667E-1,7.777777777778E-1,
7.888888888889E-1,8.E-1,8.111111111111E-1,8.222222222222E-1,8.333333333333E-1,
8.444444444444E-1,8.555555555556E-1,8.666666666667E-1,8.777777777778E-1,
8.888888888889E-1,9.E-1,9.111111111111E-1,9.222222222222E-1,9.333333333333E-1,
9.444444444444E-1,9.555555555556E-1,9.666666666667E-1,9.777777777778E-1,
9.888888888889E-1,1.E0),.UNSPECIFIED.);
#3880=B_SPLINE_CURVE_WITH_KNOTS('',3,(#3872,#3873,#3874,#3875,#3876,#3877,#3878,
#3879),.UNSPECIFIED.,.F.,.F.,(4,1,1,1,1,4),(0.E0,2.E-1,4.E-1,6.E-1,8.E-1,1.E0),
.UNSPECIFIED.);
#3905=B_SPLINE_CURVE_WITH_KNOTS('',3,(#3889,#3890,#3891,#3892,#3893,#3894,#3895,
#3896,#3897,#3898,#3899,#3900,#3901,#3902,#3903,#3904),.UNSPECIFIED.,.F.,.F.,(4,
1,1,1,1,1,1,1,1,1,1,1,1,4),(0.E0,7.692307692308E-2,1.538461538462E-1,
2.307692307692E-1,3.076923076923E-1,3.846153846154E-1,4.615384615385E-1,
5.384615384615E-1,6.153846153846E-1,6.923076923077E-1,7.692307692308E-1,
8.461538461538E-1,9.230769230769E-1,1.E0),.UNSPECIFIED.);
#3979=B_SPLINE_CURVE_WITH_KNOTS('',3,(#3906,#3907,#3908,#3909,#3910,#3911,#3912,
#3913,#3914,#3915,#3916,#3917,#3918,#3919,#3920,#3921,#3922,#3923,#3924,#3925,
#3926,#3927,#3928,#3929,#3930,#3931,#3932,#3933,#3934,#3935,#3936,#3937,#3938,
#3939,#3940,#3941,#3942,#3943,#3944,#3945,#3946,#3947,#3948,#3949,#3950,#3951,
#3952,#3953,#3954,#3955,#3956,#3957,#3958,#3959,#3960,#3961,#3962,#3963,#3964,
#3965,#3966,#3967,#3968,#3969,#3970,#3971,#3972,#3973,#3974,#3975,#3976,#3977,
#3978),.UNSPECIFIED.,.F.,.F.,(4,1,1,1,1,1,1,1,1,1,1,1,1,1,1,1,1,1,1,1,1,1,1,1,1,
1,1,1,1,1,1,1,1,1,1,1,1,1,1,1,1,1,1,1,1,1,1,1,1,1,1,1,1,1,1,1,1,1,1,1,1,1,1,1,1,
1,1,1,1,1,4),(0.E0,1.428571428571E-2,2.857142857143E-2,4.285714285714E-2,
5.714285714286E-2,7.142857142857E-2,8.571428571429E-2,1.E-1,1.142857142857E-1,
1.285714285714E-1,1.428571428571E-1,1.571428571429E-1,1.714285714286E-1,
1.857142857143E-1,2.E-1,2.142857142857E-1,2.285714285714E-1,2.428571428571E-1,
2.571428571429E-1,2.714285714286E-1,2.857142857143E-1,3.E-1,3.142857142857E-1,
3.285714285714E-1,3.428571428571E-1,3.571428571429E-1,3.714285714286E-1,
3.857142857143E-1,4.E-1,4.142857142857E-1,4.285714285714E-1,4.428571428571E-1,
4.571428571429E-1,4.714285714286E-1,4.857142857143E-1,5.E-1,5.142857142857E-1,
5.285714285714E-1,5.428571428571E-1,5.571428571429E-1,5.714285714286E-1,
5.857142857143E-1,6.E-1,6.142857142857E-1,6.285714285714E-1,6.428571428571E-1,
6.571428571429E-1,6.714285714286E-1,6.857142857143E-1,7.E-1,7.142857142857E-1,
7.285714285714E-1,7.428571428571E-1,7.571428571429E-1,7.714285714286E-1,
7.857142857143E-1,8.E-1,8.142857142857E-1,8.285714285714E-1,8.428571428571E-1,
8.571428571429E-1,8.714285714286E-1,8.857142857143E-1,9.E-1,9.142857142857E-1,
9.285714285714E-1,9.428571428571E-1,9.571428571429E-1,9.714285714286E-1,
9.857142857143E-1,1.E0),.UNSPECIFIED.);
#3997=B_SPLINE_CURVE_WITH_KNOTS('',3,(#3980,#3981,#3982,#3983,#3984,#3985,#3986,
#3987,#3988,#3989,#3990,#3991,#3992,#3993,#3994,#3995,#3996),.UNSPECIFIED.,.F.,
.F.,(4,1,1,1,1,1,1,1,1,1,1,1,1,1,4),(0.E0,7.142857142857E-2,1.428571428571E-1,
2.142857142857E-1,2.857142857143E-1,3.571428571429E-1,4.285714285714E-1,5.E-1,
5.714285714286E-1,6.428571428571E-1,7.142857142857E-1,7.857142857143E-1,
8.571428571429E-1,9.285714285714E-1,1.E0),.UNSPECIFIED.);
#4087=B_SPLINE_CURVE_WITH_KNOTS('',3,(#3998,#3999,#4000,#4001,#4002,#4003,#4004,
#4005,#4006,#4007,#4008,#4009,#4010,#4011,#4012,#4013,#4014,#4015,#4016,#4017,
#4018,#4019,#4020,#4021,#4022,#4023,#4024,#4025,#4026,#4027,#4028,#4029,#4030,
#4031,#4032,#4033,#4034,#4035,#4036,#4037,#4038,#4039,#4040,#4041,#4042,#4043,
#4044,#4045,#4046,#4047,#4048,#4049,#4050,#4051,#4052,#4053,#4054,#4055,#4056,
#4057,#4058,#4059,#4060,#4061,#4062,#4063,#4064,#4065,#4066,#4067,#4068,#4069,
#4070,#4071,#4072,#4073,#4074,#4075,#4076,#4077,#4078,#4079,#4080,#4081,#4082,
#4083,#4084,#4085,#4086),.UNSPECIFIED.,.F.,.F.,(4,1,1,1,1,1,1,1,1,1,1,1,1,1,1,1,
1,1,1,1,1,1,1,1,1,1,1,1,1,1,1,1,1,1,1,1,1,1,1,1,1,1,1,1,1,1,1,1,1,1,1,1,1,1,1,1,
1,1,1,1,1,1,1,1,1,1,1,1,1,1,1,1,1,1,1,1,1,1,1,1,1,1,1,1,1,1,4),(0.E0,
1.162790697674E-2,2.325581395349E-2,3.488372093023E-2,4.651162790698E-2,
5.813953488372E-2,6.976744186047E-2,8.139534883721E-2,9.302325581395E-2,
1.046511627907E-1,1.162790697674E-1,1.279069767442E-1,1.395348837209E-1,
1.511627906977E-1,1.627906976744E-1,1.744186046512E-1,1.860465116279E-1,
1.976744186047E-1,2.093023255814E-1,2.209302325581E-1,2.325581395349E-1,
2.441860465116E-1,2.558139534884E-1,2.674418604651E-1,2.790697674419E-1,
2.906976744186E-1,3.023255813953E-1,3.139534883721E-1,3.255813953488E-1,
3.372093023256E-1,3.488372093023E-1,3.604651162791E-1,3.720930232558E-1,
3.837209302326E-1,3.953488372093E-1,4.069767441860E-1,4.186046511628E-1,
4.302325581395E-1,4.418604651163E-1,4.534883720930E-1,4.651162790698E-1,
4.767441860465E-1,4.883720930233E-1,5.E-1,5.116279069767E-1,5.232558139535E-1,
5.348837209302E-1,5.465116279070E-1,5.581395348837E-1,5.697674418605E-1,
5.813953488372E-1,5.930232558140E-1,6.046511627907E-1,6.162790697674E-1,
6.279069767442E-1,6.395348837209E-1,6.511627906977E-1,6.627906976744E-1,
6.744186046512E-1,6.860465116279E-1,6.976744186047E-1,7.093023255814E-1,
7.209302325581E-1,7.325581395349E-1,7.441860465116E-1,7.558139534884E-1,
7.674418604651E-1,7.790697674419E-1,7.906976744186E-1,8.023255813953E-1,
8.139534883721E-1,8.255813953488E-1,8.372093023256E-1,8.488372093023E-1,
8.604651162791E-1,8.720930232558E-1,8.837209302326E-1,8.953488372093E-1,
9.069767441860E-1,9.186046511628E-1,9.302325581395E-1,9.418604651163E-1,
9.534883720930E-1,9.651162790698E-1,9.767441860465E-1,9.883720930233E-1,1.E0),
.UNSPECIFIED.);
#4217=B_SPLINE_CURVE_WITH_KNOTS('',3,(#4088,#4089,#4090,#4091,#4092,#4093,#4094,
#4095,#4096,#4097,#4098,#4099,#4100,#4101,#4102,#4103,#4104,#4105,#4106,#4107,
#4108,#4109,#4110,#4111,#4112,#4113,#4114,#4115,#4116,#4117,#4118,#4119,#4120,
#4121,#4122,#4123,#4124,#4125,#4126,#4127,#4128,#4129,#4130,#4131,#4132,#4133,
#4134,#4135,#4136,#4137,#4138,#4139,#4140,#4141,#4142,#4143,#4144,#4145,#4146,
#4147,#4148,#4149,#4150,#4151,#4152,#4153,#4154,#4155,#4156,#4157,#4158,#4159,
#4160,#4161,#4162,#4163,#4164,#4165,#4166,#4167,#4168,#4169,#4170,#4171,#4172,
#4173,#4174,#4175,#4176,#4177,#4178,#4179,#4180,#4181,#4182,#4183,#4184,#4185,
#4186,#4187,#4188,#4189,#4190,#4191,#4192,#4193,#4194,#4195,#4196,#4197,#4198,
#4199,#4200,#4201,#4202,#4203,#4204,#4205,#4206,#4207,#4208,#4209,#4210,#4211,
#4212,#4213,#4214,#4215,#4216),.UNSPECIFIED.,.F.,.F.,(4,1,1,1,1,1,1,1,1,1,1,1,1,
1,1,1,1,1,1,1,1,1,1,1,1,1,1,1,1,1,1,1,1,1,1,1,1,1,1,1,1,1,1,1,1,1,1,1,1,1,1,1,1,
1,1,1,1,1,1,1,1,1,1,1,1,1,1,1,1,1,1,1,1,1,1,1,1,1,1,1,1,1,1,1,1,1,1,1,1,1,1,1,1,
1,1,1,1,1,1,1,1,1,1,1,1,1,1,1,1,1,1,1,1,1,1,1,1,1,1,1,1,1,1,1,1,1,4),(0.E0,
7.936507936508E-3,1.587301587302E-2,2.380952380952E-2,3.174603174603E-2,
3.968253968254E-2,4.761904761905E-2,5.555555555556E-2,6.349206349206E-2,
7.142857142857E-2,7.936507936508E-2,8.730158730159E-2,9.523809523810E-2,
1.031746031746E-1,1.111111111111E-1,1.190476190476E-1,1.269841269841E-1,
1.349206349206E-1,1.428571428571E-1,1.507936507937E-1,1.587301587302E-1,
1.666666666667E-1,1.746031746032E-1,1.825396825397E-1,1.904761904762E-1,
1.984126984127E-1,2.063492063492E-1,2.142857142857E-1,2.222222222222E-1,
2.301587301587E-1,2.380952380952E-1,2.460317460317E-1,2.539682539683E-1,
2.619047619048E-1,2.698412698413E-1,2.777777777778E-1,2.857142857143E-1,
2.936507936508E-1,3.015873015873E-1,3.095238095238E-1,3.174603174603E-1,
3.253968253968E-1,3.333333333333E-1,3.412698412698E-1,3.492063492063E-1,
3.571428571429E-1,3.650793650794E-1,3.730158730159E-1,3.809523809524E-1,
3.888888888889E-1,3.968253968254E-1,4.047619047619E-1,4.126984126984E-1,
4.206349206349E-1,4.285714285714E-1,4.365079365079E-1,4.444444444444E-1,
4.523809523810E-1,4.603174603175E-1,4.682539682540E-1,4.761904761905E-1,
4.841269841270E-1,4.920634920635E-1,5.E-1,5.079365079365E-1,5.158730158730E-1,
5.238095238095E-1,5.317460317460E-1,5.396825396825E-1,5.476190476190E-1,
5.555555555556E-1,5.634920634921E-1,5.714285714286E-1,5.793650793651E-1,
5.873015873016E-1,5.952380952381E-1,6.031746031746E-1,6.111111111111E-1,
6.190476190476E-1,6.269841269841E-1,6.349206349206E-1,6.428571428571E-1,
6.507936507937E-1,6.587301587302E-1,6.666666666667E-1,6.746031746032E-1,
6.825396825397E-1,6.904761904762E-1,6.984126984127E-1,7.063492063492E-1,
7.142857142857E-1,7.222222222222E-1,7.301587301587E-1,7.380952380952E-1,
7.460317460317E-1,7.539682539683E-1,7.619047619048E-1,7.698412698413E-1,
7.777777777778E-1,7.857142857143E-1,7.936507936508E-1,8.015873015873E-1,
8.095238095238E-1,8.174603174603E-1,8.253968253968E-1,8.333333333333E-1,
8.412698412698E-1,8.492063492063E-1,8.571428571429E-1,8.650793650794E-1,
8.730158730159E-1,8.809523809524E-1,8.888888888889E-1,8.968253968254E-1,
9.047619047619E-1,9.126984126984E-1,9.206349206349E-1,9.285714285714E-1,
9.365079365079E-1,9.444444444444E-1,9.523809523810E-1,9.603174603175E-1,
9.682539682540E-1,9.761904761905E-1,9.841269841270E-1,9.920634920635E-1,1.E0),
.UNSPECIFIED.);
#4232=B_SPLINE_CURVE_WITH_KNOTS('',3,(#4226,#4227,#4228,#4229,#4230,#4231),
.UNSPECIFIED.,.F.,.F.,(4,1,1,4),(0.E0,3.333333333333E-1,6.666666666667E-1,1.E0),
.UNSPECIFIED.);
#4247=B_SPLINE_CURVE_WITH_KNOTS('',3,(#4233,#4234,#4235,#4236,#4237,#4238,#4239,
#4240,#4241,#4242,#4243,#4244,#4245,#4246),.UNSPECIFIED.,.F.,.F.,(4,1,1,1,1,1,1,
1,1,1,1,4),(0.E0,9.090909090909E-2,1.818181818182E-1,2.727272727273E-1,
3.636363636364E-1,4.545454545455E-1,5.454545454545E-1,6.363636363636E-1,
7.272727272727E-1,8.181818181818E-1,9.090909090909E-1,1.E0),.UNSPECIFIED.);
#5132=EDGE_CURVE('',#4398,#4404,#137,.T.);
#5134=EDGE_CURVE('',#4398,#4404,#142,.T.);
#5138=EDGE_CURVE('',#5111,#5112,#119,.T.);
#5140=EDGE_CURVE('',#5112,#5111,#124,.T.);
#5144=ADVANCED_FACE('',(#5137,#5143),#5131,.T.);
#5150=EDGE_CURVE('',#4398,#4399,#128,.T.);
#5152=EDGE_CURVE('',#4399,#4405,#162,.T.);
#5154=EDGE_CURVE('',#4404,#4405,#132,.T.);
#5159=ADVANCED_FACE('',(#5158),#5149,.T.);
#5168=EDGE_CURVE('',#4399,#4405,#147,.T.);
#5172=ADVANCED_FACE('',(#5171),#5164,.T.);
#5178=EDGE_CURVE('',#4399,#4401,#152,.T.);
#5181=EDGE_CURVE('',#4405,#4407,#157,.T.);
#5183=EDGE_CURVE('',#4401,#4407,#167,.T.);
#5187=ADVANCED_FACE('',(#5186),#5177,.F.);
#5194=EDGE_CURVE('',#4401,#4407,#172,.T.);
#5200=ADVANCED_FACE('',(#5199),#5192,.F.);
#5206=EDGE_CURVE('',#4414,#4415,#177,.T.);
#5208=EDGE_CURVE('',#4415,#4414,#182,.T.);
#5216=ADVANCED_FACE('',(#5211,#5215),#5205,.T.);
#5222=EDGE_CURVE('',#4879,#4871,#188,.T.);
#5224=EDGE_CURVE('',#4871,#4863,#1162,.T.);
#5226=EDGE_CURVE('',#4863,#4867,#194,.T.);
#5228=EDGE_CURVE('',#4867,#4859,#200,.T.);
#5230=EDGE_CURVE('',#4859,#4851,#1144,.T.);
#5232=EDGE_CURVE('',#4851,#4855,#206,.T.);
#5234=EDGE_CURVE('',#4855,#4847,#212,.T.);
#5236=EDGE_CURVE('',#4847,#4839,#1126,.T.);
#5238=EDGE_CURVE('',#4839,#4843,#218,.T.);
#5240=EDGE_CURVE('',#4843,#4835,#224,.T.);
#5242=EDGE_CURVE('',#4835,#4827,#1108,.T.);
#5244=EDGE_CURVE('',#4827,#4831,#230,.T.);
#5246=EDGE_CURVE('',#4831,#4823,#236,.T.);
#5248=EDGE_CURVE('',#4823,#4815,#1090,.T.);
#5250=EDGE_CURVE('',#4815,#4819,#242,.T.);
#5252=EDGE_CURVE('',#4819,#4811,#248,.T.);
#5254=EDGE_CURVE('',#4811,#4803,#1072,.T.);
#5256=EDGE_CURVE('',#4803,#4807,#254,.T.);
#5258=EDGE_CURVE('',#4807,#4799,#260,.T.);
#5260=EDGE_CURVE('',#4799,#4791,#1054,.T.);
#5262=EDGE_CURVE('',#4791,#4795,#266,.T.);
#5264=EDGE_CURVE('',#4795,#4787,#272,.T.);
#5266=EDGE_CURVE('',#4787,#4779,#1036,.T.);
#5268=EDGE_CURVE('',#4779,#4783,#278,.T.);
#5270=EDGE_CURVE('',#4783,#4775,#284,.T.);
#5272=EDGE_CURVE('',#4775,#4767,#1018,.T.);
#5274=EDGE_CURVE('',#4767,#4771,#290,.T.);
#5276=EDGE_CURVE('',#4771,#4763,#296,.T.);
#5278=EDGE_CURVE('',#4763,#4755,#1000,.T.);
#5280=EDGE_CURVE('',#4755,#4759,#302,.T.);
#5282=EDGE_CURVE('',#4759,#4751,#308,.T.);
#5284=EDGE_CURVE('',#4751,#4743,#982,.T.);
#5286=EDGE_CURVE('',#4743,#4747,#314,.T.);
#5288=EDGE_CURVE('',#4747,#4739,#320,.T.);
#5290=EDGE_CURVE('',#4739,#4731,#964,.T.);
#5292=EDGE_CURVE('',#4731,#4735,#326,.T.);
#5294=EDGE_CURVE('',#4735,#4727,#332,.T.);
#5296=EDGE_CURVE('',#4727,#4719,#946,.T.);
#5298=EDGE_CURVE('',#4719,#4723,#338,.T.);
#5300=EDGE_CURVE('',#4723,#4715,#344,.T.);
#5302=EDGE_CURVE('',#4715,#4707,#928,.T.);
#5304=EDGE_CURVE('',#4707,#4711,#350,.T.);
#5306=EDGE_CURVE('',#4711,#4703,#356,.T.);
#5308=EDGE_CURVE('',#4703,#4695,#910,.T.);
#5310=EDGE_CURVE('',#4695,#4699,#362,.T.);
#5312=EDGE_CURVE('',#4699,#4691,#368,.T.);
#5314=EDGE_CURVE('',#4691,#4683,#892,.T.);
#5316=EDGE_CURVE('',#4683,#4687,#374,.T.);
#5318=EDGE_CURVE('',#4687,#4679,#380,.T.);
#5320=EDGE_CURVE('',#4679,#4671,#874,.T.);
#5322=EDGE_CURVE('',#4671,#4675,#386,.T.);
#5324=EDGE_CURVE('',#4675,#4667,#392,.T.);
#5326=EDGE_CURVE('',#4667,#4659,#856,.T.);
#5328=EDGE_CURVE('',#4659,#4663,#398,.T.);
#5330=EDGE_CURVE('',#4663,#4655,#404,.T.);
#5332=EDGE_CURVE('',#4655,#4647,#838,.T.);
#5334=EDGE_CURVE('',#4647,#4651,#410,.T.);
#5336=EDGE_CURVE('',#4651,#4643,#416,.T.);
#5338=EDGE_CURVE('',#4643,#4635,#820,.T.);
#5340=EDGE_CURVE('',#4635,#4639,#422,.T.);
#5342=EDGE_CURVE('',#4639,#4631,#428,.T.);
#5344=EDGE_CURVE('',#4631,#4623,#802,.T.);
#5346=EDGE_CURVE('',#4623,#4627,#434,.T.);
#5348=EDGE_CURVE('',#4627,#4619,#440,.T.);
#5350=EDGE_CURVE('',#4619,#4611,#784,.T.);
#5352=EDGE_CURVE('',#4611,#4615,#446,.T.);
#5354=EDGE_CURVE('',#4615,#4607,#452,.T.);
#5356=EDGE_CURVE('',#4607,#4599,#766,.T.);
#5358=EDGE_CURVE('',#4599,#4603,#458,.T.);
#5360=EDGE_CURVE('',#4603,#4595,#464,.T.);
#5362=EDGE_CURVE('',#4595,#4587,#748,.T.);
#5364=EDGE_CURVE('',#4587,#4591,#470,.T.);
#5366=EDGE_CURVE('',#4591,#4583,#476,.T.);
#5368=EDGE_CURVE('',#4583,#4421,#730,.T.);
#5370=EDGE_CURVE('',#4421,#4415,#1548,.T.);
#5373=EDGE_CURVE('',#4423,#4414,#480,.T.);
#5375=EDGE_CURVE('',#4423,#4875,#1185,.T.);
#5377=EDGE_CURVE('',#4875,#4879,#486,.T.);
#5381=ADVANCED_FACE('',(#5380),#5221,.T.);
#5387=EDGE_CURVE('',#4870,#4871,#1148,.T.);
#5390=EDGE_CURVE('',#4878,#4879,#2378,.T.);
#5392=EDGE_CURVE('',#4870,#4878,#2076,.T.);
#5396=ADVANCED_FACE('',(#5395),#5386,.F.);
#5402=EDGE_CURVE('',#4438,#4439,#490,.T.);
#5404=EDGE_CURVE('',#4438,#4434,#495,.T.);
#5406=EDGE_CURVE('',#4434,#4435,#499,.T.);
#5408=EDGE_CURVE('',#4439,#4435,#504,.T.);
#5412=ADVANCED_FACE('',(#5411),#5401,.T.);
#5418=EDGE_CURVE('',#4450,#4451,#508,.T.);
#5420=EDGE_CURVE('',#4450,#4442,#513,.T.);
#5422=EDGE_CURVE('',#4442,#4443,#517,.T.);
#5424=EDGE_CURVE('',#4451,#4443,#522,.T.);
#5428=ADVANCED_FACE('',(#5427),#5417,.T.);
#5434=EDGE_CURVE('',#4462,#4463,#526,.T.);
#5436=EDGE_CURVE('',#4462,#4454,#531,.T.);
#5438=EDGE_CURVE('',#4454,#4455,#535,.T.);
#5440=EDGE_CURVE('',#4463,#4455,#540,.T.);
#5444=ADVANCED_FACE('',(#5443),#5433,.T.);
#5450=EDGE_CURVE('',#4474,#4475,#544,.T.);
#5452=EDGE_CURVE('',#4474,#4466,#549,.T.);
#5454=EDGE_CURVE('',#4466,#4467,#553,.T.);
#5456=EDGE_CURVE('',#4475,#4467,#558,.T.);
#5460=ADVANCED_FACE('',(#5459),#5449,.T.);
#5466=EDGE_CURVE('',#4486,#4487,#562,.T.);
#5468=EDGE_CURVE('',#4486,#4478,#567,.T.);
#5470=EDGE_CURVE('',#4478,#4479,#571,.T.);
#5472=EDGE_CURVE('',#4487,#4479,#576,.T.);
#5476=ADVANCED_FACE('',(#5475),#5465,.T.);
#5482=EDGE_CURVE('',#4498,#4499,#580,.T.);
#5484=EDGE_CURVE('',#4498,#4490,#585,.T.);
#5486=EDGE_CURVE('',#4490,#4491,#589,.T.);
#5488=EDGE_CURVE('',#4499,#4491,#594,.T.);
#5492=ADVANCED_FACE('',(#5491),#5481,.T.);
#5498=EDGE_CURVE('',#4510,#4511,#598,.T.);
#5500=EDGE_CURVE('',#4510,#4502,#603,.T.);
#5502=EDGE_CURVE('',#4502,#4503,#607,.T.);
#5504=EDGE_CURVE('',#4511,#4503,#612,.T.);
#5508=ADVANCED_FACE('',(#5507),#5497,.T.);
#5514=EDGE_CURVE('',#4522,#4523,#616,.T.);
#5516=EDGE_CURVE('',#4522,#4514,#621,.T.);
#5518=EDGE_CURVE('',#4514,#4515,#625,.T.);
#5520=EDGE_CURVE('',#4523,#4515,#630,.T.);
#5524=ADVANCED_FACE('',(#5523),#5513,.T.);
#5530=EDGE_CURVE('',#4534,#4535,#634,.T.);
#5532=EDGE_CURVE('',#4534,#4526,#639,.T.);
#5534=EDGE_CURVE('',#4526,#4527,#643,.T.);
#5536=EDGE_CURVE('',#4535,#4527,#648,.T.);
#5540=ADVANCED_FACE('',(#5539),#5529,.T.);
#5546=EDGE_CURVE('',#4546,#4547,#652,.T.);
#5548=EDGE_CURVE('',#4546,#4538,#657,.T.);
#5550=EDGE_CURVE('',#4538,#4539,#661,.T.);
#5552=EDGE_CURVE('',#4547,#4539,#666,.T.);
#5556=ADVANCED_FACE('',(#5555),#5545,.T.);
#5562=EDGE_CURVE('',#4558,#4559,#670,.T.);
#5564=EDGE_CURVE('',#4558,#4550,#675,.T.);
#5566=EDGE_CURVE('',#4550,#4551,#679,.T.);
#5568=EDGE_CURVE('',#4559,#4551,#684,.T.);
#5572=ADVANCED_FACE('',(#5571),#5561,.T.);
#5578=EDGE_CURVE('',#4570,#4571,#688,.T.);
#5580=EDGE_CURVE('',#4570,#4562,#693,.T.);
#5582=EDGE_CURVE('',#4562,#4563,#697,.T.);
#5584=EDGE_CURVE('',#4571,#4563,#702,.T.);
#5588=ADVANCED_FACE('',(#5587),#5577,.T.);
#5594=EDGE_CURVE('',#4582,#4583,#706,.T.);
#5596=EDGE_CURVE('',#4582,#4417,#711,.T.);
#5598=EDGE_CURVE('',#4417,#4574,#716,.T.);
#5600=EDGE_CURVE('',#4574,#4575,#720,.T.);
#5602=EDGE_CURVE('',#4421,#4575,#725,.T.);
#5607=ADVANCED_FACE('',(#5606),#5593,.T.);
#5613=EDGE_CURVE('',#4594,#4595,#734,.T.);
#5615=EDGE_CURVE('',#4594,#4586,#739,.T.);
#5617=EDGE_CURVE('',#4586,#4587,#743,.T.);
#5622=ADVANCED_FACE('',(#5621),#5612,.T.);
#5628=EDGE_CURVE('',#4606,#4607,#752,.T.);
#5630=EDGE_CURVE('',#4606,#4598,#757,.T.);
#5632=EDGE_CURVE('',#4598,#4599,#761,.T.);
#5637=ADVANCED_FACE('',(#5636),#5627,.T.);
#5643=EDGE_CURVE('',#4618,#4619,#770,.T.);
#5645=EDGE_CURVE('',#4618,#4610,#775,.T.);
#5647=EDGE_CURVE('',#4610,#4611,#779,.T.);
#5652=ADVANCED_FACE('',(#5651),#5642,.T.);
#5658=EDGE_CURVE('',#4630,#4631,#788,.T.);
#5660=EDGE_CURVE('',#4630,#4622,#793,.T.);
#5662=EDGE_CURVE('',#4622,#4623,#797,.T.);
#5667=ADVANCED_FACE('',(#5666),#5657,.T.);
#5673=EDGE_CURVE('',#4642,#4643,#806,.T.);
#5675=EDGE_CURVE('',#4642,#4634,#811,.T.);
#5677=EDGE_CURVE('',#4634,#4635,#815,.T.);
#5682=ADVANCED_FACE('',(#5681),#5672,.T.);
#5688=EDGE_CURVE('',#4654,#4655,#824,.T.);
#5690=EDGE_CURVE('',#4654,#4646,#829,.T.);
#5692=EDGE_CURVE('',#4646,#4647,#833,.T.);
#5697=ADVANCED_FACE('',(#5696),#5687,.T.);
#5703=EDGE_CURVE('',#4666,#4667,#842,.T.);
#5705=EDGE_CURVE('',#4666,#4658,#847,.T.);
#5707=EDGE_CURVE('',#4658,#4659,#851,.T.);
#5712=ADVANCED_FACE('',(#5711),#5702,.T.);
#5718=EDGE_CURVE('',#4678,#4679,#860,.T.);
#5720=EDGE_CURVE('',#4678,#4670,#865,.T.);
#5722=EDGE_CURVE('',#4670,#4671,#869,.T.);
#5727=ADVANCED_FACE('',(#5726),#5717,.T.);
#5733=EDGE_CURVE('',#4690,#4691,#878,.T.);
#5735=EDGE_CURVE('',#4690,#4682,#883,.T.);
#5737=EDGE_CURVE('',#4682,#4683,#887,.T.);
#5742=ADVANCED_FACE('',(#5741),#5732,.T.);
#5748=EDGE_CURVE('',#4702,#4703,#896,.T.);
#5750=EDGE_CURVE('',#4702,#4694,#901,.T.);
#5752=EDGE_CURVE('',#4694,#4695,#905,.T.);
#5757=ADVANCED_FACE('',(#5756),#5747,.T.);
#5763=EDGE_CURVE('',#4714,#4715,#914,.T.);
#5765=EDGE_CURVE('',#4714,#4706,#919,.T.);
#5767=EDGE_CURVE('',#4706,#4707,#923,.T.);
#5772=ADVANCED_FACE('',(#5771),#5762,.T.);
#5778=EDGE_CURVE('',#4726,#4727,#932,.T.);
#5780=EDGE_CURVE('',#4726,#4718,#937,.T.);
#5782=EDGE_CURVE('',#4718,#4719,#941,.T.);
#5787=ADVANCED_FACE('',(#5786),#5777,.T.);
#5793=EDGE_CURVE('',#4738,#4739,#950,.T.);
#5795=EDGE_CURVE('',#4738,#4730,#955,.T.);
#5797=EDGE_CURVE('',#4730,#4731,#959,.T.);
#5802=ADVANCED_FACE('',(#5801),#5792,.T.);
#5808=EDGE_CURVE('',#4750,#4751,#968,.T.);
#5810=EDGE_CURVE('',#4750,#4742,#973,.T.);
#5812=EDGE_CURVE('',#4742,#4743,#977,.T.);
#5817=ADVANCED_FACE('',(#5816),#5807,.T.);
#5823=EDGE_CURVE('',#4762,#4763,#986,.T.);
#5825=EDGE_CURVE('',#4762,#4754,#991,.T.);
#5827=EDGE_CURVE('',#4754,#4755,#995,.T.);
#5832=ADVANCED_FACE('',(#5831),#5822,.T.);
#5838=EDGE_CURVE('',#4774,#4775,#1004,.T.);
#5840=EDGE_CURVE('',#4774,#4766,#1009,.T.);
#5842=EDGE_CURVE('',#4766,#4767,#1013,.T.);
#5847=ADVANCED_FACE('',(#5846),#5837,.T.);
#5853=EDGE_CURVE('',#4786,#4787,#1022,.T.);
#5855=EDGE_CURVE('',#4786,#4778,#1027,.T.);
#5857=EDGE_CURVE('',#4778,#4779,#1031,.T.);
#5862=ADVANCED_FACE('',(#5861),#5852,.T.);
#5868=EDGE_CURVE('',#4798,#4799,#1040,.T.);
#5870=EDGE_CURVE('',#4798,#4790,#1045,.T.);
#5872=EDGE_CURVE('',#4790,#4791,#1049,.T.);
#5877=ADVANCED_FACE('',(#5876),#5867,.T.);
#5883=EDGE_CURVE('',#4810,#4811,#1058,.T.);
#5885=EDGE_CURVE('',#4810,#4802,#1063,.T.);
#5887=EDGE_CURVE('',#4802,#4803,#1067,.T.);
#5892=ADVANCED_FACE('',(#5891),#5882,.T.);
#5898=EDGE_CURVE('',#4822,#4823,#1076,.T.);
#5900=EDGE_CURVE('',#4822,#4814,#1081,.T.);
#5902=EDGE_CURVE('',#4814,#4815,#1085,.T.);
#5907=ADVANCED_FACE('',(#5906),#5897,.T.);
#5913=EDGE_CURVE('',#4834,#4835,#1094,.T.);
#5915=EDGE_CURVE('',#4834,#4826,#1099,.T.);
#5917=EDGE_CURVE('',#4826,#4827,#1103,.T.);
#5922=ADVANCED_FACE('',(#5921),#5912,.T.);
#5928=EDGE_CURVE('',#4846,#4847,#1112,.T.);
#5930=EDGE_CURVE('',#4846,#4838,#1117,.T.);
#5932=EDGE_CURVE('',#4838,#4839,#1121,.T.);
#5937=ADVANCED_FACE('',(#5936),#5927,.T.);
#5943=EDGE_CURVE('',#4858,#4859,#1130,.T.);
#5945=EDGE_CURVE('',#4858,#4850,#1135,.T.);
#5947=EDGE_CURVE('',#4850,#4851,#1139,.T.);
#5952=ADVANCED_FACE('',(#5951),#5942,.T.);
#5959=EDGE_CURVE('',#4870,#4862,#1153,.T.);
#5961=EDGE_CURVE('',#4862,#4863,#1157,.T.);
#5966=ADVANCED_FACE('',(#5965),#5957,.T.);
#5972=EDGE_CURVE('',#4882,#4883,#1166,.T.);
#5974=EDGE_CURVE('',#4882,#4419,#1171,.T.);
#5976=EDGE_CURVE('',#4419,#4874,#1176,.T.);
#5978=EDGE_CURVE('',#4874,#4875,#1180,.T.);
#5981=EDGE_CURVE('',#4883,#4423,#1190,.T.);
#5985=ADVANCED_FACE('',(#5984),#5971,.T.);
#5991=EDGE_CURVE('',#4894,#4895,#1194,.T.);
#5993=EDGE_CURVE('',#4894,#4886,#1199,.T.);
#5995=EDGE_CURVE('',#4886,#4887,#1203,.T.);
#5997=EDGE_CURVE('',#4895,#4887,#1208,.T.);
#6001=ADVANCED_FACE('',(#6000),#5990,.T.);
#6007=EDGE_CURVE('',#4906,#4907,#1212,.T.);
#6009=EDGE_CURVE('',#4906,#4898,#1217,.T.);
#6011=EDGE_CURVE('',#4898,#4899,#1221,.T.);
#6013=EDGE_CURVE('',#4907,#4899,#1226,.T.);
#6017=ADVANCED_FACE('',(#6016),#6006,.T.);
#6023=EDGE_CURVE('',#4918,#4919,#1230,.T.);
#6025=EDGE_CURVE('',#4918,#4910,#1235,.T.);
#6027=EDGE_CURVE('',#4910,#4911,#1239,.T.);
#6029=EDGE_CURVE('',#4919,#4911,#1244,.T.);
#6033=ADVANCED_FACE('',(#6032),#6022,.T.);
#6039=EDGE_CURVE('',#4930,#4931,#1248,.T.);
#6041=EDGE_CURVE('',#4930,#4922,#1253,.T.);
#6043=EDGE_CURVE('',#4922,#4923,#1257,.T.);
#6045=EDGE_CURVE('',#4931,#4923,#1262,.T.);
#6049=ADVANCED_FACE('',(#6048),#6038,.T.);
#6055=EDGE_CURVE('',#4942,#4943,#1266,.T.);
#6057=EDGE_CURVE('',#4942,#4934,#1271,.T.);
#6059=EDGE_CURVE('',#4934,#4935,#1275,.T.);
#6061=EDGE_CURVE('',#4943,#4935,#1280,.T.);
#6065=ADVANCED_FACE('',(#6064),#6054,.T.);
#6071=EDGE_CURVE('',#4954,#4955,#1284,.T.);
#6073=EDGE_CURVE('',#4954,#4946,#1289,.T.);
#6075=EDGE_CURVE('',#4946,#4947,#1293,.T.);
#6077=EDGE_CURVE('',#4955,#4947,#1298,.T.);
#6081=ADVANCED_FACE('',(#6080),#6070,.T.);
#6087=EDGE_CURVE('',#4966,#4967,#1302,.T.);
#6089=EDGE_CURVE('',#4966,#4958,#1307,.T.);
#6091=EDGE_CURVE('',#4958,#4959,#1311,.T.);
#6093=EDGE_CURVE('',#4967,#4959,#1316,.T.);
#6097=ADVANCED_FACE('',(#6096),#6086,.T.);
#6103=EDGE_CURVE('',#4978,#4979,#1320,.T.);
#6105=EDGE_CURVE('',#4978,#4970,#1325,.T.);
#6107=EDGE_CURVE('',#4970,#4971,#1329,.T.);
#6109=EDGE_CURVE('',#4979,#4971,#1334,.T.);
#6113=ADVANCED_FACE('',(#6112),#6102,.T.);
#6119=EDGE_CURVE('',#4990,#4991,#1338,.T.);
#6121=EDGE_CURVE('',#4990,#4982,#1343,.T.);
#6123=EDGE_CURVE('',#4982,#4983,#1347,.T.);
#6125=EDGE_CURVE('',#4991,#4983,#1352,.T.);
#6129=ADVANCED_FACE('',(#6128),#6118,.T.);
#6135=EDGE_CURVE('',#5002,#5003,#1356,.T.);
#6137=EDGE_CURVE('',#5002,#4994,#1361,.T.);
#6139=EDGE_CURVE('',#4994,#4995,#1365,.T.);
#6141=EDGE_CURVE('',#5003,#4995,#1370,.T.);
#6145=ADVANCED_FACE('',(#6144),#6134,.T.);
#6151=EDGE_CURVE('',#5014,#5015,#1374,.T.);
#6153=EDGE_CURVE('',#5014,#5006,#1379,.T.);
#6155=EDGE_CURVE('',#5006,#5007,#1383,.T.);
#6157=EDGE_CURVE('',#5015,#5007,#1388,.T.);
#6161=ADVANCED_FACE('',(#6160),#6150,.T.);
#6167=EDGE_CURVE('',#5018,#5019,#1392,.T.);
#6169=EDGE_CURVE('',#4431,#5019,#1397,.T.);
#6171=EDGE_CURVE('',#4430,#4431,#1401,.T.);
#6173=EDGE_CURVE('',#4430,#5018,#1406,.T.);
#6177=ADVANCED_FACE('',(#6176),#6166,.T.);
#6184=EDGE_CURVE('',#4447,#4439,#1692,.T.);
#6186=EDGE_CURVE('',#4446,#4447,#2026,.T.);
#6188=EDGE_CURVE('',#4438,#4446,#1744,.T.);
#6192=ADVANCED_FACE('',(#6191),#6182,.F.);
#6198=EDGE_CURVE('',#5023,#5015,#1412,.T.);
#6201=EDGE_CURVE('',#5007,#5011,#1418,.T.);
#6203=EDGE_CURVE('',#5011,#5003,#1424,.T.);
#6206=EDGE_CURVE('',#4995,#4999,#1430,.T.);
#6208=EDGE_CURVE('',#4999,#4991,#1436,.T.);
#6211=EDGE_CURVE('',#4983,#4987,#1442,.T.);
#6213=EDGE_CURVE('',#4987,#4979,#1448,.T.);
#6216=EDGE_CURVE('',#4971,#4975,#1454,.T.);
#6218=EDGE_CURVE('',#4975,#4967,#1460,.T.);
#6221=EDGE_CURVE('',#4959,#4963,#1466,.T.);
#6223=EDGE_CURVE('',#4963,#4955,#1472,.T.);
#6226=EDGE_CURVE('',#4947,#4951,#1478,.T.);
#6228=EDGE_CURVE('',#4951,#4943,#1484,.T.);
#6231=EDGE_CURVE('',#4935,#4939,#1490,.T.);
#6233=EDGE_CURVE('',#4939,#4931,#1496,.T.);
#6236=EDGE_CURVE('',#4923,#4927,#1502,.T.);
#6238=EDGE_CURVE('',#4927,#4919,#1508,.T.);
#6241=EDGE_CURVE('',#4911,#4915,#1514,.T.);
#6243=EDGE_CURVE('',#4915,#4907,#1520,.T.);
#6246=EDGE_CURVE('',#4899,#4903,#1526,.T.);
#6248=EDGE_CURVE('',#4903,#4895,#1532,.T.);
#6251=EDGE_CURVE('',#4887,#4891,#1538,.T.);
#6253=EDGE_CURVE('',#4891,#4883,#1544,.T.);
#6260=EDGE_CURVE('',#4575,#4579,#1554,.T.);
#6262=EDGE_CURVE('',#4579,#4571,#1560,.T.);
#6265=EDGE_CURVE('',#4563,#4567,#1566,.T.);
#6267=EDGE_CURVE('',#4567,#4559,#1572,.T.);
#6270=EDGE_CURVE('',#4551,#4555,#1578,.T.);
#6272=EDGE_CURVE('',#4555,#4547,#1584,.T.);
#6275=EDGE_CURVE('',#4539,#4543,#1590,.T.);
#6277=EDGE_CURVE('',#4543,#4535,#1596,.T.);
#6280=EDGE_CURVE('',#4527,#4531,#1602,.T.);
#6282=EDGE_CURVE('',#4531,#4523,#1608,.T.);
#6285=EDGE_CURVE('',#4515,#4519,#1614,.T.);
#6287=EDGE_CURVE('',#4519,#4511,#1620,.T.);
#6290=EDGE_CURVE('',#4503,#4507,#1626,.T.);
#6292=EDGE_CURVE('',#4507,#4499,#1632,.T.);
#6295=EDGE_CURVE('',#4491,#4495,#1638,.T.);
#6297=EDGE_CURVE('',#4495,#4487,#1644,.T.);
#6300=EDGE_CURVE('',#4479,#4483,#1650,.T.);
#6302=EDGE_CURVE('',#4483,#4475,#1656,.T.);
#6305=EDGE_CURVE('',#4467,#4471,#1662,.T.);
#6307=EDGE_CURVE('',#4471,#4463,#1668,.T.);
#6310=EDGE_CURVE('',#4455,#4459,#1674,.T.);
#6312=EDGE_CURVE('',#4459,#4451,#1680,.T.);
#6315=EDGE_CURVE('',#4443,#4447,#1686,.T.);
#6319=EDGE_CURVE('',#4435,#4427,#1698,.T.);
#6321=EDGE_CURVE('',#4427,#4431,#1704,.T.);
#6324=EDGE_CURVE('',#5019,#5023,#1710,.T.);
#6328=ADVANCED_FACE('',(#6327),#6197,.T.);
#6336=EDGE_CURVE('',#5022,#5023,#1714,.T.);
#6338=EDGE_CURVE('',#5014,#5022,#1720,.T.);
#6342=ADVANCED_FACE('',(#6341),#6333,.F.);
#6349=EDGE_CURVE('',#5022,#5018,#1726,.T.);
#6355=ADVANCED_FACE('',(#6354),#6347,.F.);
#6364=EDGE_CURVE('',#4430,#4426,#1732,.T.);
#6366=EDGE_CURVE('',#4426,#4434,#1738,.T.);
#6370=EDGE_CURVE('',#4446,#4442,#1750,.T.);
#6373=EDGE_CURVE('',#4450,#4458,#1756,.T.);
#6375=EDGE_CURVE('',#4458,#4454,#1762,.T.);
#6378=EDGE_CURVE('',#4462,#4470,#1768,.T.);
#6380=EDGE_CURVE('',#4470,#4466,#1774,.T.);
#6383=EDGE_CURVE('',#4474,#4482,#1780,.T.);
#6385=EDGE_CURVE('',#4482,#4478,#1786,.T.);
#6388=EDGE_CURVE('',#4486,#4494,#1792,.T.);
#6390=EDGE_CURVE('',#4494,#4490,#1798,.T.);
#6393=EDGE_CURVE('',#4498,#4506,#1804,.T.);
#6395=EDGE_CURVE('',#4506,#4502,#1810,.T.);
#6398=EDGE_CURVE('',#4510,#4518,#1816,.T.);
#6400=EDGE_CURVE('',#4518,#4514,#1822,.T.);
#6403=EDGE_CURVE('',#4522,#4530,#1828,.T.);
#6405=EDGE_CURVE('',#4530,#4526,#1834,.T.);
#6408=EDGE_CURVE('',#4534,#4542,#1840,.T.);
#6410=EDGE_CURVE('',#4542,#4538,#1846,.T.);
#6413=EDGE_CURVE('',#4546,#4554,#1852,.T.);
#6415=EDGE_CURVE('',#4554,#4550,#1858,.T.);
#6418=EDGE_CURVE('',#4558,#4566,#1864,.T.);
#6420=EDGE_CURVE('',#4566,#4562,#1870,.T.);
#6423=EDGE_CURVE('',#4570,#4578,#1876,.T.);
#6425=EDGE_CURVE('',#4578,#4574,#1882,.T.);
#6428=EDGE_CURVE('',#4411,#4417,#1886,.T.);
#6430=EDGE_CURVE('',#4411,#4410,#2388,.T.);
#6432=EDGE_CURVE('',#4410,#4419,#2086,.T.);
#6435=EDGE_CURVE('',#4882,#4890,#1892,.T.);
#6437=EDGE_CURVE('',#4890,#4886,#1898,.T.);
#6440=EDGE_CURVE('',#4894,#4902,#1904,.T.);
#6442=EDGE_CURVE('',#4902,#4898,#1910,.T.);
#6445=EDGE_CURVE('',#4906,#4914,#1916,.T.);
#6447=EDGE_CURVE('',#4914,#4910,#1922,.T.);
#6450=EDGE_CURVE('',#4918,#4926,#1928,.T.);
#6452=EDGE_CURVE('',#4926,#4922,#1934,.T.);
#6455=EDGE_CURVE('',#4930,#4938,#1940,.T.);
#6457=EDGE_CURVE('',#4938,#4934,#1946,.T.);
#6460=EDGE_CURVE('',#4942,#4950,#1952,.T.);
#6462=EDGE_CURVE('',#4950,#4946,#1958,.T.);
#6465=EDGE_CURVE('',#4954,#4962,#1964,.T.);
#6467=EDGE_CURVE('',#4962,#4958,#1970,.T.);
#6470=EDGE_CURVE('',#4966,#4974,#1976,.T.);
#6472=EDGE_CURVE('',#4974,#4970,#1982,.T.);
#6475=EDGE_CURVE('',#4978,#4986,#1988,.T.);
#6477=EDGE_CURVE('',#4986,#4982,#1994,.T.);
#6480=EDGE_CURVE('',#4990,#4998,#2000,.T.);
#6482=EDGE_CURVE('',#4998,#4994,#2006,.T.);
#6485=EDGE_CURVE('',#5002,#5010,#2012,.T.);
#6487=EDGE_CURVE('',#5010,#5006,#2018,.T.);
#6492=ADVANCED_FACE('',(#6491),#6360,.T.);
#6498=EDGE_CURVE('',#4426,#4427,#2022,.T.);
#6505=ADVANCED_FACE('',(#6504),#6497,.F.);
#6517=ADVANCED_FACE('',(#6516),#6510,.F.);
#6529=ADVANCED_FACE('',(#6528),#6522,.F.);
#6537=EDGE_CURVE('',#4458,#4459,#2030,.T.);
#6542=ADVANCED_FACE('',(#6541),#6534,.F.);
#6554=ADVANCED_FACE('',(#6553),#6547,.F.);
#6562=EDGE_CURVE('',#4470,#4471,#2034,.T.);
#6567=ADVANCED_FACE('',(#6566),#6559,.F.);
#6579=ADVANCED_FACE('',(#6578),#6572,.F.);
#6587=EDGE_CURVE('',#4482,#4483,#2038,.T.);
#6592=ADVANCED_FACE('',(#6591),#6584,.F.);
#6604=ADVANCED_FACE('',(#6603),#6597,.F.);
#6612=EDGE_CURVE('',#4494,#4495,#2042,.T.);
#6617=ADVANCED_FACE('',(#6616),#6609,.F.);
#6629=ADVANCED_FACE('',(#6628),#6622,.F.);
#6637=EDGE_CURVE('',#4506,#4507,#2046,.T.);
#6642=ADVANCED_FACE('',(#6641),#6634,.F.);
#6654=ADVANCED_FACE('',(#6653),#6647,.F.);
#6662=EDGE_CURVE('',#4518,#4519,#2050,.T.);
#6667=ADVANCED_FACE('',(#6666),#6659,.F.);
#6679=ADVANCED_FACE('',(#6678),#6672,.F.);
#6687=EDGE_CURVE('',#4530,#4531,#2054,.T.);
#6692=ADVANCED_FACE('',(#6691),#6684,.F.);
#6704=ADVANCED_FACE('',(#6703),#6697,.F.);
#6712=EDGE_CURVE('',#4542,#4543,#2058,.T.);
#6717=ADVANCED_FACE('',(#6716),#6709,.F.);
#6729=ADVANCED_FACE('',(#6728),#6722,.F.);
#6737=EDGE_CURVE('',#4554,#4555,#2062,.T.);
#6742=ADVANCED_FACE('',(#6741),#6734,.F.);
#6754=ADVANCED_FACE('',(#6753),#6747,.F.);
#6762=EDGE_CURVE('',#4566,#4567,#2066,.T.);
#6767=ADVANCED_FACE('',(#6766),#6759,.F.);
#6779=ADVANCED_FACE('',(#6778),#6772,.F.);
#6787=EDGE_CURVE('',#4578,#4579,#2070,.T.);
#6792=ADVANCED_FACE('',(#6791),#6784,.F.);
#6804=ADVANCED_FACE('',(#6803),#6797,.F.);
#6811=EDGE_CURVE('',#4878,#4874,#2082,.T.);
#6815=EDGE_CURVE('',#4410,#4411,#2383,.T.);
#6819=EDGE_CURVE('',#4582,#4590,#2092,.T.);
#6821=EDGE_CURVE('',#4590,#4586,#2098,.T.);
#6824=EDGE_CURVE('',#4594,#4602,#2104,.T.);
#6826=EDGE_CURVE('',#4602,#4598,#2110,.T.);
#6829=EDGE_CURVE('',#4606,#4614,#2116,.T.);
#6831=EDGE_CURVE('',#4614,#4610,#2122,.T.);
#6834=EDGE_CURVE('',#4618,#4626,#2128,.T.);
#6836=EDGE_CURVE('',#4626,#4622,#2134,.T.);
#6839=EDGE_CURVE('',#4630,#4638,#2140,.T.);
#6841=EDGE_CURVE('',#4638,#4634,#2146,.T.);
#6844=EDGE_CURVE('',#4642,#4650,#2152,.T.);
#6846=EDGE_CURVE('',#4650,#4646,#2158,.T.);
#6849=EDGE_CURVE('',#4654,#4662,#2164,.T.);
#6851=EDGE_CURVE('',#4662,#4658,#2170,.T.);
#6854=EDGE_CURVE('',#4666,#4674,#2176,.T.);
#6856=EDGE_CURVE('',#4674,#4670,#2182,.T.);
#6859=EDGE_CURVE('',#4678,#4686,#2188,.T.);
#6861=EDGE_CURVE('',#4686,#4682,#2194,.T.);
#6864=EDGE_CURVE('',#4690,#4698,#2200,.T.);
#6866=EDGE_CURVE('',#4698,#4694,#2206,.T.);
#6869=EDGE_CURVE('',#4702,#4710,#2212,.T.);
#6871=EDGE_CURVE('',#4710,#4706,#2218,.T.);
#6874=EDGE_CURVE('',#4714,#4722,#2224,.T.);
#6876=EDGE_CURVE('',#4722,#4718,#2230,.T.);
#6879=EDGE_CURVE('',#4726,#4734,#2236,.T.);
#6881=EDGE_CURVE('',#4734,#4730,#2242,.T.);
#6884=EDGE_CURVE('',#4738,#4746,#2248,.T.);
#6886=EDGE_CURVE('',#4746,#4742,#2254,.T.);
#6889=EDGE_CURVE('',#4750,#4758,#2260,.T.);
#6891=EDGE_CURVE('',#4758,#4754,#2266,.T.);
#6894=EDGE_CURVE('',#4762,#4770,#2272,.T.);
#6896=EDGE_CURVE('',#4770,#4766,#2278,.T.);
#6899=EDGE_CURVE('',#4774,#4782,#2284,.T.);
#6901=EDGE_CURVE('',#4782,#4778,#2290,.T.);
#6904=EDGE_CURVE('',#4786,#4794,#2296,.T.);
#6906=EDGE_CURVE('',#4794,#4790,#2302,.T.);
#6909=EDGE_CURVE('',#4798,#4806,#2308,.T.);
#6911=EDGE_CURVE('',#4806,#4802,#2314,.T.);
#6914=EDGE_CURVE('',#4810,#4818,#2320,.T.);
#6916=EDGE_CURVE('',#4818,#4814,#2326,.T.);
#6919=EDGE_CURVE('',#4822,#4830,#2332,.T.);
#6921=EDGE_CURVE('',#4830,#4826,#2338,.T.);
#6924=EDGE_CURVE('',#4834,#4842,#2344,.T.);
#6926=EDGE_CURVE('',#4842,#4838,#2350,.T.);
#6929=EDGE_CURVE('',#4846,#4854,#2356,.T.);
#6931=EDGE_CURVE('',#4854,#4850,#2362,.T.);
#6934=EDGE_CURVE('',#4858,#4866,#2368,.T.);
#6936=EDGE_CURVE('',#4866,#4862,#2374,.T.);
#6941=ADVANCED_FACE('',(#6940),#6809,.T.);
#6953=ADVANCED_FACE('',(#6952),#6946,.F.);
#6963=EDGE_CURVE('',#5115,#5116,#2393,.T.);
#6965=EDGE_CURVE('',#5116,#5115,#2398,.T.);
#6969=ADVANCED_FACE('',(#6962,#6968),#6958,.F.);
#6975=EDGE_CURVE('',#5105,#5106,#2405,.T.);
#6977=EDGE_CURVE('',#5118,#5105,#2532,.T.);
#6979=EDGE_CURVE('',#5118,#5115,#4255,.T.);
#6982=EDGE_CURVE('',#5125,#5116,#4251,.T.);
#6984=EDGE_CURVE('',#5102,#5125,#2422,.T.);
#6986=EDGE_CURVE('',#5126,#5102,#2429,.T.);
#6988=EDGE_CURVE('',#5106,#5126,#2484,.T.);
#6992=ADVANCED_FACE('',(#6991),#6974,.F.);
#7010=EDGE_CURVE('',#5104,#5105,#2539,.T.);
#7013=EDGE_CURVE('',#5096,#5106,#2491,.T.);
#7015=EDGE_CURVE('',#5096,#5104,#2495,.T.);
#7019=ADVANCED_FACE('',(#7018),#7009,.F.);
#7025=EDGE_CURVE('',#5059,#5123,#2522,.T.);
#7027=EDGE_CURVE('',#5123,#5118,#2527,.T.);
#7031=EDGE_CURVE('',#5058,#5104,#2556,.T.);
#7033=EDGE_CURVE('',#5058,#5059,#2963,.T.);
#7037=ADVANCED_FACE('',(#7036),#7024,.F.);
#7043=EDGE_CURVE('',#5026,#5027,#2560,.T.);
#7045=EDGE_CURVE('',#5062,#5026,#2581,.T.);
#7047=EDGE_CURVE('',#5062,#5063,#3009,.T.);
#7049=EDGE_CURVE('',#5027,#5063,#2602,.T.);
#7053=ADVANCED_FACE('',(#7052),#7042,.F.);
#7059=EDGE_CURVE('',#5030,#5031,#2606,.T.);
#7061=EDGE_CURVE('',#5066,#5030,#2627,.T.);
#7063=EDGE_CURVE('',#5066,#5067,#3059,.T.);
#7065=EDGE_CURVE('',#5031,#5067,#2648,.T.);
#7069=ADVANCED_FACE('',(#7068),#7058,.F.);
#7075=EDGE_CURVE('',#5034,#5035,#2652,.T.);
#7077=EDGE_CURVE('',#5070,#5034,#2673,.T.);
#7079=EDGE_CURVE('',#5070,#5071,#3105,.T.);
#7081=EDGE_CURVE('',#5035,#5071,#2694,.T.);
#7085=ADVANCED_FACE('',(#7084),#7074,.F.);
#7091=EDGE_CURVE('',#5038,#5039,#2698,.T.);
#7093=EDGE_CURVE('',#5074,#5038,#2719,.T.);
#7095=EDGE_CURVE('',#5074,#5075,#3155,.T.);
#7097=EDGE_CURVE('',#5039,#5075,#2740,.T.);
#7101=ADVANCED_FACE('',(#7100),#7090,.F.);
#7107=EDGE_CURVE('',#5042,#5043,#2744,.T.);
#7109=EDGE_CURVE('',#5078,#5042,#2765,.T.);
#7111=EDGE_CURVE('',#5078,#5079,#3201,.T.);
#7113=EDGE_CURVE('',#5043,#5079,#2786,.T.);
#7117=ADVANCED_FACE('',(#7116),#7106,.F.);
#7123=EDGE_CURVE('',#5046,#5047,#2790,.T.);
#7125=EDGE_CURVE('',#5082,#5046,#2811,.T.);
#7127=EDGE_CURVE('',#5082,#5083,#3247,.T.);
#7129=EDGE_CURVE('',#5097,#5083,#2820,.T.);
#7131=EDGE_CURVE('',#5047,#5097,#2837,.T.);
#7135=ADVANCED_FACE('',(#7134),#7122,.F.);
#7141=EDGE_CURVE('',#5050,#5051,#2841,.T.);
#7143=EDGE_CURVE('',#5098,#5050,#2858,.T.);
#7145=EDGE_CURVE('',#5086,#5098,#2867,.T.);
#7147=EDGE_CURVE('',#5086,#5087,#3293,.T.);
#7149=EDGE_CURVE('',#5051,#5087,#2888,.T.);
#7153=ADVANCED_FACE('',(#7152),#7140,.F.);
#7159=EDGE_CURVE('',#5054,#5055,#2892,.T.);
#7161=EDGE_CURVE('',#5090,#5054,#2913,.T.);
#7163=EDGE_CURVE('',#5090,#5091,#3368,.T.);
#7165=EDGE_CURVE('',#5055,#5091,#2934,.T.);
#7169=ADVANCED_FACE('',(#7168),#7158,.F.);
#7440=EDGE_CURVE('',#5067,#5100,#3055,.T.);
#7442=EDGE_CURVE('',#5100,#5094,#2938,.T.);
#7444=EDGE_CURVE('',#5094,#5102,#3631,.T.);
#7447=EDGE_CURVE('',#5125,#5123,#4247,.T.);
#7450=EDGE_CURVE('',#5059,#5027,#2959,.T.);
#7453=EDGE_CURVE('',#5063,#5031,#3005,.T.);
#7457=ADVANCED_FACE('',(#7456),#7438,.F.);
#7466=EDGE_CURVE('',#5026,#5058,#2984,.T.);
#7470=ADVANCED_FACE('',(#7469),#7462,.F.);
#7479=EDGE_CURVE('',#5030,#5062,#3030,.T.);
#7483=ADVANCED_FACE('',(#7482),#7475,.F.);
#7490=EDGE_CURVE('',#5100,#5035,#3043,.T.);
#7494=EDGE_CURVE('',#5034,#5066,#3080,.T.);
#7498=ADVANCED_FACE('',(#7497),#7488,.F.);
#7505=EDGE_CURVE('',#5071,#5039,#3101,.T.);
#7508=EDGE_CURVE('',#5101,#5070,#3117,.T.);
#7510=EDGE_CURVE('',#5038,#5101,#3130,.T.);
#7514=ADVANCED_FACE('',(#7513),#7503,.F.);
#7521=EDGE_CURVE('',#5075,#5043,#3151,.T.);
#7524=EDGE_CURVE('',#5042,#5074,#3176,.T.);
#7528=ADVANCED_FACE('',(#7527),#7519,.F.);
#7535=EDGE_CURVE('',#5079,#5047,#3197,.T.);
#7538=EDGE_CURVE('',#5046,#5078,#3222,.T.);
#7542=ADVANCED_FACE('',(#7541),#7533,.F.);
#7549=EDGE_CURVE('',#5083,#5051,#3243,.T.);
#7552=EDGE_CURVE('',#5050,#5082,#3268,.T.);
#7556=ADVANCED_FACE('',(#7555),#7547,.F.);
#7563=EDGE_CURVE('',#5087,#5055,#3289,.T.);
#7566=EDGE_CURVE('',#5054,#5086,#3314,.T.);
#7570=ADVANCED_FACE('',(#7569),#7561,.F.);
#7576=EDGE_CURVE('',#5090,#5103,#3338,.T.);
#7578=EDGE_CURVE('',#5120,#5103,#3343,.T.);
#7580=EDGE_CURVE('',#5099,#5120,#3348,.T.);
#7582=EDGE_CURVE('',#5091,#5099,#3364,.T.);
#7587=ADVANCED_FACE('',(#7586),#7575,.F.);
#7865=EDGE_CURVE('',#5095,#5096,#3498,.T.);
#7867=EDGE_CURVE('',#5095,#5101,#3502,.T.);
#7872=ADVANCED_FACE('',(#7871),#7856,.F.);
#8210=EDGE_CURVE('',#5094,#5095,#3639,.T.);
#8213=EDGE_CURVE('',#5126,#5096,#4232,.T.);
#8218=ADVANCED_FACE('',(#8217),#8208,.F.);
#8555=EDGE_CURVE('',#5092,#5093,#3647,.T.);
#8557=EDGE_CURVE('',#5093,#5095,#4217,.T.);
#8560=EDGE_CURVE('',#5092,#5094,#3777,.T.);
#8564=ADVANCED_FACE('',(#8563),#8554,.F.);
#8741=EDGE_CURVE('',#5107,#5092,#3871,.T.);
#8743=EDGE_CURVE('',#5107,#5108,#3979,.T.);
#8745=EDGE_CURVE('',#5108,#5093,#4087,.T.);
#8750=ADVANCED_FACE('',(#8749),#8740,.F.);
#8894=EDGE_CURVE('',#5099,#5107,#3880,.T.);
#8897=EDGE_CURVE('',#5097,#5092,#4225,.T.);
#8905=ADVANCED_FACE('',(#8904),#8891,.F.);
#8913=EDGE_CURVE('',#5111,#5120,#3884,.T.);
#8916=EDGE_CURVE('',#5112,#5121,#3888,.T.);
#8918=EDGE_CURVE('',#5108,#5121,#3905,.T.);
#8923=ADVANCED_FACE('',(#8922),#8910,.F.);
#8929=EDGE_CURVE('',#5121,#5103,#3997,.T.);
#8937=ADVANCED_FACE('',(#8936),#8928,.F.);
#9083=EDGE_CURVE('',#5093,#5098,#4221,.T.);
#9090=ADVANCED_FACE('',(#9089),#9078,.F.);
#9373=ADVANCED_FACE('',(#9372),#9359,.F.);
#9656=ADVANCED_FACE('',(#9655),#9642,.F.);
#9683=ADVANCED_FACE('',(#9682),#9677,.F.);
#9696=ADVANCED_FACE('',(#9695),#9688,.F.);
#9704=EDGE_CURVE('',#4590,#4591,#4259,.T.);
#9709=ADVANCED_FACE('',(#9708),#9701,.F.);
#9721=ADVANCED_FACE('',(#9720),#9714,.F.);
#9729=EDGE_CURVE('',#4602,#4603,#4263,.T.);
#9734=ADVANCED_FACE('',(#9733),#9726,.F.);
#9746=ADVANCED_FACE('',(#9745),#9739,.F.);
#9754=EDGE_CURVE('',#4614,#4615,#4267,.T.);
#9759=ADVANCED_FACE('',(#9758),#9751,.F.);
#9771=ADVANCED_FACE('',(#9770),#9764,.F.);
#9779=EDGE_CURVE('',#4626,#4627,#4271,.T.);
#9784=ADVANCED_FACE('',(#9783),#9776,.F.);
#9796=ADVANCED_FACE('',(#9795),#9789,.F.);
#9804=EDGE_CURVE('',#4638,#4639,#4275,.T.);
#9809=ADVANCED_FACE('',(#9808),#9801,.F.);
#9821=ADVANCED_FACE('',(#9820),#9814,.F.);
#9829=EDGE_CURVE('',#4650,#4651,#4279,.T.);
#9834=ADVANCED_FACE('',(#9833),#9826,.F.);
#9846=ADVANCED_FACE('',(#9845),#9839,.F.);
#9854=EDGE_CURVE('',#4662,#4663,#4283,.T.);
#9859=ADVANCED_FACE('',(#9858),#9851,.F.);
#9871=ADVANCED_FACE('',(#9870),#9864,.F.);
#9879=EDGE_CURVE('',#4674,#4675,#4287,.T.);
#9884=ADVANCED_FACE('',(#9883),#9876,.F.);
#9896=ADVANCED_FACE('',(#9895),#9889,.F.);
#9904=EDGE_CURVE('',#4686,#4687,#4291,.T.);
#9909=ADVANCED_FACE('',(#9908),#9901,.F.);
#9921=ADVANCED_FACE('',(#9920),#9914,.F.);
#9929=EDGE_CURVE('',#4698,#4699,#4295,.T.);
#9934=ADVANCED_FACE('',(#9933),#9926,.F.);
#9946=ADVANCED_FACE('',(#9945),#9939,.F.);
#9954=EDGE_CURVE('',#4710,#4711,#4299,.T.);
#9959=ADVANCED_FACE('',(#9958),#9951,.F.);
#9971=ADVANCED_FACE('',(#9970),#9964,.F.);
#9979=EDGE_CURVE('',#4722,#4723,#4303,.T.);
#9984=ADVANCED_FACE('',(#9983),#9976,.F.);
#9996=ADVANCED_FACE('',(#9995),#9989,.F.);
#10004=EDGE_CURVE('',#4734,#4735,#4307,.T.);
#10009=ADVANCED_FACE('',(#10008),#10001,.F.);
#10021=ADVANCED_FACE('',(#10020),#10014,.F.);
#10029=EDGE_CURVE('',#4746,#4747,#4311,.T.);
#10034=ADVANCED_FACE('',(#10033),#10026,.F.);
#10046=ADVANCED_FACE('',(#10045),#10039,.F.);
#10054=EDGE_CURVE('',#4758,#4759,#4315,.T.);
#10059=ADVANCED_FACE('',(#10058),#10051,.F.);
#10071=ADVANCED_FACE('',(#10070),#10064,.F.);
#10079=EDGE_CURVE('',#4770,#4771,#4319,.T.);
#10084=ADVANCED_FACE('',(#10083),#10076,.F.);
#10096=ADVANCED_FACE('',(#10095),#10089,.F.);
#10104=EDGE_CURVE('',#4782,#4783,#4323,.T.);
#10109=ADVANCED_FACE('',(#10108),#10101,.F.);
#10121=ADVANCED_FACE('',(#10120),#10114,.F.);
#10129=EDGE_CURVE('',#4794,#4795,#4327,.T.);
#10134=ADVANCED_FACE('',(#10133),#10126,.F.);
#10146=ADVANCED_FACE('',(#10145),#10139,.F.);
#10154=EDGE_CURVE('',#4806,#4807,#4331,.T.);
#10159=ADVANCED_FACE('',(#10158),#10151,.F.);
#10171=ADVANCED_FACE('',(#10170),#10164,.F.);
#10179=EDGE_CURVE('',#4818,#4819,#4335,.T.);
#10184=ADVANCED_FACE('',(#10183),#10176,.F.);
#10196=ADVANCED_FACE('',(#10195),#10189,.F.);
#10204=EDGE_CURVE('',#4830,#4831,#4339,.T.);
#10209=ADVANCED_FACE('',(#10208),#10201,.F.);
#10221=ADVANCED_FACE('',(#10220),#10214,.F.);
#10229=EDGE_CURVE('',#4842,#4843,#4343,.T.);
#10234=ADVANCED_FACE('',(#10233),#10226,.F.);
#10246=ADVANCED_FACE('',(#10245),#10239,.F.);
#10254=EDGE_CURVE('',#4854,#4855,#4347,.T.);
#10259=ADVANCED_FACE('',(#10258),#10251,.F.);
#10271=ADVANCED_FACE('',(#10270),#10264,.F.);
#10279=EDGE_CURVE('',#4866,#4867,#4351,.T.);
#10284=ADVANCED_FACE('',(#10283),#10276,.F.);
#10296=ADVANCED_FACE('',(#10295),#10289,.F.);
#10304=EDGE_CURVE('',#4890,#4891,#4355,.T.);
#10309=ADVANCED_FACE('',(#10308),#10301,.F.);
#10321=ADVANCED_FACE('',(#10320),#10314,.F.);
#10329=EDGE_CURVE('',#4902,#4903,#4359,.T.);
#10334=ADVANCED_FACE('',(#10333),#10326,.F.);
#10346=ADVANCED_FACE('',(#10345),#10339,.F.);
#10354=EDGE_CURVE('',#4914,#4915,#4363,.T.);
#10359=ADVANCED_FACE('',(#10358),#10351,.F.);
#10371=ADVANCED_FACE('',(#10370),#10364,.F.);
#10379=EDGE_CURVE('',#4926,#4927,#4367,.T.);
#10384=ADVANCED_FACE('',(#10383),#10376,.F.);
#10396=ADVANCED_FACE('',(#10395),#10389,.F.);
#10404=EDGE_CURVE('',#4938,#4939,#4371,.T.);
#10409=ADVANCED_FACE('',(#10408),#10401,.F.);
#10421=ADVANCED_FACE('',(#10420),#10414,.F.);
#10429=EDGE_CURVE('',#4950,#4951,#4375,.T.);
#10434=ADVANCED_FACE('',(#10433),#10426,.F.);
#10446=ADVANCED_FACE('',(#10445),#10439,.F.);
#10454=EDGE_CURVE('',#4962,#4963,#4379,.T.);
#10459=ADVANCED_FACE('',(#10458),#10451,.F.);
#10471=ADVANCED_FACE('',(#10470),#10464,.F.);
#10479=EDGE_CURVE('',#4974,#4975,#4383,.T.);
#10484=ADVANCED_FACE('',(#10483),#10476,.F.);
#10496=ADVANCED_FACE('',(#10495),#10489,.F.);
#10504=EDGE_CURVE('',#4986,#4987,#4387,.T.);
#10509=ADVANCED_FACE('',(#10508),#10501,.F.);
#10521=ADVANCED_FACE('',(#10520),#10514,.F.);
#10529=EDGE_CURVE('',#4998,#4999,#4391,.T.);
#10534=ADVANCED_FACE('',(#10533),#10526,.F.);
#10546=ADVANCED_FACE('',(#10545),#10539,.F.);
#10554=EDGE_CURVE('',#5010,#5011,#4395,.T.);
#10559=ADVANCED_FACE('',(#10558),#10551,.F.);
#10571=ADVANCED_FACE('',(#10570),#10564,.F.);
#10574=(LENGTH_UNIT()NAMED_UNIT(*)SI_UNIT(.MILLI.,.METRE.));
#10575=(NAMED_UNIT(*)PLANE_ANGLE_UNIT()SI_UNIT($,.RADIAN.));
#10578=(NAMED_UNIT(*)SI_UNIT($,.STERADIAN.)SOLID_ANGLE_UNIT());
#10580=(GEOMETRIC_REPRESENTATION_CONTEXT(3)GLOBAL_UNCERTAINTY_ASSIGNED_CONTEXT((
#10579))GLOBAL_UNIT_ASSIGNED_CONTEXT((#10574,#10577,#10578))REPRESENTATION_CONTEXT('ID1','3'));
#10581=ADVANCED_BREP_SHAPE_REPRESENTATION('',(#10573),#10580);
#10588=PRODUCT_DEFINITION('part definition','',#10587,#10584);
#10589=PRODUCT_DEFINITION_SHAPE('','SHAPE FOR 001_ROUND_THUMB_NUTS_MM.',#10588);
#10590=SHAPE_ASPECT('','solid data associated with 001_ROUND_THUMB_NUTS_MM',
#10589,.F.);
#10591=PROPERTY_DEFINITION('',
'shape for solid data with which properties are associated',#10590);
#10592=SHAPE_REPRESENTATION('',(#10573),#10580);
#10593=SHAPE_DEFINITION_REPRESENTATION(#10591,#10592);
#10594=(LENGTH_UNIT()NAMED_UNIT(*)SI_UNIT(.MILLI.,.METRE.));
#10598=PROPERTY_DEFINITION('geometric validation property',
'area of 001_ROUND_THUMB_NUTS_MM',#10590);
#10599=REPRESENTATION('surface area',(#10597),#10580);
#10600=PROPERTY_DEFINITION_REPRESENTATION(#10598,#10599);
#10601=(LENGTH_UNIT()NAMED_UNIT(*)SI_UNIT(.MILLI.,.METRE.));
#10605=PROPERTY_DEFINITION('geometric validation property',
'volume of 001_ROUND_THUMB_NUTS_MM',#10590);
#10606=REPRESENTATION('volume',(#10604),#10580);
#10607=PROPERTY_DEFINITION_REPRESENTATION(#10605,#10606);
#10609=PROPERTY_DEFINITION('geometric validation property',
'centroid of 001_ROUND_THUMB_NUTS_MM',#10590);
#10610=REPRESENTATION('centroid',(#10608),#10580);
#10611=PROPERTY_DEFINITION_REPRESENTATION(#10609,#10610);
#10612=(LENGTH_UNIT()NAMED_UNIT(*)SI_UNIT(.MILLI.,.METRE.));
#10616=PROPERTY_DEFINITION('geometric validation property',
'area of 001_ROUND_THUMB_NUTS_MM',#10589);
#10617=REPRESENTATION('surface area',(#10615),#10580);
#10618=PROPERTY_DEFINITION_REPRESENTATION(#10616,#10617);
#10619=(LENGTH_UNIT()NAMED_UNIT(*)SI_UNIT(.MILLI.,.METRE.));
#10623=PROPERTY_DEFINITION('geometric validation property',
'volume of 001_ROUND_THUMB_NUTS_MM',#10589);
#10624=REPRESENTATION('volume',(#10622),#10580);
#10625=PROPERTY_DEFINITION_REPRESENTATION(#10623,#10624);
#10627=PROPERTY_DEFINITION('geometric validation property',
'centroid of 001_ROUND_THUMB_NUTS_MM',#10589);
#10628=REPRESENTATION('centroid',(#10626),#10580);
#10629=PROPERTY_DEFINITION_REPRESENTATION(#10627,#10628);
#10630=SHAPE_DEFINITION_REPRESENTATION(#10589,#10581);
#10632=PROPERTY_DEFINITION('THREAD_SIZE','user defined attribute',#10588);
#10636=REPRESENTATION('',(#10635),#10580);
#10637=PROPERTY_DEFINITION_REPRESENTATION(#10632,#10636);
#10638=PROPERTY_DEFINITION('A','user defined attribute',#10588);
#10642=REPRESENTATION('',(#10641),#10580);
#10643=PROPERTY_DEFINITION_REPRESENTATION(#10638,#10642);
#10645=REPRESENTATION('',(#10644),#10580);
#10646=PROPERTY_DEFINITION('attribute type designation','Real Number',#10639);
#10647=PROPERTY_DEFINITION_REPRESENTATION(#10646,#10645);
#10648=PROPERTY_DEFINITION('SUPPLIER','user defined attribute',#10588);
#10652=REPRESENTATION('',(#10651),#10580);
#10653=PROPERTY_DEFINITION_REPRESENTATION(#10648,#10652);
#10654=PROPERTY_DEFINITION('ADDRESS','user defined attribute',#10588);
#10658=REPRESENTATION('',(#10657),#10580);
#10659=PROPERTY_DEFINITION_REPRESENTATION(#10654,#10658);
#10660=PROPERTY_DEFINITION('PHONE','user defined attribute',#10588);
#10664=REPRESENTATION('',(#10663),#10580);
#10665=PROPERTY_DEFINITION_REPRESENTATION(#10660,#10664);
#10666=PROPERTY_DEFINITION('EMAIL','user defined attribute',#10588);
#10670=REPRESENTATION('',(#10669),#10580);
#10671=PROPERTY_DEFINITION_REPRESENTATION(#10666,#10670);
#10672=PROPERTY_DEFINITION('RAF_MATERIAL','user defined attribute',#10588);
#10676=REPRESENTATION('',(#10675),#10580);
#10677=PROPERTY_DEFINITION_REPRESENTATION(#10672,#10676);
#10678=PROPERTY_DEFINITION('RAF_FINISH','user defined attribute',#10588);
#10682=REPRESENTATION('',(#10681),#10580);
#10683=PROPERTY_DEFINITION_REPRESENTATION(#10678,#10682);
ENDSEC;
END-ISO-10303-21;
