ISO-10303-21;
HEADER;
FILE_DESCRIPTION( ( 'STEP AP214' ), '1' );
FILE_NAME( 'p:/temp/worker_451/temp/exporttempdir_3988_54_QuIM1/format_0/UMPT-04-01.5-G-VT-SM-WT.stp', '2020-08-13T12:57:04', ( 'License CC BY-ND 4.0' ), ( 'CADENAS' ), ' ', 'PARTsolutions', ' ' );
FILE_SCHEMA( ( 'AUTOMOTIVE_DESIGN { 1 0 10303 214 1 1 1 1 }' ) );
ENDSEC;
DATA;
#1 = PRODUCT_DEFINITION_CONTEXT( '', #18, 'design' );
#2 = APPLICATION_PROTOCOL_DEFINITION( 'international standard', 'automotive_design', 2001, #18 );
#3 = PRODUCT_CATEGORY_RELATIONSHIP( 'NONE', 'NONE', #19, #20 );
#4 = SHAPE_DEFINITION_REPRESENTATION( #21, #22 );
#5 = PRODUCT_CATEGORY_RELATIONSHIP( 'NONE', 'NONE', #19, #23 );
#6 = CONTEXT_DEPENDENT_SHAPE_REPRESENTATION( #24, #25 );
#7 = SHAPE_DEFINITION_REPRESENTATION( #26, #27 );
#8 = SHAPE_REPRESENTATION_RELATIONSHIP( 'NONE', 'NONE', #27, #28 );
#9 = PRODUCT_CATEGORY_RELATIONSHIP( 'NONE', 'NONE', #19, #29 );
#10 = CONTEXT_DEPENDENT_SHAPE_REPRESENTATION( #30, #31 );
#11 = SHAPE_DEFINITION_REPRESENTATION( #32, #33 );
#12 = SHAPE_REPRESENTATION_RELATIONSHIP( 'NONE', 'NONE', #33, #34 );
#13 = MECHANICAL_DESIGN_GEOMETRIC_PRESENTATION_REPRESENTATION( ' ', ( #35, #36, #37, #38, #39, #40, #41, #42, #43, #44, #45, #46, #47, #48, #49, #50, #51, #52, #53, #54, #55, #56, #57, #58, #59, #60, #61, #62, #63, #64, #65, #66, #67, #68, #69, #70, #71, #72, #73, #74, #75, #76, #77, #78, #79, #80, #81, #82, #83, #84, #85, #86, #87, #88, #89, #90, #91, #92, #93, #94, #95, #96, #97, #98, #99, #100, #101, #102, #103, #104, #105, #106, #107, #108, #109, #110, #111, #112, #113, #114, #115, #116, #117, #118, #119, #120, #121, #122, #123, #124, #125, #126, #127, #128, #129, #130, #131, #132, #133, #134, #135, #136, #137, #138, #139, #140, #141, #142, #143, #144, #145, #146, #147, #148, #149, #150, #151, #152, #153, #154, #155, #156, #157, #158, #159, #160, #161, #162, #163, #164, #165, #166, #167, #168, #169, #170, #171, #172, #173, #174, #175, #176, #177, #178, #179, #180, #181, #182, #183, #184, #185, #186, #187, #188, #189, #190, #191, #192, #193, #194, #195, #196, #197, #198, #199, #200, #201, #202, #203, #204, #205, #206, #207, #208, #209, #210, #211, #212, #213, #214, #215, #216, #217, #218, #219, #220, #221, #222, #223, #224, #225, #226, #227, #228, #229, #230, #231, #232, #233, #234, #235, #236, #237, #238, #239, #240, #241, #242, #243, #244, #245, #246, #247, #248, #249, #250, #251, #252, #253, #254, #255, #256, #257, #258, #259, #260, #261 ), #14 );
#14 =  ( GEOMETRIC_REPRESENTATION_CONTEXT( 3 )GLOBAL_UNCERTAINTY_ASSIGNED_CONTEXT( ( #264 ) )GLOBAL_UNIT_ASSIGNED_CONTEXT( ( #266, #267, #268 ) )REPRESENTATION_CONTEXT( 'NONE', 'WORKSPACE' ) );
#18 = APPLICATION_CONTEXT( 'core data for automotive mechanical design processes' );
#19 = PRODUCT_CATEGORY( 'part', 'NONE' );
#20 = PRODUCT_RELATED_PRODUCT_CATEGORY( 'detail', ' ', ( #270 ) );
#21 = PRODUCT_DEFINITION_SHAPE( 'NONE', 'NONE', #271 );
#22 = SHAPE_REPRESENTATION( 'UMPT-04-01.5-G-VT-SM-WT', ( #272, #273, #274 ), #275 );
#23 = PRODUCT_RELATED_PRODUCT_CATEGORY( 'detail', ' ', ( #276 ) );
#24 = ( REPRESENTATION_RELATIONSHIP( '', '', #27, #22 )REPRESENTATION_RELATIONSHIP_WITH_TRANSFORMATION( #279 )SHAPE_REPRESENTATION_RELATIONSHIP(  ) );
#25 = PRODUCT_DEFINITION_SHAPE( 'NAUO-PROD-DEF', 'NAUO-PROD-DEF', #281 );
#26 = PRODUCT_DEFINITION_SHAPE( 'NONE', 'NONE', #282 );
#27 = SHAPE_REPRESENTATION( '_04-01.5--WT_BODY', ( #272 ), #275 );
#28 = ADVANCED_BREP_SHAPE_REPRESENTATION( '_04-01.5--WT_BODY', ( #283 ), #14 );
#29 = PRODUCT_RELATED_PRODUCT_CATEGORY( 'detail', ' ', ( #284 ) );
#30 = ( REPRESENTATION_RELATIONSHIP( '', '', #33, #22 )REPRESENTATION_RELATIONSHIP_WITH_TRANSFORMATION( #287 )SHAPE_REPRESENTATION_RELATIONSHIP(  ) );
#31 = PRODUCT_DEFINITION_SHAPE( 'NAUO-PROD-DEF', 'NAUO-PROD-DEF', #289 );
#32 = PRODUCT_DEFINITION_SHAPE( 'NONE', 'NONE', #290 );
#33 = SHAPE_REPRESENTATION( '_UMPT-04-01.5-SM-_PINS', ( #272 ), #275 );
#34 = ADVANCED_BREP_SHAPE_REPRESENTATION( '_UMPT-04-01.5-SM-_PINS', ( #291 ), #14 );
#35 = STYLED_ITEM( '', ( #292 ), #293 );
#36 = STYLED_ITEM( '', ( #294 ), #295 );
#37 = STYLED_ITEM( '', ( #296 ), #297 );
#38 = STYLED_ITEM( '', ( #298 ), #299 );
#39 = STYLED_ITEM( '', ( #300 ), #301 );
#40 = STYLED_ITEM( '', ( #302 ), #303 );
#41 = STYLED_ITEM( '', ( #304 ), #305 );
#42 = STYLED_ITEM( '', ( #306 ), #307 );
#43 = STYLED_ITEM( '', ( #308 ), #309 );
#44 = STYLED_ITEM( '', ( #310 ), #311 );
#45 = STYLED_ITEM( '', ( #312 ), #313 );
#46 = STYLED_ITEM( '', ( #314 ), #315 );
#47 = STYLED_ITEM( '', ( #316 ), #317 );
#48 = STYLED_ITEM( '', ( #318 ), #319 );
#49 = STYLED_ITEM( '', ( #320 ), #321 );
#50 = STYLED_ITEM( '', ( #322 ), #323 );
#51 = STYLED_ITEM( '', ( #324 ), #325 );
#52 = STYLED_ITEM( '', ( #326 ), #327 );
#53 = STYLED_ITEM( '', ( #328 ), #329 );
#54 = STYLED_ITEM( '', ( #330 ), #331 );
#55 = STYLED_ITEM( '', ( #332 ), #333 );
#56 = STYLED_ITEM( '', ( #334 ), #335 );
#57 = STYLED_ITEM( '', ( #336 ), #337 );
#58 = STYLED_ITEM( '', ( #338 ), #339 );
#59 = STYLED_ITEM( '', ( #340 ), #341 );
#60 = STYLED_ITEM( '', ( #342 ), #343 );
#61 = STYLED_ITEM( '', ( #344 ), #345 );
#62 = STYLED_ITEM( '', ( #346 ), #347 );
#63 = STYLED_ITEM( '', ( #348 ), #349 );
#64 = STYLED_ITEM( '', ( #350 ), #351 );
#65 = STYLED_ITEM( '', ( #352 ), #353 );
#66 = STYLED_ITEM( '', ( #354 ), #355 );
#67 = STYLED_ITEM( '', ( #356 ), #357 );
#68 = STYLED_ITEM( '', ( #358 ), #359 );
#69 = STYLED_ITEM( '', ( #360 ), #361 );
#70 = STYLED_ITEM( '', ( #362 ), #363 );
#71 = STYLED_ITEM( '', ( #364 ), #365 );
#72 = STYLED_ITEM( '', ( #366 ), #367 );
#73 = STYLED_ITEM( '', ( #368 ), #369 );
#74 = STYLED_ITEM( '', ( #370 ), #371 );
#75 = STYLED_ITEM( '', ( #372 ), #373 );
#76 = STYLED_ITEM( '', ( #374 ), #375 );
#77 = STYLED_ITEM( '', ( #376 ), #377 );
#78 = STYLED_ITEM( '', ( #378 ), #379 );
#79 = STYLED_ITEM( '', ( #380 ), #381 );
#80 = STYLED_ITEM( '', ( #382 ), #383 );
#81 = STYLED_ITEM( '', ( #384 ), #385 );
#82 = STYLED_ITEM( '', ( #386 ), #387 );
#83 = STYLED_ITEM( '', ( #388 ), #389 );
#84 = STYLED_ITEM( '', ( #390 ), #391 );
#85 = STYLED_ITEM( '', ( #392 ), #393 );
#86 = STYLED_ITEM( '', ( #394 ), #395 );
#87 = STYLED_ITEM( '', ( #396 ), #397 );
#88 = STYLED_ITEM( '', ( #398 ), #399 );
#89 = STYLED_ITEM( '', ( #400 ), #401 );
#90 = STYLED_ITEM( '', ( #402 ), #403 );
#91 = STYLED_ITEM( '', ( #404 ), #405 );
#92 = STYLED_ITEM( '', ( #406 ), #407 );
#93 = STYLED_ITEM( '', ( #408 ), #409 );
#94 = STYLED_ITEM( '', ( #410 ), #411 );
#95 = STYLED_ITEM( '', ( #412 ), #413 );
#96 = STYLED_ITEM( '', ( #414 ), #415 );
#97 = STYLED_ITEM( '', ( #416 ), #417 );
#98 = STYLED_ITEM( '', ( #418 ), #419 );
#99 = STYLED_ITEM( '', ( #420 ), #421 );
#100 = STYLED_ITEM( '', ( #422 ), #423 );
#101 = STYLED_ITEM( '', ( #424 ), #425 );
#102 = STYLED_ITEM( '', ( #426 ), #427 );
#103 = STYLED_ITEM( '', ( #428 ), #429 );
#104 = STYLED_ITEM( '', ( #430 ), #431 );
#105 = STYLED_ITEM( '', ( #432 ), #433 );
#106 = STYLED_ITEM( '', ( #434 ), #435 );
#107 = STYLED_ITEM( '', ( #436 ), #437 );
#108 = STYLED_ITEM( '', ( #438 ), #439 );
#109 = STYLED_ITEM( '', ( #440 ), #441 );
#110 = STYLED_ITEM( '', ( #442 ), #443 );
#111 = STYLED_ITEM( '', ( #444 ), #445 );
#112 = STYLED_ITEM( '', ( #446 ), #447 );
#113 = STYLED_ITEM( '', ( #448 ), #449 );
#114 = STYLED_ITEM( '', ( #450 ), #451 );
#115 = STYLED_ITEM( '', ( #452 ), #453 );
#116 = STYLED_ITEM( '', ( #454 ), #455 );
#117 = STYLED_ITEM( '', ( #456 ), #457 );
#118 = STYLED_ITEM( '', ( #458 ), #459 );
#119 = STYLED_ITEM( '', ( #460 ), #461 );
#120 = STYLED_ITEM( '', ( #462 ), #463 );
#121 = STYLED_ITEM( '', ( #464 ), #465 );
#122 = STYLED_ITEM( '', ( #466 ), #467 );
#123 = STYLED_ITEM( '', ( #468 ), #469 );
#124 = STYLED_ITEM( '', ( #470 ), #471 );
#125 = STYLED_ITEM( '', ( #472 ), #473 );
#126 = STYLED_ITEM( '', ( #474 ), #475 );
#127 = STYLED_ITEM( '', ( #476 ), #477 );
#128 = STYLED_ITEM( '', ( #478 ), #479 );
#129 = STYLED_ITEM( '', ( #480 ), #481 );
#130 = STYLED_ITEM( '', ( #482 ), #483 );
#131 = STYLED_ITEM( '', ( #484 ), #485 );
#132 = STYLED_ITEM( '', ( #486 ), #487 );
#133 = STYLED_ITEM( '', ( #488 ), #489 );
#134 = STYLED_ITEM( '', ( #490 ), #491 );
#135 = STYLED_ITEM( '', ( #492 ), #493 );
#136 = STYLED_ITEM( '', ( #494 ), #495 );
#137 = STYLED_ITEM( '', ( #496 ), #497 );
#138 = STYLED_ITEM( '', ( #498 ), #499 );
#139 = STYLED_ITEM( '', ( #500 ), #501 );
#140 = STYLED_ITEM( '', ( #502 ), #503 );
#141 = STYLED_ITEM( '', ( #504 ), #505 );
#142 = STYLED_ITEM( '', ( #506 ), #507 );
#143 = STYLED_ITEM( '', ( #508 ), #509 );
#144 = STYLED_ITEM( '', ( #510 ), #511 );
#145 = STYLED_ITEM( '', ( #512 ), #513 );
#146 = STYLED_ITEM( '', ( #514 ), #515 );
#147 = STYLED_ITEM( '', ( #516 ), #517 );
#148 = STYLED_ITEM( '', ( #518 ), #519 );
#149 = STYLED_ITEM( '', ( #520 ), #521 );
#150 = STYLED_ITEM( '', ( #522 ), #523 );
#151 = STYLED_ITEM( '', ( #524 ), #525 );
#152 = STYLED_ITEM( '', ( #526 ), #527 );
#153 = STYLED_ITEM( '', ( #528 ), #529 );
#154 = STYLED_ITEM( '', ( #530 ), #531 );
#155 = STYLED_ITEM( '', ( #532 ), #533 );
#156 = STYLED_ITEM( '', ( #534 ), #535 );
#157 = STYLED_ITEM( '', ( #536 ), #537 );
#158 = STYLED_ITEM( '', ( #538 ), #539 );
#159 = STYLED_ITEM( '', ( #540 ), #541 );
#160 = STYLED_ITEM( '', ( #542 ), #543 );
#161 = STYLED_ITEM( '', ( #544 ), #545 );
#162 = STYLED_ITEM( '', ( #546 ), #547 );
#163 = STYLED_ITEM( '', ( #548 ), #549 );
#164 = STYLED_ITEM( '', ( #550 ), #551 );
#165 = STYLED_ITEM( '', ( #552 ), #553 );
#166 = STYLED_ITEM( '', ( #554 ), #555 );
#167 = STYLED_ITEM( '', ( #556 ), #557 );
#168 = STYLED_ITEM( '', ( #558 ), #559 );
#169 = STYLED_ITEM( '', ( #560 ), #561 );
#170 = STYLED_ITEM( '', ( #562 ), #563 );
#171 = STYLED_ITEM( '', ( #564 ), #565 );
#172 = STYLED_ITEM( '', ( #566 ), #567 );
#173 = STYLED_ITEM( '', ( #568 ), #569 );
#174 = STYLED_ITEM( '', ( #570 ), #571 );
#175 = STYLED_ITEM( '', ( #572 ), #573 );
#176 = STYLED_ITEM( '', ( #574 ), #575 );
#177 = STYLED_ITEM( '', ( #576 ), #577 );
#178 = STYLED_ITEM( '', ( #578 ), #579 );
#179 = STYLED_ITEM( '', ( #580 ), #581 );
#180 = STYLED_ITEM( '', ( #582 ), #583 );
#181 = STYLED_ITEM( '', ( #584 ), #585 );
#182 = STYLED_ITEM( '', ( #586 ), #587 );
#183 = STYLED_ITEM( '', ( #588 ), #589 );
#184 = STYLED_ITEM( '', ( #590 ), #591 );
#185 = STYLED_ITEM( '', ( #592 ), #593 );
#186 = STYLED_ITEM( '', ( #594 ), #595 );
#187 = STYLED_ITEM( '', ( #596 ), #597 );
#188 = STYLED_ITEM( '', ( #598 ), #599 );
#189 = STYLED_ITEM( '', ( #600 ), #601 );
#190 = STYLED_ITEM( '', ( #602 ), #603 );
#191 = STYLED_ITEM( '', ( #604 ), #605 );
#192 = STYLED_ITEM( '', ( #606 ), #607 );
#193 = STYLED_ITEM( '', ( #608 ), #609 );
#194 = STYLED_ITEM( '', ( #610 ), #611 );
#195 = STYLED_ITEM( '', ( #612 ), #613 );
#196 = STYLED_ITEM( '', ( #614 ), #615 );
#197 = STYLED_ITEM( '', ( #616 ), #617 );
#198 = STYLED_ITEM( '', ( #618 ), #619 );
#199 = STYLED_ITEM( '', ( #620 ), #621 );
#200 = STYLED_ITEM( '', ( #622 ), #623 );
#201 = STYLED_ITEM( '', ( #624 ), #625 );
#202 = STYLED_ITEM( '', ( #626 ), #627 );
#203 = STYLED_ITEM( '', ( #628 ), #629 );
#204 = STYLED_ITEM( '', ( #630 ), #631 );
#205 = STYLED_ITEM( '', ( #632 ), #633 );
#206 = STYLED_ITEM( '', ( #634 ), #635 );
#207 = STYLED_ITEM( '', ( #636 ), #637 );
#208 = STYLED_ITEM( '', ( #638 ), #639 );
#209 = STYLED_ITEM( '', ( #640 ), #641 );
#210 = STYLED_ITEM( '', ( #642 ), #643 );
#211 = STYLED_ITEM( '', ( #644 ), #645 );
#212 = STYLED_ITEM( '', ( #646 ), #647 );
#213 = STYLED_ITEM( '', ( #648 ), #649 );
#214 = STYLED_ITEM( '', ( #650 ), #651 );
#215 = STYLED_ITEM( '', ( #652 ), #653 );
#216 = STYLED_ITEM( '', ( #654 ), #655 );
#217 = STYLED_ITEM( '', ( #656 ), #657 );
#218 = STYLED_ITEM( '', ( #658 ), #659 );
#219 = STYLED_ITEM( '', ( #660 ), #661 );
#220 = STYLED_ITEM( '', ( #662 ), #663 );
#221 = STYLED_ITEM( '', ( #664 ), #665 );
#222 = STYLED_ITEM( '', ( #666 ), #667 );
#223 = STYLED_ITEM( '', ( #668 ), #669 );
#224 = STYLED_ITEM( '', ( #670 ), #671 );
#225 = STYLED_ITEM( '', ( #672 ), #673 );
#226 = STYLED_ITEM( '', ( #674 ), #675 );
#227 = STYLED_ITEM( '', ( #676 ), #677 );
#228 = STYLED_ITEM( '', ( #678 ), #679 );
#229 = STYLED_ITEM( '', ( #680 ), #681 );
#230 = STYLED_ITEM( '', ( #682 ), #683 );
#231 = STYLED_ITEM( '', ( #684 ), #685 );
#232 = STYLED_ITEM( '', ( #686 ), #687 );
#233 = STYLED_ITEM( '', ( #688 ), #689 );
#234 = STYLED_ITEM( '', ( #690 ), #691 );
#235 = STYLED_ITEM( '', ( #692 ), #693 );
#236 = STYLED_ITEM( '', ( #694 ), #695 );
#237 = STYLED_ITEM( '', ( #696 ), #697 );
#238 = STYLED_ITEM( '', ( #698 ), #699 );
#239 = STYLED_ITEM( '', ( #700 ), #701 );
#240 = STYLED_ITEM( '', ( #702 ), #703 );
#241 = STYLED_ITEM( '', ( #704 ), #705 );
#242 = STYLED_ITEM( '', ( #706 ), #707 );
#243 = STYLED_ITEM( '', ( #708 ), #709 );
#244 = STYLED_ITEM( '', ( #710 ), #711 );
#245 = STYLED_ITEM( '', ( #712 ), #713 );
#246 = STYLED_ITEM( '', ( #714 ), #715 );
#247 = STYLED_ITEM( '', ( #716 ), #717 );
#248 = STYLED_ITEM( '', ( #718 ), #719 );
#249 = STYLED_ITEM( '', ( #720 ), #721 );
#250 = STYLED_ITEM( '', ( #722 ), #723 );
#251 = STYLED_ITEM( '', ( #724 ), #725 );
#252 = STYLED_ITEM( '', ( #726 ), #727 );
#253 = STYLED_ITEM( '', ( #728 ), #729 );
#254 = STYLED_ITEM( '', ( #730 ), #731 );
#255 = STYLED_ITEM( '', ( #732 ), #733 );
#256 = STYLED_ITEM( '', ( #734 ), #735 );
#257 = STYLED_ITEM( '', ( #736 ), #737 );
#258 = STYLED_ITEM( '', ( #738 ), #739 );
#259 = STYLED_ITEM( '', ( #740 ), #741 );
#260 = STYLED_ITEM( '', ( #742 ), #743 );
#261 = STYLED_ITEM( '', ( #744 ), #745 );
#264 = UNCERTAINTY_MEASURE_WITH_UNIT( LENGTH_MEASURE( 0.00100000000000000 ), #266, '', '' );
#266 =  ( CONVERSION_BASED_UNIT( 'MILLIMETRE', #748 )LENGTH_UNIT(  )NAMED_UNIT( #751 ) );
#267 =  ( NAMED_UNIT( #753 )PLANE_ANGLE_UNIT(  )SI_UNIT( $, .RADIAN. ) );
#268 =  ( NAMED_UNIT( #753 )SI_UNIT( $, .STERADIAN. )SOLID_ANGLE_UNIT(  ) );
#270 = PRODUCT( 'UMPT-04-01.5-G-VT-SM-WT', 'UMPT-04-01.5-G-VT-SM-WT', 'PART-UMPT-04-01.5-G-VT-SM-WT-DESC', ( #759 ) );
#271 = PRODUCT_DEFINITION( 'NONE', 'NONE', #760, #1 );
#272 = AXIS2_PLACEMENT_3D( '', #761, #762, #763 );
#273 = AXIS2_PLACEMENT_3D( '', #764, #765, #766 );
#274 = AXIS2_PLACEMENT_3D( '', #767, #768, #769 );
#275 =  ( GEOMETRIC_REPRESENTATION_CONTEXT( 3 )GLOBAL_UNCERTAINTY_ASSIGNED_CONTEXT( ( #772 ) )GLOBAL_UNIT_ASSIGNED_CONTEXT( ( #774, #775, #776 ) )REPRESENTATION_CONTEXT( 'NONE', 'WORKSPACE' ) );
#276 = PRODUCT( '_04-01.5--WT_BODY', '_04-01.5--WT_BODY', 'PART-_04-01.5--WT_BODY-DESC', ( #759 ) );
#279 = ITEM_DEFINED_TRANSFORMATION( '', '', #272, #273 );
#281 = NEXT_ASSEMBLY_USAGE_OCCURRENCE( 'NAUO1', '_04-01.5--WT_BODY', '_04-01.5--WT_BODY', #271, #282, $ );
#282 = PRODUCT_DEFINITION( '_04-01.5--WT_BODY', '_04-01.5--WT_BODY', #778, #1 );
#283 = MANIFOLD_SOLID_BREP( '_04-01.5--WT_BODY', #779 );
#284 = PRODUCT( '_UMPT-04-01.5-SM-_PINS', '_UMPT-04-01.5-SM-_PINS', 'PART-_UMPT-04-01.5-SM-_PINS-DESC', ( #759 ) );
#287 = ITEM_DEFINED_TRANSFORMATION( '', '', #272, #274 );
#289 = NEXT_ASSEMBLY_USAGE_OCCURRENCE( 'NAUO2', '_UMPT-04-01.5-SM-_PINS', '_UMPT-04-01.5-SM-_PINS', #271, #290, $ );
#290 = PRODUCT_DEFINITION( '_UMPT-04-01.5-SM-_PINS', '_UMPT-04-01.5-SM-_PINS', #780, #1 );
#291 = MANIFOLD_SOLID_BREP( '_UMPT-04-01.5-SM-_PINS', #781 );
#292 = PRESENTATION_STYLE_ASSIGNMENT( ( #782 ) );
#293 = ADVANCED_FACE( '', ( #783 ), #784, .F. );
#294 = PRESENTATION_STYLE_ASSIGNMENT( ( #785 ) );
#295 = ADVANCED_FACE( '', ( #786 ), #787, .F. );
#296 = PRESENTATION_STYLE_ASSIGNMENT( ( #788 ) );
#297 = ADVANCED_FACE( '', ( #789 ), #790, .T. );
#298 = PRESENTATION_STYLE_ASSIGNMENT( ( #791 ) );
#299 = ADVANCED_FACE( '', ( #792 ), #793, .F. );
#300 = PRESENTATION_STYLE_ASSIGNMENT( ( #794 ) );
#301 = ADVANCED_FACE( '', ( #795 ), #796, .F. );
#302 = PRESENTATION_STYLE_ASSIGNMENT( ( #797 ) );
#303 = ADVANCED_FACE( '', ( #798 ), #799, .F. );
#304 = PRESENTATION_STYLE_ASSIGNMENT( ( #800 ) );
#305 = ADVANCED_FACE( '', ( #801 ), #802, .F. );
#306 = PRESENTATION_STYLE_ASSIGNMENT( ( #803 ) );
#307 = ADVANCED_FACE( '', ( #804 ), #805, .F. );
#308 = PRESENTATION_STYLE_ASSIGNMENT( ( #806 ) );
#309 = ADVANCED_FACE( '', ( #807 ), #808, .T. );
#310 = PRESENTATION_STYLE_ASSIGNMENT( ( #809 ) );
#311 = ADVANCED_FACE( '', ( #810 ), #811, .F. );
#312 = PRESENTATION_STYLE_ASSIGNMENT( ( #812 ) );
#313 = ADVANCED_FACE( '', ( #813 ), #814, .T. );
#314 = PRESENTATION_STYLE_ASSIGNMENT( ( #815 ) );
#315 = ADVANCED_FACE( '', ( #816 ), #817, .F. );
#316 = PRESENTATION_STYLE_ASSIGNMENT( ( #818 ) );
#317 = ADVANCED_FACE( '', ( #819 ), #820, .F. );
#318 = PRESENTATION_STYLE_ASSIGNMENT( ( #821 ) );
#319 = ADVANCED_FACE( '', ( #822 ), #823, .F. );
#320 = PRESENTATION_STYLE_ASSIGNMENT( ( #824 ) );
#321 = ADVANCED_FACE( '', ( #825 ), #826, .F. );
#322 = PRESENTATION_STYLE_ASSIGNMENT( ( #827 ) );
#323 = ADVANCED_FACE( '', ( #828 ), #829, .T. );
#324 = PRESENTATION_STYLE_ASSIGNMENT( ( #830 ) );
#325 = ADVANCED_FACE( '', ( #831 ), #832, .T. );
#326 = PRESENTATION_STYLE_ASSIGNMENT( ( #833 ) );
#327 = ADVANCED_FACE( '', ( #834 ), #835, .F. );
#328 = PRESENTATION_STYLE_ASSIGNMENT( ( #836 ) );
#329 = ADVANCED_FACE( '', ( #837 ), #838, .F. );
#330 = PRESENTATION_STYLE_ASSIGNMENT( ( #839 ) );
#331 = ADVANCED_FACE( '', ( #840 ), #841, .T. );
#332 = PRESENTATION_STYLE_ASSIGNMENT( ( #842 ) );
#333 = ADVANCED_FACE( '', ( #843 ), #844, .T. );
#334 = PRESENTATION_STYLE_ASSIGNMENT( ( #845 ) );
#335 = ADVANCED_FACE( '', ( #846 ), #847, .T. );
#336 = PRESENTATION_STYLE_ASSIGNMENT( ( #848 ) );
#337 = ADVANCED_FACE( '', ( #849 ), #850, .F. );
#338 = PRESENTATION_STYLE_ASSIGNMENT( ( #851 ) );
#339 = ADVANCED_FACE( '', ( #852 ), #853, .T. );
#340 = PRESENTATION_STYLE_ASSIGNMENT( ( #854 ) );
#341 = ADVANCED_FACE( '', ( #855 ), #856, .F. );
#342 = PRESENTATION_STYLE_ASSIGNMENT( ( #857 ) );
#343 = ADVANCED_FACE( '', ( #858 ), #859, .T. );
#344 = PRESENTATION_STYLE_ASSIGNMENT( ( #860 ) );
#345 = ADVANCED_FACE( '', ( #861 ), #862, .T. );
#346 = PRESENTATION_STYLE_ASSIGNMENT( ( #863 ) );
#347 = ADVANCED_FACE( '', ( #864 ), #865, .T. );
#348 = PRESENTATION_STYLE_ASSIGNMENT( ( #866 ) );
#349 = ADVANCED_FACE( '', ( #867 ), #868, .T. );
#350 = PRESENTATION_STYLE_ASSIGNMENT( ( #869 ) );
#351 = ADVANCED_FACE( '', ( #870, #871, #872, #873, #874, #875, #876 ), #877, .F. );
#352 = PRESENTATION_STYLE_ASSIGNMENT( ( #878 ) );
#353 = ADVANCED_FACE( '', ( #879, #880 ), #881, .T. );
#354 = PRESENTATION_STYLE_ASSIGNMENT( ( #882 ) );
#355 = ADVANCED_FACE( '', ( #883 ), #884, .T. );
#356 = PRESENTATION_STYLE_ASSIGNMENT( ( #885 ) );
#357 = ADVANCED_FACE( '', ( #886 ), #887, .F. );
#358 = PRESENTATION_STYLE_ASSIGNMENT( ( #888 ) );
#359 = ADVANCED_FACE( '', ( #889 ), #890, .T. );
#360 = PRESENTATION_STYLE_ASSIGNMENT( ( #891 ) );
#361 = ADVANCED_FACE( '', ( #892 ), #893, .T. );
#362 = PRESENTATION_STYLE_ASSIGNMENT( ( #894 ) );
#363 = ADVANCED_FACE( '', ( #895 ), #896, .F. );
#364 = PRESENTATION_STYLE_ASSIGNMENT( ( #897 ) );
#365 = ADVANCED_FACE( '', ( #898 ), #899, .T. );
#366 = PRESENTATION_STYLE_ASSIGNMENT( ( #900 ) );
#367 = ADVANCED_FACE( '', ( #901 ), #902, .T. );
#368 = PRESENTATION_STYLE_ASSIGNMENT( ( #903 ) );
#369 = ADVANCED_FACE( '', ( #904 ), #905, .T. );
#370 = PRESENTATION_STYLE_ASSIGNMENT( ( #906 ) );
#371 = ADVANCED_FACE( '', ( #907 ), #908, .F. );
#372 = PRESENTATION_STYLE_ASSIGNMENT( ( #909 ) );
#373 = ADVANCED_FACE( '', ( #910 ), #911, .F. );
#374 = PRESENTATION_STYLE_ASSIGNMENT( ( #912 ) );
#375 = ADVANCED_FACE( '', ( #913 ), #914, .F. );
#376 = PRESENTATION_STYLE_ASSIGNMENT( ( #915 ) );
#377 = ADVANCED_FACE( '', ( #916 ), #917, .T. );
#378 = PRESENTATION_STYLE_ASSIGNMENT( ( #918 ) );
#379 = ADVANCED_FACE( '', ( #919 ), #920, .F. );
#380 = PRESENTATION_STYLE_ASSIGNMENT( ( #921 ) );
#381 = ADVANCED_FACE( '', ( #922 ), #923, .F. );
#382 = PRESENTATION_STYLE_ASSIGNMENT( ( #924 ) );
#383 = ADVANCED_FACE( '', ( #925 ), #926, .T. );
#384 = PRESENTATION_STYLE_ASSIGNMENT( ( #927 ) );
#385 = ADVANCED_FACE( '', ( #928 ), #929, .F. );
#386 = PRESENTATION_STYLE_ASSIGNMENT( ( #930 ) );
#387 = ADVANCED_FACE( '', ( #931 ), #932, .F. );
#388 = PRESENTATION_STYLE_ASSIGNMENT( ( #933 ) );
#389 = ADVANCED_FACE( '', ( #934 ), #935, .T. );
#390 = PRESENTATION_STYLE_ASSIGNMENT( ( #936 ) );
#391 = ADVANCED_FACE( '', ( #937 ), #938, .T. );
#392 = PRESENTATION_STYLE_ASSIGNMENT( ( #939 ) );
#393 = ADVANCED_FACE( '', ( #940 ), #941, .F. );
#394 = PRESENTATION_STYLE_ASSIGNMENT( ( #942 ) );
#395 = ADVANCED_FACE( '', ( #943 ), #944, .T. );
#396 = PRESENTATION_STYLE_ASSIGNMENT( ( #945 ) );
#397 = ADVANCED_FACE( '', ( #946 ), #947, .T. );
#398 = PRESENTATION_STYLE_ASSIGNMENT( ( #948 ) );
#399 = ADVANCED_FACE( '', ( #949 ), #950, .T. );
#400 = PRESENTATION_STYLE_ASSIGNMENT( ( #951 ) );
#401 = ADVANCED_FACE( '', ( #952 ), #953, .T. );
#402 = PRESENTATION_STYLE_ASSIGNMENT( ( #954 ) );
#403 = ADVANCED_FACE( '', ( #955 ), #956, .T. );
#404 = PRESENTATION_STYLE_ASSIGNMENT( ( #957 ) );
#405 = ADVANCED_FACE( '', ( #958 ), #959, .T. );
#406 = PRESENTATION_STYLE_ASSIGNMENT( ( #960 ) );
#407 = ADVANCED_FACE( '', ( #961 ), #962, .F. );
#408 = PRESENTATION_STYLE_ASSIGNMENT( ( #963 ) );
#409 = ADVANCED_FACE( '', ( #964 ), #965, .F. );
#410 = PRESENTATION_STYLE_ASSIGNMENT( ( #966 ) );
#411 = ADVANCED_FACE( '', ( #967 ), #968, .F. );
#412 = PRESENTATION_STYLE_ASSIGNMENT( ( #969 ) );
#413 = ADVANCED_FACE( '', ( #970 ), #971, .F. );
#414 = PRESENTATION_STYLE_ASSIGNMENT( ( #972 ) );
#415 = ADVANCED_FACE( '', ( #973 ), #974, .T. );
#416 = PRESENTATION_STYLE_ASSIGNMENT( ( #975 ) );
#417 = ADVANCED_FACE( '', ( #976 ), #977, .T. );
#418 = PRESENTATION_STYLE_ASSIGNMENT( ( #978 ) );
#419 = ADVANCED_FACE( '', ( #979 ), #980, .T. );
#420 = PRESENTATION_STYLE_ASSIGNMENT( ( #981 ) );
#421 = ADVANCED_FACE( '', ( #982 ), #983, .F. );
#422 = PRESENTATION_STYLE_ASSIGNMENT( ( #984 ) );
#423 = ADVANCED_FACE( '', ( #985 ), #986, .F. );
#424 = PRESENTATION_STYLE_ASSIGNMENT( ( #987 ) );
#425 = ADVANCED_FACE( '', ( #988 ), #989, .F. );
#426 = PRESENTATION_STYLE_ASSIGNMENT( ( #990 ) );
#427 = ADVANCED_FACE( '', ( #991 ), #992, .T. );
#428 = PRESENTATION_STYLE_ASSIGNMENT( ( #993 ) );
#429 = ADVANCED_FACE( '', ( #994 ), #995, .T. );
#430 = PRESENTATION_STYLE_ASSIGNMENT( ( #996 ) );
#431 = ADVANCED_FACE( '', ( #997 ), #998, .T. );
#432 = PRESENTATION_STYLE_ASSIGNMENT( ( #999 ) );
#433 = ADVANCED_FACE( '', ( #1000 ), #1001, .T. );
#434 = PRESENTATION_STYLE_ASSIGNMENT( ( #1002 ) );
#435 = ADVANCED_FACE( '', ( #1003 ), #1004, .F. );
#436 = PRESENTATION_STYLE_ASSIGNMENT( ( #1005 ) );
#437 = ADVANCED_FACE( '', ( #1006 ), #1007, .F. );
#438 = PRESENTATION_STYLE_ASSIGNMENT( ( #1008 ) );
#439 = ADVANCED_FACE( '', ( #1009 ), #1010, .F. );
#440 = PRESENTATION_STYLE_ASSIGNMENT( ( #1011 ) );
#441 = ADVANCED_FACE( '', ( #1012 ), #1013, .F. );
#442 = PRESENTATION_STYLE_ASSIGNMENT( ( #1014 ) );
#443 = ADVANCED_FACE( '', ( #1015, #1016, #1017, #1018 ), #1019, .T. );
#444 = PRESENTATION_STYLE_ASSIGNMENT( ( #1020 ) );
#445 = ADVANCED_FACE( '', ( #1021 ), #1022, .F. );
#446 = PRESENTATION_STYLE_ASSIGNMENT( ( #1023 ) );
#447 = ADVANCED_FACE( '', ( #1024 ), #1025, .F. );
#448 = PRESENTATION_STYLE_ASSIGNMENT( ( #1026 ) );
#449 = ADVANCED_FACE( '', ( #1027 ), #1028, .F. );
#450 = PRESENTATION_STYLE_ASSIGNMENT( ( #1029 ) );
#451 = ADVANCED_FACE( '', ( #1030 ), #1031, .F. );
#452 = PRESENTATION_STYLE_ASSIGNMENT( ( #1032 ) );
#453 = ADVANCED_FACE( '', ( #1033 ), #1034, .F. );
#454 = PRESENTATION_STYLE_ASSIGNMENT( ( #1035 ) );
#455 = ADVANCED_FACE( '', ( #1036 ), #1037, .F. );
#456 = PRESENTATION_STYLE_ASSIGNMENT( ( #1038 ) );
#457 = ADVANCED_FACE( '', ( #1039 ), #1040, .F. );
#458 = PRESENTATION_STYLE_ASSIGNMENT( ( #1041 ) );
#459 = ADVANCED_FACE( '', ( #1042 ), #1043, .T. );
#460 = PRESENTATION_STYLE_ASSIGNMENT( ( #1044 ) );
#461 = ADVANCED_FACE( '', ( #1045 ), #1046, .F. );
#462 = PRESENTATION_STYLE_ASSIGNMENT( ( #1047 ) );
#463 = ADVANCED_FACE( '', ( #1048 ), #1049, .T. );
#464 = PRESENTATION_STYLE_ASSIGNMENT( ( #1050 ) );
#465 = ADVANCED_FACE( '', ( #1051 ), #1052, .T. );
#466 = PRESENTATION_STYLE_ASSIGNMENT( ( #1053 ) );
#467 = ADVANCED_FACE( '', ( #1054 ), #1055, .F. );
#468 = PRESENTATION_STYLE_ASSIGNMENT( ( #1056 ) );
#469 = ADVANCED_FACE( '', ( #1057 ), #1058, .F. );
#470 = PRESENTATION_STYLE_ASSIGNMENT( ( #1059 ) );
#471 = ADVANCED_FACE( '', ( #1060 ), #1061, .T. );
#472 = PRESENTATION_STYLE_ASSIGNMENT( ( #1062 ) );
#473 = ADVANCED_FACE( '', ( #1063 ), #1064, .F. );
#474 = PRESENTATION_STYLE_ASSIGNMENT( ( #1065 ) );
#475 = ADVANCED_FACE( '', ( #1066 ), #1067, .T. );
#476 = PRESENTATION_STYLE_ASSIGNMENT( ( #1068 ) );
#477 = ADVANCED_FACE( '', ( #1069 ), #1070, .F. );
#478 = PRESENTATION_STYLE_ASSIGNMENT( ( #1071 ) );
#479 = ADVANCED_FACE( '', ( #1072 ), #1073, .T. );
#480 = PRESENTATION_STYLE_ASSIGNMENT( ( #1074 ) );
#481 = ADVANCED_FACE( '', ( #1075 ), #1076, .T. );
#482 = PRESENTATION_STYLE_ASSIGNMENT( ( #1077 ) );
#483 = ADVANCED_FACE( '', ( #1078 ), #1079, .T. );
#484 = PRESENTATION_STYLE_ASSIGNMENT( ( #1080 ) );
#485 = ADVANCED_FACE( '', ( #1081 ), #1082, .F. );
#486 = PRESENTATION_STYLE_ASSIGNMENT( ( #1083 ) );
#487 = ADVANCED_FACE( '', ( #1084, #1085 ), #1086, .F. );
#488 = PRESENTATION_STYLE_ASSIGNMENT( ( #1087 ) );
#489 = ADVANCED_FACE( '', ( #1088, #1089 ), #1090, .F. );
#490 = PRESENTATION_STYLE_ASSIGNMENT( ( #1091 ) );
#491 = ADVANCED_FACE( '', ( #1092 ), #1093, .F. );
#492 = PRESENTATION_STYLE_ASSIGNMENT( ( #1094 ) );
#493 = ADVANCED_FACE( '', ( #1095 ), #1096, .F. );
#494 = PRESENTATION_STYLE_ASSIGNMENT( ( #1097 ) );
#495 = ADVANCED_FACE( '', ( #1098 ), #1099, .F. );
#496 = PRESENTATION_STYLE_ASSIGNMENT( ( #1100 ) );
#497 = ADVANCED_FACE( '', ( #1101 ), #1102, .F. );
#498 = PRESENTATION_STYLE_ASSIGNMENT( ( #1103 ) );
#499 = ADVANCED_FACE( '', ( #1104 ), #1105, .T. );
#500 = PRESENTATION_STYLE_ASSIGNMENT( ( #1106 ) );
#501 = ADVANCED_FACE( '', ( #1107 ), #1108, .T. );
#502 = PRESENTATION_STYLE_ASSIGNMENT( ( #1109 ) );
#503 = ADVANCED_FACE( '', ( #1110 ), #1111, .T. );
#504 = PRESENTATION_STYLE_ASSIGNMENT( ( #1112 ) );
#505 = ADVANCED_FACE( '', ( #1113 ), #1114, .T. );
#506 = PRESENTATION_STYLE_ASSIGNMENT( ( #1115 ) );
#507 = ADVANCED_FACE( '', ( #1116 ), #1117, .F. );
#508 = PRESENTATION_STYLE_ASSIGNMENT( ( #1118 ) );
#509 = ADVANCED_FACE( '', ( #1119 ), #1120, .F. );
#510 = PRESENTATION_STYLE_ASSIGNMENT( ( #1121 ) );
#511 = ADVANCED_FACE( '', ( #1122 ), #1123, .T. );
#512 = PRESENTATION_STYLE_ASSIGNMENT( ( #1124 ) );
#513 = ADVANCED_FACE( '', ( #1125 ), #1126, .T. );
#514 = PRESENTATION_STYLE_ASSIGNMENT( ( #1127 ) );
#515 = ADVANCED_FACE( '', ( #1128 ), #1129, .F. );
#516 = PRESENTATION_STYLE_ASSIGNMENT( ( #1130 ) );
#517 = ADVANCED_FACE( '', ( #1131 ), #1132, .F. );
#518 = PRESENTATION_STYLE_ASSIGNMENT( ( #1133 ) );
#519 = ADVANCED_FACE( '', ( #1134 ), #1135, .T. );
#520 = PRESENTATION_STYLE_ASSIGNMENT( ( #1136 ) );
#521 = ADVANCED_FACE( '', ( #1137 ), #1138, .F. );
#522 = PRESENTATION_STYLE_ASSIGNMENT( ( #1139 ) );
#523 = ADVANCED_FACE( '', ( #1140 ), #1141, .F. );
#524 = PRESENTATION_STYLE_ASSIGNMENT( ( #1142 ) );
#525 = ADVANCED_FACE( '', ( #1143 ), #1144, .F. );
#526 = PRESENTATION_STYLE_ASSIGNMENT( ( #1145 ) );
#527 = ADVANCED_FACE( '', ( #1146, #1147 ), #1148, .F. );
#528 = PRESENTATION_STYLE_ASSIGNMENT( ( #1149 ) );
#529 = ADVANCED_FACE( '', ( #1150, #1151 ), #1152, .T. );
#530 = PRESENTATION_STYLE_ASSIGNMENT( ( #1153 ) );
#531 = ADVANCED_FACE( '', ( #1154 ), #1155, .F. );
#532 = PRESENTATION_STYLE_ASSIGNMENT( ( #1156 ) );
#533 = ADVANCED_FACE( '', ( #1157 ), #1158, .F. );
#534 = PRESENTATION_STYLE_ASSIGNMENT( ( #1159 ) );
#535 = ADVANCED_FACE( '', ( #1160 ), #1161, .T. );
#536 = PRESENTATION_STYLE_ASSIGNMENT( ( #1162 ) );
#537 = ADVANCED_FACE( '', ( #1163 ), #1164, .T. );
#538 = PRESENTATION_STYLE_ASSIGNMENT( ( #1165 ) );
#539 = ADVANCED_FACE( '', ( #1166 ), #1167, .T. );
#540 = PRESENTATION_STYLE_ASSIGNMENT( ( #1168 ) );
#541 = ADVANCED_FACE( '', ( #1169 ), #1170, .F. );
#542 = PRESENTATION_STYLE_ASSIGNMENT( ( #1171 ) );
#543 = ADVANCED_FACE( '', ( #1172 ), #1173, .F. );
#544 = PRESENTATION_STYLE_ASSIGNMENT( ( #1174 ) );
#545 = ADVANCED_FACE( '', ( #1175 ), #1176, .F. );
#546 = PRESENTATION_STYLE_ASSIGNMENT( ( #1177 ) );
#547 = ADVANCED_FACE( '', ( #1178 ), #1179, .F. );
#548 = PRESENTATION_STYLE_ASSIGNMENT( ( #1180 ) );
#549 = ADVANCED_FACE( '', ( #1181 ), #1182, .F. );
#550 = PRESENTATION_STYLE_ASSIGNMENT( ( #1183 ) );
#551 = ADVANCED_FACE( '', ( #1184 ), #1185, .F. );
#552 = PRESENTATION_STYLE_ASSIGNMENT( ( #1186 ) );
#553 = ADVANCED_FACE( '', ( #1187 ), #1188, .F. );
#554 = PRESENTATION_STYLE_ASSIGNMENT( ( #1189 ) );
#555 = ADVANCED_FACE( '', ( #1190 ), #1191, .T. );
#556 = PRESENTATION_STYLE_ASSIGNMENT( ( #1192 ) );
#557 = ADVANCED_FACE( '', ( #1193 ), #1194, .T. );
#558 = PRESENTATION_STYLE_ASSIGNMENT( ( #1195 ) );
#559 = ADVANCED_FACE( '', ( #1196 ), #1197, .F. );
#560 = PRESENTATION_STYLE_ASSIGNMENT( ( #1198 ) );
#561 = ADVANCED_FACE( '', ( #1199 ), #1200, .T. );
#562 = PRESENTATION_STYLE_ASSIGNMENT( ( #1201 ) );
#563 = ADVANCED_FACE( '', ( #1202 ), #1203, .F. );
#564 = PRESENTATION_STYLE_ASSIGNMENT( ( #1204 ) );
#565 = ADVANCED_FACE( '', ( #1205 ), #1206, .T. );
#566 = PRESENTATION_STYLE_ASSIGNMENT( ( #1207 ) );
#567 = ADVANCED_FACE( '', ( #1208 ), #1209, .F. );
#568 = PRESENTATION_STYLE_ASSIGNMENT( ( #1210 ) );
#569 = ADVANCED_FACE( '', ( #1211 ), #1212, .F. );
#570 = PRESENTATION_STYLE_ASSIGNMENT( ( #1213 ) );
#571 = ADVANCED_FACE( '', ( #1214 ), #1215, .T. );
#572 = PRESENTATION_STYLE_ASSIGNMENT( ( #1216 ) );
#573 = ADVANCED_FACE( '', ( #1217 ), #1218, .F. );
#574 = PRESENTATION_STYLE_ASSIGNMENT( ( #1219 ) );
#575 = ADVANCED_FACE( '', ( #1220 ), #1221, .T. );
#576 = PRESENTATION_STYLE_ASSIGNMENT( ( #1222 ) );
#577 = ADVANCED_FACE( '', ( #1223 ), #1224, .F. );
#578 = PRESENTATION_STYLE_ASSIGNMENT( ( #1225 ) );
#579 = ADVANCED_FACE( '', ( #1226 ), #1227, .F. );
#580 = PRESENTATION_STYLE_ASSIGNMENT( ( #1228 ) );
#581 = ADVANCED_FACE( '', ( #1229 ), #1230, .T. );
#582 = PRESENTATION_STYLE_ASSIGNMENT( ( #1231 ) );
#583 = ADVANCED_FACE( '', ( #1232 ), #1233, .T. );
#584 = PRESENTATION_STYLE_ASSIGNMENT( ( #1234 ) );
#585 = ADVANCED_FACE( '', ( #1235 ), #1236, .F. );
#586 = PRESENTATION_STYLE_ASSIGNMENT( ( #1237 ) );
#587 = ADVANCED_FACE( '', ( #1238, #1239 ), #1240, .F. );
#588 = PRESENTATION_STYLE_ASSIGNMENT( ( #1241 ) );
#589 = ADVANCED_FACE( '', ( #1242 ), #1243, .T. );
#590 = PRESENTATION_STYLE_ASSIGNMENT( ( #1244 ) );
#591 = ADVANCED_FACE( '', ( #1245 ), #1246, .T. );
#592 = PRESENTATION_STYLE_ASSIGNMENT( ( #1247 ) );
#593 = ADVANCED_FACE( '', ( #1248 ), #1249, .T. );
#594 = PRESENTATION_STYLE_ASSIGNMENT( ( #1250 ) );
#595 = ADVANCED_FACE( '', ( #1251 ), #1252, .F. );
#596 = PRESENTATION_STYLE_ASSIGNMENT( ( #1253 ) );
#597 = ADVANCED_FACE( '', ( #1254 ), #1255, .F. );
#598 = PRESENTATION_STYLE_ASSIGNMENT( ( #1256 ) );
#599 = ADVANCED_FACE( '', ( #1257 ), #1258, .F. );
#600 = PRESENTATION_STYLE_ASSIGNMENT( ( #1259 ) );
#601 = ADVANCED_FACE( '', ( #1260 ), #1261, .F. );
#602 = PRESENTATION_STYLE_ASSIGNMENT( ( #1262 ) );
#603 = ADVANCED_FACE( '', ( #1263 ), #1264, .F. );
#604 = PRESENTATION_STYLE_ASSIGNMENT( ( #1265 ) );
#605 = ADVANCED_FACE( '', ( #1266 ), #1267, .T. );
#606 = PRESENTATION_STYLE_ASSIGNMENT( ( #1268 ) );
#607 = ADVANCED_FACE( '', ( #1269 ), #1270, .T. );
#608 = PRESENTATION_STYLE_ASSIGNMENT( ( #1271 ) );
#609 = ADVANCED_FACE( '', ( #1272 ), #1273, .F. );
#610 = PRESENTATION_STYLE_ASSIGNMENT( ( #1274 ) );
#611 = ADVANCED_FACE( '', ( #1275 ), #1276, .T. );
#612 = PRESENTATION_STYLE_ASSIGNMENT( ( #1277 ) );
#613 = ADVANCED_FACE( '', ( #1278 ), #1279, .T. );
#614 = PRESENTATION_STYLE_ASSIGNMENT( ( #1280 ) );
#615 = ADVANCED_FACE( '', ( #1281 ), #1282, .T. );
#616 = PRESENTATION_STYLE_ASSIGNMENT( ( #1283 ) );
#617 = ADVANCED_FACE( '', ( #1284 ), #1285, .T. );
#618 = PRESENTATION_STYLE_ASSIGNMENT( ( #1286 ) );
#619 = ADVANCED_FACE( '', ( #1287 ), #1288, .F. );
#620 = PRESENTATION_STYLE_ASSIGNMENT( ( #1289 ) );
#621 = ADVANCED_FACE( '', ( #1290 ), #1291, .F. );
#622 = PRESENTATION_STYLE_ASSIGNMENT( ( #1292 ) );
#623 = ADVANCED_FACE( '', ( #1293 ), #1294, .T. );
#624 = PRESENTATION_STYLE_ASSIGNMENT( ( #1295 ) );
#625 = ADVANCED_FACE( '', ( #1296 ), #1297, .T. );
#626 = PRESENTATION_STYLE_ASSIGNMENT( ( #1298 ) );
#627 = ADVANCED_FACE( '', ( #1299 ), #1300, .T. );
#628 = PRESENTATION_STYLE_ASSIGNMENT( ( #1301 ) );
#629 = ADVANCED_FACE( '', ( #1302 ), #1303, .T. );
#630 = PRESENTATION_STYLE_ASSIGNMENT( ( #1304 ) );
#631 = ADVANCED_FACE( '', ( #1305, #1306 ), #1307, .T. );
#632 = PRESENTATION_STYLE_ASSIGNMENT( ( #1308 ) );
#633 = ADVANCED_FACE( '', ( #1309 ), #1310, .T. );
#634 = PRESENTATION_STYLE_ASSIGNMENT( ( #1311 ) );
#635 = ADVANCED_FACE( '', ( #1312 ), #1313, .T. );
#636 = PRESENTATION_STYLE_ASSIGNMENT( ( #1314 ) );
#637 = ADVANCED_FACE( '', ( #1315 ), #1316, .F. );
#638 = PRESENTATION_STYLE_ASSIGNMENT( ( #1317 ) );
#639 = ADVANCED_FACE( '', ( #1318 ), #1319, .F. );
#640 = PRESENTATION_STYLE_ASSIGNMENT( ( #1320 ) );
#641 = ADVANCED_FACE( '', ( #1321, #1322 ), #1323, .T. );
#642 = PRESENTATION_STYLE_ASSIGNMENT( ( #1324 ) );
#643 = ADVANCED_FACE( '', ( #1325 ), #1326, .T. );
#644 = PRESENTATION_STYLE_ASSIGNMENT( ( #1327 ) );
#645 = ADVANCED_FACE( '', ( #1328 ), #1329, .F. );
#646 = PRESENTATION_STYLE_ASSIGNMENT( ( #1330 ) );
#647 = ADVANCED_FACE( '', ( #1331 ), #1332, .T. );
#648 = PRESENTATION_STYLE_ASSIGNMENT( ( #1333 ) );
#649 = ADVANCED_FACE( '', ( #1334 ), #1335, .T. );
#650 = PRESENTATION_STYLE_ASSIGNMENT( ( #1336 ) );
#651 = ADVANCED_FACE( '', ( #1337 ), #1338, .F. );
#652 = PRESENTATION_STYLE_ASSIGNMENT( ( #1339 ) );
#653 = ADVANCED_FACE( '', ( #1340 ), #1341, .F. );
#654 = PRESENTATION_STYLE_ASSIGNMENT( ( #1342 ) );
#655 = ADVANCED_FACE( '', ( #1343 ), #1344, .F. );
#656 = PRESENTATION_STYLE_ASSIGNMENT( ( #1345 ) );
#657 = ADVANCED_FACE( '', ( #1346, #1347, #1348, #1349, #1350 ), #1351, .T. );
#658 = PRESENTATION_STYLE_ASSIGNMENT( ( #1352 ) );
#659 = ADVANCED_FACE( '', ( #1353 ), #1354, .F. );
#660 = PRESENTATION_STYLE_ASSIGNMENT( ( #1355 ) );
#661 = ADVANCED_FACE( '', ( #1356 ), #1357, .T. );
#662 = PRESENTATION_STYLE_ASSIGNMENT( ( #1358 ) );
#663 = ADVANCED_FACE( '', ( #1359 ), #1360, .T. );
#664 = PRESENTATION_STYLE_ASSIGNMENT( ( #1361 ) );
#665 = ADVANCED_FACE( '', ( #1362 ), #1363, .T. );
#666 = PRESENTATION_STYLE_ASSIGNMENT( ( #1364 ) );
#667 = ADVANCED_FACE( '', ( #1365 ), #1366, .T. );
#668 = PRESENTATION_STYLE_ASSIGNMENT( ( #1367 ) );
#669 = ADVANCED_FACE( '', ( #1368 ), #1369, .T. );
#670 = PRESENTATION_STYLE_ASSIGNMENT( ( #1370 ) );
#671 = ADVANCED_FACE( '', ( #1371, #1372 ), #1373, .F. );
#672 = PRESENTATION_STYLE_ASSIGNMENT( ( #1374 ) );
#673 = ADVANCED_FACE( '', ( #1375 ), #1376, .T. );
#674 = PRESENTATION_STYLE_ASSIGNMENT( ( #1377 ) );
#675 = ADVANCED_FACE( '', ( #1378 ), #1379, .F. );
#676 = PRESENTATION_STYLE_ASSIGNMENT( ( #1380 ) );
#677 = ADVANCED_FACE( '', ( #1381 ), #1382, .T. );
#678 = PRESENTATION_STYLE_ASSIGNMENT( ( #1383 ) );
#679 = ADVANCED_FACE( '', ( #1384 ), #1385, .F. );
#680 = PRESENTATION_STYLE_ASSIGNMENT( ( #1386 ) );
#681 = ADVANCED_FACE( '', ( #1387 ), #1388, .F. );
#682 = PRESENTATION_STYLE_ASSIGNMENT( ( #1389 ) );
#683 = ADVANCED_FACE( '', ( #1390 ), #1391, .F. );
#684 = PRESENTATION_STYLE_ASSIGNMENT( ( #1392 ) );
#685 = ADVANCED_FACE( '', ( #1393 ), #1394, .T. );
#686 = PRESENTATION_STYLE_ASSIGNMENT( ( #1395 ) );
#687 = ADVANCED_FACE( '', ( #1396 ), #1397, .F. );
#688 = PRESENTATION_STYLE_ASSIGNMENT( ( #1398 ) );
#689 = ADVANCED_FACE( '', ( #1399 ), #1400, .F. );
#690 = PRESENTATION_STYLE_ASSIGNMENT( ( #1401 ) );
#691 = ADVANCED_FACE( '', ( #1402, #1403 ), #1404, .F. );
#692 = PRESENTATION_STYLE_ASSIGNMENT( ( #1405 ) );
#693 = ADVANCED_FACE( '', ( #1406 ), #1407, .F. );
#694 = PRESENTATION_STYLE_ASSIGNMENT( ( #1408 ) );
#695 = ADVANCED_FACE( '', ( #1409 ), #1410, .F. );
#696 = PRESENTATION_STYLE_ASSIGNMENT( ( #1411 ) );
#697 = ADVANCED_FACE( '', ( #1412 ), #1413, .T. );
#698 = PRESENTATION_STYLE_ASSIGNMENT( ( #1414 ) );
#699 = ADVANCED_FACE( '', ( #1415 ), #1416, .T. );
#700 = PRESENTATION_STYLE_ASSIGNMENT( ( #1417 ) );
#701 = ADVANCED_FACE( '', ( #1418 ), #1419, .F. );
#702 = PRESENTATION_STYLE_ASSIGNMENT( ( #1420 ) );
#703 = ADVANCED_FACE( '', ( #1421 ), #1422, .F. );
#704 = PRESENTATION_STYLE_ASSIGNMENT( ( #1423 ) );
#705 = ADVANCED_FACE( '', ( #1424 ), #1425, .F. );
#706 = PRESENTATION_STYLE_ASSIGNMENT( ( #1426 ) );
#707 = ADVANCED_FACE( '', ( #1427 ), #1428, .F. );
#708 = PRESENTATION_STYLE_ASSIGNMENT( ( #1429 ) );
#709 = ADVANCED_FACE( '', ( #1430 ), #1431, .T. );
#710 = PRESENTATION_STYLE_ASSIGNMENT( ( #1432 ) );
#711 = ADVANCED_FACE( '', ( #1433 ), #1434, .F. );
#712 = PRESENTATION_STYLE_ASSIGNMENT( ( #1435 ) );
#713 = ADVANCED_FACE( '', ( #1436 ), #1437, .T. );
#714 = PRESENTATION_STYLE_ASSIGNMENT( ( #1438 ) );
#715 = ADVANCED_FACE( '', ( #1439 ), #1440, .T. );
#716 = PRESENTATION_STYLE_ASSIGNMENT( ( #1441 ) );
#717 = ADVANCED_FACE( '', ( #1442 ), #1443, .F. );
#718 = PRESENTATION_STYLE_ASSIGNMENT( ( #1444 ) );
#719 = ADVANCED_FACE( '', ( #1445 ), #1446, .F. );
#720 = PRESENTATION_STYLE_ASSIGNMENT( ( #1447 ) );
#721 = ADVANCED_FACE( '', ( #1448 ), #1449, .F. );
#722 = PRESENTATION_STYLE_ASSIGNMENT( ( #1450 ) );
#723 = ADVANCED_FACE( '', ( #1451 ), #1452, .F. );
#724 = PRESENTATION_STYLE_ASSIGNMENT( ( #1453 ) );
#725 = ADVANCED_FACE( '', ( #1454 ), #1455, .F. );
#726 = PRESENTATION_STYLE_ASSIGNMENT( ( #1456 ) );
#727 = ADVANCED_FACE( '', ( #1457 ), #1458, .F. );
#728 = PRESENTATION_STYLE_ASSIGNMENT( ( #1459 ) );
#729 = ADVANCED_FACE( '', ( #1460 ), #1461, .F. );
#730 = PRESENTATION_STYLE_ASSIGNMENT( ( #1462 ) );
#731 = ADVANCED_FACE( '', ( #1463 ), #1464, .F. );
#732 = PRESENTATION_STYLE_ASSIGNMENT( ( #1465 ) );
#733 = ADVANCED_FACE( '', ( #1466 ), #1467, .F. );
#734 = PRESENTATION_STYLE_ASSIGNMENT( ( #1468 ) );
#735 = ADVANCED_FACE( '', ( #1469 ), #1470, .F. );
#736 = PRESENTATION_STYLE_ASSIGNMENT( ( #1471 ) );
#737 = ADVANCED_FACE( '', ( #1472 ), #1473, .F. );
#738 = PRESENTATION_STYLE_ASSIGNMENT( ( #1474 ) );
#739 = ADVANCED_FACE( '', ( #1475 ), #1476, .T. );
#740 = PRESENTATION_STYLE_ASSIGNMENT( ( #1477 ) );
#741 = ADVANCED_FACE( '', ( #1478 ), #1479, .T. );
#742 = PRESENTATION_STYLE_ASSIGNMENT( ( #1480 ) );
#743 = ADVANCED_FACE( '', ( #1481 ), #1482, .F. );
#744 = PRESENTATION_STYLE_ASSIGNMENT( ( #1483 ) );
#745 = ADVANCED_FACE( '', ( #1484 ), #1485, .F. );
#748 = LENGTH_MEASURE_WITH_UNIT( LENGTH_MEASURE( 1.00000000000000 ), #1486 );
#751 = DIMENSIONAL_EXPONENTS( 1.00000000000000, 0.000000000000000, 0.000000000000000, 0.000000000000000, 0.000000000000000, 0.000000000000000, 0.000000000000000 );
#753 = DIMENSIONAL_EXPONENTS( 0.000000000000000, 0.000000000000000, 0.000000000000000, 0.000000000000000, 0.000000000000000, 0.000000000000000, 0.000000000000000 );
#759 = PRODUCT_CONTEXT( '', #18, 'mechanical' );
#760 = PRODUCT_DEFINITION_FORMATION_WITH_SPECIFIED_SOURCE( ' ', 'NONE', #270, .NOT_KNOWN. );
#761 = CARTESIAN_POINT( '', ( 0.000000000000000, 0.000000000000000, 0.000000000000000 ) );
#762 = DIRECTION( '', ( 0.000000000000000, 0.000000000000000, 1.00000000000000 ) );
#763 = DIRECTION( '', ( 1.00000000000000, 0.000000000000000, 0.000000000000000 ) );
#764 = CARTESIAN_POINT( '', ( 0.000000000000000, 0.000000000000000, 0.000000000000000 ) );
#765 = DIRECTION( '', ( 0.000000000000000, 0.000000000000000, 1.00000000000000 ) );
#766 = DIRECTION( '', ( 1.00000000000000, 0.000000000000000, 0.000000000000000 ) );
#767 = CARTESIAN_POINT( '', ( -3.00000000000000, -0.0500000000000000, -6.12323399573677E-18 ) );
#768 = DIRECTION( '', ( 0.000000000000000, 0.000000000000000, 1.00000000000000 ) );
#769 = DIRECTION( '', ( 1.00000000000000, 0.000000000000000, 0.000000000000000 ) );
#772 = UNCERTAINTY_MEASURE_WITH_UNIT( LENGTH_MEASURE( 0.00100000000000000 ), #774, '', '' );
#774 =  ( CONVERSION_BASED_UNIT( 'MILLIMETRE', #1489 )LENGTH_UNIT(  )NAMED_UNIT( #1492 ) );
#775 =  ( NAMED_UNIT( #1494 )PLANE_ANGLE_UNIT(  )SI_UNIT( $, .RADIAN. ) );
#776 =  ( NAMED_UNIT( #1494 )SI_UNIT( $, .STERADIAN. )SOLID_ANGLE_UNIT(  ) );
#778 = PRODUCT_DEFINITION_FORMATION_WITH_SPECIFIED_SOURCE( ' ', 'NONE', #276, .NOT_KNOWN. );
#779 = CLOSED_SHELL( '', ( #681, #697, #417, #439, #473, #579, #351, #299, #675, #507, #305, #715, #741, #433, #331, #647, #707, #523, #695, #655, #371, #723, #327, #693, #701, #345, #571, #709, #565, #399, #395, #463, #539, #415, #421, #427, #393, #657, #659, #543, #653, #413, #337, #595, #363, #451, #443, #637, #365, #297, #589, #641, #313, #669, #661, #627, #429, #353, #581, #333, #481, #625, #583, #677, #405, #615, #649, #537, #665, #347, #623, #367, #511, #643, #431, #339, #391, #343, #739, #529, #483, #323, #325, #383, #471, #631, #591, #499, #547, #485, #635, #557, #549, #311, #357, #699, #445, #319, #461, #651, #435, #303, #407, #531, #733, #569, #553, #717, #619, #497, #551, #521, #447, #307, #577, #315, #375, #453, #341, #329, #517, #703, #469, #603, #601, #743, #477, #667, #409, #585, #533, #385, #711, #525, #729, #423, #541, #573, #379, #449, #621, #705, #293, #321, #373, #509, #645, #735, #563, #745, #295, #737, #381, #437, #317, #639, #609, #567, #515, #411, #599, #301, #457, #493, #519, #561, #479 ) );
#780 = PRODUCT_DEFINITION_FORMATION_WITH_SPECIFIED_SOURCE( ' ', 'NONE', #284, .NOT_KNOWN. );
#781 = CLOSED_SHELL( '', ( #607, #335, #555, #475, #501, #633, #593, #459, #597, #605, #377, #401, #503, #355, #663, #359, #613, #389, #719, #425, #721, #495, #611, #679, #487, #671, #687, #683, #727, #691, #587, #467, #489, #527, #559, #403, #689, #685, #441, #545, #491, #387, #731, #455, #725, #535, #309, #513, #575, #505, #617, #713, #419, #397, #349, #465, #629, #369, #673, #361 ) );
#782 = SURFACE_STYLE_USAGE( .BOTH., #1500 );
#783 = FACE_OUTER_BOUND( '', #1501, .T. );
#784 = PLANE( '', #1502 );
#785 = SURFACE_STYLE_USAGE( .BOTH., #1503 );
#786 = FACE_OUTER_BOUND( '', #1504, .T. );
#787 = PLANE( '', #1505 );
#788 = SURFACE_STYLE_USAGE( .BOTH., #1506 );
#789 = FACE_OUTER_BOUND( '', #1507, .T. );
#790 = PLANE( '', #1508 );
#791 = SURFACE_STYLE_USAGE( .BOTH., #1509 );
#792 = FACE_OUTER_BOUND( '', #1510, .T. );
#793 = PLANE( '', #1511 );
#794 = SURFACE_STYLE_USAGE( .BOTH., #1512 );
#795 = FACE_OUTER_BOUND( '', #1513, .T. );
#796 = PLANE( '', #1514 );
#797 = SURFACE_STYLE_USAGE( .BOTH., #1515 );
#798 = FACE_OUTER_BOUND( '', #1516, .T. );
#799 = PLANE( '', #1517 );
#800 = SURFACE_STYLE_USAGE( .BOTH., #1518 );
#801 = FACE_OUTER_BOUND( '', #1519, .T. );
#802 = PLANE( '', #1520 );
#803 = SURFACE_STYLE_USAGE( .BOTH., #1521 );
#804 = FACE_OUTER_BOUND( '', #1522, .T. );
#805 = CYLINDRICAL_SURFACE( '', #1523, 0.380000000000000 );
#806 = SURFACE_STYLE_USAGE( .BOTH., #1524 );
#807 = FACE_OUTER_BOUND( '', #1525, .T. );
#808 = PLANE( '', #1526 );
#809 = SURFACE_STYLE_USAGE( .BOTH., #1527 );
#810 = FACE_OUTER_BOUND( '', #1528, .T. );
#811 = PLANE( '', #1529 );
#812 = SURFACE_STYLE_USAGE( .BOTH., #1530 );
#813 = FACE_OUTER_BOUND( '', #1531, .T. );
#814 = PLANE( '', #1532 );
#815 = SURFACE_STYLE_USAGE( .BOTH., #1533 );
#816 = FACE_OUTER_BOUND( '', #1534, .T. );
#817 = PLANE( '', #1535 );
#818 = SURFACE_STYLE_USAGE( .BOTH., #1536 );
#819 = FACE_OUTER_BOUND( '', #1537, .T. );
#820 = PLANE( '', #1538 );
#821 = SURFACE_STYLE_USAGE( .BOTH., #1539 );
#822 = FACE_OUTER_BOUND( '', #1540, .T. );
#823 = PLANE( '', #1541 );
#824 = SURFACE_STYLE_USAGE( .BOTH., #1542 );
#825 = FACE_OUTER_BOUND( '', #1543, .T. );
#826 = PLANE( '', #1544 );
#827 = SURFACE_STYLE_USAGE( .BOTH., #1545 );
#828 = FACE_OUTER_BOUND( '', #1546, .T. );
#829 = PLANE( '', #1547 );
#830 = SURFACE_STYLE_USAGE( .BOTH., #1548 );
#831 = FACE_OUTER_BOUND( '', #1549, .T. );
#832 = PLANE( '', #1550 );
#833 = SURFACE_STYLE_USAGE( .BOTH., #1551 );
#834 = FACE_OUTER_BOUND( '', #1552, .T. );
#835 = PLANE( '', #1553 );
#836 = SURFACE_STYLE_USAGE( .BOTH., #1554 );
#837 = FACE_OUTER_BOUND( '', #1555, .T. );
#838 = PLANE( '', #1556 );
#839 = SURFACE_STYLE_USAGE( .BOTH., #1557 );
#840 = FACE_OUTER_BOUND( '', #1558, .T. );
#841 = PLANE( '', #1559 );
#842 = SURFACE_STYLE_USAGE( .BOTH., #1560 );
#843 = FACE_OUTER_BOUND( '', #1561, .T. );
#844 = PLANE( '', #1562 );
#845 = SURFACE_STYLE_USAGE( .BOTH., #1563 );
#846 = FACE_OUTER_BOUND( '', #1564, .T. );
#847 = PLANE( '', #1565 );
#848 = SURFACE_STYLE_USAGE( .BOTH., #1566 );
#849 = FACE_OUTER_BOUND( '', #1567, .T. );
#850 = PLANE( '', #1568 );
#851 = SURFACE_STYLE_USAGE( .BOTH., #1569 );
#852 = FACE_OUTER_BOUND( '', #1570, .T. );
#853 = PLANE( '', #1571 );
#854 = SURFACE_STYLE_USAGE( .BOTH., #1572 );
#855 = FACE_OUTER_BOUND( '', #1573, .T. );
#856 = PLANE( '', #1574 );
#857 = SURFACE_STYLE_USAGE( .BOTH., #1575 );
#858 = FACE_OUTER_BOUND( '', #1576, .T. );
#859 = PLANE( '', #1577 );
#860 = SURFACE_STYLE_USAGE( .BOTH., #1578 );
#861 = FACE_OUTER_BOUND( '', #1579, .T. );
#862 = PLANE( '', #1580 );
#863 = SURFACE_STYLE_USAGE( .BOTH., #1581 );
#864 = FACE_OUTER_BOUND( '', #1582, .T. );
#865 = PLANE( '', #1583 );
#866 = SURFACE_STYLE_USAGE( .BOTH., #1584 );
#867 = FACE_OUTER_BOUND( '', #1585, .T. );
#868 = PLANE( '', #1586 );
#869 = SURFACE_STYLE_USAGE( .BOTH., #1587 );
#870 = FACE_BOUND( '', #1588, .T. );
#871 = FACE_BOUND( '', #1589, .T. );
#872 = FACE_BOUND( '', #1590, .T. );
#873 = FACE_BOUND( '', #1591, .T. );
#874 = FACE_BOUND( '', #1592, .T. );
#875 = FACE_BOUND( '', #1593, .T. );
#876 = FACE_OUTER_BOUND( '', #1594, .T. );
#877 = PLANE( '', #1595 );
#878 = SURFACE_STYLE_USAGE( .BOTH., #1596 );
#879 = FACE_BOUND( '', #1597, .T. );
#880 = FACE_OUTER_BOUND( '', #1598, .T. );
#881 = PLANE( '', #1599 );
#882 = SURFACE_STYLE_USAGE( .BOTH., #1600 );
#883 = FACE_OUTER_BOUND( '', #1601, .T. );
#884 = PLANE( '', #1602 );
#885 = SURFACE_STYLE_USAGE( .BOTH., #1603 );
#886 = FACE_OUTER_BOUND( '', #1604, .T. );
#887 = PLANE( '', #1605 );
#888 = SURFACE_STYLE_USAGE( .BOTH., #1606 );
#889 = FACE_OUTER_BOUND( '', #1607, .T. );
#890 = PLANE( '', #1608 );
#891 = SURFACE_STYLE_USAGE( .BOTH., #1609 );
#892 = FACE_OUTER_BOUND( '', #1610, .T. );
#893 = PLANE( '', #1611 );
#894 = SURFACE_STYLE_USAGE( .BOTH., #1612 );
#895 = FACE_OUTER_BOUND( '', #1613, .T. );
#896 = PLANE( '', #1614 );
#897 = SURFACE_STYLE_USAGE( .BOTH., #1615 );
#898 = FACE_OUTER_BOUND( '', #1616, .T. );
#899 = PLANE( '', #1617 );
#900 = SURFACE_STYLE_USAGE( .BOTH., #1618 );
#901 = FACE_OUTER_BOUND( '', #1619, .T. );
#902 = PLANE( '', #1620 );
#903 = SURFACE_STYLE_USAGE( .BOTH., #1621 );
#904 = FACE_OUTER_BOUND( '', #1622, .T. );
#905 = PLANE( '', #1623 );
#906 = SURFACE_STYLE_USAGE( .BOTH., #1624 );
#907 = FACE_OUTER_BOUND( '', #1625, .T. );
#908 = PLANE( '', #1626 );
#909 = SURFACE_STYLE_USAGE( .BOTH., #1627 );
#910 = FACE_OUTER_BOUND( '', #1628, .T. );
#911 = PLANE( '', #1629 );
#912 = SURFACE_STYLE_USAGE( .BOTH., #1630 );
#913 = FACE_OUTER_BOUND( '', #1631, .T. );
#914 = PLANE( '', #1632 );
#915 = SURFACE_STYLE_USAGE( .BOTH., #1633 );
#916 = FACE_OUTER_BOUND( '', #1634, .T. );
#917 = PLANE( '', #1635 );
#918 = SURFACE_STYLE_USAGE( .BOTH., #1636 );
#919 = FACE_OUTER_BOUND( '', #1637, .T. );
#920 = PLANE( '', #1638 );
#921 = SURFACE_STYLE_USAGE( .BOTH., #1639 );
#922 = FACE_OUTER_BOUND( '', #1640, .T. );
#923 = PLANE( '', #1641 );
#924 = SURFACE_STYLE_USAGE( .BOTH., #1642 );
#925 = FACE_OUTER_BOUND( '', #1643, .T. );
#926 = PLANE( '', #1644 );
#927 = SURFACE_STYLE_USAGE( .BOTH., #1645 );
#928 = FACE_OUTER_BOUND( '', #1646, .T. );
#929 = PLANE( '', #1647 );
#930 = SURFACE_STYLE_USAGE( .BOTH., #1648 );
#931 = FACE_OUTER_BOUND( '', #1649, .T. );
#932 = PLANE( '', #1650 );
#933 = SURFACE_STYLE_USAGE( .BOTH., #1651 );
#934 = FACE_OUTER_BOUND( '', #1652, .T. );
#935 = PLANE( '', #1653 );
#936 = SURFACE_STYLE_USAGE( .BOTH., #1654 );
#937 = FACE_OUTER_BOUND( '', #1655, .T. );
#938 = PLANE( '', #1656 );
#939 = SURFACE_STYLE_USAGE( .BOTH., #1657 );
#940 = FACE_OUTER_BOUND( '', #1658, .T. );
#941 = PLANE( '', #1659 );
#942 = SURFACE_STYLE_USAGE( .BOTH., #1660 );
#943 = FACE_OUTER_BOUND( '', #1661, .T. );
#944 = PLANE( '', #1662 );
#945 = SURFACE_STYLE_USAGE( .BOTH., #1663 );
#946 = FACE_OUTER_BOUND( '', #1664, .T. );
#947 = PLANE( '', #1665 );
#948 = SURFACE_STYLE_USAGE( .BOTH., #1666 );
#949 = FACE_OUTER_BOUND( '', #1667, .T. );
#950 = PLANE( '', #1668 );
#951 = SURFACE_STYLE_USAGE( .BOTH., #1669 );
#952 = FACE_OUTER_BOUND( '', #1670, .T. );
#953 = PLANE( '', #1671 );
#954 = SURFACE_STYLE_USAGE( .BOTH., #1672 );
#955 = FACE_OUTER_BOUND( '', #1673, .T. );
#956 = PLANE( '', #1674 );
#957 = SURFACE_STYLE_USAGE( .BOTH., #1675 );
#958 = FACE_OUTER_BOUND( '', #1676, .T. );
#959 = PLANE( '', #1677 );
#960 = SURFACE_STYLE_USAGE( .BOTH., #1678 );
#961 = FACE_OUTER_BOUND( '', #1679, .T. );
#962 = PLANE( '', #1680 );
#963 = SURFACE_STYLE_USAGE( .BOTH., #1681 );
#964 = FACE_OUTER_BOUND( '', #1682, .T. );
#965 = PLANE( '', #1683 );
#966 = SURFACE_STYLE_USAGE( .BOTH., #1684 );
#967 = FACE_OUTER_BOUND( '', #1685, .T. );
#968 = PLANE( '', #1686 );
#969 = SURFACE_STYLE_USAGE( .BOTH., #1687 );
#970 = FACE_OUTER_BOUND( '', #1688, .T. );
#971 = PLANE( '', #1689 );
#972 = SURFACE_STYLE_USAGE( .BOTH., #1690 );
#973 = FACE_OUTER_BOUND( '', #1691, .T. );
#974 = PLANE( '', #1692 );
#975 = SURFACE_STYLE_USAGE( .BOTH., #1693 );
#976 = FACE_OUTER_BOUND( '', #1694, .T. );
#977 = PLANE( '', #1695 );
#978 = SURFACE_STYLE_USAGE( .BOTH., #1696 );
#979 = FACE_OUTER_BOUND( '', #1697, .T. );
#980 = PLANE( '', #1698 );
#981 = SURFACE_STYLE_USAGE( .BOTH., #1699 );
#982 = FACE_OUTER_BOUND( '', #1700, .T. );
#983 = PLANE( '', #1701 );
#984 = SURFACE_STYLE_USAGE( .BOTH., #1702 );
#985 = FACE_OUTER_BOUND( '', #1703, .T. );
#986 = PLANE( '', #1704 );
#987 = SURFACE_STYLE_USAGE( .BOTH., #1705 );
#988 = FACE_OUTER_BOUND( '', #1706, .T. );
#989 = PLANE( '', #1707 );
#990 = SURFACE_STYLE_USAGE( .BOTH., #1708 );
#991 = FACE_OUTER_BOUND( '', #1709, .T. );
#992 = PLANE( '', #1710 );
#993 = SURFACE_STYLE_USAGE( .BOTH., #1711 );
#994 = FACE_OUTER_BOUND( '', #1712, .T. );
#995 = PLANE( '', #1713 );
#996 = SURFACE_STYLE_USAGE( .BOTH., #1714 );
#997 = FACE_OUTER_BOUND( '', #1715, .T. );
#998 = PLANE( '', #1716 );
#999 = SURFACE_STYLE_USAGE( .BOTH., #1717 );
#1000 = FACE_OUTER_BOUND( '', #1718, .T. );
#1001 = PLANE( '', #1719 );
#1002 = SURFACE_STYLE_USAGE( .BOTH., #1720 );
#1003 = FACE_OUTER_BOUND( '', #1721, .T. );
#1004 = PLANE( '', #1722 );
#1005 = SURFACE_STYLE_USAGE( .BOTH., #1723 );
#1006 = FACE_OUTER_BOUND( '', #1724, .T. );
#1007 = PLANE( '', #1725 );
#1008 = SURFACE_STYLE_USAGE( .BOTH., #1726 );
#1009 = FACE_OUTER_BOUND( '', #1727, .T. );
#1010 = PLANE( '', #1728 );
#1011 = SURFACE_STYLE_USAGE( .BOTH., #1729 );
#1012 = FACE_OUTER_BOUND( '', #1730, .T. );
#1013 = PLANE( '', #1731 );
#1014 = SURFACE_STYLE_USAGE( .BOTH., #1732 );
#1015 = FACE_OUTER_BOUND( '', #1733, .T. );
#1016 = FACE_BOUND( '', #1734, .T. );
#1017 = FACE_BOUND( '', #1735, .T. );
#1018 = FACE_BOUND( '', #1736, .T. );
#1019 = PLANE( '', #1737 );
#1020 = SURFACE_STYLE_USAGE( .BOTH., #1738 );
#1021 = FACE_OUTER_BOUND( '', #1739, .T. );
#1022 = PLANE( '', #1740 );
#1023 = SURFACE_STYLE_USAGE( .BOTH., #1741 );
#1024 = FACE_OUTER_BOUND( '', #1742, .T. );
#1025 = PLANE( '', #1743 );
#1026 = SURFACE_STYLE_USAGE( .BOTH., #1744 );
#1027 = FACE_OUTER_BOUND( '', #1745, .T. );
#1028 = CYLINDRICAL_SURFACE( '', #1746, 0.380000000000000 );
#1029 = SURFACE_STYLE_USAGE( .BOTH., #1747 );
#1030 = FACE_OUTER_BOUND( '', #1748, .T. );
#1031 = PLANE( '', #1749 );
#1032 = SURFACE_STYLE_USAGE( .BOTH., #1750 );
#1033 = FACE_OUTER_BOUND( '', #1751, .T. );
#1034 = CYLINDRICAL_SURFACE( '', #1752, 0.380000000000000 );
#1035 = SURFACE_STYLE_USAGE( .BOTH., #1753 );
#1036 = FACE_OUTER_BOUND( '', #1754, .T. );
#1037 = PLANE( '', #1755 );
#1038 = SURFACE_STYLE_USAGE( .BOTH., #1756 );
#1039 = FACE_OUTER_BOUND( '', #1757, .T. );
#1040 = PLANE( '', #1758 );
#1041 = SURFACE_STYLE_USAGE( .BOTH., #1759 );
#1042 = FACE_OUTER_BOUND( '', #1760, .T. );
#1043 = PLANE( '', #1761 );
#1044 = SURFACE_STYLE_USAGE( .BOTH., #1762 );
#1045 = FACE_OUTER_BOUND( '', #1763, .T. );
#1046 = PLANE( '', #1764 );
#1047 = SURFACE_STYLE_USAGE( .BOTH., #1765 );
#1048 = FACE_OUTER_BOUND( '', #1766, .T. );
#1049 = PLANE( '', #1767 );
#1050 = SURFACE_STYLE_USAGE( .BOTH., #1768 );
#1051 = FACE_OUTER_BOUND( '', #1769, .T. );
#1052 = PLANE( '', #1770 );
#1053 = SURFACE_STYLE_USAGE( .BOTH., #1771 );
#1054 = FACE_OUTER_BOUND( '', #1772, .T. );
#1055 = PLANE( '', #1773 );
#1056 = SURFACE_STYLE_USAGE( .BOTH., #1774 );
#1057 = FACE_OUTER_BOUND( '', #1775, .T. );
#1058 = PLANE( '', #1776 );
#1059 = SURFACE_STYLE_USAGE( .BOTH., #1777 );
#1060 = FACE_OUTER_BOUND( '', #1778, .T. );
#1061 = PLANE( '', #1779 );
#1062 = SURFACE_STYLE_USAGE( .BOTH., #1780 );
#1063 = FACE_OUTER_BOUND( '', #1781, .T. );
#1064 = PLANE( '', #1782 );
#1065 = SURFACE_STYLE_USAGE( .BOTH., #1783 );
#1066 = FACE_OUTER_BOUND( '', #1784, .T. );
#1067 = PLANE( '', #1785 );
#1068 = SURFACE_STYLE_USAGE( .BOTH., #1786 );
#1069 = FACE_OUTER_BOUND( '', #1787, .T. );
#1070 = PLANE( '', #1788 );
#1071 = SURFACE_STYLE_USAGE( .BOTH., #1789 );
#1072 = FACE_OUTER_BOUND( '', #1790, .T. );
#1073 = PLANE( '', #1791 );
#1074 = SURFACE_STYLE_USAGE( .BOTH., #1792 );
#1075 = FACE_OUTER_BOUND( '', #1793, .T. );
#1076 = PLANE( '', #1794 );
#1077 = SURFACE_STYLE_USAGE( .BOTH., #1795 );
#1078 = FACE_OUTER_BOUND( '', #1796, .T. );
#1079 = PLANE( '', #1797 );
#1080 = SURFACE_STYLE_USAGE( .BOTH., #1798 );
#1081 = FACE_OUTER_BOUND( '', #1799, .T. );
#1082 = PLANE( '', #1800 );
#1083 = SURFACE_STYLE_USAGE( .BOTH., #1801 );
#1084 = FACE_BOUND( '', #1802, .T. );
#1085 = FACE_OUTER_BOUND( '', #1803, .T. );
#1086 = PLANE( '', #1804 );
#1087 = SURFACE_STYLE_USAGE( .BOTH., #1805 );
#1088 = FACE_BOUND( '', #1806, .T. );
#1089 = FACE_OUTER_BOUND( '', #1807, .T. );
#1090 = PLANE( '', #1808 );
#1091 = SURFACE_STYLE_USAGE( .BOTH., #1809 );
#1092 = FACE_OUTER_BOUND( '', #1810, .T. );
#1093 = PLANE( '', #1811 );
#1094 = SURFACE_STYLE_USAGE( .BOTH., #1812 );
#1095 = FACE_OUTER_BOUND( '', #1813, .T. );
#1096 = PLANE( '', #1814 );
#1097 = SURFACE_STYLE_USAGE( .BOTH., #1815 );
#1098 = FACE_OUTER_BOUND( '', #1816, .T. );
#1099 = PLANE( '', #1817 );
#1100 = SURFACE_STYLE_USAGE( .BOTH., #1818 );
#1101 = FACE_OUTER_BOUND( '', #1819, .T. );
#1102 = PLANE( '', #1820 );
#1103 = SURFACE_STYLE_USAGE( .BOTH., #1821 );
#1104 = FACE_OUTER_BOUND( '', #1822, .T. );
#1105 = PLANE( '', #1823 );
#1106 = SURFACE_STYLE_USAGE( .BOTH., #1824 );
#1107 = FACE_OUTER_BOUND( '', #1825, .T. );
#1108 = PLANE( '', #1826 );
#1109 = SURFACE_STYLE_USAGE( .BOTH., #1827 );
#1110 = FACE_OUTER_BOUND( '', #1828, .T. );
#1111 = PLANE( '', #1829 );
#1112 = SURFACE_STYLE_USAGE( .BOTH., #1830 );
#1113 = FACE_OUTER_BOUND( '', #1831, .T. );
#1114 = PLANE( '', #1832 );
#1115 = SURFACE_STYLE_USAGE( .BOTH., #1833 );
#1116 = FACE_OUTER_BOUND( '', #1834, .T. );
#1117 = PLANE( '', #1835 );
#1118 = SURFACE_STYLE_USAGE( .BOTH., #1836 );
#1119 = FACE_OUTER_BOUND( '', #1837, .T. );
#1120 = CYLINDRICAL_SURFACE( '', #1838, 0.380000000000000 );
#1121 = SURFACE_STYLE_USAGE( .BOTH., #1839 );
#1122 = FACE_OUTER_BOUND( '', #1840, .T. );
#1123 = PLANE( '', #1841 );
#1124 = SURFACE_STYLE_USAGE( .BOTH., #1842 );
#1125 = FACE_OUTER_BOUND( '', #1843, .T. );
#1126 = PLANE( '', #1844 );
#1127 = SURFACE_STYLE_USAGE( .BOTH., #1845 );
#1128 = FACE_OUTER_BOUND( '', #1846, .T. );
#1129 = PLANE( '', #1847 );
#1130 = SURFACE_STYLE_USAGE( .BOTH., #1848 );
#1131 = FACE_OUTER_BOUND( '', #1849, .T. );
#1132 = PLANE( '', #1850 );
#1133 = SURFACE_STYLE_USAGE( .BOTH., #1851 );
#1134 = FACE_OUTER_BOUND( '', #1852, .T. );
#1135 = PLANE( '', #1853 );
#1136 = SURFACE_STYLE_USAGE( .BOTH., #1854 );
#1137 = FACE_OUTER_BOUND( '', #1855, .T. );
#1138 = PLANE( '', #1856 );
#1139 = SURFACE_STYLE_USAGE( .BOTH., #1857 );
#1140 = FACE_OUTER_BOUND( '', #1858, .T. );
#1141 = PLANE( '', #1859 );
#1142 = SURFACE_STYLE_USAGE( .BOTH., #1860 );
#1143 = FACE_OUTER_BOUND( '', #1861, .T. );
#1144 = PLANE( '', #1862 );
#1145 = SURFACE_STYLE_USAGE( .BOTH., #1863 );
#1146 = FACE_BOUND( '', #1864, .T. );
#1147 = FACE_OUTER_BOUND( '', #1865, .T. );
#1148 = PLANE( '', #1866 );
#1149 = SURFACE_STYLE_USAGE( .BOTH., #1867 );
#1150 = FACE_BOUND( '', #1868, .T. );
#1151 = FACE_OUTER_BOUND( '', #1869, .T. );
#1152 = PLANE( '', #1870 );
#1153 = SURFACE_STYLE_USAGE( .BOTH., #1871 );
#1154 = FACE_OUTER_BOUND( '', #1872, .T. );
#1155 = PLANE( '', #1873 );
#1156 = SURFACE_STYLE_USAGE( .BOTH., #1874 );
#1157 = FACE_OUTER_BOUND( '', #1875, .T. );
#1158 = PLANE( '', #1876 );
#1159 = SURFACE_STYLE_USAGE( .BOTH., #1877 );
#1160 = FACE_OUTER_BOUND( '', #1878, .T. );
#1161 = PLANE( '', #1879 );
#1162 = SURFACE_STYLE_USAGE( .BOTH., #1880 );
#1163 = FACE_OUTER_BOUND( '', #1881, .T. );
#1164 = PLANE( '', #1882 );
#1165 = SURFACE_STYLE_USAGE( .BOTH., #1883 );
#1166 = FACE_OUTER_BOUND( '', #1884, .T. );
#1167 = PLANE( '', #1885 );
#1168 = SURFACE_STYLE_USAGE( .BOTH., #1886 );
#1169 = FACE_OUTER_BOUND( '', #1887, .T. );
#1170 = PLANE( '', #1888 );
#1171 = SURFACE_STYLE_USAGE( .BOTH., #1889 );
#1172 = FACE_OUTER_BOUND( '', #1890, .T. );
#1173 = PLANE( '', #1891 );
#1174 = SURFACE_STYLE_USAGE( .BOTH., #1892 );
#1175 = FACE_OUTER_BOUND( '', #1893, .T. );
#1176 = PLANE( '', #1894 );
#1177 = SURFACE_STYLE_USAGE( .BOTH., #1895 );
#1178 = FACE_OUTER_BOUND( '', #1896, .T. );
#1179 = PLANE( '', #1897 );
#1180 = SURFACE_STYLE_USAGE( .BOTH., #1898 );
#1181 = FACE_OUTER_BOUND( '', #1899, .T. );
#1182 = PLANE( '', #1900 );
#1183 = SURFACE_STYLE_USAGE( .BOTH., #1901 );
#1184 = FACE_OUTER_BOUND( '', #1902, .T. );
#1185 = PLANE( '', #1903 );
#1186 = SURFACE_STYLE_USAGE( .BOTH., #1904 );
#1187 = FACE_OUTER_BOUND( '', #1905, .T. );
#1188 = PLANE( '', #1906 );
#1189 = SURFACE_STYLE_USAGE( .BOTH., #1907 );
#1190 = FACE_OUTER_BOUND( '', #1908, .T. );
#1191 = PLANE( '', #1909 );
#1192 = SURFACE_STYLE_USAGE( .BOTH., #1910 );
#1193 = FACE_OUTER_BOUND( '', #1911, .T. );
#1194 = PLANE( '', #1912 );
#1195 = SURFACE_STYLE_USAGE( .BOTH., #1913 );
#1196 = FACE_OUTER_BOUND( '', #1914, .T. );
#1197 = PLANE( '', #1915 );
#1198 = SURFACE_STYLE_USAGE( .BOTH., #1916 );
#1199 = FACE_OUTER_BOUND( '', #1917, .T. );
#1200 = PLANE( '', #1918 );
#1201 = SURFACE_STYLE_USAGE( .BOTH., #1919 );
#1202 = FACE_OUTER_BOUND( '', #1920, .T. );
#1203 = PLANE( '', #1921 );
#1204 = SURFACE_STYLE_USAGE( .BOTH., #1922 );
#1205 = FACE_OUTER_BOUND( '', #1923, .T. );
#1206 = PLANE( '', #1924 );
#1207 = SURFACE_STYLE_USAGE( .BOTH., #1925 );
#1208 = FACE_OUTER_BOUND( '', #1926, .T. );
#1209 = PLANE( '', #1927 );
#1210 = SURFACE_STYLE_USAGE( .BOTH., #1928 );
#1211 = FACE_OUTER_BOUND( '', #1929, .T. );
#1212 = PLANE( '', #1930 );
#1213 = SURFACE_STYLE_USAGE( .BOTH., #1931 );
#1214 = FACE_OUTER_BOUND( '', #1932, .T. );
#1215 = PLANE( '', #1933 );
#1216 = SURFACE_STYLE_USAGE( .BOTH., #1934 );
#1217 = FACE_OUTER_BOUND( '', #1935, .T. );
#1218 = PLANE( '', #1936 );
#1219 = SURFACE_STYLE_USAGE( .BOTH., #1937 );
#1220 = FACE_OUTER_BOUND( '', #1938, .T. );
#1221 = PLANE( '', #1939 );
#1222 = SURFACE_STYLE_USAGE( .BOTH., #1940 );
#1223 = FACE_OUTER_BOUND( '', #1941, .T. );
#1224 = PLANE( '', #1942 );
#1225 = SURFACE_STYLE_USAGE( .BOTH., #1943 );
#1226 = FACE_OUTER_BOUND( '', #1944, .T. );
#1227 = PLANE( '', #1945 );
#1228 = SURFACE_STYLE_USAGE( .BOTH., #1946 );
#1229 = FACE_OUTER_BOUND( '', #1947, .T. );
#1230 = PLANE( '', #1948 );
#1231 = SURFACE_STYLE_USAGE( .BOTH., #1949 );
#1232 = FACE_OUTER_BOUND( '', #1950, .T. );
#1233 = PLANE( '', #1951 );
#1234 = SURFACE_STYLE_USAGE( .BOTH., #1952 );
#1235 = FACE_OUTER_BOUND( '', #1953, .T. );
#1236 = PLANE( '', #1954 );
#1237 = SURFACE_STYLE_USAGE( .BOTH., #1955 );
#1238 = FACE_BOUND( '', #1956, .T. );
#1239 = FACE_OUTER_BOUND( '', #1957, .T. );
#1240 = PLANE( '', #1958 );
#1241 = SURFACE_STYLE_USAGE( .BOTH., #1959 );
#1242 = FACE_OUTER_BOUND( '', #1960, .T. );
#1243 = PLANE( '', #1961 );
#1244 = SURFACE_STYLE_USAGE( .BOTH., #1962 );
#1245 = FACE_OUTER_BOUND( '', #1963, .T. );
#1246 = PLANE( '', #1964 );
#1247 = SURFACE_STYLE_USAGE( .BOTH., #1965 );
#1248 = FACE_OUTER_BOUND( '', #1966, .T. );
#1249 = PLANE( '', #1967 );
#1250 = SURFACE_STYLE_USAGE( .BOTH., #1968 );
#1251 = FACE_OUTER_BOUND( '', #1969, .T. );
#1252 = PLANE( '', #1970 );
#1253 = SURFACE_STYLE_USAGE( .BOTH., #1971 );
#1254 = FACE_OUTER_BOUND( '', #1972, .T. );
#1255 = PLANE( '', #1973 );
#1256 = SURFACE_STYLE_USAGE( .BOTH., #1974 );
#1257 = FACE_OUTER_BOUND( '', #1975, .T. );
#1258 = PLANE( '', #1976 );
#1259 = SURFACE_STYLE_USAGE( .BOTH., #1977 );
#1260 = FACE_OUTER_BOUND( '', #1978, .T. );
#1261 = PLANE( '', #1979 );
#1262 = SURFACE_STYLE_USAGE( .BOTH., #1980 );
#1263 = FACE_OUTER_BOUND( '', #1981, .T. );
#1264 = CYLINDRICAL_SURFACE( '', #1982, 0.380000000000000 );
#1265 = SURFACE_STYLE_USAGE( .BOTH., #1983 );
#1266 = FACE_OUTER_BOUND( '', #1984, .T. );
#1267 = PLANE( '', #1985 );
#1268 = SURFACE_STYLE_USAGE( .BOTH., #1986 );
#1269 = FACE_OUTER_BOUND( '', #1987, .T. );
#1270 = PLANE( '', #1988 );
#1271 = SURFACE_STYLE_USAGE( .BOTH., #1989 );
#1272 = FACE_OUTER_BOUND( '', #1990, .T. );
#1273 = PLANE( '', #1991 );
#1274 = SURFACE_STYLE_USAGE( .BOTH., #1992 );
#1275 = FACE_OUTER_BOUND( '', #1993, .T. );
#1276 = PLANE( '', #1994 );
#1277 = SURFACE_STYLE_USAGE( .BOTH., #1995 );
#1278 = FACE_OUTER_BOUND( '', #1996, .T. );
#1279 = PLANE( '', #1997 );
#1280 = SURFACE_STYLE_USAGE( .BOTH., #1998 );
#1281 = FACE_OUTER_BOUND( '', #1999, .T. );
#1282 = PLANE( '', #2000 );
#1283 = SURFACE_STYLE_USAGE( .BOTH., #2001 );
#1284 = FACE_OUTER_BOUND( '', #2002, .T. );
#1285 = PLANE( '', #2003 );
#1286 = SURFACE_STYLE_USAGE( .BOTH., #2004 );
#1287 = FACE_OUTER_BOUND( '', #2005, .T. );
#1288 = PLANE( '', #2006 );
#1289 = SURFACE_STYLE_USAGE( .BOTH., #2007 );
#1290 = FACE_OUTER_BOUND( '', #2008, .T. );
#1291 = PLANE( '', #2009 );
#1292 = SURFACE_STYLE_USAGE( .BOTH., #2010 );
#1293 = FACE_OUTER_BOUND( '', #2011, .T. );
#1294 = PLANE( '', #2012 );
#1295 = SURFACE_STYLE_USAGE( .BOTH., #2013 );
#1296 = FACE_OUTER_BOUND( '', #2014, .T. );
#1297 = PLANE( '', #2015 );
#1298 = SURFACE_STYLE_USAGE( .BOTH., #2016 );
#1299 = FACE_OUTER_BOUND( '', #2017, .T. );
#1300 = PLANE( '', #2018 );
#1301 = SURFACE_STYLE_USAGE( .BOTH., #2019 );
#1302 = FACE_OUTER_BOUND( '', #2020, .T. );
#1303 = PLANE( '', #2021 );
#1304 = SURFACE_STYLE_USAGE( .BOTH., #2022 );
#1305 = FACE_BOUND( '', #2023, .T. );
#1306 = FACE_OUTER_BOUND( '', #2024, .T. );
#1307 = PLANE( '', #2025 );
#1308 = SURFACE_STYLE_USAGE( .BOTH., #2026 );
#1309 = FACE_OUTER_BOUND( '', #2027, .T. );
#1310 = PLANE( '', #2028 );
#1311 = SURFACE_STYLE_USAGE( .BOTH., #2029 );
#1312 = FACE_OUTER_BOUND( '', #2030, .T. );
#1313 = PLANE( '', #2031 );
#1314 = SURFACE_STYLE_USAGE( .BOTH., #2032 );
#1315 = FACE_OUTER_BOUND( '', #2033, .T. );
#1316 = PLANE( '', #2034 );
#1317 = SURFACE_STYLE_USAGE( .BOTH., #2035 );
#1318 = FACE_OUTER_BOUND( '', #2036, .T. );
#1319 = CYLINDRICAL_SURFACE( '', #2037, 0.380000000000000 );
#1320 = SURFACE_STYLE_USAGE( .BOTH., #2038 );
#1321 = FACE_BOUND( '', #2039, .T. );
#1322 = FACE_OUTER_BOUND( '', #2040, .T. );
#1323 = PLANE( '', #2041 );
#1324 = SURFACE_STYLE_USAGE( .BOTH., #2042 );
#1325 = FACE_OUTER_BOUND( '', #2043, .T. );
#1326 = PLANE( '', #2044 );
#1327 = SURFACE_STYLE_USAGE( .BOTH., #2045 );
#1328 = FACE_OUTER_BOUND( '', #2046, .T. );
#1329 = PLANE( '', #2047 );
#1330 = SURFACE_STYLE_USAGE( .BOTH., #2048 );
#1331 = FACE_OUTER_BOUND( '', #2049, .T. );
#1332 = PLANE( '', #2050 );
#1333 = SURFACE_STYLE_USAGE( .BOTH., #2051 );
#1334 = FACE_OUTER_BOUND( '', #2052, .T. );
#1335 = PLANE( '', #2053 );
#1336 = SURFACE_STYLE_USAGE( .BOTH., #2054 );
#1337 = FACE_OUTER_BOUND( '', #2055, .T. );
#1338 = PLANE( '', #2056 );
#1339 = SURFACE_STYLE_USAGE( .BOTH., #2057 );
#1340 = FACE_OUTER_BOUND( '', #2058, .T. );
#1341 = PLANE( '', #2059 );
#1342 = SURFACE_STYLE_USAGE( .BOTH., #2060 );
#1343 = FACE_OUTER_BOUND( '', #2061, .T. );
#1344 = PLANE( '', #2062 );
#1345 = SURFACE_STYLE_USAGE( .BOTH., #2063 );
#1346 = FACE_OUTER_BOUND( '', #2064, .T. );
#1347 = FACE_BOUND( '', #2065, .T. );
#1348 = FACE_BOUND( '', #2066, .T. );
#1349 = FACE_BOUND( '', #2067, .T. );
#1350 = FACE_BOUND( '', #2068, .T. );
#1351 = PLANE( '', #2069 );
#1352 = SURFACE_STYLE_USAGE( .BOTH., #2070 );
#1353 = FACE_OUTER_BOUND( '', #2071, .T. );
#1354 = PLANE( '', #2072 );
#1355 = SURFACE_STYLE_USAGE( .BOTH., #2073 );
#1356 = FACE_OUTER_BOUND( '', #2074, .T. );
#1357 = PLANE( '', #2075 );
#1358 = SURFACE_STYLE_USAGE( .BOTH., #2076 );
#1359 = FACE_OUTER_BOUND( '', #2077, .T. );
#1360 = PLANE( '', #2078 );
#1361 = SURFACE_STYLE_USAGE( .BOTH., #2079 );
#1362 = FACE_OUTER_BOUND( '', #2080, .T. );
#1363 = PLANE( '', #2081 );
#1364 = SURFACE_STYLE_USAGE( .BOTH., #2082 );
#1365 = FACE_OUTER_BOUND( '', #2083, .T. );
#1366 = PLANE( '', #2084 );
#1367 = SURFACE_STYLE_USAGE( .BOTH., #2085 );
#1368 = FACE_OUTER_BOUND( '', #2086, .T. );
#1369 = PLANE( '', #2087 );
#1370 = SURFACE_STYLE_USAGE( .BOTH., #2088 );
#1371 = FACE_BOUND( '', #2089, .T. );
#1372 = FACE_OUTER_BOUND( '', #2090, .T. );
#1373 = PLANE( '', #2091 );
#1374 = SURFACE_STYLE_USAGE( .BOTH., #2092 );
#1375 = FACE_OUTER_BOUND( '', #2093, .T. );
#1376 = PLANE( '', #2094 );
#1377 = SURFACE_STYLE_USAGE( .BOTH., #2095 );
#1378 = FACE_OUTER_BOUND( '', #2096, .T. );
#1379 = PLANE( '', #2097 );
#1380 = SURFACE_STYLE_USAGE( .BOTH., #2098 );
#1381 = FACE_OUTER_BOUND( '', #2099, .T. );
#1382 = PLANE( '', #2100 );
#1383 = SURFACE_STYLE_USAGE( .BOTH., #2101 );
#1384 = FACE_OUTER_BOUND( '', #2102, .T. );
#1385 = PLANE( '', #2103 );
#1386 = SURFACE_STYLE_USAGE( .BOTH., #2104 );
#1387 = FACE_OUTER_BOUND( '', #2105, .T. );
#1388 = PLANE( '', #2106 );
#1389 = SURFACE_STYLE_USAGE( .BOTH., #2107 );
#1390 = FACE_OUTER_BOUND( '', #2108, .T. );
#1391 = PLANE( '', #2109 );
#1392 = SURFACE_STYLE_USAGE( .BOTH., #2110 );
#1393 = FACE_OUTER_BOUND( '', #2111, .T. );
#1394 = PLANE( '', #2112 );
#1395 = SURFACE_STYLE_USAGE( .BOTH., #2113 );
#1396 = FACE_OUTER_BOUND( '', #2114, .T. );
#1397 = PLANE( '', #2115 );
#1398 = SURFACE_STYLE_USAGE( .BOTH., #2116 );
#1399 = FACE_OUTER_BOUND( '', #2117, .T. );
#1400 = PLANE( '', #2118 );
#1401 = SURFACE_STYLE_USAGE( .BOTH., #2119 );
#1402 = FACE_BOUND( '', #2120, .T. );
#1403 = FACE_OUTER_BOUND( '', #2121, .T. );
#1404 = PLANE( '', #2122 );
#1405 = SURFACE_STYLE_USAGE( .BOTH., #2123 );
#1406 = FACE_OUTER_BOUND( '', #2124, .T. );
#1407 = PLANE( '', #2125 );
#1408 = SURFACE_STYLE_USAGE( .BOTH., #2126 );
#1409 = FACE_OUTER_BOUND( '', #2127, .T. );
#1410 = PLANE( '', #2128 );
#1411 = SURFACE_STYLE_USAGE( .BOTH., #2129 );
#1412 = FACE_OUTER_BOUND( '', #2130, .T. );
#1413 = PLANE( '', #2131 );
#1414 = SURFACE_STYLE_USAGE( .BOTH., #2132 );
#1415 = FACE_OUTER_BOUND( '', #2133, .T. );
#1416 = PLANE( '', #2134 );
#1417 = SURFACE_STYLE_USAGE( .BOTH., #2135 );
#1418 = FACE_OUTER_BOUND( '', #2136, .T. );
#1419 = PLANE( '', #2137 );
#1420 = SURFACE_STYLE_USAGE( .BOTH., #2138 );
#1421 = FACE_OUTER_BOUND( '', #2139, .T. );
#1422 = PLANE( '', #2140 );
#1423 = SURFACE_STYLE_USAGE( .BOTH., #2141 );
#1424 = FACE_OUTER_BOUND( '', #2142, .T. );
#1425 = PLANE( '', #2143 );
#1426 = SURFACE_STYLE_USAGE( .BOTH., #2144 );
#1427 = FACE_OUTER_BOUND( '', #2145, .T. );
#1428 = PLANE( '', #2146 );
#1429 = SURFACE_STYLE_USAGE( .BOTH., #2147 );
#1430 = FACE_OUTER_BOUND( '', #2148, .T. );
#1431 = PLANE( '', #2149 );
#1432 = SURFACE_STYLE_USAGE( .BOTH., #2150 );
#1433 = FACE_OUTER_BOUND( '', #2151, .T. );
#1434 = PLANE( '', #2152 );
#1435 = SURFACE_STYLE_USAGE( .BOTH., #2153 );
#1436 = FACE_OUTER_BOUND( '', #2154, .T. );
#1437 = PLANE( '', #2155 );
#1438 = SURFACE_STYLE_USAGE( .BOTH., #2156 );
#1439 = FACE_OUTER_BOUND( '', #2157, .T. );
#1440 = PLANE( '', #2158 );
#1441 = SURFACE_STYLE_USAGE( .BOTH., #2159 );
#1442 = FACE_OUTER_BOUND( '', #2160, .T. );
#1443 = CYLINDRICAL_SURFACE( '', #2161, 0.380000000000000 );
#1444 = SURFACE_STYLE_USAGE( .BOTH., #2162 );
#1445 = FACE_OUTER_BOUND( '', #2163, .T. );
#1446 = PLANE( '', #2164 );
#1447 = SURFACE_STYLE_USAGE( .BOTH., #2165 );
#1448 = FACE_OUTER_BOUND( '', #2166, .T. );
#1449 = PLANE( '', #2167 );
#1450 = SURFACE_STYLE_USAGE( .BOTH., #2168 );
#1451 = FACE_OUTER_BOUND( '', #2169, .T. );
#1452 = PLANE( '', #2170 );
#1453 = SURFACE_STYLE_USAGE( .BOTH., #2171 );
#1454 = FACE_OUTER_BOUND( '', #2172, .T. );
#1455 = PLANE( '', #2173 );
#1456 = SURFACE_STYLE_USAGE( .BOTH., #2174 );
#1457 = FACE_OUTER_BOUND( '', #2175, .T. );
#1458 = PLANE( '', #2176 );
#1459 = SURFACE_STYLE_USAGE( .BOTH., #2177 );
#1460 = FACE_OUTER_BOUND( '', #2178, .T. );
#1461 = PLANE( '', #2179 );
#1462 = SURFACE_STYLE_USAGE( .BOTH., #2180 );
#1463 = FACE_OUTER_BOUND( '', #2181, .T. );
#1464 = PLANE( '', #2182 );
#1465 = SURFACE_STYLE_USAGE( .BOTH., #2183 );
#1466 = FACE_OUTER_BOUND( '', #2184, .T. );
#1467 = PLANE( '', #2185 );
#1468 = SURFACE_STYLE_USAGE( .BOTH., #2186 );
#1469 = FACE_OUTER_BOUND( '', #2187, .T. );
#1470 = PLANE( '', #2188 );
#1471 = SURFACE_STYLE_USAGE( .BOTH., #2189 );
#1472 = FACE_OUTER_BOUND( '', #2190, .T. );
#1473 = PLANE( '', #2191 );
#1474 = SURFACE_STYLE_USAGE( .BOTH., #2192 );
#1475 = FACE_OUTER_BOUND( '', #2193, .T. );
#1476 = PLANE( '', #2194 );
#1477 = SURFACE_STYLE_USAGE( .BOTH., #2195 );
#1478 = FACE_OUTER_BOUND( '', #2196, .T. );
#1479 = PLANE( '', #2197 );
#1480 = SURFACE_STYLE_USAGE( .BOTH., #2198 );
#1481 = FACE_OUTER_BOUND( '', #2199, .T. );
#1482 = PLANE( '', #2200 );
#1483 = SURFACE_STYLE_USAGE( .BOTH., #2201 );
#1484 = FACE_OUTER_BOUND( '', #2202, .T. );
#1485 = CYLINDRICAL_SURFACE( '', #2203, 0.380000000000000 );
#1486 =  ( LENGTH_UNIT(  )NAMED_UNIT( #751 )SI_UNIT( .MILLI., .METRE. ) );
#1489 = LENGTH_MEASURE_WITH_UNIT( LENGTH_MEASURE( 1.00000000000000 ), #2205 );
#1492 = DIMENSIONAL_EXPONENTS( 1.00000000000000, 0.000000000000000, 0.000000000000000, 0.000000000000000, 0.000000000000000, 0.000000000000000, 0.000000000000000 );
#1494 = DIMENSIONAL_EXPONENTS( 0.000000000000000, 0.000000000000000, 0.000000000000000, 0.000000000000000, 0.000000000000000, 0.000000000000000, 0.000000000000000 );
#1500 = SURFACE_SIDE_STYLE( '', ( #2206 ) );
#1501 = EDGE_LOOP( '', ( #2207, #2208, #2209, #2210 ) );
#1502 = AXIS2_PLACEMENT_3D( '', #2211, #2212, #2213 );
#1503 = SURFACE_SIDE_STYLE( '', ( #2214 ) );
#1504 = EDGE_LOOP( '', ( #2215, #2216, #2217, #2218 ) );
#1505 = AXIS2_PLACEMENT_3D( '', #2219, #2220, #2221 );
#1506 = SURFACE_SIDE_STYLE( '', ( #2222 ) );
#1507 = EDGE_LOOP( '', ( #2223, #2224, #2225, #2226 ) );
#1508 = AXIS2_PLACEMENT_3D( '', #2227, #2228, #2229 );
#1509 = SURFACE_SIDE_STYLE( '', ( #2230 ) );
#1510 = EDGE_LOOP( '', ( #2231, #2232, #2233, #2234, #2235, #2236, #2237, #2238 ) );
#1511 = AXIS2_PLACEMENT_3D( '', #2239, #2240, #2241 );
#1512 = SURFACE_SIDE_STYLE( '', ( #2242 ) );
#1513 = EDGE_LOOP( '', ( #2243, #2244, #2245, #2246 ) );
#1514 = AXIS2_PLACEMENT_3D( '', #2247, #2248, #2249 );
#1515 = SURFACE_SIDE_STYLE( '', ( #2250 ) );
#1516 = EDGE_LOOP( '', ( #2251, #2252, #2253, #2254 ) );
#1517 = AXIS2_PLACEMENT_3D( '', #2255, #2256, #2257 );
#1518 = SURFACE_SIDE_STYLE( '', ( #2258 ) );
#1519 = EDGE_LOOP( '', ( #2259, #2260, #2261, #2262, #2263, #2264 ) );
#1520 = AXIS2_PLACEMENT_3D( '', #2265, #2266, #2267 );
#1521 = SURFACE_SIDE_STYLE( '', ( #2268 ) );
#1522 = EDGE_LOOP( '', ( #2269, #2270, #2271, #2272 ) );
#1523 = AXIS2_PLACEMENT_3D( '', #2273, #2274, #2275 );
#1524 = SURFACE_SIDE_STYLE( '', ( #2276 ) );
#1525 = EDGE_LOOP( '', ( #2277, #2278, #2279, #2280 ) );
#1526 = AXIS2_PLACEMENT_3D( '', #2281, #2282, #2283 );
#1527 = SURFACE_SIDE_STYLE( '', ( #2284 ) );
#1528 = EDGE_LOOP( '', ( #2285, #2286, #2287 ) );
#1529 = AXIS2_PLACEMENT_3D( '', #2288, #2289, #2290 );
#1530 = SURFACE_SIDE_STYLE( '', ( #2291 ) );
#1531 = EDGE_LOOP( '', ( #2292, #2293, #2294, #2295 ) );
#1532 = AXIS2_PLACEMENT_3D( '', #2296, #2297, #2298 );
#1533 = SURFACE_SIDE_STYLE( '', ( #2299 ) );
#1534 = EDGE_LOOP( '', ( #2300, #2301, #2302, #2303 ) );
#1535 = AXIS2_PLACEMENT_3D( '', #2304, #2305, #2306 );
#1536 = SURFACE_SIDE_STYLE( '', ( #2307 ) );
#1537 = EDGE_LOOP( '', ( #2308, #2309, #2310, #2311 ) );
#1538 = AXIS2_PLACEMENT_3D( '', #2312, #2313, #2314 );
#1539 = SURFACE_SIDE_STYLE( '', ( #2315 ) );
#1540 = EDGE_LOOP( '', ( #2316, #2317, #2318, #2319 ) );
#1541 = AXIS2_PLACEMENT_3D( '', #2320, #2321, #2322 );
#1542 = SURFACE_SIDE_STYLE( '', ( #2323 ) );
#1543 = EDGE_LOOP( '', ( #2324, #2325, #2326, #2327 ) );
#1544 = AXIS2_PLACEMENT_3D( '', #2328, #2329, #2330 );
#1545 = SURFACE_SIDE_STYLE( '', ( #2331 ) );
#1546 = EDGE_LOOP( '', ( #2332, #2333, #2334, #2335 ) );
#1547 = AXIS2_PLACEMENT_3D( '', #2336, #2337, #2338 );
#1548 = SURFACE_SIDE_STYLE( '', ( #2339 ) );
#1549 = EDGE_LOOP( '', ( #2340, #2341, #2342, #2343 ) );
#1550 = AXIS2_PLACEMENT_3D( '', #2344, #2345, #2346 );
#1551 = SURFACE_SIDE_STYLE( '', ( #2347 ) );
#1552 = EDGE_LOOP( '', ( #2348, #2349, #2350, #2351 ) );
#1553 = AXIS2_PLACEMENT_3D( '', #2352, #2353, #2354 );
#1554 = SURFACE_SIDE_STYLE( '', ( #2355 ) );
#1555 = EDGE_LOOP( '', ( #2356, #2357, #2358, #2359 ) );
#1556 = AXIS2_PLACEMENT_3D( '', #2360, #2361, #2362 );
#1557 = SURFACE_SIDE_STYLE( '', ( #2363 ) );
#1558 = EDGE_LOOP( '', ( #2364, #2365, #2366, #2367 ) );
#1559 = AXIS2_PLACEMENT_3D( '', #2368, #2369, #2370 );
#1560 = SURFACE_SIDE_STYLE( '', ( #2371 ) );
#1561 = EDGE_LOOP( '', ( #2372, #2373, #2374, #2375 ) );
#1562 = AXIS2_PLACEMENT_3D( '', #2376, #2377, #2378 );
#1563 = SURFACE_SIDE_STYLE( '', ( #2379 ) );
#1564 = EDGE_LOOP( '', ( #2380, #2381, #2382, #2383 ) );
#1565 = AXIS2_PLACEMENT_3D( '', #2384, #2385, #2386 );
#1566 = SURFACE_SIDE_STYLE( '', ( #2387 ) );
#1567 = EDGE_LOOP( '', ( #2388, #2389, #2390, #2391, #2392, #2393, #2394, #2395 ) );
#1568 = AXIS2_PLACEMENT_3D( '', #2396, #2397, #2398 );
#1569 = SURFACE_SIDE_STYLE( '', ( #2399 ) );
#1570 = EDGE_LOOP( '', ( #2400, #2401, #2402, #2403 ) );
#1571 = AXIS2_PLACEMENT_3D( '', #2404, #2405, #2406 );
#1572 = SURFACE_SIDE_STYLE( '', ( #2407 ) );
#1573 = EDGE_LOOP( '', ( #2408, #2409, #2410, #2411 ) );
#1574 = AXIS2_PLACEMENT_3D( '', #2412, #2413, #2414 );
#1575 = SURFACE_SIDE_STYLE( '', ( #2415 ) );
#1576 = EDGE_LOOP( '', ( #2416, #2417, #2418, #2419 ) );
#1577 = AXIS2_PLACEMENT_3D( '', #2420, #2421, #2422 );
#1578 = SURFACE_SIDE_STYLE( '', ( #2423 ) );
#1579 = EDGE_LOOP( '', ( #2424, #2425, #2426, #2427 ) );
#1580 = AXIS2_PLACEMENT_3D( '', #2428, #2429, #2430 );
#1581 = SURFACE_SIDE_STYLE( '', ( #2431 ) );
#1582 = EDGE_LOOP( '', ( #2432, #2433, #2434, #2435 ) );
#1583 = AXIS2_PLACEMENT_3D( '', #2436, #2437, #2438 );
#1584 = SURFACE_SIDE_STYLE( '', ( #2439 ) );
#1585 = EDGE_LOOP( '', ( #2440, #2441, #2442, #2443 ) );
#1586 = AXIS2_PLACEMENT_3D( '', #2444, #2445, #2446 );
#1587 = SURFACE_SIDE_STYLE( '', ( #2447 ) );
#1588 = EDGE_LOOP( '', ( #2448, #2449, #2450, #2451, #2452, #2453, #2454, #2455, #2456, #2457, #2458, #2459 ) );
#1589 = EDGE_LOOP( '', ( #2460, #2461, #2462, #2463, #2464, #2465, #2466, #2467, #2468, #2469, #2470, #2471 ) );
#1590 = EDGE_LOOP( '', ( #2472, #2473, #2474, #2475 ) );
#1591 = EDGE_LOOP( '', ( #2476, #2477, #2478, #2479 ) );
#1592 = EDGE_LOOP( '', ( #2480, #2481, #2482, #2483 ) );
#1593 = EDGE_LOOP( '', ( #2484, #2485, #2486, #2487 ) );
#1594 = EDGE_LOOP( '', ( #2488, #2489, #2490, #2491, #2492, #2493, #2494, #2495, #2496, #2497, #2498, #2499, #2500, #2501, #2502, #2503, #2504, #2505, #2506, #2507, #2508, #2509, #2510, #2511, #2512, #2513, #2514, #2515, #2516, #2517, #2518, #2519, #2520, #2521, #2522, #2523, #2524, #2525, #2526, #2527 ) );
#1595 = AXIS2_PLACEMENT_3D( '', #2528, #2529, #2530 );
#1596 = SURFACE_SIDE_STYLE( '', ( #2531 ) );
#1597 = EDGE_LOOP( '', ( #2532, #2533, #2534, #2535 ) );
#1598 = EDGE_LOOP( '', ( #2536, #2537, #2538, #2539 ) );
#1599 = AXIS2_PLACEMENT_3D( '', #2540, #2541, #2542 );
#1600 = SURFACE_SIDE_STYLE( '', ( #2543 ) );
#1601 = EDGE_LOOP( '', ( #2544, #2545, #2546, #2547 ) );
#1602 = AXIS2_PLACEMENT_3D( '', #2548, #2549, #2550 );
#1603 = SURFACE_SIDE_STYLE( '', ( #2551 ) );
#1604 = EDGE_LOOP( '', ( #2552, #2553, #2554, #2555 ) );
#1605 = AXIS2_PLACEMENT_3D( '', #2556, #2557, #2558 );
#1606 = SURFACE_SIDE_STYLE( '', ( #2559 ) );
#1607 = EDGE_LOOP( '', ( #2560, #2561, #2562, #2563 ) );
#1608 = AXIS2_PLACEMENT_3D( '', #2564, #2565, #2566 );
#1609 = SURFACE_SIDE_STYLE( '', ( #2567 ) );
#1610 = EDGE_LOOP( '', ( #2568, #2569, #2570, #2571 ) );
#1611 = AXIS2_PLACEMENT_3D( '', #2572, #2573, #2574 );
#1612 = SURFACE_SIDE_STYLE( '', ( #2575 ) );
#1613 = EDGE_LOOP( '', ( #2576, #2577, #2578, #2579 ) );
#1614 = AXIS2_PLACEMENT_3D( '', #2580, #2581, #2582 );
#1615 = SURFACE_SIDE_STYLE( '', ( #2583 ) );
#1616 = EDGE_LOOP( '', ( #2584, #2585, #2586, #2587 ) );
#1617 = AXIS2_PLACEMENT_3D( '', #2588, #2589, #2590 );
#1618 = SURFACE_SIDE_STYLE( '', ( #2591 ) );
#1619 = EDGE_LOOP( '', ( #2592, #2593, #2594, #2595 ) );
#1620 = AXIS2_PLACEMENT_3D( '', #2596, #2597, #2598 );
#1621 = SURFACE_SIDE_STYLE( '', ( #2599 ) );
#1622 = EDGE_LOOP( '', ( #2600, #2601, #2602, #2603 ) );
#1623 = AXIS2_PLACEMENT_3D( '', #2604, #2605, #2606 );
#1624 = SURFACE_SIDE_STYLE( '', ( #2607 ) );
#1625 = EDGE_LOOP( '', ( #2608, #2609, #2610, #2611 ) );
#1626 = AXIS2_PLACEMENT_3D( '', #2612, #2613, #2614 );
#1627 = SURFACE_SIDE_STYLE( '', ( #2615 ) );
#1628 = EDGE_LOOP( '', ( #2616, #2617, #2618, #2619 ) );
#1629 = AXIS2_PLACEMENT_3D( '', #2620, #2621, #2622 );
#1630 = SURFACE_SIDE_STYLE( '', ( #2623 ) );
#1631 = EDGE_LOOP( '', ( #2624, #2625, #2626, #2627 ) );
#1632 = AXIS2_PLACEMENT_3D( '', #2628, #2629, #2630 );
#1633 = SURFACE_SIDE_STYLE( '', ( #2631 ) );
#1634 = EDGE_LOOP( '', ( #2632, #2633, #2634, #2635 ) );
#1635 = AXIS2_PLACEMENT_3D( '', #2636, #2637, #2638 );
#1636 = SURFACE_SIDE_STYLE( '', ( #2639 ) );
#1637 = EDGE_LOOP( '', ( #2640, #2641, #2642, #2643 ) );
#1638 = AXIS2_PLACEMENT_3D( '', #2644, #2645, #2646 );
#1639 = SURFACE_SIDE_STYLE( '', ( #2647 ) );
#1640 = EDGE_LOOP( '', ( #2648, #2649, #2650, #2651 ) );
#1641 = AXIS2_PLACEMENT_3D( '', #2652, #2653, #2654 );
#1642 = SURFACE_SIDE_STYLE( '', ( #2655 ) );
#1643 = EDGE_LOOP( '', ( #2656, #2657, #2658, #2659 ) );
#1644 = AXIS2_PLACEMENT_3D( '', #2660, #2661, #2662 );
#1645 = SURFACE_SIDE_STYLE( '', ( #2663 ) );
#1646 = EDGE_LOOP( '', ( #2664, #2665, #2666, #2667 ) );
#1647 = AXIS2_PLACEMENT_3D( '', #2668, #2669, #2670 );
#1648 = SURFACE_SIDE_STYLE( '', ( #2671 ) );
#1649 = EDGE_LOOP( '', ( #2672, #2673, #2674, #2675, #2676, #2677, #2678, #2679, #2680, #2681 ) );
#1650 = AXIS2_PLACEMENT_3D( '', #2682, #2683, #2684 );
#1651 = SURFACE_SIDE_STYLE( '', ( #2685 ) );
#1652 = EDGE_LOOP( '', ( #2686, #2687, #2688, #2689 ) );
#1653 = AXIS2_PLACEMENT_3D( '', #2690, #2691, #2692 );
#1654 = SURFACE_SIDE_STYLE( '', ( #2693 ) );
#1655 = EDGE_LOOP( '', ( #2694, #2695, #2696, #2697 ) );
#1656 = AXIS2_PLACEMENT_3D( '', #2698, #2699, #2700 );
#1657 = SURFACE_SIDE_STYLE( '', ( #2701 ) );
#1658 = EDGE_LOOP( '', ( #2702, #2703, #2704, #2705 ) );
#1659 = AXIS2_PLACEMENT_3D( '', #2706, #2707, #2708 );
#1660 = SURFACE_SIDE_STYLE( '', ( #2709 ) );
#1661 = EDGE_LOOP( '', ( #2710, #2711, #2712, #2713 ) );
#1662 = AXIS2_PLACEMENT_3D( '', #2714, #2715, #2716 );
#1663 = SURFACE_SIDE_STYLE( '', ( #2717 ) );
#1664 = EDGE_LOOP( '', ( #2718, #2719, #2720, #2721 ) );
#1665 = AXIS2_PLACEMENT_3D( '', #2722, #2723, #2724 );
#1666 = SURFACE_SIDE_STYLE( '', ( #2725 ) );
#1667 = EDGE_LOOP( '', ( #2726, #2727, #2728, #2729 ) );
#1668 = AXIS2_PLACEMENT_3D( '', #2730, #2731, #2732 );
#1669 = SURFACE_SIDE_STYLE( '', ( #2733 ) );
#1670 = EDGE_LOOP( '', ( #2734, #2735, #2736, #2737 ) );
#1671 = AXIS2_PLACEMENT_3D( '', #2738, #2739, #2740 );
#1672 = SURFACE_SIDE_STYLE( '', ( #2741 ) );
#1673 = EDGE_LOOP( '', ( #2742, #2743, #2744, #2745 ) );
#1674 = AXIS2_PLACEMENT_3D( '', #2746, #2747, #2748 );
#1675 = SURFACE_SIDE_STYLE( '', ( #2749 ) );
#1676 = EDGE_LOOP( '', ( #2750, #2751, #2752, #2753 ) );
#1677 = AXIS2_PLACEMENT_3D( '', #2754, #2755, #2756 );
#1678 = SURFACE_SIDE_STYLE( '', ( #2757 ) );
#1679 = EDGE_LOOP( '', ( #2758, #2759, #2760, #2761 ) );
#1680 = AXIS2_PLACEMENT_3D( '', #2762, #2763, #2764 );
#1681 = SURFACE_SIDE_STYLE( '', ( #2765 ) );
#1682 = EDGE_LOOP( '', ( #2766, #2767, #2768, #2769, #2770, #2771, #2772, #2773, #2774, #2775, #2776, #2777, #2778, #2779, #2780, #2781, #2782, #2783, #2784, #2785, #2786, #2787, #2788, #2789, #2790, #2791, #2792, #2793, #2794, #2795, #2796, #2797 ) );
#1683 = AXIS2_PLACEMENT_3D( '', #2798, #2799, #2800 );
#1684 = SURFACE_SIDE_STYLE( '', ( #2801 ) );
#1685 = EDGE_LOOP( '', ( #2802, #2803, #2804, #2805, #2806 ) );
#1686 = AXIS2_PLACEMENT_3D( '', #2807, #2808, #2809 );
#1687 = SURFACE_SIDE_STYLE( '', ( #2810 ) );
#1688 = EDGE_LOOP( '', ( #2811, #2812, #2813, #2814 ) );
#1689 = AXIS2_PLACEMENT_3D( '', #2815, #2816, #2817 );
#1690 = SURFACE_SIDE_STYLE( '', ( #2818 ) );
#1691 = EDGE_LOOP( '', ( #2819, #2820, #2821, #2822, #2823, #2824 ) );
#1692 = AXIS2_PLACEMENT_3D( '', #2825, #2826, #2827 );
#1693 = SURFACE_SIDE_STYLE( '', ( #2828 ) );
#1694 = EDGE_LOOP( '', ( #2829, #2830, #2831, #2832 ) );
#1695 = AXIS2_PLACEMENT_3D( '', #2833, #2834, #2835 );
#1696 = SURFACE_SIDE_STYLE( '', ( #2836 ) );
#1697 = EDGE_LOOP( '', ( #2837, #2838, #2839, #2840 ) );
#1698 = AXIS2_PLACEMENT_3D( '', #2841, #2842, #2843 );
#1699 = SURFACE_SIDE_STYLE( '', ( #2844 ) );
#1700 = EDGE_LOOP( '', ( #2845, #2846, #2847, #2848 ) );
#1701 = AXIS2_PLACEMENT_3D( '', #2849, #2850, #2851 );
#1702 = SURFACE_SIDE_STYLE( '', ( #2852 ) );
#1703 = EDGE_LOOP( '', ( #2853, #2854, #2855, #2856 ) );
#1704 = AXIS2_PLACEMENT_3D( '', #2857, #2858, #2859 );
#1705 = SURFACE_SIDE_STYLE( '', ( #2860 ) );
#1706 = EDGE_LOOP( '', ( #2861, #2862, #2863, #2864 ) );
#1707 = AXIS2_PLACEMENT_3D( '', #2865, #2866, #2867 );
#1708 = SURFACE_SIDE_STYLE( '', ( #2868 ) );
#1709 = EDGE_LOOP( '', ( #2869, #2870, #2871, #2872, #2873, #2874 ) );
#1710 = AXIS2_PLACEMENT_3D( '', #2875, #2876, #2877 );
#1711 = SURFACE_SIDE_STYLE( '', ( #2878 ) );
#1712 = EDGE_LOOP( '', ( #2879, #2880, #2881, #2882 ) );
#1713 = AXIS2_PLACEMENT_3D( '', #2883, #2884, #2885 );
#1714 = SURFACE_SIDE_STYLE( '', ( #2886 ) );
#1715 = EDGE_LOOP( '', ( #2887, #2888, #2889, #2890 ) );
#1716 = AXIS2_PLACEMENT_3D( '', #2891, #2892, #2893 );
#1717 = SURFACE_SIDE_STYLE( '', ( #2894 ) );
#1718 = EDGE_LOOP( '', ( #2895, #2896, #2897, #2898 ) );
#1719 = AXIS2_PLACEMENT_3D( '', #2899, #2900, #2901 );
#1720 = SURFACE_SIDE_STYLE( '', ( #2902 ) );
#1721 = EDGE_LOOP( '', ( #2903, #2904, #2905, #2906 ) );
#1722 = AXIS2_PLACEMENT_3D( '', #2907, #2908, #2909 );
#1723 = SURFACE_SIDE_STYLE( '', ( #2910 ) );
#1724 = EDGE_LOOP( '', ( #2911, #2912, #2913, #2914 ) );
#1725 = AXIS2_PLACEMENT_3D( '', #2915, #2916, #2917 );
#1726 = SURFACE_SIDE_STYLE( '', ( #2918 ) );
#1727 = EDGE_LOOP( '', ( #2919, #2920, #2921, #2922 ) );
#1728 = AXIS2_PLACEMENT_3D( '', #2923, #2924, #2925 );
#1729 = SURFACE_SIDE_STYLE( '', ( #2926 ) );
#1730 = EDGE_LOOP( '', ( #2927, #2928, #2929, #2930 ) );
#1731 = AXIS2_PLACEMENT_3D( '', #2931, #2932, #2933 );
#1732 = SURFACE_SIDE_STYLE( '', ( #2934 ) );
#1733 = EDGE_LOOP( '', ( #2935, #2936, #2937, #2938, #2939, #2940, #2941, #2942, #2943, #2944, #2945, #2946, #2947 ) );
#1734 = EDGE_LOOP( '', ( #2948, #2949, #2950, #2951, #2952, #2953, #2954, #2955 ) );
#1735 = EDGE_LOOP( '', ( #2956, #2957, #2958, #2959, #2960, #2961, #2962, #2963, #2964, #2965, #2966, #2967 ) );
#1736 = EDGE_LOOP( '', ( #2968, #2969, #2970, #2971, #2972, #2973, #2974, #2975, #2976, #2977, #2978, #2979 ) );
#1737 = AXIS2_PLACEMENT_3D( '', #2980, #2981, #2982 );
#1738 = SURFACE_SIDE_STYLE( '', ( #2983 ) );
#1739 = EDGE_LOOP( '', ( #2984, #2985, #2986, #2987, #2988, #2989, #2990, #2991, #2992, #2993, #2994, #2995, #2996, #2997, #2998, #2999, #3000, #3001, #3002, #3003, #3004, #3005, #3006, #3007, #3008, #3009, #3010, #3011, #3012, #3013, #3014, #3015 ) );
#1740 = AXIS2_PLACEMENT_3D( '', #3016, #3017, #3018 );
#1741 = SURFACE_SIDE_STYLE( '', ( #3019 ) );
#1742 = EDGE_LOOP( '', ( #3020, #3021, #3022, #3023 ) );
#1743 = AXIS2_PLACEMENT_3D( '', #3024, #3025, #3026 );
#1744 = SURFACE_SIDE_STYLE( '', ( #3027 ) );
#1745 = EDGE_LOOP( '', ( #3028, #3029, #3030, #3031 ) );
#1746 = AXIS2_PLACEMENT_3D( '', #3032, #3033, #3034 );
#1747 = SURFACE_SIDE_STYLE( '', ( #3035 ) );
#1748 = EDGE_LOOP( '', ( #3036, #3037, #3038, #3039 ) );
#1749 = AXIS2_PLACEMENT_3D( '', #3040, #3041, #3042 );
#1750 = SURFACE_SIDE_STYLE( '', ( #3043 ) );
#1751 = EDGE_LOOP( '', ( #3044, #3045, #3046, #3047 ) );
#1752 = AXIS2_PLACEMENT_3D( '', #3048, #3049, #3050 );
#1753 = SURFACE_SIDE_STYLE( '', ( #3051 ) );
#1754 = EDGE_LOOP( '', ( #3052, #3053, #3054, #3055 ) );
#1755 = AXIS2_PLACEMENT_3D( '', #3056, #3057, #3058 );
#1756 = SURFACE_SIDE_STYLE( '', ( #3059 ) );
#1757 = EDGE_LOOP( '', ( #3060, #3061, #3062, #3063 ) );
#1758 = AXIS2_PLACEMENT_3D( '', #3064, #3065, #3066 );
#1759 = SURFACE_SIDE_STYLE( '', ( #3067 ) );
#1760 = EDGE_LOOP( '', ( #3068, #3069, #3070, #3071 ) );
#1761 = AXIS2_PLACEMENT_3D( '', #3072, #3073, #3074 );
#1762 = SURFACE_SIDE_STYLE( '', ( #3075 ) );
#1763 = EDGE_LOOP( '', ( #3076, #3077, #3078, #3079 ) );
#1764 = AXIS2_PLACEMENT_3D( '', #3080, #3081, #3082 );
#1765 = SURFACE_SIDE_STYLE( '', ( #3083 ) );
#1766 = EDGE_LOOP( '', ( #3084, #3085, #3086, #3087 ) );
#1767 = AXIS2_PLACEMENT_3D( '', #3088, #3089, #3090 );
#1768 = SURFACE_SIDE_STYLE( '', ( #3091 ) );
#1769 = EDGE_LOOP( '', ( #3092, #3093, #3094, #3095 ) );
#1770 = AXIS2_PLACEMENT_3D( '', #3096, #3097, #3098 );
#1771 = SURFACE_SIDE_STYLE( '', ( #3099 ) );
#1772 = EDGE_LOOP( '', ( #3100, #3101, #3102, #3103 ) );
#1773 = AXIS2_PLACEMENT_3D( '', #3104, #3105, #3106 );
#1774 = SURFACE_SIDE_STYLE( '', ( #3107 ) );
#1775 = EDGE_LOOP( '', ( #3108, #3109, #3110, #3111 ) );
#1776 = AXIS2_PLACEMENT_3D( '', #3112, #3113, #3114 );
#1777 = SURFACE_SIDE_STYLE( '', ( #3115 ) );
#1778 = EDGE_LOOP( '', ( #3116, #3117, #3118, #3119 ) );
#1779 = AXIS2_PLACEMENT_3D( '', #3120, #3121, #3122 );
#1780 = SURFACE_SIDE_STYLE( '', ( #3123 ) );
#1781 = EDGE_LOOP( '', ( #3124, #3125, #3126, #3127 ) );
#1782 = AXIS2_PLACEMENT_3D( '', #3128, #3129, #3130 );
#1783 = SURFACE_SIDE_STYLE( '', ( #3131 ) );
#1784 = EDGE_LOOP( '', ( #3132, #3133, #3134, #3135 ) );
#1785 = AXIS2_PLACEMENT_3D( '', #3136, #3137, #3138 );
#1786 = SURFACE_SIDE_STYLE( '', ( #3139 ) );
#1787 = EDGE_LOOP( '', ( #3140, #3141, #3142, #3143 ) );
#1788 = AXIS2_PLACEMENT_3D( '', #3144, #3145, #3146 );
#1789 = SURFACE_SIDE_STYLE( '', ( #3147 ) );
#1790 = EDGE_LOOP( '', ( #3148, #3149, #3150, #3151 ) );
#1791 = AXIS2_PLACEMENT_3D( '', #3152, #3153, #3154 );
#1792 = SURFACE_SIDE_STYLE( '', ( #3155 ) );
#1793 = EDGE_LOOP( '', ( #3156, #3157, #3158, #3159 ) );
#1794 = AXIS2_PLACEMENT_3D( '', #3160, #3161, #3162 );
#1795 = SURFACE_SIDE_STYLE( '', ( #3163 ) );
#1796 = EDGE_LOOP( '', ( #3164, #3165, #3166, #3167 ) );
#1797 = AXIS2_PLACEMENT_3D( '', #3168, #3169, #3170 );
#1798 = SURFACE_SIDE_STYLE( '', ( #3171 ) );
#1799 = EDGE_LOOP( '', ( #3172, #3173, #3174, #3175 ) );
#1800 = AXIS2_PLACEMENT_3D( '', #3176, #3177, #3178 );
#1801 = SURFACE_SIDE_STYLE( '', ( #3179 ) );
#1802 = EDGE_LOOP( '', ( #3180, #3181, #3182, #3183 ) );
#1803 = EDGE_LOOP( '', ( #3184, #3185, #3186, #3187, #3188, #3189, #3190, #3191, #3192, #3193 ) );
#1804 = AXIS2_PLACEMENT_3D( '', #3194, #3195, #3196 );
#1805 = SURFACE_SIDE_STYLE( '', ( #3197 ) );
#1806 = EDGE_LOOP( '', ( #3198, #3199, #3200, #3201 ) );
#1807 = EDGE_LOOP( '', ( #3202, #3203, #3204, #3205, #3206, #3207, #3208, #3209, #3210, #3211 ) );
#1808 = AXIS2_PLACEMENT_3D( '', #3212, #3213, #3214 );
#1809 = SURFACE_SIDE_STYLE( '', ( #3215 ) );
#1810 = EDGE_LOOP( '', ( #3216, #3217, #3218, #3219 ) );
#1811 = AXIS2_PLACEMENT_3D( '', #3220, #3221, #3222 );
#1812 = SURFACE_SIDE_STYLE( '', ( #3223 ) );
#1813 = EDGE_LOOP( '', ( #3224, #3225, #3226, #3227, #3228, #3229 ) );
#1814 = AXIS2_PLACEMENT_3D( '', #3230, #3231, #3232 );
#1815 = SURFACE_SIDE_STYLE( '', ( #3233 ) );
#1816 = EDGE_LOOP( '', ( #3234, #3235, #3236, #3237 ) );
#1817 = AXIS2_PLACEMENT_3D( '', #3238, #3239, #3240 );
#1818 = SURFACE_SIDE_STYLE( '', ( #3241 ) );
#1819 = EDGE_LOOP( '', ( #3242, #3243, #3244, #3245 ) );
#1820 = AXIS2_PLACEMENT_3D( '', #3246, #3247, #3248 );
#1821 = SURFACE_SIDE_STYLE( '', ( #3249 ) );
#1822 = EDGE_LOOP( '', ( #3250, #3251, #3252, #3253 ) );
#1823 = AXIS2_PLACEMENT_3D( '', #3254, #3255, #3256 );
#1824 = SURFACE_SIDE_STYLE( '', ( #3257 ) );
#1825 = EDGE_LOOP( '', ( #3258, #3259, #3260, #3261 ) );
#1826 = AXIS2_PLACEMENT_3D( '', #3262, #3263, #3264 );
#1827 = SURFACE_SIDE_STYLE( '', ( #3265 ) );
#1828 = EDGE_LOOP( '', ( #3266, #3267, #3268, #3269 ) );
#1829 = AXIS2_PLACEMENT_3D( '', #3270, #3271, #3272 );
#1830 = SURFACE_SIDE_STYLE( '', ( #3273 ) );
#1831 = EDGE_LOOP( '', ( #3274, #3275, #3276, #3277 ) );
#1832 = AXIS2_PLACEMENT_3D( '', #3278, #3279, #3280 );
#1833 = SURFACE_SIDE_STYLE( '', ( #3281 ) );
#1834 = EDGE_LOOP( '', ( #3282, #3283, #3284, #3285, #3286, #3287, #3288, #3289, #3290, #3291, #3292, #3293, #3294, #3295, #3296, #3297, #3298, #3299, #3300, #3301, #3302, #3303, #3304 ) );
#1835 = AXIS2_PLACEMENT_3D( '', #3305, #3306, #3307 );
#1836 = SURFACE_SIDE_STYLE( '', ( #3308 ) );
#1837 = EDGE_LOOP( '', ( #3309, #3310, #3311, #3312 ) );
#1838 = AXIS2_PLACEMENT_3D( '', #3313, #3314, #3315 );
#1839 = SURFACE_SIDE_STYLE( '', ( #3316 ) );
#1840 = EDGE_LOOP( '', ( #3317, #3318, #3319, #3320 ) );
#1841 = AXIS2_PLACEMENT_3D( '', #3321, #3322, #3323 );
#1842 = SURFACE_SIDE_STYLE( '', ( #3324 ) );
#1843 = EDGE_LOOP( '', ( #3325, #3326, #3327, #3328 ) );
#1844 = AXIS2_PLACEMENT_3D( '', #3329, #3330, #3331 );
#1845 = SURFACE_SIDE_STYLE( '', ( #3332 ) );
#1846 = EDGE_LOOP( '', ( #3333, #3334, #3335, #3336 ) );
#1847 = AXIS2_PLACEMENT_3D( '', #3337, #3338, #3339 );
#1848 = SURFACE_SIDE_STYLE( '', ( #3340 ) );
#1849 = EDGE_LOOP( '', ( #3341, #3342, #3343, #3344 ) );
#1850 = AXIS2_PLACEMENT_3D( '', #3345, #3346, #3347 );
#1851 = SURFACE_SIDE_STYLE( '', ( #3348 ) );
#1852 = EDGE_LOOP( '', ( #3349, #3350, #3351, #3352 ) );
#1853 = AXIS2_PLACEMENT_3D( '', #3353, #3354, #3355 );
#1854 = SURFACE_SIDE_STYLE( '', ( #3356 ) );
#1855 = EDGE_LOOP( '', ( #3357, #3358, #3359, #3360 ) );
#1856 = AXIS2_PLACEMENT_3D( '', #3361, #3362, #3363 );
#1857 = SURFACE_SIDE_STYLE( '', ( #3364 ) );
#1858 = EDGE_LOOP( '', ( #3365, #3366, #3367, #3368 ) );
#1859 = AXIS2_PLACEMENT_3D( '', #3369, #3370, #3371 );
#1860 = SURFACE_SIDE_STYLE( '', ( #3372 ) );
#1861 = EDGE_LOOP( '', ( #3373, #3374, #3375, #3376 ) );
#1862 = AXIS2_PLACEMENT_3D( '', #3377, #3378, #3379 );
#1863 = SURFACE_SIDE_STYLE( '', ( #3380 ) );
#1864 = EDGE_LOOP( '', ( #3381, #3382, #3383, #3384 ) );
#1865 = EDGE_LOOP( '', ( #3385, #3386, #3387, #3388, #3389, #3390, #3391, #3392, #3393, #3394 ) );
#1866 = AXIS2_PLACEMENT_3D( '', #3395, #3396, #3397 );
#1867 = SURFACE_SIDE_STYLE( '', ( #3398 ) );
#1868 = EDGE_LOOP( '', ( #3399, #3400, #3401, #3402 ) );
#1869 = EDGE_LOOP( '', ( #3403, #3404, #3405, #3406 ) );
#1870 = AXIS2_PLACEMENT_3D( '', #3407, #3408, #3409 );
#1871 = SURFACE_SIDE_STYLE( '', ( #3410 ) );
#1872 = EDGE_LOOP( '', ( #3411, #3412, #3413, #3414 ) );
#1873 = AXIS2_PLACEMENT_3D( '', #3415, #3416, #3417 );
#1874 = SURFACE_SIDE_STYLE( '', ( #3418 ) );
#1875 = EDGE_LOOP( '', ( #3419, #3420, #3421, #3422 ) );
#1876 = AXIS2_PLACEMENT_3D( '', #3423, #3424, #3425 );
#1877 = SURFACE_SIDE_STYLE( '', ( #3426 ) );
#1878 = EDGE_LOOP( '', ( #3427, #3428, #3429, #3430 ) );
#1879 = AXIS2_PLACEMENT_3D( '', #3431, #3432, #3433 );
#1880 = SURFACE_SIDE_STYLE( '', ( #3434 ) );
#1881 = EDGE_LOOP( '', ( #3435, #3436, #3437, #3438 ) );
#1882 = AXIS2_PLACEMENT_3D( '', #3439, #3440, #3441 );
#1883 = SURFACE_SIDE_STYLE( '', ( #3442 ) );
#1884 = EDGE_LOOP( '', ( #3443, #3444, #3445, #3446 ) );
#1885 = AXIS2_PLACEMENT_3D( '', #3447, #3448, #3449 );
#1886 = SURFACE_SIDE_STYLE( '', ( #3450 ) );
#1887 = EDGE_LOOP( '', ( #3451, #3452, #3453, #3454 ) );
#1888 = AXIS2_PLACEMENT_3D( '', #3455, #3456, #3457 );
#1889 = SURFACE_SIDE_STYLE( '', ( #3458 ) );
#1890 = EDGE_LOOP( '', ( #3459, #3460, #3461, #3462 ) );
#1891 = AXIS2_PLACEMENT_3D( '', #3463, #3464, #3465 );
#1892 = SURFACE_SIDE_STYLE( '', ( #3466 ) );
#1893 = EDGE_LOOP( '', ( #3467, #3468, #3469, #3470 ) );
#1894 = AXIS2_PLACEMENT_3D( '', #3471, #3472, #3473 );
#1895 = SURFACE_SIDE_STYLE( '', ( #3474 ) );
#1896 = EDGE_LOOP( '', ( #3475, #3476, #3477, #3478 ) );
#1897 = AXIS2_PLACEMENT_3D( '', #3479, #3480, #3481 );
#1898 = SURFACE_SIDE_STYLE( '', ( #3482 ) );
#1899 = EDGE_LOOP( '', ( #3483, #3484, #3485, #3486 ) );
#1900 = AXIS2_PLACEMENT_3D( '', #3487, #3488, #3489 );
#1901 = SURFACE_SIDE_STYLE( '', ( #3490 ) );
#1902 = EDGE_LOOP( '', ( #3491, #3492, #3493, #3494 ) );
#1903 = AXIS2_PLACEMENT_3D( '', #3495, #3496, #3497 );
#1904 = SURFACE_SIDE_STYLE( '', ( #3498 ) );
#1905 = EDGE_LOOP( '', ( #3499, #3500, #3501, #3502 ) );
#1906 = AXIS2_PLACEMENT_3D( '', #3503, #3504, #3505 );
#1907 = SURFACE_SIDE_STYLE( '', ( #3506 ) );
#1908 = EDGE_LOOP( '', ( #3507, #3508, #3509, #3510 ) );
#1909 = AXIS2_PLACEMENT_3D( '', #3511, #3512, #3513 );
#1910 = SURFACE_SIDE_STYLE( '', ( #3514 ) );
#1911 = EDGE_LOOP( '', ( #3515, #3516, #3517, #3518 ) );
#1912 = AXIS2_PLACEMENT_3D( '', #3519, #3520, #3521 );
#1913 = SURFACE_SIDE_STYLE( '', ( #3522 ) );
#1914 = EDGE_LOOP( '', ( #3523, #3524, #3525, #3526 ) );
#1915 = AXIS2_PLACEMENT_3D( '', #3527, #3528, #3529 );
#1916 = SURFACE_SIDE_STYLE( '', ( #3530 ) );
#1917 = EDGE_LOOP( '', ( #3531, #3532, #3533, #3534 ) );
#1918 = AXIS2_PLACEMENT_3D( '', #3535, #3536, #3537 );
#1919 = SURFACE_SIDE_STYLE( '', ( #3538 ) );
#1920 = EDGE_LOOP( '', ( #3539, #3540, #3541, #3542 ) );
#1921 = AXIS2_PLACEMENT_3D( '', #3543, #3544, #3545 );
#1922 = SURFACE_SIDE_STYLE( '', ( #3546 ) );
#1923 = EDGE_LOOP( '', ( #3547, #3548, #3549, #3550 ) );
#1924 = AXIS2_PLACEMENT_3D( '', #3551, #3552, #3553 );
#1925 = SURFACE_SIDE_STYLE( '', ( #3554 ) );
#1926 = EDGE_LOOP( '', ( #3555, #3556, #3557, #3558 ) );
#1927 = AXIS2_PLACEMENT_3D( '', #3559, #3560, #3561 );
#1928 = SURFACE_SIDE_STYLE( '', ( #3562 ) );
#1929 = EDGE_LOOP( '', ( #3563, #3564, #3565, #3566 ) );
#1930 = AXIS2_PLACEMENT_3D( '', #3567, #3568, #3569 );
#1931 = SURFACE_SIDE_STYLE( '', ( #3570 ) );
#1932 = EDGE_LOOP( '', ( #3571, #3572, #3573, #3574 ) );
#1933 = AXIS2_PLACEMENT_3D( '', #3575, #3576, #3577 );
#1934 = SURFACE_SIDE_STYLE( '', ( #3578 ) );
#1935 = EDGE_LOOP( '', ( #3579, #3580, #3581, #3582 ) );
#1936 = AXIS2_PLACEMENT_3D( '', #3583, #3584, #3585 );
#1937 = SURFACE_SIDE_STYLE( '', ( #3586 ) );
#1938 = EDGE_LOOP( '', ( #3587, #3588, #3589, #3590 ) );
#1939 = AXIS2_PLACEMENT_3D( '', #3591, #3592, #3593 );
#1940 = SURFACE_SIDE_STYLE( '', ( #3594 ) );
#1941 = EDGE_LOOP( '', ( #3595, #3596, #3597, #3598 ) );
#1942 = AXIS2_PLACEMENT_3D( '', #3599, #3600, #3601 );
#1943 = SURFACE_SIDE_STYLE( '', ( #3602 ) );
#1944 = EDGE_LOOP( '', ( #3603, #3604, #3605, #3606, #3607, #3608, #3609, #3610, #3611, #3612, #3613, #3614, #3615, #3616, #3617, #3618, #3619, #3620, #3621, #3622 ) );
#1945 = AXIS2_PLACEMENT_3D( '', #3623, #3624, #3625 );
#1946 = SURFACE_SIDE_STYLE( '', ( #3626 ) );
#1947 = EDGE_LOOP( '', ( #3627, #3628, #3629, #3630 ) );
#1948 = AXIS2_PLACEMENT_3D( '', #3631, #3632, #3633 );
#1949 = SURFACE_SIDE_STYLE( '', ( #3634 ) );
#1950 = EDGE_LOOP( '', ( #3635, #3636, #3637, #3638 ) );
#1951 = AXIS2_PLACEMENT_3D( '', #3639, #3640, #3641 );
#1952 = SURFACE_SIDE_STYLE( '', ( #3642 ) );
#1953 = EDGE_LOOP( '', ( #3643, #3644, #3645, #3646 ) );
#1954 = AXIS2_PLACEMENT_3D( '', #3647, #3648, #3649 );
#1955 = SURFACE_SIDE_STYLE( '', ( #3650 ) );
#1956 = EDGE_LOOP( '', ( #3651, #3652, #3653, #3654 ) );
#1957 = EDGE_LOOP( '', ( #3655, #3656, #3657, #3658, #3659, #3660, #3661, #3662, #3663, #3664 ) );
#1958 = AXIS2_PLACEMENT_3D( '', #3665, #3666, #3667 );
#1959 = SURFACE_SIDE_STYLE( '', ( #3668 ) );
#1960 = EDGE_LOOP( '', ( #3669, #3670, #3671, #3672 ) );
#1961 = AXIS2_PLACEMENT_3D( '', #3673, #3674, #3675 );
#1962 = SURFACE_SIDE_STYLE( '', ( #3676 ) );
#1963 = EDGE_LOOP( '', ( #3677, #3678, #3679, #3680 ) );
#1964 = AXIS2_PLACEMENT_3D( '', #3681, #3682, #3683 );
#1965 = SURFACE_SIDE_STYLE( '', ( #3684 ) );
#1966 = EDGE_LOOP( '', ( #3685, #3686, #3687, #3688 ) );
#1967 = AXIS2_PLACEMENT_3D( '', #3689, #3690, #3691 );
#1968 = SURFACE_SIDE_STYLE( '', ( #3692 ) );
#1969 = EDGE_LOOP( '', ( #3693, #3694, #3695, #3696 ) );
#1970 = AXIS2_PLACEMENT_3D( '', #3697, #3698, #3699 );
#1971 = SURFACE_SIDE_STYLE( '', ( #3700 ) );
#1972 = EDGE_LOOP( '', ( #3701, #3702, #3703, #3704 ) );
#1973 = AXIS2_PLACEMENT_3D( '', #3705, #3706, #3707 );
#1974 = SURFACE_SIDE_STYLE( '', ( #3708 ) );
#1975 = EDGE_LOOP( '', ( #3709, #3710, #3711, #3712 ) );
#1976 = AXIS2_PLACEMENT_3D( '', #3713, #3714, #3715 );
#1977 = SURFACE_SIDE_STYLE( '', ( #3716 ) );
#1978 = EDGE_LOOP( '', ( #3717, #3718, #3719, #3720 ) );
#1979 = AXIS2_PLACEMENT_3D( '', #3721, #3722, #3723 );
#1980 = SURFACE_SIDE_STYLE( '', ( #3724 ) );
#1981 = EDGE_LOOP( '', ( #3725, #3726, #3727, #3728 ) );
#1982 = AXIS2_PLACEMENT_3D( '', #3729, #3730, #3731 );
#1983 = SURFACE_SIDE_STYLE( '', ( #3732 ) );
#1984 = EDGE_LOOP( '', ( #3733, #3734, #3735, #3736 ) );
#1985 = AXIS2_PLACEMENT_3D( '', #3737, #3738, #3739 );
#1986 = SURFACE_SIDE_STYLE( '', ( #3740 ) );
#1987 = EDGE_LOOP( '', ( #3741, #3742, #3743, #3744 ) );
#1988 = AXIS2_PLACEMENT_3D( '', #3745, #3746, #3747 );
#1989 = SURFACE_SIDE_STYLE( '', ( #3748 ) );
#1990 = EDGE_LOOP( '', ( #3749, #3750, #3751, #3752 ) );
#1991 = AXIS2_PLACEMENT_3D( '', #3753, #3754, #3755 );
#1992 = SURFACE_SIDE_STYLE( '', ( #3756 ) );
#1993 = EDGE_LOOP( '', ( #3757, #3758, #3759, #3760 ) );
#1994 = AXIS2_PLACEMENT_3D( '', #3761, #3762, #3763 );
#1995 = SURFACE_SIDE_STYLE( '', ( #3764 ) );
#1996 = EDGE_LOOP( '', ( #3765, #3766, #3767, #3768 ) );
#1997 = AXIS2_PLACEMENT_3D( '', #3769, #3770, #3771 );
#1998 = SURFACE_SIDE_STYLE( '', ( #3772 ) );
#1999 = EDGE_LOOP( '', ( #3773, #3774, #3775, #3776 ) );
#2000 = AXIS2_PLACEMENT_3D( '', #3777, #3778, #3779 );
#2001 = SURFACE_SIDE_STYLE( '', ( #3780 ) );
#2002 = EDGE_LOOP( '', ( #3781, #3782, #3783, #3784 ) );
#2003 = AXIS2_PLACEMENT_3D( '', #3785, #3786, #3787 );
#2004 = SURFACE_SIDE_STYLE( '', ( #3788 ) );
#2005 = EDGE_LOOP( '', ( #3789, #3790, #3791, #3792 ) );
#2006 = AXIS2_PLACEMENT_3D( '', #3793, #3794, #3795 );
#2007 = SURFACE_SIDE_STYLE( '', ( #3796 ) );
#2008 = EDGE_LOOP( '', ( #3797, #3798, #3799, #3800 ) );
#2009 = AXIS2_PLACEMENT_3D( '', #3801, #3802, #3803 );
#2010 = SURFACE_SIDE_STYLE( '', ( #3804 ) );
#2011 = EDGE_LOOP( '', ( #3805, #3806, #3807, #3808 ) );
#2012 = AXIS2_PLACEMENT_3D( '', #3809, #3810, #3811 );
#2013 = SURFACE_SIDE_STYLE( '', ( #3812 ) );
#2014 = EDGE_LOOP( '', ( #3813, #3814, #3815, #3816 ) );
#2015 = AXIS2_PLACEMENT_3D( '', #3817, #3818, #3819 );
#2016 = SURFACE_SIDE_STYLE( '', ( #3820 ) );
#2017 = EDGE_LOOP( '', ( #3821, #3822, #3823, #3824 ) );
#2018 = AXIS2_PLACEMENT_3D( '', #3825, #3826, #3827 );
#2019 = SURFACE_SIDE_STYLE( '', ( #3828 ) );
#2020 = EDGE_LOOP( '', ( #3829, #3830, #3831, #3832 ) );
#2021 = AXIS2_PLACEMENT_3D( '', #3833, #3834, #3835 );
#2022 = SURFACE_SIDE_STYLE( '', ( #3836 ) );
#2023 = EDGE_LOOP( '', ( #3837, #3838, #3839, #3840 ) );
#2024 = EDGE_LOOP( '', ( #3841, #3842, #3843, #3844 ) );
#2025 = AXIS2_PLACEMENT_3D( '', #3845, #3846, #3847 );
#2026 = SURFACE_SIDE_STYLE( '', ( #3848 ) );
#2027 = EDGE_LOOP( '', ( #3849, #3850, #3851, #3852 ) );
#2028 = AXIS2_PLACEMENT_3D( '', #3853, #3854, #3855 );
#2029 = SURFACE_SIDE_STYLE( '', ( #3856 ) );
#2030 = EDGE_LOOP( '', ( #3857, #3858, #3859, #3860 ) );
#2031 = AXIS2_PLACEMENT_3D( '', #3861, #3862, #3863 );
#2032 = SURFACE_SIDE_STYLE( '', ( #3864 ) );
#2033 = EDGE_LOOP( '', ( #3865, #3866, #3867, #3868 ) );
#2034 = AXIS2_PLACEMENT_3D( '', #3869, #3870, #3871 );
#2035 = SURFACE_SIDE_STYLE( '', ( #3872 ) );
#2036 = EDGE_LOOP( '', ( #3873, #3874, #3875, #3876 ) );
#2037 = AXIS2_PLACEMENT_3D( '', #3877, #3878, #3879 );
#2038 = SURFACE_SIDE_STYLE( '', ( #3880 ) );
#2039 = EDGE_LOOP( '', ( #3881, #3882, #3883, #3884 ) );
#2040 = EDGE_LOOP( '', ( #3885, #3886, #3887, #3888 ) );
#2041 = AXIS2_PLACEMENT_3D( '', #3889, #3890, #3891 );
#2042 = SURFACE_SIDE_STYLE( '', ( #3892 ) );
#2043 = EDGE_LOOP( '', ( #3893, #3894, #3895, #3896 ) );
#2044 = AXIS2_PLACEMENT_3D( '', #3897, #3898, #3899 );
#2045 = SURFACE_SIDE_STYLE( '', ( #3900 ) );
#2046 = EDGE_LOOP( '', ( #3901, #3902, #3903, #3904 ) );
#2047 = AXIS2_PLACEMENT_3D( '', #3905, #3906, #3907 );
#2048 = SURFACE_SIDE_STYLE( '', ( #3908 ) );
#2049 = EDGE_LOOP( '', ( #3909, #3910, #3911, #3912 ) );
#2050 = AXIS2_PLACEMENT_3D( '', #3913, #3914, #3915 );
#2051 = SURFACE_SIDE_STYLE( '', ( #3916 ) );
#2052 = EDGE_LOOP( '', ( #3917, #3918, #3919, #3920 ) );
#2053 = AXIS2_PLACEMENT_3D( '', #3921, #3922, #3923 );
#2054 = SURFACE_SIDE_STYLE( '', ( #3924 ) );
#2055 = EDGE_LOOP( '', ( #3925, #3926, #3927, #3928 ) );
#2056 = AXIS2_PLACEMENT_3D( '', #3929, #3930, #3931 );
#2057 = SURFACE_SIDE_STYLE( '', ( #3932 ) );
#2058 = EDGE_LOOP( '', ( #3933, #3934, #3935, #3936 ) );
#2059 = AXIS2_PLACEMENT_3D( '', #3937, #3938, #3939 );
#2060 = SURFACE_SIDE_STYLE( '', ( #3940 ) );
#2061 = EDGE_LOOP( '', ( #3941, #3942, #3943, #3944 ) );
#2062 = AXIS2_PLACEMENT_3D( '', #3945, #3946, #3947 );
#2063 = SURFACE_SIDE_STYLE( '', ( #3948 ) );
#2064 = EDGE_LOOP( '', ( #3949, #3950, #3951, #3952 ) );
#2065 = EDGE_LOOP( '', ( #3953, #3954, #3955, #3956 ) );
#2066 = EDGE_LOOP( '', ( #3957, #3958, #3959, #3960 ) );
#2067 = EDGE_LOOP( '', ( #3961, #3962, #3963, #3964 ) );
#2068 = EDGE_LOOP( '', ( #3965, #3966, #3967, #3968 ) );
#2069 = AXIS2_PLACEMENT_3D( '', #3969, #3970, #3971 );
#2070 = SURFACE_SIDE_STYLE( '', ( #3972 ) );
#2071 = EDGE_LOOP( '', ( #3973, #3974, #3975, #3976, #3977, #3978, #3979, #3980 ) );
#2072 = AXIS2_PLACEMENT_3D( '', #3981, #3982, #3983 );
#2073 = SURFACE_SIDE_STYLE( '', ( #3984 ) );
#2074 = EDGE_LOOP( '', ( #3985, #3986, #3987, #3988 ) );
#2075 = AXIS2_PLACEMENT_3D( '', #3989, #3990, #3991 );
#2076 = SURFACE_SIDE_STYLE( '', ( #3992 ) );
#2077 = EDGE_LOOP( '', ( #3993, #3994, #3995, #3996 ) );
#2078 = AXIS2_PLACEMENT_3D( '', #3997, #3998, #3999 );
#2079 = SURFACE_SIDE_STYLE( '', ( #4000 ) );
#2080 = EDGE_LOOP( '', ( #4001, #4002, #4003, #4004 ) );
#2081 = AXIS2_PLACEMENT_3D( '', #4005, #4006, #4007 );
#2082 = SURFACE_SIDE_STYLE( '', ( #4008 ) );
#2083 = EDGE_LOOP( '', ( #4009, #4010, #4011, #4012, #4013, #4014, #4015, #4016, #4017, #4018, #4019, #4020, #4021, #4022, #4023, #4024, #4025, #4026, #4027, #4028, #4029, #4030, #4031, #4032, #4033, #4034, #4035, #4036, #4037, #4038, #4039, #4040 ) );
#2084 = AXIS2_PLACEMENT_3D( '', #4041, #4042, #4043 );
#2085 = SURFACE_SIDE_STYLE( '', ( #4044 ) );
#2086 = EDGE_LOOP( '', ( #4045, #4046, #4047, #4048 ) );
#2087 = AXIS2_PLACEMENT_3D( '', #4049, #4050, #4051 );
#2088 = SURFACE_SIDE_STYLE( '', ( #4052 ) );
#2089 = EDGE_LOOP( '', ( #4053, #4054, #4055, #4056 ) );
#2090 = EDGE_LOOP( '', ( #4057, #4058, #4059, #4060, #4061, #4062, #4063, #4064, #4065, #4066 ) );
#2091 = AXIS2_PLACEMENT_3D( '', #4067, #4068, #4069 );
#2092 = SURFACE_SIDE_STYLE( '', ( #4070 ) );
#2093 = EDGE_LOOP( '', ( #4071, #4072, #4073, #4074 ) );
#2094 = AXIS2_PLACEMENT_3D( '', #4075, #4076, #4077 );
#2095 = SURFACE_SIDE_STYLE( '', ( #4078 ) );
#2096 = EDGE_LOOP( '', ( #4079, #4080, #4081, #4082 ) );
#2097 = AXIS2_PLACEMENT_3D( '', #4083, #4084, #4085 );
#2098 = SURFACE_SIDE_STYLE( '', ( #4086 ) );
#2099 = EDGE_LOOP( '', ( #4087, #4088, #4089, #4090 ) );
#2100 = AXIS2_PLACEMENT_3D( '', #4091, #4092, #4093 );
#2101 = SURFACE_SIDE_STYLE( '', ( #4094 ) );
#2102 = EDGE_LOOP( '', ( #4095, #4096, #4097, #4098 ) );
#2103 = AXIS2_PLACEMENT_3D( '', #4099, #4100, #4101 );
#2104 = SURFACE_SIDE_STYLE( '', ( #4102 ) );
#2105 = EDGE_LOOP( '', ( #4103, #4104, #4105, #4106 ) );
#2106 = AXIS2_PLACEMENT_3D( '', #4107, #4108, #4109 );
#2107 = SURFACE_SIDE_STYLE( '', ( #4110 ) );
#2108 = EDGE_LOOP( '', ( #4111, #4112, #4113, #4114 ) );
#2109 = AXIS2_PLACEMENT_3D( '', #4115, #4116, #4117 );
#2110 = SURFACE_SIDE_STYLE( '', ( #4118 ) );
#2111 = EDGE_LOOP( '', ( #4119, #4120, #4121, #4122 ) );
#2112 = AXIS2_PLACEMENT_3D( '', #4123, #4124, #4125 );
#2113 = SURFACE_SIDE_STYLE( '', ( #4126 ) );
#2114 = EDGE_LOOP( '', ( #4127, #4128, #4129, #4130, #4131, #4132, #4133, #4134, #4135, #4136 ) );
#2115 = AXIS2_PLACEMENT_3D( '', #4137, #4138, #4139 );
#2116 = SURFACE_SIDE_STYLE( '', ( #4140 ) );
#2117 = EDGE_LOOP( '', ( #4141, #4142, #4143, #4144 ) );
#2118 = AXIS2_PLACEMENT_3D( '', #4145, #4146, #4147 );
#2119 = SURFACE_SIDE_STYLE( '', ( #4148 ) );
#2120 = EDGE_LOOP( '', ( #4149, #4150, #4151, #4152 ) );
#2121 = EDGE_LOOP( '', ( #4153, #4154, #4155, #4156, #4157, #4158, #4159, #4160, #4161, #4162 ) );
#2122 = AXIS2_PLACEMENT_3D( '', #4163, #4164, #4165 );
#2123 = SURFACE_SIDE_STYLE( '', ( #4166 ) );
#2124 = EDGE_LOOP( '', ( #4167, #4168, #4169, #4170 ) );
#2125 = AXIS2_PLACEMENT_3D( '', #4171, #4172, #4173 );
#2126 = SURFACE_SIDE_STYLE( '', ( #4174 ) );
#2127 = EDGE_LOOP( '', ( #4175, #4176, #4177, #4178 ) );
#2128 = AXIS2_PLACEMENT_3D( '', #4179, #4180, #4181 );
#2129 = SURFACE_SIDE_STYLE( '', ( #4182 ) );
#2130 = EDGE_LOOP( '', ( #4183, #4184, #4185, #4186 ) );
#2131 = AXIS2_PLACEMENT_3D( '', #4187, #4188, #4189 );
#2132 = SURFACE_SIDE_STYLE( '', ( #4190 ) );
#2133 = EDGE_LOOP( '', ( #4191, #4192, #4193, #4194, #4195, #4196, #4197, #4198, #4199, #4200, #4201, #4202, #4203, #4204, #4205, #4206, #4207, #4208, #4209, #4210, #4211, #4212, #4213, #4214, #4215, #4216, #4217, #4218, #4219, #4220, #4221, #4222 ) );
#2134 = AXIS2_PLACEMENT_3D( '', #4223, #4224, #4225 );
#2135 = SURFACE_SIDE_STYLE( '', ( #4226 ) );
#2136 = EDGE_LOOP( '', ( #4227, #4228, #4229, #4230 ) );
#2137 = AXIS2_PLACEMENT_3D( '', #4231, #4232, #4233 );
#2138 = SURFACE_SIDE_STYLE( '', ( #4234 ) );
#2139 = EDGE_LOOP( '', ( #4235, #4236, #4237, #4238 ) );
#2140 = AXIS2_PLACEMENT_3D( '', #4239, #4240, #4241 );
#2141 = SURFACE_SIDE_STYLE( '', ( #4242 ) );
#2142 = EDGE_LOOP( '', ( #4243, #4244, #4245, #4246 ) );
#2143 = AXIS2_PLACEMENT_3D( '', #4247, #4248, #4249 );
#2144 = SURFACE_SIDE_STYLE( '', ( #4250 ) );
#2145 = EDGE_LOOP( '', ( #4251, #4252, #4253, #4254 ) );
#2146 = AXIS2_PLACEMENT_3D( '', #4255, #4256, #4257 );
#2147 = SURFACE_SIDE_STYLE( '', ( #4258 ) );
#2148 = EDGE_LOOP( '', ( #4259, #4260, #4261, #4262 ) );
#2149 = AXIS2_PLACEMENT_3D( '', #4263, #4264, #4265 );
#2150 = SURFACE_SIDE_STYLE( '', ( #4266 ) );
#2151 = EDGE_LOOP( '', ( #4267, #4268, #4269, #4270 ) );
#2152 = AXIS2_PLACEMENT_3D( '', #4271, #4272, #4273 );
#2153 = SURFACE_SIDE_STYLE( '', ( #4274 ) );
#2154 = EDGE_LOOP( '', ( #4275, #4276, #4277, #4278 ) );
#2155 = AXIS2_PLACEMENT_3D( '', #4279, #4280, #4281 );
#2156 = SURFACE_SIDE_STYLE( '', ( #4282 ) );
#2157 = EDGE_LOOP( '', ( #4283, #4284, #4285, #4286 ) );
#2158 = AXIS2_PLACEMENT_3D( '', #4287, #4288, #4289 );
#2159 = SURFACE_SIDE_STYLE( '', ( #4290 ) );
#2160 = EDGE_LOOP( '', ( #4291, #4292, #4293, #4294 ) );
#2161 = AXIS2_PLACEMENT_3D( '', #4295, #4296, #4297 );
#2162 = SURFACE_SIDE_STYLE( '', ( #4298 ) );
#2163 = EDGE_LOOP( '', ( #4299, #4300, #4301, #4302 ) );
#2164 = AXIS2_PLACEMENT_3D( '', #4303, #4304, #4305 );
#2165 = SURFACE_SIDE_STYLE( '', ( #4306 ) );
#2166 = EDGE_LOOP( '', ( #4307, #4308, #4309, #4310 ) );
#2167 = AXIS2_PLACEMENT_3D( '', #4311, #4312, #4313 );
#2168 = SURFACE_SIDE_STYLE( '', ( #4314 ) );
#2169 = EDGE_LOOP( '', ( #4315, #4316, #4317, #4318 ) );
#2170 = AXIS2_PLACEMENT_3D( '', #4319, #4320, #4321 );
#2171 = SURFACE_SIDE_STYLE( '', ( #4322 ) );
#2172 = EDGE_LOOP( '', ( #4323, #4324, #4325, #4326 ) );
#2173 = AXIS2_PLACEMENT_3D( '', #4327, #4328, #4329 );
#2174 = SURFACE_SIDE_STYLE( '', ( #4330 ) );
#2175 = EDGE_LOOP( '', ( #4331, #4332, #4333, #4334 ) );
#2176 = AXIS2_PLACEMENT_3D( '', #4335, #4336, #4337 );
#2177 = SURFACE_SIDE_STYLE( '', ( #4338 ) );
#2178 = EDGE_LOOP( '', ( #4339, #4340, #4341, #4342 ) );
#2179 = AXIS2_PLACEMENT_3D( '', #4343, #4344, #4345 );
#2180 = SURFACE_SIDE_STYLE( '', ( #4346 ) );
#2181 = EDGE_LOOP( '', ( #4347, #4348, #4349, #4350 ) );
#2182 = AXIS2_PLACEMENT_3D( '', #4351, #4352, #4353 );
#2183 = SURFACE_SIDE_STYLE( '', ( #4354 ) );
#2184 = EDGE_LOOP( '', ( #4355, #4356, #4357, #4358 ) );
#2185 = AXIS2_PLACEMENT_3D( '', #4359, #4360, #4361 );
#2186 = SURFACE_SIDE_STYLE( '', ( #4362 ) );
#2187 = EDGE_LOOP( '', ( #4363, #4364, #4365, #4366 ) );
#2188 = AXIS2_PLACEMENT_3D( '', #4367, #4368, #4369 );
#2189 = SURFACE_SIDE_STYLE( '', ( #4370 ) );
#2190 = EDGE_LOOP( '', ( #4371, #4372, #4373, #4374 ) );
#2191 = AXIS2_PLACEMENT_3D( '', #4375, #4376, #4377 );
#2192 = SURFACE_SIDE_STYLE( '', ( #4378 ) );
#2193 = EDGE_LOOP( '', ( #4379, #4380, #4381, #4382 ) );
#2194 = AXIS2_PLACEMENT_3D( '', #4383, #4384, #4385 );
#2195 = SURFACE_SIDE_STYLE( '', ( #4386 ) );
#2196 = EDGE_LOOP( '', ( #4387, #4388, #4389, #4390 ) );
#2197 = AXIS2_PLACEMENT_3D( '', #4391, #4392, #4393 );
#2198 = SURFACE_SIDE_STYLE( '', ( #4394 ) );
#2199 = EDGE_LOOP( '', ( #4395, #4396, #4397, #4398 ) );
#2200 = AXIS2_PLACEMENT_3D( '', #4399, #4400, #4401 );
#2201 = SURFACE_SIDE_STYLE( '', ( #4402 ) );
#2202 = EDGE_LOOP( '', ( #4403, #4404, #4405, #4406 ) );
#2203 = AXIS2_PLACEMENT_3D( '', #4407, #4408, #4409 );
#2205 =  ( LENGTH_UNIT(  )NAMED_UNIT( #1492 )SI_UNIT( .MILLI., .METRE. ) );
#2206 = SURFACE_STYLE_FILL_AREA( #4411 );
#2207 = ORIENTED_EDGE( '', *, *, #4412, .T. );
#2208 = ORIENTED_EDGE( '', *, *, #4413, .F. );
#2209 = ORIENTED_EDGE( '', *, *, #4414, .F. );
#2210 = ORIENTED_EDGE( '', *, *, #4415, .T. );
#2211 = CARTESIAN_POINT( '', ( -6.72500000000000, -1.40000000000000, -0.230000000000000 ) );
#2212 = DIRECTION( '', ( -0.000000000000000, 1.00000000000000, 0.000000000000000 ) );
#2213 = DIRECTION( '', ( 0.000000000000000, -0.000000000000000, 1.00000000000000 ) );
#2214 = SURFACE_STYLE_FILL_AREA( #4416 );
#2215 = ORIENTED_EDGE( '', *, *, #4417, .T. );
#2216 = ORIENTED_EDGE( '', *, *, #4418, .F. );
#2217 = ORIENTED_EDGE( '', *, *, #4419, .F. );
#2218 = ORIENTED_EDGE( '', *, *, #4420, .T. );
#2219 = CARTESIAN_POINT( '', ( -6.72500000000000, -1.15000000000000, 1.38000000000000 ) );
#2220 = DIRECTION( '', ( 0.000000000000000, 0.000000000000000, 1.00000000000000 ) );
#2221 = DIRECTION( '', ( 1.00000000000000, 0.000000000000000, -0.000000000000000 ) );
#2222 = SURFACE_STYLE_FILL_AREA( #4421 );
#2223 = ORIENTED_EDGE( '', *, *, #4422, .F. );
#2224 = ORIENTED_EDGE( '', *, *, #4423, .F. );
#2225 = ORIENTED_EDGE( '', *, *, #4424, .T. );
#2226 = ORIENTED_EDGE( '', *, *, #4425, .T. );
#2227 = CARTESIAN_POINT( '', ( -7.00000000000000, 4.80000000000000, -0.300000000000000 ) );
#2228 = DIRECTION( '', ( -8.13151629364126E-16, 0.000000000000000, 1.00000000000000 ) );
#2229 = DIRECTION( '', ( 1.00000000000000, 0.000000000000000, 8.13151629364126E-16 ) );
#2230 = SURFACE_STYLE_FILL_AREA( #4426 );
#2231 = ORIENTED_EDGE( '', *, *, #4427, .F. );
#2232 = ORIENTED_EDGE( '', *, *, #4428, .T. );
#2233 = ORIENTED_EDGE( '', *, *, #4429, .T. );
#2234 = ORIENTED_EDGE( '', *, *, #4430, .T. );
#2235 = ORIENTED_EDGE( '', *, *, #4431, .F. );
#2236 = ORIENTED_EDGE( '', *, *, #4432, .F. );
#2237 = ORIENTED_EDGE( '', *, *, #4433, .T. );
#2238 = ORIENTED_EDGE( '', *, *, #4434, .T. );
#2239 = CARTESIAN_POINT( '', ( 7.65000000000000, 4.80000000000000, 3.15000000000000 ) );
#2240 = DIRECTION( '', ( -1.00000000000000, 0.000000000000000, 0.000000000000000 ) );
#2241 = DIRECTION( '', ( 0.000000000000000, 0.000000000000000, 1.00000000000000 ) );
#2242 = SURFACE_STYLE_FILL_AREA( #4435 );
#2243 = ORIENTED_EDGE( '', *, *, #4436, .T. );
#2244 = ORIENTED_EDGE( '', *, *, #4437, .T. );
#2245 = ORIENTED_EDGE( '', *, *, #4438, .F. );
#2246 = ORIENTED_EDGE( '', *, *, #4439, .F. );
#2247 = CARTESIAN_POINT( '', ( 0.000000000000000, 0.000000000000000, -0.000000000000000 ) );
#2248 = DIRECTION( '', ( 0.000000000000000, 1.00000000000000, -0.000000000000000 ) );
#2249 = DIRECTION( '', ( 0.000000000000000, 0.000000000000000, 1.00000000000000 ) );
#2250 = SURFACE_STYLE_FILL_AREA( #4440 );
#2251 = ORIENTED_EDGE( '', *, *, #4441, .T. );
#2252 = ORIENTED_EDGE( '', *, *, #4442, .F. );
#2253 = ORIENTED_EDGE( '', *, *, #4443, .F. );
#2254 = ORIENTED_EDGE( '', *, *, #4444, .T. );
#2255 = CARTESIAN_POINT( '', ( 6.97500000000000, 4.72700000000000, -0.650000000000000 ) );
#2256 = DIRECTION( '', ( 0.000000000000000, 0.000000000000000, -1.00000000000000 ) );
#2257 = DIRECTION( '', ( -1.00000000000000, 0.000000000000000, 0.000000000000000 ) );
#2258 = SURFACE_STYLE_FILL_AREA( #4445 );
#2259 = ORIENTED_EDGE( '', *, *, #4446, .T. );
#2260 = ORIENTED_EDGE( '', *, *, #4447, .T. );
#2261 = ORIENTED_EDGE( '', *, *, #4448, .F. );
#2262 = ORIENTED_EDGE( '', *, *, #4449, .F. );
#2263 = ORIENTED_EDGE( '', *, *, #4450, .T. );
#2264 = ORIENTED_EDGE( '', *, *, #4451, .T. );
#2265 = CARTESIAN_POINT( '', ( -7.65000000000000, 4.80000000000000, -1.30000000000000 ) );
#2266 = DIRECTION( '', ( 1.00000000000000, 0.000000000000000, 0.000000000000000 ) );
#2267 = DIRECTION( '', ( 0.000000000000000, 0.000000000000000, -1.00000000000000 ) );
#2268 = SURFACE_STYLE_FILL_AREA( #4452 );
#2269 = ORIENTED_EDGE( '', *, *, #4453, .F. );
#2270 = ORIENTED_EDGE( '', *, *, #4454, .F. );
#2271 = ORIENTED_EDGE( '', *, *, #4455, .T. );
#2272 = ORIENTED_EDGE( '', *, *, #4456, .T. );
#2273 = CARTESIAN_POINT( '', ( 6.97500000000000, -0.300000000000000, -0.163500000000001 ) );
#2274 = DIRECTION( '', ( 1.00000000000000, -0.000000000000000, -0.000000000000000 ) );
#2275 = DIRECTION( '', ( 0.000000000000000, 0.000000000000000, 1.00000000000000 ) );
#2276 = SURFACE_STYLE_FILL_AREA( #4457 );
#2277 = ORIENTED_EDGE( '', *, *, #4458, .T. );
#2278 = ORIENTED_EDGE( '', *, *, #4459, .F. );
#2279 = ORIENTED_EDGE( '', *, *, #4460, .T. );
#2280 = ORIENTED_EDGE( '', *, *, #4461, .T. );
#2281 = CARTESIAN_POINT( '', ( 7.00000000000000, 0.000000000000000, 1.17500000000000 ) );
#2282 = DIRECTION( '', ( 0.000000000000000, -0.707106781186548, 0.707106781186547 ) );
#2283 = DIRECTION( '', ( 0.000000000000000, -0.707106781186547, -0.707106781186548 ) );
#2284 = SURFACE_STYLE_FILL_AREA( #4462 );
#2285 = ORIENTED_EDGE( '', *, *, #4463, .T. );
#2286 = ORIENTED_EDGE( '', *, *, #4464, .T. );
#2287 = ORIENTED_EDGE( '', *, *, #4465, .T. );
#2288 = CARTESIAN_POINT( '', ( 0.000000000000000, 0.000000000000000, 3.78700000000000 ) );
#2289 = DIRECTION( '', ( -0.000000000000000, 0.000000000000000, -1.00000000000000 ) );
#2290 = DIRECTION( '', ( -1.00000000000000, 0.000000000000000, 0.000000000000000 ) );
#2291 = SURFACE_STYLE_FILL_AREA( #4466 );
#2292 = ORIENTED_EDGE( '', *, *, #4467, .F. );
#2293 = ORIENTED_EDGE( '', *, *, #4468, .F. );
#2294 = ORIENTED_EDGE( '', *, *, #4469, .T. );
#2295 = ORIENTED_EDGE( '', *, *, #4470, .T. );
#2296 = CARTESIAN_POINT( '', ( -6.70000000000000, 4.80000000000000, -0.300000000000000 ) );
#2297 = DIRECTION( '', ( -1.00000000000000, 0.000000000000000, 0.000000000000000 ) );
#2298 = DIRECTION( '', ( 0.000000000000000, 0.000000000000000, 1.00000000000000 ) );
#2299 = SURFACE_STYLE_FILL_AREA( #4471 );
#2300 = ORIENTED_EDGE( '', *, *, #4472, .T. );
#2301 = ORIENTED_EDGE( '', *, *, #4473, .F. );
#2302 = ORIENTED_EDGE( '', *, *, #4474, .F. );
#2303 = ORIENTED_EDGE( '', *, *, #4475, .T. );
#2304 = CARTESIAN_POINT( '', ( 6.97500000000000, 1.35000000000000, 0.880000000000000 ) );
#2305 = DIRECTION( '', ( -0.000000000000000, 1.00000000000000, 0.000000000000000 ) );
#2306 = DIRECTION( '', ( 0.000000000000000, -0.000000000000000, 1.00000000000000 ) );
#2307 = SURFACE_STYLE_FILL_AREA( #4476 );
#2308 = ORIENTED_EDGE( '', *, *, #4477, .T. );
#2309 = ORIENTED_EDGE( '', *, *, #4478, .F. );
#2310 = ORIENTED_EDGE( '', *, *, #4479, .F. );
#2311 = ORIENTED_EDGE( '', *, *, #4480, .T. );
#2312 = CARTESIAN_POINT( '', ( -6.72500000000000, -0.510303946705714, 2.02000000000000 ) );
#2313 = DIRECTION( '', ( 0.000000000000000, 0.000000000000000, -1.00000000000000 ) );
#2314 = DIRECTION( '', ( -1.00000000000000, 0.000000000000000, 0.000000000000000 ) );
#2315 = SURFACE_STYLE_FILL_AREA( #4481 );
#2316 = ORIENTED_EDGE( '', *, *, #4482, .T. );
#2317 = ORIENTED_EDGE( '', *, *, #4483, .F. );
#2318 = ORIENTED_EDGE( '', *, *, #4484, .F. );
#2319 = ORIENTED_EDGE( '', *, *, #4485, .T. );
#2320 = CARTESIAN_POINT( '', ( 6.97500000000000, 4.72700000000000, 1.85000000000000 ) );
#2321 = DIRECTION( '', ( 0.000000000000000, 0.000000000000000, -1.00000000000000 ) );
#2322 = DIRECTION( '', ( -1.00000000000000, 0.000000000000000, 0.000000000000000 ) );
#2323 = SURFACE_STYLE_FILL_AREA( #4486 );
#2324 = ORIENTED_EDGE( '', *, *, #4487, .T. );
#2325 = ORIENTED_EDGE( '', *, *, #4415, .F. );
#2326 = ORIENTED_EDGE( '', *, *, #4488, .F. );
#2327 = ORIENTED_EDGE( '', *, *, #4489, .T. );
#2328 = CARTESIAN_POINT( '', ( -6.72500000000000, -1.15000000000000, 0.0200000000000000 ) );
#2329 = DIRECTION( '', ( 0.000000000000000, 0.707106781186548, -0.707106781186548 ) );
#2330 = DIRECTION( '', ( 0.000000000000000, 0.707106781186547, 0.707106781186547 ) );
#2331 = SURFACE_STYLE_FILL_AREA( #4490 );
#2332 = ORIENTED_EDGE( '', *, *, #4491, .F. );
#2333 = ORIENTED_EDGE( '', *, *, #4492, .F. );
#2334 = ORIENTED_EDGE( '', *, *, #4493, .T. );
#2335 = ORIENTED_EDGE( '', *, *, #4494, .T. );
#2336 = CARTESIAN_POINT( '', ( 7.20000000000000, 4.80000000000000, -0.800000000000000 ) );
#2337 = DIRECTION( '', ( 0.000000000000000, -0.000000000000000, 1.00000000000000 ) );
#2338 = DIRECTION( '', ( 1.00000000000000, 0.000000000000000, -0.000000000000000 ) );
#2339 = SURFACE_STYLE_FILL_AREA( #4495 );
#2340 = ORIENTED_EDGE( '', *, *, #4496, .F. );
#2341 = ORIENTED_EDGE( '', *, *, #4497, .F. );
#2342 = ORIENTED_EDGE( '', *, *, #4498, .T. );
#2343 = ORIENTED_EDGE( '', *, *, #4492, .T. );
#2344 = CARTESIAN_POINT( '', ( 7.20000000000000, 4.80000000000000, 1.20000000000000 ) );
#2345 = DIRECTION( '', ( -1.00000000000000, 0.000000000000000, 0.000000000000000 ) );
#2346 = DIRECTION( '', ( 0.000000000000000, 0.000000000000000, 1.00000000000000 ) );
#2347 = SURFACE_STYLE_FILL_AREA( #4499 );
#2348 = ORIENTED_EDGE( '', *, *, #4500, .T. );
#2349 = ORIENTED_EDGE( '', *, *, #4501, .F. );
#2350 = ORIENTED_EDGE( '', *, *, #4502, .F. );
#2351 = ORIENTED_EDGE( '', *, *, #4503, .T. );
#2352 = CARTESIAN_POINT( '', ( 2.35000000000000, 0.750000000000000, 3.30000000000000 ) );
#2353 = DIRECTION( '', ( 0.000000000000000, 1.00000000000000, -0.000000000000000 ) );
#2354 = DIRECTION( '', ( 0.000000000000000, 0.000000000000000, 1.00000000000000 ) );
#2355 = SURFACE_STYLE_FILL_AREA( #4504 );
#2356 = ORIENTED_EDGE( '', *, *, #4505, .T. );
#2357 = ORIENTED_EDGE( '', *, *, #4506, .F. );
#2358 = ORIENTED_EDGE( '', *, *, #4507, .F. );
#2359 = ORIENTED_EDGE( '', *, *, #4508, .T. );
#2360 = CARTESIAN_POINT( '', ( 6.97500000000000, -1.40000000000000, 1.13000000000000 ) );
#2361 = DIRECTION( '', ( -0.000000000000000, 0.707106781186548, 0.707106781186548 ) );
#2362 = DIRECTION( '', ( 0.000000000000000, -0.707106781186547, 0.707106781186547 ) );
#2363 = SURFACE_STYLE_FILL_AREA( #4509 );
#2364 = ORIENTED_EDGE( '', *, *, #4510, .T. );
#2365 = ORIENTED_EDGE( '', *, *, #4511, .F. );
#2366 = ORIENTED_EDGE( '', *, *, #4512, .F. );
#2367 = ORIENTED_EDGE( '', *, *, #4513, .T. );
#2368 = CARTESIAN_POINT( '', ( -2.35000000000000, 0.750000000000000, -3.30000000000000 ) );
#2369 = DIRECTION( '', ( 1.00000000000000, 0.000000000000000, -0.000000000000000 ) );
#2370 = DIRECTION( '', ( -0.000000000000000, 0.000000000000000, -1.00000000000000 ) );
#2371 = SURFACE_STYLE_FILL_AREA( #4514 );
#2372 = ORIENTED_EDGE( '', *, *, #4515, .F. );
#2373 = ORIENTED_EDGE( '', *, *, #4516, .F. );
#2374 = ORIENTED_EDGE( '', *, *, #4517, .T. );
#2375 = ORIENTED_EDGE( '', *, *, #4518, .T. );
#2376 = CARTESIAN_POINT( '', ( -7.20000000000000, 4.80000000000000, 1.70000000000000 ) );
#2377 = DIRECTION( '', ( 0.000000000000000, 0.000000000000000, -1.00000000000000 ) );
#2378 = DIRECTION( '', ( -1.00000000000000, 0.000000000000000, 0.000000000000000 ) );
#2379 = SURFACE_STYLE_FILL_AREA( #4519 );
#2380 = ORIENTED_EDGE( '', *, *, #4520, .T. );
#2381 = ORIENTED_EDGE( '', *, *, #4521, .T. );
#2382 = ORIENTED_EDGE( '', *, *, #4522, .T. );
#2383 = ORIENTED_EDGE( '', *, *, #4523, .T. );
#2384 = CARTESIAN_POINT( '', ( 7.00000000000000, 0.400000000000000, -2.50000000000000 ) );
#2385 = DIRECTION( '', ( 0.000000000000000, -1.00000000000000, 0.000000000000000 ) );
#2386 = DIRECTION( '', ( 0.000000000000000, 0.000000000000000, -1.00000000000000 ) );
#2387 = SURFACE_STYLE_FILL_AREA( #4524 );
#2388 = ORIENTED_EDGE( '', *, *, #4525, .T. );
#2389 = ORIENTED_EDGE( '', *, *, #4526, .F. );
#2390 = ORIENTED_EDGE( '', *, *, #4527, .F. );
#2391 = ORIENTED_EDGE( '', *, *, #4528, .T. );
#2392 = ORIENTED_EDGE( '', *, *, #4529, .F. );
#2393 = ORIENTED_EDGE( '', *, *, #4530, .F. );
#2394 = ORIENTED_EDGE( '', *, *, #4531, .F. );
#2395 = ORIENTED_EDGE( '', *, *, #4532, .T. );
#2396 = CARTESIAN_POINT( '', ( -5.95000000000000, 1.25000000000000, 3.20000000000000 ) );
#2397 = DIRECTION( '', ( -3.64437705037144E-17, 0.000000000000000, 1.00000000000000 ) );
#2398 = DIRECTION( '', ( 1.00000000000000, 0.000000000000000, 3.64437705037144E-17 ) );
#2399 = SURFACE_STYLE_FILL_AREA( #4533 );
#2400 = ORIENTED_EDGE( '', *, *, #4534, .F. );
#2401 = ORIENTED_EDGE( '', *, *, #4535, .F. );
#2402 = ORIENTED_EDGE( '', *, *, #4536, .T. );
#2403 = ORIENTED_EDGE( '', *, *, #4537, .T. );
#2404 = CARTESIAN_POINT( '', ( 2.80000000000000, 4.80000000000000, -1.50000000000000 ) );
#2405 = DIRECTION( '', ( 1.00000000000000, 0.000000000000000, 0.000000000000000 ) );
#2406 = DIRECTION( '', ( 0.000000000000000, 0.000000000000000, -1.00000000000000 ) );
#2407 = SURFACE_STYLE_FILL_AREA( #4538 );
#2408 = ORIENTED_EDGE( '', *, *, #4539, .T. );
#2409 = ORIENTED_EDGE( '', *, *, #4540, .F. );
#2410 = ORIENTED_EDGE( '', *, *, #4541, .F. );
#2411 = ORIENTED_EDGE( '', *, *, #4506, .T. );
#2412 = CARTESIAN_POINT( '', ( 6.97500000000000, -1.15000000000000, 0.880000000000000 ) );
#2413 = DIRECTION( '', ( 0.000000000000000, 0.000000000000000, 1.00000000000000 ) );
#2414 = DIRECTION( '', ( 1.00000000000000, 0.000000000000000, -0.000000000000000 ) );
#2415 = SURFACE_STYLE_FILL_AREA( #4542 );
#2416 = ORIENTED_EDGE( '', *, *, #4543, .F. );
#2417 = ORIENTED_EDGE( '', *, *, #4544, .F. );
#2418 = ORIENTED_EDGE( '', *, *, #4545, .T. );
#2419 = ORIENTED_EDGE( '', *, *, #4546, .T. );
#2420 = CARTESIAN_POINT( '', ( 6.70000000000000, 4.80000000000000, -0.800000000000000 ) );
#2421 = DIRECTION( '', ( -5.42101086242753E-16, 0.000000000000000, 1.00000000000000 ) );
#2422 = DIRECTION( '', ( 1.00000000000000, 0.000000000000000, 5.42101086242753E-16 ) );
#2423 = SURFACE_STYLE_FILL_AREA( #4547 );
#2424 = ORIENTED_EDGE( '', *, *, #4437, .F. );
#2425 = ORIENTED_EDGE( '', *, *, #4548, .F. );
#2426 = ORIENTED_EDGE( '', *, *, #4549, .T. );
#2427 = ORIENTED_EDGE( '', *, *, #4550, .T. );
#2428 = CARTESIAN_POINT( '', ( -6.45000000000000, 0.250000000000000, -2.70000000000000 ) );
#2429 = DIRECTION( '', ( 0.000000000000000, -0.000000000000000, 1.00000000000000 ) );
#2430 = DIRECTION( '', ( 1.00000000000000, 0.000000000000000, -0.000000000000000 ) );
#2431 = SURFACE_STYLE_FILL_AREA( #4551 );
#2432 = ORIENTED_EDGE( '', *, *, #4552, .F. );
#2433 = ORIENTED_EDGE( '', *, *, #4553, .F. );
#2434 = ORIENTED_EDGE( '', *, *, #4554, .T. );
#2435 = ORIENTED_EDGE( '', *, *, #4555, .T. );
#2436 = CARTESIAN_POINT( '', ( 1.20000000000000, 4.80000000000000, 1.50000000000000 ) );
#2437 = DIRECTION( '', ( -1.00000000000000, 0.000000000000000, 0.000000000000000 ) );
#2438 = DIRECTION( '', ( 0.000000000000000, 0.000000000000000, 1.00000000000000 ) );
#2439 = SURFACE_STYLE_FILL_AREA( #4556 );
#2440 = ORIENTED_EDGE( '', *, *, #4557, .T. );
#2441 = ORIENTED_EDGE( '', *, *, #4558, .T. );
#2442 = ORIENTED_EDGE( '', *, *, #4559, .T. );
#2443 = ORIENTED_EDGE( '', *, *, #4560, .F. );
#2444 = CARTESIAN_POINT( '', ( 7.00000000000000, 0.000000000000000, 1.17500000000000 ) );
#2445 = DIRECTION( '', ( 0.000000000000000, -0.707106781186548, 0.707106781186547 ) );
#2446 = DIRECTION( '', ( 0.000000000000000, -0.707106781186547, -0.707106781186548 ) );
#2447 = SURFACE_STYLE_FILL_AREA( #4561 );
#2448 = ORIENTED_EDGE( '', *, *, #4562, .T. );
#2449 = ORIENTED_EDGE( '', *, *, #4515, .T. );
#2450 = ORIENTED_EDGE( '', *, *, #4563, .T. );
#2451 = ORIENTED_EDGE( '', *, *, #4564, .T. );
#2452 = ORIENTED_EDGE( '', *, *, #4565, .T. );
#2453 = ORIENTED_EDGE( '', *, *, #4566, .T. );
#2454 = ORIENTED_EDGE( '', *, *, #4567, .T. );
#2455 = ORIENTED_EDGE( '', *, *, #4568, .T. );
#2456 = ORIENTED_EDGE( '', *, *, #4467, .T. );
#2457 = ORIENTED_EDGE( '', *, *, #4569, .T. );
#2458 = ORIENTED_EDGE( '', *, *, #4570, .T. );
#2459 = ORIENTED_EDGE( '', *, *, #4422, .T. );
#2460 = ORIENTED_EDGE( '', *, *, #4571, .T. );
#2461 = ORIENTED_EDGE( '', *, *, #4572, .T. );
#2462 = ORIENTED_EDGE( '', *, *, #4573, .T. );
#2463 = ORIENTED_EDGE( '', *, *, #4574, .T. );
#2464 = ORIENTED_EDGE( '', *, *, #4575, .T. );
#2465 = ORIENTED_EDGE( '', *, *, #4576, .T. );
#2466 = ORIENTED_EDGE( '', *, *, #4496, .T. );
#2467 = ORIENTED_EDGE( '', *, *, #4491, .T. );
#2468 = ORIENTED_EDGE( '', *, *, #4577, .T. );
#2469 = ORIENTED_EDGE( '', *, *, #4578, .T. );
#2470 = ORIENTED_EDGE( '', *, *, #4579, .T. );
#2471 = ORIENTED_EDGE( '', *, *, #4543, .T. );
#2472 = ORIENTED_EDGE( '', *, *, #4580, .T. );
#2473 = ORIENTED_EDGE( '', *, *, #4581, .T. );
#2474 = ORIENTED_EDGE( '', *, *, #4582, .T. );
#2475 = ORIENTED_EDGE( '', *, *, #4583, .T. );
#2476 = ORIENTED_EDGE( '', *, *, #4584, .T. );
#2477 = ORIENTED_EDGE( '', *, *, #4585, .T. );
#2478 = ORIENTED_EDGE( '', *, *, #4586, .T. );
#2479 = ORIENTED_EDGE( '', *, *, #4587, .T. );
#2480 = ORIENTED_EDGE( '', *, *, #4588, .T. );
#2481 = ORIENTED_EDGE( '', *, *, #4589, .T. );
#2482 = ORIENTED_EDGE( '', *, *, #4590, .T. );
#2483 = ORIENTED_EDGE( '', *, *, #4552, .T. );
#2484 = ORIENTED_EDGE( '', *, *, #4591, .T. );
#2485 = ORIENTED_EDGE( '', *, *, #4534, .T. );
#2486 = ORIENTED_EDGE( '', *, *, #4592, .T. );
#2487 = ORIENTED_EDGE( '', *, *, #4593, .T. );
#2488 = ORIENTED_EDGE( '', *, *, #4510, .F. );
#2489 = ORIENTED_EDGE( '', *, *, #4594, .T. );
#2490 = ORIENTED_EDGE( '', *, *, #4595, .F. );
#2491 = ORIENTED_EDGE( '', *, *, #4596, .F. );
#2492 = ORIENTED_EDGE( '', *, *, #4597, .F. );
#2493 = ORIENTED_EDGE( '', *, *, #4598, .T. );
#2494 = ORIENTED_EDGE( '', *, *, #4599, .F. );
#2495 = ORIENTED_EDGE( '', *, *, #4600, .F. );
#2496 = ORIENTED_EDGE( '', *, *, #4601, .F. );
#2497 = ORIENTED_EDGE( '', *, *, #4602, .T. );
#2498 = ORIENTED_EDGE( '', *, *, #4603, .F. );
#2499 = ORIENTED_EDGE( '', *, *, #4604, .F. );
#2500 = ORIENTED_EDGE( '', *, *, #4605, .F. );
#2501 = ORIENTED_EDGE( '', *, *, #4606, .F. );
#2502 = ORIENTED_EDGE( '', *, *, #4428, .F. );
#2503 = ORIENTED_EDGE( '', *, *, #4607, .F. );
#2504 = ORIENTED_EDGE( '', *, *, #4608, .F. );
#2505 = ORIENTED_EDGE( '', *, *, #4609, .F. );
#2506 = ORIENTED_EDGE( '', *, *, #4610, .T. );
#2507 = ORIENTED_EDGE( '', *, *, #4611, .F. );
#2508 = ORIENTED_EDGE( '', *, *, #4612, .T. );
#2509 = ORIENTED_EDGE( '', *, *, #4613, .F. );
#2510 = ORIENTED_EDGE( '', *, *, #4614, .T. );
#2511 = ORIENTED_EDGE( '', *, *, #4615, .F. );
#2512 = ORIENTED_EDGE( '', *, *, #4616, .T. );
#2513 = ORIENTED_EDGE( '', *, *, #4617, .F. );
#2514 = ORIENTED_EDGE( '', *, *, #4618, .T. );
#2515 = ORIENTED_EDGE( '', *, *, #4619, .F. );
#2516 = ORIENTED_EDGE( '', *, *, #4620, .T. );
#2517 = ORIENTED_EDGE( '', *, *, #4621, .F. );
#2518 = ORIENTED_EDGE( '', *, *, #4622, .F. );
#2519 = ORIENTED_EDGE( '', *, *, #4623, .F. );
#2520 = ORIENTED_EDGE( '', *, *, #4451, .F. );
#2521 = ORIENTED_EDGE( '', *, *, #4624, .F. );
#2522 = ORIENTED_EDGE( '', *, *, #4625, .F. );
#2523 = ORIENTED_EDGE( '', *, *, #4626, .F. );
#2524 = ORIENTED_EDGE( '', *, *, #4627, .F. );
#2525 = ORIENTED_EDGE( '', *, *, #4549, .F. );
#2526 = ORIENTED_EDGE( '', *, *, #4628, .F. );
#2527 = ORIENTED_EDGE( '', *, *, #4629, .F. );
#2528 = CARTESIAN_POINT( '', ( 0.000000000000000, 0.250000000000000, 0.000000000000000 ) );
#2529 = DIRECTION( '', ( 0.000000000000000, 1.00000000000000, 0.000000000000000 ) );
#2530 = DIRECTION( '', ( 0.000000000000000, -0.000000000000000, 1.00000000000000 ) );
#2531 = SURFACE_STYLE_FILL_AREA( #4630 );
#2532 = ORIENTED_EDGE( '', *, *, #4631, .F. );
#2533 = ORIENTED_EDGE( '', *, *, #4632, .T. );
#2534 = ORIENTED_EDGE( '', *, *, #4633, .T. );
#2535 = ORIENTED_EDGE( '', *, *, #4634, .F. );
#2536 = ORIENTED_EDGE( '', *, *, #4564, .F. );
#2537 = ORIENTED_EDGE( '', *, *, #4635, .F. );
#2538 = ORIENTED_EDGE( '', *, *, #4636, .T. );
#2539 = ORIENTED_EDGE( '', *, *, #4637, .T. );
#2540 = CARTESIAN_POINT( '', ( -7.00000000000000, 4.80000000000000, 2.55000000000000 ) );
#2541 = DIRECTION( '', ( 0.000000000000000, 0.000000000000000, -1.00000000000000 ) );
#2542 = DIRECTION( '', ( -1.00000000000000, 0.000000000000000, 0.000000000000000 ) );
#2543 = SURFACE_STYLE_FILL_AREA( #4638 );
#2544 = ORIENTED_EDGE( '', *, *, #4639, .T. );
#2545 = ORIENTED_EDGE( '', *, *, #4640, .T. );
#2546 = ORIENTED_EDGE( '', *, *, #4641, .T. );
#2547 = ORIENTED_EDGE( '', *, *, #4642, .F. );
#2548 = CARTESIAN_POINT( '', ( 7.00000000000000, 3.65000000000000, -1.64500000000000 ) );
#2549 = DIRECTION( '', ( 0.000000000000000, 0.573462344363329, -0.819231920519040 ) );
#2550 = DIRECTION( '', ( 0.000000000000000, 0.819231920519040, 0.573462344363329 ) );
#2551 = SURFACE_STYLE_FILL_AREA( #4643 );
#2552 = ORIENTED_EDGE( '', *, *, #4644, .T. );
#2553 = ORIENTED_EDGE( '', *, *, #4645, .F. );
#2554 = ORIENTED_EDGE( '', *, *, #4464, .F. );
#2555 = ORIENTED_EDGE( '', *, *, #4646, .T. );
#2556 = CARTESIAN_POINT( '', ( 4.90000000000000, 4.80000000000000, 3.78700000000000 ) );
#2557 = DIRECTION( '', ( -0.876215908676647, -0.481918749772156, 0.000000000000000 ) );
#2558 = DIRECTION( '', ( 0.481918749772156, -0.876215908676647, 0.000000000000000 ) );
#2559 = SURFACE_STYLE_FILL_AREA( #4647 );
#2560 = ORIENTED_EDGE( '', *, *, #4648, .T. );
#2561 = ORIENTED_EDGE( '', *, *, #4649, .T. );
#2562 = ORIENTED_EDGE( '', *, *, #4650, .T. );
#2563 = ORIENTED_EDGE( '', *, *, #4651, .F. );
#2564 = CARTESIAN_POINT( '', ( 7.00000000000000, 3.25000000000000, 1.92500000000000 ) );
#2565 = DIRECTION( '', ( -0.000000000000000, 0.573462344363329, 0.819231920519040 ) );
#2566 = DIRECTION( '', ( 0.000000000000000, -0.819231920519040, 0.573462344363329 ) );
#2567 = SURFACE_STYLE_FILL_AREA( #4652 );
#2568 = ORIENTED_EDGE( '', *, *, #4653, .T. );
#2569 = ORIENTED_EDGE( '', *, *, #4654, .T. );
#2570 = ORIENTED_EDGE( '', *, *, #4655, .T. );
#2571 = ORIENTED_EDGE( '', *, *, #4656, .T. );
#2572 = CARTESIAN_POINT( '', ( 7.00000000000000, 0.400000000000000, -2.50000000000000 ) );
#2573 = DIRECTION( '', ( 0.000000000000000, -1.00000000000000, 0.000000000000000 ) );
#2574 = DIRECTION( '', ( 0.000000000000000, 0.000000000000000, -1.00000000000000 ) );
#2575 = SURFACE_STYLE_FILL_AREA( #4657 );
#2576 = ORIENTED_EDGE( '', *, *, #4658, .T. );
#2577 = ORIENTED_EDGE( '', *, *, #4659, .F. );
#2578 = ORIENTED_EDGE( '', *, *, #4660, .F. );
#2579 = ORIENTED_EDGE( '', *, *, #4661, .T. );
#2580 = CARTESIAN_POINT( '', ( -6.65000000000000, 1.25000000000000, -2.30000000000000 ) );
#2581 = DIRECTION( '', ( 0.000000000000000, 0.000000000000000, 1.00000000000000 ) );
#2582 = DIRECTION( '', ( 1.00000000000000, 0.000000000000000, -0.000000000000000 ) );
#2583 = SURFACE_STYLE_FILL_AREA( #4662 );
#2584 = ORIENTED_EDGE( '', *, *, #4562, .F. );
#2585 = ORIENTED_EDGE( '', *, *, #4425, .F. );
#2586 = ORIENTED_EDGE( '', *, *, #4663, .T. );
#2587 = ORIENTED_EDGE( '', *, *, #4516, .T. );
#2588 = CARTESIAN_POINT( '', ( -7.20000000000000, 4.80000000000000, -0.300000000000000 ) );
#2589 = DIRECTION( '', ( 1.00000000000000, 0.000000000000000, 0.000000000000000 ) );
#2590 = DIRECTION( '', ( 0.000000000000000, 0.000000000000000, -1.00000000000000 ) );
#2591 = SURFACE_STYLE_FILL_AREA( #4664 );
#2592 = ORIENTED_EDGE( '', *, *, #4589, .F. );
#2593 = ORIENTED_EDGE( '', *, *, #4665, .F. );
#2594 = ORIENTED_EDGE( '', *, *, #4666, .T. );
#2595 = ORIENTED_EDGE( '', *, *, #4667, .T. );
#2596 = CARTESIAN_POINT( '', ( 0.800000000000000, 4.80000000000000, -1.50000000000000 ) );
#2597 = DIRECTION( '', ( 1.00000000000000, 0.000000000000000, 0.000000000000000 ) );
#2598 = DIRECTION( '', ( 0.000000000000000, 0.000000000000000, -1.00000000000000 ) );
#2599 = SURFACE_STYLE_FILL_AREA( #4668 );
#2600 = ORIENTED_EDGE( '', *, *, #4669, .T. );
#2601 = ORIENTED_EDGE( '', *, *, #4670, .T. );
#2602 = ORIENTED_EDGE( '', *, *, #4671, .T. );
#2603 = ORIENTED_EDGE( '', *, *, #4672, .T. );
#2604 = CARTESIAN_POINT( '', ( 7.00000000000000, 0.400000000000000, -2.50000000000000 ) );
#2605 = DIRECTION( '', ( 0.000000000000000, -1.00000000000000, 0.000000000000000 ) );
#2606 = DIRECTION( '', ( 0.000000000000000, 0.000000000000000, -1.00000000000000 ) );
#2607 = SURFACE_STYLE_FILL_AREA( #4673 );
#2608 = ORIENTED_EDGE( '', *, *, #4674, .T. );
#2609 = ORIENTED_EDGE( '', *, *, #4675, .F. );
#2610 = ORIENTED_EDGE( '', *, *, #4676, .F. );
#2611 = ORIENTED_EDGE( '', *, *, #4614, .F. );
#2612 = CARTESIAN_POINT( '', ( 0.350000000000000, -1.25000000000000, 3.30000000000000 ) );
#2613 = DIRECTION( '', ( 1.00000000000000, 0.000000000000000, 0.000000000000000 ) );
#2614 = DIRECTION( '', ( 0.000000000000000, 0.000000000000000, -1.00000000000000 ) );
#2615 = SURFACE_STYLE_FILL_AREA( #4677 );
#2616 = ORIENTED_EDGE( '', *, *, #4678, .T. );
#2617 = ORIENTED_EDGE( '', *, *, #4489, .F. );
#2618 = ORIENTED_EDGE( '', *, *, #4679, .F. );
#2619 = ORIENTED_EDGE( '', *, *, #4680, .T. );
#2620 = CARTESIAN_POINT( '', ( -6.72500000000000, -0.510303946705714, 0.0200000000000000 ) );
#2621 = DIRECTION( '', ( 0.000000000000000, 0.000000000000000, -1.00000000000000 ) );
#2622 = DIRECTION( '', ( -1.00000000000000, 0.000000000000000, 0.000000000000000 ) );
#2623 = SURFACE_STYLE_FILL_AREA( #4681 );
#2624 = ORIENTED_EDGE( '', *, *, #4682, .T. );
#2625 = ORIENTED_EDGE( '', *, *, #4475, .F. );
#2626 = ORIENTED_EDGE( '', *, *, #4683, .F. );
#2627 = ORIENTED_EDGE( '', *, *, #4684, .T. );
#2628 = CARTESIAN_POINT( '', ( 6.97500000000000, -0.0896960532942856, 0.880000000000000 ) );
#2629 = DIRECTION( '', ( 0.000000000000000, 0.000000000000000, 1.00000000000000 ) );
#2630 = DIRECTION( '', ( 1.00000000000000, 0.000000000000000, -0.000000000000000 ) );
#2631 = SURFACE_STYLE_FILL_AREA( #4685 );
#2632 = ORIENTED_EDGE( '', *, *, #4686, .T. );
#2633 = ORIENTED_EDGE( '', *, *, #4687, .T. );
#2634 = ORIENTED_EDGE( '', *, *, #4688, .T. );
#2635 = ORIENTED_EDGE( '', *, *, #4689, .F. );
#2636 = CARTESIAN_POINT( '', ( 7.00000000000000, 3.65000000000000, -1.64500000000000 ) );
#2637 = DIRECTION( '', ( 0.000000000000000, 0.573462344363329, -0.819231920519040 ) );
#2638 = DIRECTION( '', ( 0.000000000000000, 0.819231920519040, 0.573462344363329 ) );
#2639 = SURFACE_STYLE_FILL_AREA( #4690 );
#2640 = ORIENTED_EDGE( '', *, *, #4691, .T. );
#2641 = ORIENTED_EDGE( '', *, *, #4692, .F. );
#2642 = ORIENTED_EDGE( '', *, *, #4693, .F. );
#2643 = ORIENTED_EDGE( '', *, *, #4694, .T. );
#2644 = CARTESIAN_POINT( '', ( -6.72500000000000, -0.0896960532942856, -0.620000000000000 ) );
#2645 = DIRECTION( '', ( 0.000000000000000, 0.000000000000000, 1.00000000000000 ) );
#2646 = DIRECTION( '', ( 1.00000000000000, 0.000000000000000, -0.000000000000000 ) );
#2647 = SURFACE_STYLE_FILL_AREA( #4695 );
#2648 = ORIENTED_EDGE( '', *, *, #4696, .T. );
#2649 = ORIENTED_EDGE( '', *, *, #4697, .F. );
#2650 = ORIENTED_EDGE( '', *, *, #4698, .F. );
#2651 = ORIENTED_EDGE( '', *, *, #4699, .T. );
#2652 = CARTESIAN_POINT( '', ( -6.72500000000000, -1.40000000000000, 1.77000000000000 ) );
#2653 = DIRECTION( '', ( -0.000000000000000, 1.00000000000000, 0.000000000000000 ) );
#2654 = DIRECTION( '', ( 0.000000000000000, -0.000000000000000, 1.00000000000000 ) );
#2655 = SURFACE_STYLE_FILL_AREA( #4700 );
#2656 = ORIENTED_EDGE( '', *, *, #4576, .F. );
#2657 = ORIENTED_EDGE( '', *, *, #4701, .F. );
#2658 = ORIENTED_EDGE( '', *, *, #4702, .T. );
#2659 = ORIENTED_EDGE( '', *, *, #4497, .T. );
#2660 = CARTESIAN_POINT( '', ( 7.00000000000000, 4.80000000000000, 1.20000000000000 ) );
#2661 = DIRECTION( '', ( 0.000000000000000, 0.000000000000000, -1.00000000000000 ) );
#2662 = DIRECTION( '', ( -1.00000000000000, 0.000000000000000, 0.000000000000000 ) );
#2663 = SURFACE_STYLE_FILL_AREA( #4703 );
#2664 = ORIENTED_EDGE( '', *, *, #4704, .T. );
#2665 = ORIENTED_EDGE( '', *, *, #4705, .F. );
#2666 = ORIENTED_EDGE( '', *, *, #4706, .F. );
#2667 = ORIENTED_EDGE( '', *, *, #4707, .T. );
#2668 = CARTESIAN_POINT( '', ( -6.72500000000000, 4.62700000000000, 1.55000000000000 ) );
#2669 = DIRECTION( '', ( 0.000000000000000, 0.000000000000000, 1.00000000000000 ) );
#2670 = DIRECTION( '', ( 1.00000000000000, 0.000000000000000, -0.000000000000000 ) );
#2671 = SURFACE_STYLE_FILL_AREA( #4708 );
#2672 = ORIENTED_EDGE( '', *, *, #4709, .F. );
#2673 = ORIENTED_EDGE( '', *, *, #4710, .F. );
#2674 = ORIENTED_EDGE( '', *, *, #4711, .F. );
#2675 = ORIENTED_EDGE( '', *, *, #4458, .F. );
#2676 = ORIENTED_EDGE( '', *, *, #4712, .F. );
#2677 = ORIENTED_EDGE( '', *, *, #4713, .F. );
#2678 = ORIENTED_EDGE( '', *, *, #4714, .F. );
#2679 = ORIENTED_EDGE( '', *, *, #4715, .T. );
#2680 = ORIENTED_EDGE( '', *, *, #4716, .F. );
#2681 = ORIENTED_EDGE( '', *, *, #4717, .T. );
#2682 = CARTESIAN_POINT( '', ( -0.175000000000000, 3.65000000000000, 1.92500000000000 ) );
#2683 = DIRECTION( '', ( 1.00000000000000, 0.000000000000000, -0.000000000000000 ) );
#2684 = DIRECTION( '', ( -0.000000000000000, 0.000000000000000, -1.00000000000000 ) );
#2685 = SURFACE_STYLE_FILL_AREA( #4718 );
#2686 = ORIENTED_EDGE( '', *, *, #4714, .T. );
#2687 = ORIENTED_EDGE( '', *, *, #4719, .F. );
#2688 = ORIENTED_EDGE( '', *, *, #4720, .T. );
#2689 = ORIENTED_EDGE( '', *, *, #4721, .T. );
#2690 = CARTESIAN_POINT( '', ( 7.00000000000000, 3.25000000000000, 1.92500000000000 ) );
#2691 = DIRECTION( '', ( -0.000000000000000, 0.573462344363329, 0.819231920519040 ) );
#2692 = DIRECTION( '', ( 0.000000000000000, -0.819231920519040, 0.573462344363329 ) );
#2693 = SURFACE_STYLE_FILL_AREA( #4722 );
#2694 = ORIENTED_EDGE( '', *, *, #4571, .F. );
#2695 = ORIENTED_EDGE( '', *, *, #4546, .F. );
#2696 = ORIENTED_EDGE( '', *, *, #4723, .T. );
#2697 = ORIENTED_EDGE( '', *, *, #4724, .T. );
#2698 = CARTESIAN_POINT( '', ( 6.50000000000000, 4.80000000000000, -0.800000000000000 ) );
#2699 = DIRECTION( '', ( 1.00000000000000, 0.000000000000000, 0.000000000000000 ) );
#2700 = DIRECTION( '', ( 0.000000000000000, 0.000000000000000, -1.00000000000000 ) );
#2701 = SURFACE_STYLE_FILL_AREA( #4725 );
#2702 = ORIENTED_EDGE( '', *, *, #4726, .T. );
#2703 = ORIENTED_EDGE( '', *, *, #4727, .F. );
#2704 = ORIENTED_EDGE( '', *, *, #4728, .F. );
#2705 = ORIENTED_EDGE( '', *, *, #4530, .T. );
#2706 = CARTESIAN_POINT( '', ( -4.15000000000000, 0.700000000000000, 3.20000000000000 ) );
#2707 = DIRECTION( '', ( 1.00000000000000, -0.000000000000000, 0.000000000000000 ) );
#2708 = DIRECTION( '', ( 0.000000000000000, 0.000000000000000, -1.00000000000000 ) );
#2709 = SURFACE_STYLE_FILL_AREA( #4729 );
#2710 = ORIENTED_EDGE( '', *, *, #4730, .F. );
#2711 = ORIENTED_EDGE( '', *, *, #4731, .F. );
#2712 = ORIENTED_EDGE( '', *, *, #4608, .T. );
#2713 = ORIENTED_EDGE( '', *, *, #4732, .T. );
#2714 = CARTESIAN_POINT( '', ( 6.45000000000000, 0.250000000000000, 3.80000000000000 ) );
#2715 = DIRECTION( '', ( -1.00000000000000, 0.000000000000000, 0.000000000000000 ) );
#2716 = DIRECTION( '', ( 0.000000000000000, 0.000000000000000, 1.00000000000000 ) );
#2717 = SURFACE_STYLE_FILL_AREA( #4733 );
#2718 = ORIENTED_EDGE( '', *, *, #4734, .F. );
#2719 = ORIENTED_EDGE( '', *, *, #4735, .T. );
#2720 = ORIENTED_EDGE( '', *, *, #4736, .T. );
#2721 = ORIENTED_EDGE( '', *, *, #4737, .F. );
#2722 = CARTESIAN_POINT( '', ( 7.00000000000000, 0.000000000000000, -1.17500000000000 ) );
#2723 = DIRECTION( '', ( 0.000000000000000, -1.00000000000000, 0.000000000000000 ) );
#2724 = DIRECTION( '', ( 0.000000000000000, 0.000000000000000, -1.00000000000000 ) );
#2725 = SURFACE_STYLE_FILL_AREA( #4738 );
#2726 = ORIENTED_EDGE( '', *, *, #4739, .F. );
#2727 = ORIENTED_EDGE( '', *, *, #4732, .F. );
#2728 = ORIENTED_EDGE( '', *, *, #4607, .T. );
#2729 = ORIENTED_EDGE( '', *, *, #4427, .T. );
#2730 = CARTESIAN_POINT( '', ( 6.45000000000000, 0.250000000000000, 2.70000000000000 ) );
#2731 = DIRECTION( '', ( 0.000000000000000, 0.000000000000000, -1.00000000000000 ) );
#2732 = DIRECTION( '', ( -1.00000000000000, 0.000000000000000, 0.000000000000000 ) );
#2733 = SURFACE_STYLE_FILL_AREA( #4740 );
#2734 = ORIENTED_EDGE( '', *, *, #4741, .T. );
#2735 = ORIENTED_EDGE( '', *, *, #4742, .T. );
#2736 = ORIENTED_EDGE( '', *, *, #4743, .T. );
#2737 = ORIENTED_EDGE( '', *, *, #4744, .F. );
#2738 = CARTESIAN_POINT( '', ( 7.00000000000000, 3.25000000000000, 1.92500000000000 ) );
#2739 = DIRECTION( '', ( -0.000000000000000, 0.573462344363329, 0.819231920519040 ) );
#2740 = DIRECTION( '', ( 0.000000000000000, -0.819231920519040, 0.573462344363329 ) );
#2741 = SURFACE_STYLE_FILL_AREA( #4745 );
#2742 = ORIENTED_EDGE( '', *, *, #4746, .F. );
#2743 = ORIENTED_EDGE( '', *, *, #4747, .T. );
#2744 = ORIENTED_EDGE( '', *, *, #4748, .F. );
#2745 = ORIENTED_EDGE( '', *, *, #4749, .T. );
#2746 = CARTESIAN_POINT( '', ( 0.000000000000000, 0.000000000000000, -1.60000000000000 ) );
#2747 = DIRECTION( '', ( 0.000000000000000, 0.000000000000000, 1.00000000000000 ) );
#2748 = DIRECTION( '', ( 1.00000000000000, 0.000000000000000, -0.000000000000000 ) );
#2749 = SURFACE_STYLE_FILL_AREA( #4750 );
#2750 = ORIENTED_EDGE( '', *, *, #4584, .F. );
#2751 = ORIENTED_EDGE( '', *, *, #4751, .F. );
#2752 = ORIENTED_EDGE( '', *, *, #4752, .T. );
#2753 = ORIENTED_EDGE( '', *, *, #4753, .T. );
#2754 = CARTESIAN_POINT( '', ( -0.800000000000000, 4.80000000000000, -1.50000000000000 ) );
#2755 = DIRECTION( '', ( 0.000000000000000, -0.000000000000000, 1.00000000000000 ) );
#2756 = DIRECTION( '', ( 1.00000000000000, 0.000000000000000, -0.000000000000000 ) );
#2757 = SURFACE_STYLE_FILL_AREA( #4754 );
#2758 = ORIENTED_EDGE( '', *, *, #4755, .T. );
#2759 = ORIENTED_EDGE( '', *, *, #4444, .F. );
#2760 = ORIENTED_EDGE( '', *, *, #4756, .F. );
#2761 = ORIENTED_EDGE( '', *, *, #4757, .T. );
#2762 = CARTESIAN_POINT( '', ( 6.97500000000000, 4.72700000000000, -1.45000000000000 ) );
#2763 = DIRECTION( '', ( 0.000000000000000, -1.00000000000000, 0.000000000000000 ) );
#2764 = DIRECTION( '', ( 0.000000000000000, 0.000000000000000, -1.00000000000000 ) );
#2765 = SURFACE_STYLE_FILL_AREA( #4758 );
#2766 = ORIENTED_EDGE( '', *, *, #4759, .F. );
#2767 = ORIENTED_EDGE( '', *, *, #4760, .F. );
#2768 = ORIENTED_EDGE( '', *, *, #4761, .F. );
#2769 = ORIENTED_EDGE( '', *, *, #4704, .F. );
#2770 = ORIENTED_EDGE( '', *, *, #4762, .F. );
#2771 = ORIENTED_EDGE( '', *, *, #4763, .F. );
#2772 = ORIENTED_EDGE( '', *, *, #4764, .F. );
#2773 = ORIENTED_EDGE( '', *, *, #4765, .F. );
#2774 = ORIENTED_EDGE( '', *, *, #4766, .F. );
#2775 = ORIENTED_EDGE( '', *, *, #4767, .F. );
#2776 = ORIENTED_EDGE( '', *, *, #4768, .F. );
#2777 = ORIENTED_EDGE( '', *, *, #4691, .F. );
#2778 = ORIENTED_EDGE( '', *, *, #4769, .T. );
#2779 = ORIENTED_EDGE( '', *, *, #4770, .F. );
#2780 = ORIENTED_EDGE( '', *, *, #4771, .F. );
#2781 = ORIENTED_EDGE( '', *, *, #4412, .F. );
#2782 = ORIENTED_EDGE( '', *, *, #4487, .F. );
#2783 = ORIENTED_EDGE( '', *, *, #4678, .F. );
#2784 = ORIENTED_EDGE( '', *, *, #4772, .T. );
#2785 = ORIENTED_EDGE( '', *, *, #4773, .F. );
#2786 = ORIENTED_EDGE( '', *, *, #4774, .F. );
#2787 = ORIENTED_EDGE( '', *, *, #4775, .F. );
#2788 = ORIENTED_EDGE( '', *, *, #4776, .T. );
#2789 = ORIENTED_EDGE( '', *, *, #4417, .F. );
#2790 = ORIENTED_EDGE( '', *, *, #4777, .F. );
#2791 = ORIENTED_EDGE( '', *, *, #4696, .F. );
#2792 = ORIENTED_EDGE( '', *, *, #4778, .F. );
#2793 = ORIENTED_EDGE( '', *, *, #4477, .F. );
#2794 = ORIENTED_EDGE( '', *, *, #4779, .T. );
#2795 = ORIENTED_EDGE( '', *, *, #4780, .F. );
#2796 = ORIENTED_EDGE( '', *, *, #4781, .F. );
#2797 = ORIENTED_EDGE( '', *, *, #4633, .F. );
#2798 = CARTESIAN_POINT( '', ( -6.97500000000000, -0.300000000000000, 2.33650000000000 ) );
#2799 = DIRECTION( '', ( 1.00000000000000, 0.000000000000000, 0.000000000000000 ) );
#2800 = DIRECTION( '', ( 0.000000000000000, 0.000000000000000, -1.00000000000000 ) );
#2801 = SURFACE_STYLE_FILL_AREA( #4782 );
#2802 = ORIENTED_EDGE( '', *, *, #4730, .T. );
#2803 = ORIENTED_EDGE( '', *, *, #4739, .T. );
#2804 = ORIENTED_EDGE( '', *, *, #4434, .F. );
#2805 = ORIENTED_EDGE( '', *, *, #4783, .F. );
#2806 = ORIENTED_EDGE( '', *, *, #4784, .F. );
#2807 = CARTESIAN_POINT( '', ( 0.000000000000000, 0.000000000000000, -0.000000000000000 ) );
#2808 = DIRECTION( '', ( 0.000000000000000, 1.00000000000000, -0.000000000000000 ) );
#2809 = DIRECTION( '', ( 0.000000000000000, 0.000000000000000, 1.00000000000000 ) );
#2810 = SURFACE_STYLE_FILL_AREA( #4785 );
#2811 = ORIENTED_EDGE( '', *, *, #4786, .T. );
#2812 = ORIENTED_EDGE( '', *, *, #4787, .F. );
#2813 = ORIENTED_EDGE( '', *, *, #4788, .F. );
#2814 = ORIENTED_EDGE( '', *, *, #4526, .T. );
#2815 = CARTESIAN_POINT( '', ( 5.95000000000000, 1.25000000000000, 3.20000000000000 ) );
#2816 = DIRECTION( '', ( 1.00000000000000, -0.000000000000000, 0.000000000000000 ) );
#2817 = DIRECTION( '', ( 0.000000000000000, 0.000000000000000, -1.00000000000000 ) );
#2818 = SURFACE_STYLE_FILL_AREA( #4789 );
#2819 = ORIENTED_EDGE( '', *, *, #4790, .T. );
#2820 = ORIENTED_EDGE( '', *, *, #4791, .T. );
#2821 = ORIENTED_EDGE( '', *, *, #4527, .T. );
#2822 = ORIENTED_EDGE( '', *, *, #4788, .T. );
#2823 = ORIENTED_EDGE( '', *, *, #4792, .T. );
#2824 = ORIENTED_EDGE( '', *, *, #4793, .T. );
#2825 = CARTESIAN_POINT( '', ( 0.000000000000000, 0.700000000000000, -0.000000000000000 ) );
#2826 = DIRECTION( '', ( 0.000000000000000, 1.00000000000000, -0.000000000000000 ) );
#2827 = DIRECTION( '', ( 0.000000000000000, 0.000000000000000, 1.00000000000000 ) );
#2828 = SURFACE_STYLE_FILL_AREA( #4794 );
#2829 = ORIENTED_EDGE( '', *, *, #4595, .T. );
#2830 = ORIENTED_EDGE( '', *, *, #4795, .T. );
#2831 = ORIENTED_EDGE( '', *, *, #4796, .T. );
#2832 = ORIENTED_EDGE( '', *, *, #4797, .F. );
#2833 = CARTESIAN_POINT( '', ( -1.65000000000000, -1.25000000000000, -3.30000000000000 ) );
#2834 = DIRECTION( '', ( -1.00000000000000, 0.000000000000000, 0.000000000000000 ) );
#2835 = DIRECTION( '', ( 0.000000000000000, 0.000000000000000, 1.00000000000000 ) );
#2836 = SURFACE_STYLE_FILL_AREA( #4798 );
#2837 = ORIENTED_EDGE( '', *, *, #4799, .T. );
#2838 = ORIENTED_EDGE( '', *, *, #4800, .T. );
#2839 = ORIENTED_EDGE( '', *, *, #4801, .T. );
#2840 = ORIENTED_EDGE( '', *, *, #4735, .F. );
#2841 = CARTESIAN_POINT( '', ( 7.00000000000000, 0.000000000000000, 1.17500000000000 ) );
#2842 = DIRECTION( '', ( 0.000000000000000, -0.707106781186548, 0.707106781186547 ) );
#2843 = DIRECTION( '', ( 0.000000000000000, -0.707106781186547, -0.707106781186548 ) );
#2844 = SURFACE_STYLE_FILL_AREA( #4802 );
#2845 = ORIENTED_EDGE( '', *, *, #4803, .T. );
#2846 = ORIENTED_EDGE( '', *, *, #4528, .F. );
#2847 = ORIENTED_EDGE( '', *, *, #4791, .F. );
#2848 = ORIENTED_EDGE( '', *, *, #4804, .T. );
#2849 = CARTESIAN_POINT( '', ( 4.15000000000000, 0.700000000000000, -3.20000000000000 ) );
#2850 = DIRECTION( '', ( -1.00000000000000, 0.000000000000000, 0.000000000000000 ) );
#2851 = DIRECTION( '', ( 0.000000000000000, 0.000000000000000, 1.00000000000000 ) );
#2852 = SURFACE_STYLE_FILL_AREA( #4805 );
#2853 = ORIENTED_EDGE( '', *, *, #4765, .T. );
#2854 = ORIENTED_EDGE( '', *, *, #4806, .F. );
#2855 = ORIENTED_EDGE( '', *, *, #4807, .F. );
#2856 = ORIENTED_EDGE( '', *, *, #4808, .T. );
#2857 = CARTESIAN_POINT( '', ( -6.72500000000000, 4.62700000000000, -0.950000000000000 ) );
#2858 = DIRECTION( '', ( 0.000000000000000, 0.000000000000000, 1.00000000000000 ) );
#2859 = DIRECTION( '', ( 1.00000000000000, 0.000000000000000, -0.000000000000000 ) );
#2860 = SURFACE_STYLE_FILL_AREA( #4809 );
#2861 = ORIENTED_EDGE( '', *, *, #4810, .T. );
#2862 = ORIENTED_EDGE( '', *, *, #4811, .T. );
#2863 = ORIENTED_EDGE( '', *, *, #4812, .F. );
#2864 = ORIENTED_EDGE( '', *, *, #4813, .T. );
#2865 = CARTESIAN_POINT( '', ( 0.000000000000000, 0.450000000000000, -1.60000000000000 ) );
#2866 = DIRECTION( '', ( 0.000000000000000, 1.00000000000000, 0.000000000000000 ) );
#2867 = DIRECTION( '', ( 0.000000000000000, -0.000000000000000, 1.00000000000000 ) );
#2868 = SURFACE_STYLE_FILL_AREA( #4814 );
#2869 = ORIENTED_EDGE( '', *, *, #4815, .T. );
#2870 = ORIENTED_EDGE( '', *, *, #4660, .T. );
#2871 = ORIENTED_EDGE( '', *, *, #4816, .T. );
#2872 = ORIENTED_EDGE( '', *, *, #4531, .T. );
#2873 = ORIENTED_EDGE( '', *, *, #4728, .T. );
#2874 = ORIENTED_EDGE( '', *, *, #4817, .T. );
#2875 = CARTESIAN_POINT( '', ( 0.000000000000000, 0.700000000000000, 0.000000000000000 ) );
#2876 = DIRECTION( '', ( 0.000000000000000, 1.00000000000000, 0.000000000000000 ) );
#2877 = DIRECTION( '', ( 0.000000000000000, -0.000000000000000, 1.00000000000000 ) );
#2878 = SURFACE_STYLE_FILL_AREA( #4818 );
#2879 = ORIENTED_EDGE( '', *, *, #4565, .F. );
#2880 = ORIENTED_EDGE( '', *, *, #4637, .F. );
#2881 = ORIENTED_EDGE( '', *, *, #4819, .T. );
#2882 = ORIENTED_EDGE( '', *, *, #4820, .T. );
#2883 = CARTESIAN_POINT( '', ( -6.70000000000000, 4.80000000000000, 2.55000000000000 ) );
#2884 = DIRECTION( '', ( -1.00000000000000, 0.000000000000000, 0.000000000000000 ) );
#2885 = DIRECTION( '', ( 0.000000000000000, 0.000000000000000, 1.00000000000000 ) );
#2886 = SURFACE_STYLE_FILL_AREA( #4821 );
#2887 = ORIENTED_EDGE( '', *, *, #4592, .F. );
#2888 = ORIENTED_EDGE( '', *, *, #4537, .F. );
#2889 = ORIENTED_EDGE( '', *, *, #4822, .T. );
#2890 = ORIENTED_EDGE( '', *, *, #4823, .T. );
#2891 = CARTESIAN_POINT( '', ( 2.80000000000000, 4.80000000000000, 1.50000000000000 ) );
#2892 = DIRECTION( '', ( 0.000000000000000, 0.000000000000000, -1.00000000000000 ) );
#2893 = DIRECTION( '', ( -1.00000000000000, 0.000000000000000, 0.000000000000000 ) );
#2894 = SURFACE_STYLE_FILL_AREA( #4824 );
#2895 = ORIENTED_EDGE( '', *, *, #4825, .F. );
#2896 = ORIENTED_EDGE( '', *, *, #4826, .F. );
#2897 = ORIENTED_EDGE( '', *, *, #4827, .T. );
#2898 = ORIENTED_EDGE( '', *, *, #4828, .T. );
#2899 = CARTESIAN_POINT( '', ( 2.35000000000000, 0.750000000000000, -3.30000000000000 ) );
#2900 = DIRECTION( '', ( 0.000000000000000, -1.00000000000000, 0.000000000000000 ) );
#2901 = DIRECTION( '', ( 0.000000000000000, 0.000000000000000, -1.00000000000000 ) );
#2902 = SURFACE_STYLE_FILL_AREA( #4829 );
#2903 = ORIENTED_EDGE( '', *, *, #4830, .T. );
#2904 = ORIENTED_EDGE( '', *, *, #4831, .F. );
#2905 = ORIENTED_EDGE( '', *, *, #4832, .F. );
#2906 = ORIENTED_EDGE( '', *, *, #4442, .T. );
#2907 = CARTESIAN_POINT( '', ( 6.97500000000000, 4.62700000000000, -0.650000000000000 ) );
#2908 = DIRECTION( '', ( 0.000000000000000, -1.00000000000000, 0.000000000000000 ) );
#2909 = DIRECTION( '', ( 0.000000000000000, 0.000000000000000, -1.00000000000000 ) );
#2910 = SURFACE_STYLE_FILL_AREA( #4833 );
#2911 = ORIENTED_EDGE( '', *, *, #4778, .T. );
#2912 = ORIENTED_EDGE( '', *, *, #4699, .F. );
#2913 = ORIENTED_EDGE( '', *, *, #4834, .F. );
#2914 = ORIENTED_EDGE( '', *, *, #4478, .T. );
#2915 = CARTESIAN_POINT( '', ( -6.72500000000000, -1.15000000000000, 2.02000000000000 ) );
#2916 = DIRECTION( '', ( 0.000000000000000, 0.707106781186548, -0.707106781186548 ) );
#2917 = DIRECTION( '', ( 0.000000000000000, 0.707106781186547, 0.707106781186547 ) );
#2918 = SURFACE_STYLE_FILL_AREA( #4835 );
#2919 = ORIENTED_EDGE( '', *, *, #4836, .F. );
#2920 = ORIENTED_EDGE( '', *, *, #4837, .F. );
#2921 = ORIENTED_EDGE( '', *, *, #4838, .F. );
#2922 = ORIENTED_EDGE( '', *, *, #4598, .F. );
#2923 = CARTESIAN_POINT( '', ( 0.000000000000000, 0.000000000000000, -3.30000000000000 ) );
#2924 = DIRECTION( '', ( -0.000000000000000, 0.000000000000000, 1.00000000000000 ) );
#2925 = DIRECTION( '', ( 1.00000000000000, 0.000000000000000, 0.000000000000000 ) );
#2926 = SURFACE_STYLE_FILL_AREA( #4839 );
#2927 = ORIENTED_EDGE( '', *, *, #4840, .F. );
#2928 = ORIENTED_EDGE( '', *, *, #4841, .T. );
#2929 = ORIENTED_EDGE( '', *, *, #4810, .F. );
#2930 = ORIENTED_EDGE( '', *, *, #4842, .T. );
#2931 = CARTESIAN_POINT( '', ( -0.000000000000000, -0.000000000000000, -1.70000000000000 ) );
#2932 = DIRECTION( '', ( 0.000000000000000, 0.000000000000000, 1.00000000000000 ) );
#2933 = DIRECTION( '', ( 1.00000000000000, 0.000000000000000, -0.000000000000000 ) );
#2934 = SURFACE_STYLE_FILL_AREA( #4843 );
#2935 = ORIENTED_EDGE( '', *, *, #4646, .F. );
#2936 = ORIENTED_EDGE( '', *, *, #4463, .F. );
#2937 = ORIENTED_EDGE( '', *, *, #4844, .T. );
#2938 = ORIENTED_EDGE( '', *, *, #4845, .T. );
#2939 = ORIENTED_EDGE( '', *, *, #4846, .T. );
#2940 = ORIENTED_EDGE( '', *, *, #4432, .T. );
#2941 = ORIENTED_EDGE( '', *, *, #4847, .T. );
#2942 = ORIENTED_EDGE( '', *, *, #4848, .T. );
#2943 = ORIENTED_EDGE( '', *, *, #4849, .T. );
#2944 = ORIENTED_EDGE( '', *, *, #4850, .T. );
#2945 = ORIENTED_EDGE( '', *, *, #4851, .T. );
#2946 = ORIENTED_EDGE( '', *, *, #4449, .T. );
#2947 = ORIENTED_EDGE( '', *, *, #4852, .T. );
#2948 = ORIENTED_EDGE( '', *, *, #4853, .F. );
#2949 = ORIENTED_EDGE( '', *, *, #4854, .F. );
#2950 = ORIENTED_EDGE( '', *, *, #4855, .F. );
#2951 = ORIENTED_EDGE( '', *, *, #4856, .F. );
#2952 = ORIENTED_EDGE( '', *, *, #4786, .F. );
#2953 = ORIENTED_EDGE( '', *, *, #4525, .F. );
#2954 = ORIENTED_EDGE( '', *, *, #4857, .F. );
#2955 = ORIENTED_EDGE( '', *, *, #4658, .F. );
#2956 = ORIENTED_EDGE( '', *, *, #4663, .F. );
#2957 = ORIENTED_EDGE( '', *, *, #4424, .F. );
#2958 = ORIENTED_EDGE( '', *, *, #4858, .F. );
#2959 = ORIENTED_EDGE( '', *, *, #4859, .F. );
#2960 = ORIENTED_EDGE( '', *, *, #4469, .F. );
#2961 = ORIENTED_EDGE( '', *, *, #4860, .F. );
#2962 = ORIENTED_EDGE( '', *, *, #4861, .F. );
#2963 = ORIENTED_EDGE( '', *, *, #4862, .F. );
#2964 = ORIENTED_EDGE( '', *, *, #4819, .F. );
#2965 = ORIENTED_EDGE( '', *, *, #4636, .F. );
#2966 = ORIENTED_EDGE( '', *, *, #4863, .F. );
#2967 = ORIENTED_EDGE( '', *, *, #4517, .F. );
#2968 = ORIENTED_EDGE( '', *, *, #4723, .F. );
#2969 = ORIENTED_EDGE( '', *, *, #4545, .F. );
#2970 = ORIENTED_EDGE( '', *, *, #4864, .F. );
#2971 = ORIENTED_EDGE( '', *, *, #4865, .F. );
#2972 = ORIENTED_EDGE( '', *, *, #4866, .F. );
#2973 = ORIENTED_EDGE( '', *, *, #4493, .F. );
#2974 = ORIENTED_EDGE( '', *, *, #4498, .F. );
#2975 = ORIENTED_EDGE( '', *, *, #4702, .F. );
#2976 = ORIENTED_EDGE( '', *, *, #4867, .F. );
#2977 = ORIENTED_EDGE( '', *, *, #4868, .F. );
#2978 = ORIENTED_EDGE( '', *, *, #4869, .F. );
#2979 = ORIENTED_EDGE( '', *, *, #4870, .F. );
#2980 = CARTESIAN_POINT( '', ( 0.000000000000000, 4.80000000000000, 0.000000000000000 ) );
#2981 = DIRECTION( '', ( 0.000000000000000, 1.00000000000000, -0.000000000000000 ) );
#2982 = DIRECTION( '', ( 0.000000000000000, 0.000000000000000, 1.00000000000000 ) );
#2983 = SURFACE_STYLE_FILL_AREA( #4871 );
#2984 = ORIENTED_EDGE( '', *, *, #4872, .F. );
#2985 = ORIENTED_EDGE( '', *, *, #4482, .F. );
#2986 = ORIENTED_EDGE( '', *, *, #4873, .F. );
#2987 = ORIENTED_EDGE( '', *, *, #4874, .F. );
#2988 = ORIENTED_EDGE( '', *, *, #4830, .F. );
#2989 = ORIENTED_EDGE( '', *, *, #4441, .F. );
#2990 = ORIENTED_EDGE( '', *, *, #4755, .F. );
#2991 = ORIENTED_EDGE( '', *, *, #4875, .F. );
#2992 = ORIENTED_EDGE( '', *, *, #4876, .F. );
#2993 = ORIENTED_EDGE( '', *, *, #4877, .F. );
#2994 = ORIENTED_EDGE( '', *, *, #4878, .F. );
#2995 = ORIENTED_EDGE( '', *, *, #4879, .F. );
#2996 = ORIENTED_EDGE( '', *, *, #4880, .T. );
#2997 = ORIENTED_EDGE( '', *, *, #4881, .F. );
#2998 = ORIENTED_EDGE( '', *, *, #4882, .F. );
#2999 = ORIENTED_EDGE( '', *, *, #4883, .F. );
#3000 = ORIENTED_EDGE( '', *, *, #4884, .F. );
#3001 = ORIENTED_EDGE( '', *, *, #4885, .F. );
#3002 = ORIENTED_EDGE( '', *, *, #4453, .T. );
#3003 = ORIENTED_EDGE( '', *, *, #4886, .F. );
#3004 = ORIENTED_EDGE( '', *, *, #4472, .F. );
#3005 = ORIENTED_EDGE( '', *, *, #4682, .F. );
#3006 = ORIENTED_EDGE( '', *, *, #4887, .T. );
#3007 = ORIENTED_EDGE( '', *, *, #4539, .F. );
#3008 = ORIENTED_EDGE( '', *, *, #4505, .F. );
#3009 = ORIENTED_EDGE( '', *, *, #4888, .F. );
#3010 = ORIENTED_EDGE( '', *, *, #4889, .F. );
#3011 = ORIENTED_EDGE( '', *, *, #4890, .F. );
#3012 = ORIENTED_EDGE( '', *, *, #4891, .T. );
#3013 = ORIENTED_EDGE( '', *, *, #4892, .F. );
#3014 = ORIENTED_EDGE( '', *, *, #4893, .F. );
#3015 = ORIENTED_EDGE( '', *, *, #4894, .F. );
#3016 = CARTESIAN_POINT( '', ( 6.72500000000000, -0.300000000000000, 1.83650000000000 ) );
#3017 = DIRECTION( '', ( 1.00000000000000, 0.000000000000000, 0.000000000000000 ) );
#3018 = DIRECTION( '', ( 0.000000000000000, 0.000000000000000, -1.00000000000000 ) );
#3019 = SURFACE_STYLE_FILL_AREA( #4895 );
#3020 = ORIENTED_EDGE( '', *, *, #4885, .T. );
#3021 = ORIENTED_EDGE( '', *, *, #4896, .F. );
#3022 = ORIENTED_EDGE( '', *, *, #4897, .F. );
#3023 = ORIENTED_EDGE( '', *, *, #4454, .T. );
#3024 = CARTESIAN_POINT( '', ( 6.97500000000000, -0.510303946705714, -0.480000000000000 ) );
#3025 = DIRECTION( '', ( 0.000000000000000, 0.000000000000000, -1.00000000000000 ) );
#3026 = DIRECTION( '', ( -1.00000000000000, 0.000000000000000, 0.000000000000000 ) );
#3027 = SURFACE_STYLE_FILL_AREA( #4898 );
#3028 = ORIENTED_EDGE( '', *, *, #4769, .F. );
#3029 = ORIENTED_EDGE( '', *, *, #4694, .F. );
#3030 = ORIENTED_EDGE( '', *, *, #4899, .T. );
#3031 = ORIENTED_EDGE( '', *, *, #4900, .T. );
#3032 = CARTESIAN_POINT( '', ( -6.72500000000000, -0.300000000000000, -0.936500000000000 ) );
#3033 = DIRECTION( '', ( 1.00000000000000, -0.000000000000000, -0.000000000000000 ) );
#3034 = DIRECTION( '', ( 0.000000000000000, 0.000000000000000, 1.00000000000000 ) );
#3035 = SURFACE_STYLE_FILL_AREA( #4901 );
#3036 = ORIENTED_EDGE( '', *, *, #4853, .T. );
#3037 = ORIENTED_EDGE( '', *, *, #4661, .F. );
#3038 = ORIENTED_EDGE( '', *, *, #4815, .F. );
#3039 = ORIENTED_EDGE( '', *, *, #4902, .T. );
#3040 = CARTESIAN_POINT( '', ( -6.65000000000000, 1.25000000000000, -3.20000000000000 ) );
#3041 = DIRECTION( '', ( -1.00000000000000, 0.000000000000000, 0.000000000000000 ) );
#3042 = DIRECTION( '', ( 0.000000000000000, 0.000000000000000, 1.00000000000000 ) );
#3043 = SURFACE_STYLE_FILL_AREA( #4903 );
#3044 = ORIENTED_EDGE( '', *, *, #4887, .F. );
#3045 = ORIENTED_EDGE( '', *, *, #4684, .F. );
#3046 = ORIENTED_EDGE( '', *, *, #4904, .T. );
#3047 = ORIENTED_EDGE( '', *, *, #4540, .T. );
#3048 = CARTESIAN_POINT( '', ( 6.97500000000000, -0.300000000000000, 0.563500000000000 ) );
#3049 = DIRECTION( '', ( 1.00000000000000, -0.000000000000000, -0.000000000000000 ) );
#3050 = DIRECTION( '', ( 0.000000000000000, 0.000000000000000, 1.00000000000000 ) );
#3051 = SURFACE_STYLE_FILL_AREA( #4905 );
#3052 = ORIENTED_EDGE( '', *, *, #4656, .F. );
#3053 = ORIENTED_EDGE( '', *, *, #4906, .F. );
#3054 = ORIENTED_EDGE( '', *, *, #4687, .F. );
#3055 = ORIENTED_EDGE( '', *, *, #4907, .F. );
#3056 = CARTESIAN_POINT( '', ( -0.000000000000000, 0.000000000000000, -1.92500000000000 ) );
#3057 = DIRECTION( '', ( -0.000000000000000, 0.000000000000000, 1.00000000000000 ) );
#3058 = DIRECTION( '', ( 1.00000000000000, 0.000000000000000, 0.000000000000000 ) );
#3059 = SURFACE_STYLE_FILL_AREA( #4908 );
#3060 = ORIENTED_EDGE( '', *, *, #4909, .T. );
#3061 = ORIENTED_EDGE( '', *, *, #4624, .T. );
#3062 = ORIENTED_EDGE( '', *, *, #4450, .F. );
#3063 = ORIENTED_EDGE( '', *, *, #4851, .F. );
#3064 = CARTESIAN_POINT( '', ( -7.55000000000000, 4.80000000000000, -1.30000000000000 ) );
#3065 = DIRECTION( '', ( 0.000000000000000, -0.000000000000000, 1.00000000000000 ) );
#3066 = DIRECTION( '', ( 1.00000000000000, 0.000000000000000, -0.000000000000000 ) );
#3067 = SURFACE_STYLE_FILL_AREA( #4910 );
#3068 = ORIENTED_EDGE( '', *, *, #4911, .T. );
#3069 = ORIENTED_EDGE( '', *, *, #4912, .T. );
#3070 = ORIENTED_EDGE( '', *, *, #4913, .T. );
#3071 = ORIENTED_EDGE( '', *, *, #4651, .T. );
#3072 = CARTESIAN_POINT( '', ( 0.000000000000000, 0.000000000000000, 1.92500000000000 ) );
#3073 = DIRECTION( '', ( -0.000000000000000, 0.000000000000000, 1.00000000000000 ) );
#3074 = DIRECTION( '', ( 1.00000000000000, 0.000000000000000, 0.000000000000000 ) );
#3075 = SURFACE_STYLE_FILL_AREA( #4914 );
#3076 = ORIENTED_EDGE( '', *, *, #4873, .T. );
#3077 = ORIENTED_EDGE( '', *, *, #4485, .F. );
#3078 = ORIENTED_EDGE( '', *, *, #4915, .F. );
#3079 = ORIENTED_EDGE( '', *, *, #4916, .T. );
#3080 = CARTESIAN_POINT( '', ( 6.97500000000000, 4.72700000000000, 1.05000000000000 ) );
#3081 = DIRECTION( '', ( 0.000000000000000, -1.00000000000000, 0.000000000000000 ) );
#3082 = DIRECTION( '', ( 0.000000000000000, 0.000000000000000, -1.00000000000000 ) );
#3083 = SURFACE_STYLE_FILL_AREA( #4917 );
#3084 = ORIENTED_EDGE( '', *, *, #4918, .F. );
#3085 = ORIENTED_EDGE( '', *, *, #4919, .F. );
#3086 = ORIENTED_EDGE( '', *, *, #4622, .T. );
#3087 = ORIENTED_EDGE( '', *, *, #4920, .T. );
#3088 = CARTESIAN_POINT( '', ( -6.45000000000000, 0.250000000000000, 2.70000000000000 ) );
#3089 = DIRECTION( '', ( 1.00000000000000, 0.000000000000000, 0.000000000000000 ) );
#3090 = DIRECTION( '', ( 0.000000000000000, 0.000000000000000, -1.00000000000000 ) );
#3091 = SURFACE_STYLE_FILL_AREA( #4921 );
#3092 = ORIENTED_EDGE( '', *, *, #4922, .T. );
#3093 = ORIENTED_EDGE( '', *, *, #4923, .T. );
#3094 = ORIENTED_EDGE( '', *, *, #4924, .T. );
#3095 = ORIENTED_EDGE( '', *, *, #4670, .F. );
#3096 = CARTESIAN_POINT( '', ( 7.00000000000000, 0.400000000000000, -1.57500000000000 ) );
#3097 = DIRECTION( '', ( 0.000000000000000, -0.707106781186548, -0.707106781186547 ) );
#3098 = DIRECTION( '', ( 0.000000000000000, 0.707106781186547, -0.707106781186548 ) );
#3099 = SURFACE_STYLE_FILL_AREA( #4925 );
#3100 = ORIENTED_EDGE( '', *, *, #4926, .F. );
#3101 = ORIENTED_EDGE( '', *, *, #4927, .T. );
#3102 = ORIENTED_EDGE( '', *, *, #4642, .T. );
#3103 = ORIENTED_EDGE( '', *, *, #4928, .F. );
#3104 = CARTESIAN_POINT( '', ( 2.17500000000000, 3.65000000000000, 1.92500000000000 ) );
#3105 = DIRECTION( '', ( 0.000000000000000, -1.00000000000000, 0.000000000000000 ) );
#3106 = DIRECTION( '', ( 0.000000000000000, 0.000000000000000, -1.00000000000000 ) );
#3107 = SURFACE_STYLE_FILL_AREA( #4929 );
#3108 = ORIENTED_EDGE( '', *, *, #4890, .T. );
#3109 = ORIENTED_EDGE( '', *, *, #4930, .F. );
#3110 = ORIENTED_EDGE( '', *, *, #4931, .F. );
#3111 = ORIENTED_EDGE( '', *, *, #4932, .T. );
#3112 = CARTESIAN_POINT( '', ( 6.97500000000000, -0.510303946705714, 1.52000000000000 ) );
#3113 = DIRECTION( '', ( 0.000000000000000, 0.000000000000000, -1.00000000000000 ) );
#3114 = DIRECTION( '', ( -1.00000000000000, 0.000000000000000, 0.000000000000000 ) );
#3115 = SURFACE_STYLE_FILL_AREA( #4933 );
#3116 = ORIENTED_EDGE( '', *, *, #4575, .F. );
#3117 = ORIENTED_EDGE( '', *, *, #4934, .F. );
#3118 = ORIENTED_EDGE( '', *, *, #4867, .T. );
#3119 = ORIENTED_EDGE( '', *, *, #4701, .T. );
#3120 = CARTESIAN_POINT( '', ( 7.00000000000000, 4.80000000000000, 2.05000000000000 ) );
#3121 = DIRECTION( '', ( -1.00000000000000, 0.000000000000000, 0.000000000000000 ) );
#3122 = DIRECTION( '', ( 0.000000000000000, 0.000000000000000, 1.00000000000000 ) );
#3123 = SURFACE_STYLE_FILL_AREA( #4935 );
#3124 = ORIENTED_EDGE( '', *, *, #4936, .F. );
#3125 = ORIENTED_EDGE( '', *, *, #4827, .F. );
#3126 = ORIENTED_EDGE( '', *, *, #4937, .F. );
#3127 = ORIENTED_EDGE( '', *, *, #4602, .F. );
#3128 = CARTESIAN_POINT( '', ( 0.000000000000000, 0.000000000000000, -3.30000000000000 ) );
#3129 = DIRECTION( '', ( -0.000000000000000, 0.000000000000000, 1.00000000000000 ) );
#3130 = DIRECTION( '', ( 1.00000000000000, 0.000000000000000, 0.000000000000000 ) );
#3131 = SURFACE_STYLE_FILL_AREA( #4938 );
#3132 = ORIENTED_EDGE( '', *, *, #4710, .T. );
#3133 = ORIENTED_EDGE( '', *, *, #4939, .F. );
#3134 = ORIENTED_EDGE( '', *, *, #4940, .T. );
#3135 = ORIENTED_EDGE( '', *, *, #4941, .T. );
#3136 = CARTESIAN_POINT( '', ( 7.00000000000000, 0.400000000000000, -1.57500000000000 ) );
#3137 = DIRECTION( '', ( 0.000000000000000, -0.707106781186548, -0.707106781186547 ) );
#3138 = DIRECTION( '', ( 0.000000000000000, 0.707106781186547, -0.707106781186548 ) );
#3139 = SURFACE_STYLE_FILL_AREA( #4942 );
#3140 = ORIENTED_EDGE( '', *, *, #4872, .T. );
#3141 = ORIENTED_EDGE( '', *, *, #4943, .F. );
#3142 = ORIENTED_EDGE( '', *, *, #4944, .F. );
#3143 = ORIENTED_EDGE( '', *, *, #4483, .T. );
#3144 = CARTESIAN_POINT( '', ( 6.97500000000000, 4.62700000000000, 1.85000000000000 ) );
#3145 = DIRECTION( '', ( 0.000000000000000, -1.00000000000000, 0.000000000000000 ) );
#3146 = DIRECTION( '', ( 0.000000000000000, 0.000000000000000, -1.00000000000000 ) );
#3147 = SURFACE_STYLE_FILL_AREA( #4945 );
#3148 = ORIENTED_EDGE( '', *, *, #4597, .T. );
#3149 = ORIENTED_EDGE( '', *, *, #4946, .F. );
#3150 = ORIENTED_EDGE( '', *, *, #4947, .F. );
#3151 = ORIENTED_EDGE( '', *, *, #4836, .T. );
#3152 = CARTESIAN_POINT( '', ( -0.350000000000000, 0.750000000000000, -3.30000000000000 ) );
#3153 = DIRECTION( '', ( 1.00000000000000, 0.000000000000000, -0.000000000000000 ) );
#3154 = DIRECTION( '', ( -0.000000000000000, 0.000000000000000, -1.00000000000000 ) );
#3155 = SURFACE_STYLE_FILL_AREA( #4948 );
#3156 = ORIENTED_EDGE( '', *, *, #4580, .F. );
#3157 = ORIENTED_EDGE( '', *, *, #4949, .F. );
#3158 = ORIENTED_EDGE( '', *, *, #4950, .T. );
#3159 = ORIENTED_EDGE( '', *, *, #4951, .T. );
#3160 = CARTESIAN_POINT( '', ( -2.80000000000000, 4.80000000000000, -1.50000000000000 ) );
#3161 = DIRECTION( '', ( 0.000000000000000, -0.000000000000000, 1.00000000000000 ) );
#3162 = DIRECTION( '', ( 1.00000000000000, 0.000000000000000, -0.000000000000000 ) );
#3163 = SURFACE_STYLE_FILL_AREA( #4952 );
#3164 = ORIENTED_EDGE( '', *, *, #4577, .F. );
#3165 = ORIENTED_EDGE( '', *, *, #4494, .F. );
#3166 = ORIENTED_EDGE( '', *, *, #4866, .T. );
#3167 = ORIENTED_EDGE( '', *, *, #4953, .T. );
#3168 = CARTESIAN_POINT( '', ( 7.00000000000000, 4.80000000000000, -0.800000000000000 ) );
#3169 = DIRECTION( '', ( -1.00000000000000, 0.000000000000000, 0.000000000000000 ) );
#3170 = DIRECTION( '', ( 0.000000000000000, 0.000000000000000, 1.00000000000000 ) );
#3171 = SURFACE_STYLE_FILL_AREA( #4954 );
#3172 = ORIENTED_EDGE( '', *, *, #4955, .T. );
#3173 = ORIENTED_EDGE( '', *, *, #4626, .T. );
#3174 = ORIENTED_EDGE( '', *, *, #4956, .F. );
#3175 = ORIENTED_EDGE( '', *, *, #4849, .F. );
#3176 = CARTESIAN_POINT( '', ( -7.65000000000000, 4.80000000000000, -2.30000000000000 ) );
#3177 = DIRECTION( '', ( 0.000000000000000, 0.000000000000000, -1.00000000000000 ) );
#3178 = DIRECTION( '', ( -1.00000000000000, 0.000000000000000, 0.000000000000000 ) );
#3179 = SURFACE_STYLE_FILL_AREA( #4957 );
#3180 = ORIENTED_EDGE( '', *, *, #4958, .F. );
#3181 = ORIENTED_EDGE( '', *, *, #4959, .T. );
#3182 = ORIENTED_EDGE( '', *, *, #4811, .F. );
#3183 = ORIENTED_EDGE( '', *, *, #4841, .F. );
#3184 = ORIENTED_EDGE( '', *, *, #4671, .F. );
#3185 = ORIENTED_EDGE( '', *, *, #4924, .F. );
#3186 = ORIENTED_EDGE( '', *, *, #4960, .F. );
#3187 = ORIENTED_EDGE( '', *, *, #4559, .F. );
#3188 = ORIENTED_EDGE( '', *, *, #4961, .F. );
#3189 = ORIENTED_EDGE( '', *, *, #4911, .F. );
#3190 = ORIENTED_EDGE( '', *, *, #4650, .F. );
#3191 = ORIENTED_EDGE( '', *, *, #4962, .T. );
#3192 = ORIENTED_EDGE( '', *, *, #4963, .F. );
#3193 = ORIENTED_EDGE( '', *, *, #4964, .T. );
#3194 = CARTESIAN_POINT( '', ( 5.82500000000000, 3.65000000000000, 1.92500000000000 ) );
#3195 = DIRECTION( '', ( 1.00000000000000, 0.000000000000000, -0.000000000000000 ) );
#3196 = DIRECTION( '', ( -0.000000000000000, 0.000000000000000, -1.00000000000000 ) );
#3197 = SURFACE_STYLE_FILL_AREA( #4965 );
#3198 = ORIENTED_EDGE( '', *, *, #4966, .F. );
#3199 = ORIENTED_EDGE( '', *, *, #4967, .T. );
#3200 = ORIENTED_EDGE( '', *, *, #4968, .F. );
#3201 = ORIENTED_EDGE( '', *, *, #4969, .F. );
#3202 = ORIENTED_EDGE( '', *, *, #4520, .F. );
#3203 = ORIENTED_EDGE( '', *, *, #4970, .T. );
#3204 = ORIENTED_EDGE( '', *, *, #4639, .F. );
#3205 = ORIENTED_EDGE( '', *, *, #4927, .F. );
#3206 = ORIENTED_EDGE( '', *, *, #4971, .F. );
#3207 = ORIENTED_EDGE( '', *, *, #4972, .F. );
#3208 = ORIENTED_EDGE( '', *, *, #4973, .F. );
#3209 = ORIENTED_EDGE( '', *, *, #4974, .F. );
#3210 = ORIENTED_EDGE( '', *, *, #4975, .T. );
#3211 = ORIENTED_EDGE( '', *, *, #4976, .F. );
#3212 = CARTESIAN_POINT( '', ( 2.17500000000000, 0.000000000000000, 1.92500000000000 ) );
#3213 = DIRECTION( '', ( -1.00000000000000, 0.000000000000000, 0.000000000000000 ) );
#3214 = DIRECTION( '', ( 0.000000000000000, 0.000000000000000, 1.00000000000000 ) );
#3215 = SURFACE_STYLE_FILL_AREA( #4977 );
#3216 = ORIENTED_EDGE( '', *, *, #4978, .T. );
#3217 = ORIENTED_EDGE( '', *, *, #4979, .T. );
#3218 = ORIENTED_EDGE( '', *, *, #4980, .F. );
#3219 = ORIENTED_EDGE( '', *, *, #4966, .T. );
#3220 = CARTESIAN_POINT( '', ( 0.000000000000000, 0.450000000000000, -1.60000000000000 ) );
#3221 = DIRECTION( '', ( 0.000000000000000, 1.00000000000000, 0.000000000000000 ) );
#3222 = DIRECTION( '', ( 0.000000000000000, -0.000000000000000, 1.00000000000000 ) );
#3223 = SURFACE_STYLE_FILL_AREA( #4981 );
#3224 = ORIENTED_EDGE( '', *, *, #4550, .F. );
#3225 = ORIENTED_EDGE( '', *, *, #4627, .T. );
#3226 = ORIENTED_EDGE( '', *, *, #4955, .F. );
#3227 = ORIENTED_EDGE( '', *, *, #4848, .F. );
#3228 = ORIENTED_EDGE( '', *, *, #4982, .T. );
#3229 = ORIENTED_EDGE( '', *, *, #4438, .T. );
#3230 = CARTESIAN_POINT( '', ( -7.65000000000000, 4.80000000000000, -3.80000000000000 ) );
#3231 = DIRECTION( '', ( 1.00000000000000, 0.000000000000000, 0.000000000000000 ) );
#3232 = DIRECTION( '', ( 0.000000000000000, 0.000000000000000, -1.00000000000000 ) );
#3233 = SURFACE_STYLE_FILL_AREA( #4983 );
#3234 = ORIENTED_EDGE( '', *, *, #4747, .F. );
#3235 = ORIENTED_EDGE( '', *, *, #4984, .T. );
#3236 = ORIENTED_EDGE( '', *, *, #4985, .T. );
#3237 = ORIENTED_EDGE( '', *, *, #4986, .T. );
#3238 = CARTESIAN_POINT( '', ( 8.00000000000000, 0.500000000000000, -1.60000000000000 ) );
#3239 = DIRECTION( '', ( 0.000000000000000, -1.00000000000000, 0.000000000000000 ) );
#3240 = DIRECTION( '', ( 0.000000000000000, 0.000000000000000, -1.00000000000000 ) );
#3241 = SURFACE_STYLE_FILL_AREA( #4987 );
#3242 = ORIENTED_EDGE( '', *, *, #4882, .T. );
#3243 = ORIENTED_EDGE( '', *, *, #4988, .F. );
#3244 = ORIENTED_EDGE( '', *, *, #4989, .F. );
#3245 = ORIENTED_EDGE( '', *, *, #4990, .T. );
#3246 = CARTESIAN_POINT( '', ( 6.97500000000000, -1.40000000000000, -0.870000000000000 ) );
#3247 = DIRECTION( '', ( -0.000000000000000, 0.707106781186548, 0.707106781186548 ) );
#3248 = DIRECTION( '', ( 0.000000000000000, -0.707106781186547, 0.707106781186547 ) );
#3249 = SURFACE_STYLE_FILL_AREA( #4991 );
#3250 = ORIENTED_EDGE( '', *, *, #4572, .F. );
#3251 = ORIENTED_EDGE( '', *, *, #4724, .F. );
#3252 = ORIENTED_EDGE( '', *, *, #4870, .T. );
#3253 = ORIENTED_EDGE( '', *, *, #4992, .T. );
#3254 = CARTESIAN_POINT( '', ( 6.50000000000000, 4.80000000000000, 1.20000000000000 ) );
#3255 = DIRECTION( '', ( 0.000000000000000, 0.000000000000000, -1.00000000000000 ) );
#3256 = DIRECTION( '', ( -1.00000000000000, 0.000000000000000, 0.000000000000000 ) );
#3257 = SURFACE_STYLE_FILL_AREA( #4993 );
#3258 = ORIENTED_EDGE( '', *, *, #4994, .T. );
#3259 = ORIENTED_EDGE( '', *, *, #4737, .T. );
#3260 = ORIENTED_EDGE( '', *, *, #4995, .T. );
#3261 = ORIENTED_EDGE( '', *, *, #4654, .F. );
#3262 = CARTESIAN_POINT( '', ( 7.00000000000000, 0.400000000000000, -1.57500000000000 ) );
#3263 = DIRECTION( '', ( 0.000000000000000, -0.707106781186548, -0.707106781186547 ) );
#3264 = DIRECTION( '', ( 0.000000000000000, 0.707106781186547, -0.707106781186548 ) );
#3265 = SURFACE_STYLE_FILL_AREA( #4996 );
#3266 = ORIENTED_EDGE( '', *, *, #4971, .T. );
#3267 = ORIENTED_EDGE( '', *, *, #4926, .T. );
#3268 = ORIENTED_EDGE( '', *, *, #4997, .T. );
#3269 = ORIENTED_EDGE( '', *, *, #4998, .F. );
#3270 = CARTESIAN_POINT( '', ( 7.00000000000000, 3.25000000000000, 1.92500000000000 ) );
#3271 = DIRECTION( '', ( -0.000000000000000, 0.573462344363329, 0.819231920519040 ) );
#3272 = DIRECTION( '', ( 0.000000000000000, -0.819231920519040, 0.573462344363329 ) );
#3273 = SURFACE_STYLE_FILL_AREA( #4999 );
#3274 = ORIENTED_EDGE( '', *, *, #4974, .T. );
#3275 = ORIENTED_EDGE( '', *, *, #5000, .T. );
#3276 = ORIENTED_EDGE( '', *, *, #5001, .T. );
#3277 = ORIENTED_EDGE( '', *, *, #5002, .F. );
#3278 = CARTESIAN_POINT( '', ( 7.00000000000000, 0.000000000000000, 1.17500000000000 ) );
#3279 = DIRECTION( '', ( 0.000000000000000, -0.707106781186548, 0.707106781186547 ) );
#3280 = DIRECTION( '', ( 0.000000000000000, -0.707106781186547, -0.707106781186548 ) );
#3281 = SURFACE_STYLE_FILL_AREA( #5003 );
#3282 = ORIENTED_EDGE( '', *, *, #5004, .F. );
#3283 = ORIENTED_EDGE( '', *, *, #4644, .F. );
#3284 = ORIENTED_EDGE( '', *, *, #4852, .F. );
#3285 = ORIENTED_EDGE( '', *, *, #4448, .T. );
#3286 = ORIENTED_EDGE( '', *, *, #5005, .T. );
#3287 = ORIENTED_EDGE( '', *, *, #4920, .F. );
#3288 = ORIENTED_EDGE( '', *, *, #4621, .T. );
#3289 = ORIENTED_EDGE( '', *, *, #5006, .F. );
#3290 = ORIENTED_EDGE( '', *, *, #5007, .F. );
#3291 = ORIENTED_EDGE( '', *, *, #5008, .F. );
#3292 = ORIENTED_EDGE( '', *, *, #4617, .T. );
#3293 = ORIENTED_EDGE( '', *, *, #5009, .F. );
#3294 = ORIENTED_EDGE( '', *, *, #5010, .F. );
#3295 = ORIENTED_EDGE( '', *, *, #4674, .F. );
#3296 = ORIENTED_EDGE( '', *, *, #4613, .T. );
#3297 = ORIENTED_EDGE( '', *, *, #5011, .F. );
#3298 = ORIENTED_EDGE( '', *, *, #4500, .F. );
#3299 = ORIENTED_EDGE( '', *, *, #5012, .F. );
#3300 = ORIENTED_EDGE( '', *, *, #4609, .T. );
#3301 = ORIENTED_EDGE( '', *, *, #4731, .T. );
#3302 = ORIENTED_EDGE( '', *, *, #4784, .T. );
#3303 = ORIENTED_EDGE( '', *, *, #5013, .F. );
#3304 = ORIENTED_EDGE( '', *, *, #4845, .F. );
#3305 = CARTESIAN_POINT( '', ( -7.65000000000000, 4.80000000000000, 3.80000000000000 ) );
#3306 = DIRECTION( '', ( 0.000000000000000, 0.000000000000000, -1.00000000000000 ) );
#3307 = DIRECTION( '', ( -1.00000000000000, 0.000000000000000, 0.000000000000000 ) );
#3308 = SURFACE_STYLE_FILL_AREA( #5014 );
#3309 = ORIENTED_EDGE( '', *, *, #4772, .F. );
#3310 = ORIENTED_EDGE( '', *, *, #4680, .F. );
#3311 = ORIENTED_EDGE( '', *, *, #5015, .T. );
#3312 = ORIENTED_EDGE( '', *, *, #5016, .T. );
#3313 = CARTESIAN_POINT( '', ( -6.72500000000000, -0.300000000000000, 0.336500000000000 ) );
#3314 = DIRECTION( '', ( 1.00000000000000, -0.000000000000000, -0.000000000000000 ) );
#3315 = DIRECTION( '', ( 0.000000000000000, 0.000000000000000, 1.00000000000000 ) );
#3316 = SURFACE_STYLE_FILL_AREA( #5017 );
#3317 = ORIENTED_EDGE( '', *, *, #4591, .F. );
#3318 = ORIENTED_EDGE( '', *, *, #5018, .F. );
#3319 = ORIENTED_EDGE( '', *, *, #5019, .T. );
#3320 = ORIENTED_EDGE( '', *, *, #4535, .T. );
#3321 = CARTESIAN_POINT( '', ( 3.20000000000000, 4.80000000000000, -1.50000000000000 ) );
#3322 = DIRECTION( '', ( 0.000000000000000, -0.000000000000000, 1.00000000000000 ) );
#3323 = DIRECTION( '', ( 1.00000000000000, 0.000000000000000, -0.000000000000000 ) );
#3324 = SURFACE_STYLE_FILL_AREA( #5020 );
#3325 = ORIENTED_EDGE( '', *, *, #5021, .T. );
#3326 = ORIENTED_EDGE( '', *, *, #4912, .F. );
#3327 = ORIENTED_EDGE( '', *, *, #4961, .T. );
#3328 = ORIENTED_EDGE( '', *, *, #4558, .F. );
#3329 = CARTESIAN_POINT( '', ( 7.00000000000000, 0.400000000000000, 1.57500000000000 ) );
#3330 = DIRECTION( '', ( 0.000000000000000, -1.00000000000000, 0.000000000000000 ) );
#3331 = DIRECTION( '', ( 0.000000000000000, 0.000000000000000, -1.00000000000000 ) );
#3332 = SURFACE_STYLE_FILL_AREA( #5022 );
#3333 = ORIENTED_EDGE( '', *, *, #4759, .T. );
#3334 = ORIENTED_EDGE( '', *, *, #4632, .F. );
#3335 = ORIENTED_EDGE( '', *, *, #5023, .F. );
#3336 = ORIENTED_EDGE( '', *, *, #5024, .T. );
#3337 = CARTESIAN_POINT( '', ( -6.72500000000000, 4.62700000000000, 2.35000000000000 ) );
#3338 = DIRECTION( '', ( 0.000000000000000, -1.00000000000000, 0.000000000000000 ) );
#3339 = DIRECTION( '', ( 0.000000000000000, 0.000000000000000, -1.00000000000000 ) );
#3340 = SURFACE_STYLE_FILL_AREA( #5025 );
#3341 = ORIENTED_EDGE( '', *, *, #4888, .T. );
#3342 = ORIENTED_EDGE( '', *, *, #4508, .F. );
#3343 = ORIENTED_EDGE( '', *, *, #5026, .F. );
#3344 = ORIENTED_EDGE( '', *, *, #5027, .T. );
#3345 = CARTESIAN_POINT( '', ( 6.97500000000000, -1.40000000000000, 1.27000000000000 ) );
#3346 = DIRECTION( '', ( -0.000000000000000, 1.00000000000000, 0.000000000000000 ) );
#3347 = DIRECTION( '', ( 0.000000000000000, -0.000000000000000, 1.00000000000000 ) );
#3348 = SURFACE_STYLE_FILL_AREA( #5028 );
#3349 = ORIENTED_EDGE( '', *, *, #5029, .F. );
#3350 = ORIENTED_EDGE( '', *, *, #5030, .F. );
#3351 = ORIENTED_EDGE( '', *, *, #4837, .T. );
#3352 = ORIENTED_EDGE( '', *, *, #4947, .T. );
#3353 = CARTESIAN_POINT( '', ( 0.350000000000000, 0.750000000000000, -3.30000000000000 ) );
#3354 = DIRECTION( '', ( 0.000000000000000, -1.00000000000000, 0.000000000000000 ) );
#3355 = DIRECTION( '', ( 0.000000000000000, 0.000000000000000, -1.00000000000000 ) );
#3356 = SURFACE_STYLE_FILL_AREA( #5031 );
#3357 = ORIENTED_EDGE( '', *, *, #4884, .T. );
#3358 = ORIENTED_EDGE( '', *, *, #5032, .F. );
#3359 = ORIENTED_EDGE( '', *, *, #5033, .F. );
#3360 = ORIENTED_EDGE( '', *, *, #4896, .T. );
#3361 = CARTESIAN_POINT( '', ( 6.97500000000000, -1.15000000000000, -0.480000000000000 ) );
#3362 = DIRECTION( '', ( 0.000000000000000, 0.707106781186548, -0.707106781186548 ) );
#3363 = DIRECTION( '', ( 0.000000000000000, 0.707106781186547, 0.707106781186547 ) );
#3364 = SURFACE_STYLE_FILL_AREA( #5034 );
#3365 = ORIENTED_EDGE( '', *, *, #5008, .T. );
#3366 = ORIENTED_EDGE( '', *, *, #5035, .F. );
#3367 = ORIENTED_EDGE( '', *, *, #5036, .F. );
#3368 = ORIENTED_EDGE( '', *, *, #4618, .F. );
#3369 = CARTESIAN_POINT( '', ( -1.65000000000000, -1.25000000000000, 3.30000000000000 ) );
#3370 = DIRECTION( '', ( 1.00000000000000, 0.000000000000000, 0.000000000000000 ) );
#3371 = DIRECTION( '', ( 0.000000000000000, 0.000000000000000, -1.00000000000000 ) );
#3372 = SURFACE_STYLE_FILL_AREA( #5037 );
#3373 = ORIENTED_EDGE( '', *, *, #4763, .T. );
#3374 = ORIENTED_EDGE( '', *, *, #5038, .F. );
#3375 = ORIENTED_EDGE( '', *, *, #5039, .F. );
#3376 = ORIENTED_EDGE( '', *, *, #5040, .T. );
#3377 = CARTESIAN_POINT( '', ( -6.72500000000000, 4.72700000000000, -0.150000000000000 ) );
#3378 = DIRECTION( '', ( 0.000000000000000, 0.000000000000000, -1.00000000000000 ) );
#3379 = DIRECTION( '', ( -1.00000000000000, 0.000000000000000, 0.000000000000000 ) );
#3380 = SURFACE_STYLE_FILL_AREA( #5041 );
#3381 = ORIENTED_EDGE( '', *, *, #5042, .F. );
#3382 = ORIENTED_EDGE( '', *, *, #5043, .T. );
#3383 = ORIENTED_EDGE( '', *, *, #4979, .F. );
#3384 = ORIENTED_EDGE( '', *, *, #5044, .F. );
#3385 = ORIENTED_EDGE( '', *, *, #4655, .F. );
#3386 = ORIENTED_EDGE( '', *, *, #4995, .F. );
#3387 = ORIENTED_EDGE( '', *, *, #4736, .F. );
#3388 = ORIENTED_EDGE( '', *, *, #4801, .F. );
#3389 = ORIENTED_EDGE( '', *, *, #5045, .F. );
#3390 = ORIENTED_EDGE( '', *, *, #5046, .F. );
#3391 = ORIENTED_EDGE( '', *, *, #4743, .F. );
#3392 = ORIENTED_EDGE( '', *, *, #5047, .T. );
#3393 = ORIENTED_EDGE( '', *, *, #4688, .F. );
#3394 = ORIENTED_EDGE( '', *, *, #4906, .T. );
#3395 = CARTESIAN_POINT( '', ( 3.82500000000000, 3.65000000000000, 1.92500000000000 ) );
#3396 = DIRECTION( '', ( 1.00000000000000, 0.000000000000000, -0.000000000000000 ) );
#3397 = DIRECTION( '', ( -0.000000000000000, 0.000000000000000, -1.00000000000000 ) );
#3398 = SURFACE_STYLE_FILL_AREA( #5048 );
#3399 = ORIENTED_EDGE( '', *, *, #5049, .F. );
#3400 = ORIENTED_EDGE( '', *, *, #5050, .T. );
#3401 = ORIENTED_EDGE( '', *, *, #4877, .T. );
#3402 = ORIENTED_EDGE( '', *, *, #5051, .F. );
#3403 = ORIENTED_EDGE( '', *, *, #4578, .F. );
#3404 = ORIENTED_EDGE( '', *, *, #4953, .F. );
#3405 = ORIENTED_EDGE( '', *, *, #4865, .T. );
#3406 = ORIENTED_EDGE( '', *, *, #5052, .T. );
#3407 = CARTESIAN_POINT( '', ( 7.00000000000000, 4.80000000000000, -1.65000000000000 ) );
#3408 = DIRECTION( '', ( 0.000000000000000, -0.000000000000000, 1.00000000000000 ) );
#3409 = DIRECTION( '', ( 1.00000000000000, 0.000000000000000, -0.000000000000000 ) );
#3410 = SURFACE_STYLE_FILL_AREA( #5053 );
#3411 = ORIENTED_EDGE( '', *, *, #4875, .T. );
#3412 = ORIENTED_EDGE( '', *, *, #4757, .F. );
#3413 = ORIENTED_EDGE( '', *, *, #5054, .F. );
#3414 = ORIENTED_EDGE( '', *, *, #5055, .T. );
#3415 = CARTESIAN_POINT( '', ( 6.97500000000000, 4.62700000000000, -1.45000000000000 ) );
#3416 = DIRECTION( '', ( 0.000000000000000, 0.000000000000000, 1.00000000000000 ) );
#3417 = DIRECTION( '', ( 1.00000000000000, 0.000000000000000, -0.000000000000000 ) );
#3418 = SURFACE_STYLE_FILL_AREA( #5056 );
#3419 = ORIENTED_EDGE( '', *, *, #4761, .T. );
#3420 = ORIENTED_EDGE( '', *, *, #5057, .F. );
#3421 = ORIENTED_EDGE( '', *, *, #5058, .F. );
#3422 = ORIENTED_EDGE( '', *, *, #4705, .T. );
#3423 = CARTESIAN_POINT( '', ( -6.72500000000000, 4.72700000000000, 1.55000000000000 ) );
#3424 = DIRECTION( '', ( 0.000000000000000, -1.00000000000000, 0.000000000000000 ) );
#3425 = DIRECTION( '', ( 0.000000000000000, 0.000000000000000, -1.00000000000000 ) );
#3426 = SURFACE_STYLE_FILL_AREA( #5059 );
#3427 = ORIENTED_EDGE( '', *, *, #4712, .T. );
#3428 = ORIENTED_EDGE( '', *, *, #4461, .F. );
#3429 = ORIENTED_EDGE( '', *, *, #5060, .T. );
#3430 = ORIENTED_EDGE( '', *, *, #5061, .F. );
#3431 = CARTESIAN_POINT( '', ( 7.00000000000000, 0.400000000000000, 1.57500000000000 ) );
#3432 = DIRECTION( '', ( 0.000000000000000, -1.00000000000000, 0.000000000000000 ) );
#3433 = DIRECTION( '', ( 0.000000000000000, 0.000000000000000, -1.00000000000000 ) );
#3434 = SURFACE_STYLE_FILL_AREA( #5062 );
#3435 = ORIENTED_EDGE( '', *, *, #4585, .F. );
#3436 = ORIENTED_EDGE( '', *, *, #4753, .F. );
#3437 = ORIENTED_EDGE( '', *, *, #5063, .T. );
#3438 = ORIENTED_EDGE( '', *, *, #5064, .T. );
#3439 = CARTESIAN_POINT( '', ( -1.20000000000000, 4.80000000000000, -1.50000000000000 ) );
#3440 = DIRECTION( '', ( 1.00000000000000, 0.000000000000000, 0.000000000000000 ) );
#3441 = DIRECTION( '', ( 0.000000000000000, 0.000000000000000, -1.00000000000000 ) );
#3442 = SURFACE_STYLE_FILL_AREA( #5065 );
#3443 = ORIENTED_EDGE( '', *, *, #5066, .F. );
#3444 = ORIENTED_EDGE( '', *, *, #4446, .F. );
#3445 = ORIENTED_EDGE( '', *, *, #4623, .T. );
#3446 = ORIENTED_EDGE( '', *, *, #4919, .T. );
#3447 = CARTESIAN_POINT( '', ( -7.65000000000000, 0.250000000000000, 2.70000000000000 ) );
#3448 = DIRECTION( '', ( 0.000000000000000, 0.000000000000000, -1.00000000000000 ) );
#3449 = DIRECTION( '', ( -1.00000000000000, 0.000000000000000, 0.000000000000000 ) );
#3450 = SURFACE_STYLE_FILL_AREA( #5067 );
#3451 = ORIENTED_EDGE( '', *, *, #4766, .T. );
#3452 = ORIENTED_EDGE( '', *, *, #4808, .F. );
#3453 = ORIENTED_EDGE( '', *, *, #5068, .F. );
#3454 = ORIENTED_EDGE( '', *, *, #5069, .T. );
#3455 = CARTESIAN_POINT( '', ( -6.72500000000000, 4.62700000000000, -1.15000000000000 ) );
#3456 = DIRECTION( '', ( 0.000000000000000, -1.00000000000000, 0.000000000000000 ) );
#3457 = DIRECTION( '', ( 0.000000000000000, 0.000000000000000, -1.00000000000000 ) );
#3458 = SURFACE_STYLE_FILL_AREA( #5070 );
#3459 = ORIENTED_EDGE( '', *, *, #4855, .T. );
#3460 = ORIENTED_EDGE( '', *, *, #5071, .F. );
#3461 = ORIENTED_EDGE( '', *, *, #4793, .F. );
#3462 = ORIENTED_EDGE( '', *, *, #5072, .T. );
#3463 = CARTESIAN_POINT( '', ( 6.65000000000000, 1.25000000000000, -2.30000000000000 ) );
#3464 = DIRECTION( '', ( 1.00000000000000, -0.000000000000000, 0.000000000000000 ) );
#3465 = DIRECTION( '', ( 0.000000000000000, 0.000000000000000, -1.00000000000000 ) );
#3466 = SURFACE_STYLE_FILL_AREA( #5073 );
#3467 = ORIENTED_EDGE( '', *, *, #5074, .F. );
#3468 = ORIENTED_EDGE( '', *, *, #5044, .T. );
#3469 = ORIENTED_EDGE( '', *, *, #4978, .F. );
#3470 = ORIENTED_EDGE( '', *, *, #4969, .T. );
#3471 = CARTESIAN_POINT( '', ( -0.000000000000000, -0.000000000000000, -1.70000000000000 ) );
#3472 = DIRECTION( '', ( 0.000000000000000, 0.000000000000000, 1.00000000000000 ) );
#3473 = DIRECTION( '', ( 1.00000000000000, 0.000000000000000, -0.000000000000000 ) );
#3474 = SURFACE_STYLE_FILL_AREA( #5075 );
#3475 = ORIENTED_EDGE( '', *, *, #4956, .T. );
#3476 = ORIENTED_EDGE( '', *, *, #4625, .T. );
#3477 = ORIENTED_EDGE( '', *, *, #4909, .F. );
#3478 = ORIENTED_EDGE( '', *, *, #4850, .F. );
#3479 = CARTESIAN_POINT( '', ( -7.55000000000000, 4.80000000000000, -2.30000000000000 ) );
#3480 = DIRECTION( '', ( 1.00000000000000, 0.000000000000000, 0.000000000000000 ) );
#3481 = DIRECTION( '', ( 0.000000000000000, 0.000000000000000, -1.00000000000000 ) );
#3482 = SURFACE_STYLE_FILL_AREA( #5076 );
#3483 = ORIENTED_EDGE( '', *, *, #5004, .T. );
#3484 = ORIENTED_EDGE( '', *, *, #4844, .F. );
#3485 = ORIENTED_EDGE( '', *, *, #4465, .F. );
#3486 = ORIENTED_EDGE( '', *, *, #4645, .T. );
#3487 = CARTESIAN_POINT( '', ( 5.45000000000000, 3.80000000000000, 3.78700000000000 ) );
#3488 = DIRECTION( '', ( 0.876215908676647, -0.481918749772156, 0.000000000000000 ) );
#3489 = DIRECTION( '', ( 0.481918749772156, 0.876215908676647, 0.000000000000000 ) );
#3490 = SURFACE_STYLE_FILL_AREA( #5077 );
#3491 = ORIENTED_EDGE( '', *, *, #4883, .T. );
#3492 = ORIENTED_EDGE( '', *, *, #4990, .F. );
#3493 = ORIENTED_EDGE( '', *, *, #5078, .F. );
#3494 = ORIENTED_EDGE( '', *, *, #5032, .T. );
#3495 = CARTESIAN_POINT( '', ( 6.97500000000000, -1.40000000000000, -0.730000000000000 ) );
#3496 = DIRECTION( '', ( -0.000000000000000, 1.00000000000000, 0.000000000000000 ) );
#3497 = DIRECTION( '', ( 0.000000000000000, -0.000000000000000, 1.00000000000000 ) );
#3498 = SURFACE_STYLE_FILL_AREA( #5079 );
#3499 = ORIENTED_EDGE( '', *, *, #4879, .T. );
#3500 = ORIENTED_EDGE( '', *, *, #5080, .F. );
#3501 = ORIENTED_EDGE( '', *, *, #5081, .F. );
#3502 = ORIENTED_EDGE( '', *, *, #5082, .T. );
#3503 = CARTESIAN_POINT( '', ( 6.97500000000000, -0.0896960532942856, -1.12000000000000 ) );
#3504 = DIRECTION( '', ( 0.000000000000000, 0.000000000000000, 1.00000000000000 ) );
#3505 = DIRECTION( '', ( 1.00000000000000, 0.000000000000000, -0.000000000000000 ) );
#3506 = SURFACE_STYLE_FILL_AREA( #5083 );
#3507 = ORIENTED_EDGE( '', *, *, #4975, .F. );
#3508 = ORIENTED_EDGE( '', *, *, #5002, .T. );
#3509 = ORIENTED_EDGE( '', *, *, #5084, .T. );
#3510 = ORIENTED_EDGE( '', *, *, #5085, .F. );
#3511 = CARTESIAN_POINT( '', ( 7.00000000000000, 0.000000000000000, -1.17500000000000 ) );
#3512 = DIRECTION( '', ( 0.000000000000000, -1.00000000000000, 0.000000000000000 ) );
#3513 = DIRECTION( '', ( 0.000000000000000, 0.000000000000000, -1.00000000000000 ) );
#3514 = SURFACE_STYLE_FILL_AREA( #5086 );
#3515 = ORIENTED_EDGE( '', *, *, #4615, .T. );
#3516 = ORIENTED_EDGE( '', *, *, #4676, .T. );
#3517 = ORIENTED_EDGE( '', *, *, #5087, .T. );
#3518 = ORIENTED_EDGE( '', *, *, #5088, .T. );
#3519 = CARTESIAN_POINT( '', ( -0.000000000000000, 0.000000000000000, 3.30000000000000 ) );
#3520 = DIRECTION( '', ( -0.000000000000000, 0.000000000000000, 1.00000000000000 ) );
#3521 = DIRECTION( '', ( 1.00000000000000, 0.000000000000000, 0.000000000000000 ) );
#3522 = SURFACE_STYLE_FILL_AREA( #5089 );
#3523 = ORIENTED_EDGE( '', *, *, #4721, .F. );
#3524 = ORIENTED_EDGE( '', *, *, #5090, .T. );
#3525 = ORIENTED_EDGE( '', *, *, #5091, .F. );
#3526 = ORIENTED_EDGE( '', *, *, #4715, .F. );
#3527 = CARTESIAN_POINT( '', ( 0.175000000000000, 3.65000000000000, 1.92500000000000 ) );
#3528 = DIRECTION( '', ( 0.000000000000000, -1.00000000000000, 0.000000000000000 ) );
#3529 = DIRECTION( '', ( 0.000000000000000, 0.000000000000000, -1.00000000000000 ) );
#3530 = SURFACE_STYLE_FILL_AREA( #5092 );
#3531 = ORIENTED_EDGE( '', *, *, #4599, .T. );
#3532 = ORIENTED_EDGE( '', *, *, #4838, .T. );
#3533 = ORIENTED_EDGE( '', *, *, #5030, .T. );
#3534 = ORIENTED_EDGE( '', *, *, #5093, .F. );
#3535 = CARTESIAN_POINT( '', ( 0.350000000000000, -1.25000000000000, -3.30000000000000 ) );
#3536 = DIRECTION( '', ( -1.00000000000000, 0.000000000000000, 0.000000000000000 ) );
#3537 = DIRECTION( '', ( 0.000000000000000, 0.000000000000000, 1.00000000000000 ) );
#3538 = SURFACE_STYLE_FILL_AREA( #5094 );
#3539 = ORIENTED_EDGE( '', *, *, #4775, .T. );
#3540 = ORIENTED_EDGE( '', *, *, #5095, .F. );
#3541 = ORIENTED_EDGE( '', *, *, #5096, .F. );
#3542 = ORIENTED_EDGE( '', *, *, #5097, .T. );
#3543 = CARTESIAN_POINT( '', ( -6.72500000000000, -0.0896960532942852, 1.38000000000000 ) );
#3544 = DIRECTION( '', ( 0.000000000000000, 0.000000000000000, 1.00000000000000 ) );
#3545 = DIRECTION( '', ( 1.00000000000000, 0.000000000000000, -0.000000000000000 ) );
#3546 = SURFACE_STYLE_FILL_AREA( #5098 );
#3547 = ORIENTED_EDGE( '', *, *, #5099, .F. );
#3548 = ORIENTED_EDGE( '', *, *, #4429, .F. );
#3549 = ORIENTED_EDGE( '', *, *, #4606, .T. );
#3550 = ORIENTED_EDGE( '', *, *, #5100, .T. );
#3551 = CARTESIAN_POINT( '', ( 7.65000000000000, 0.250000000000000, -2.70000000000000 ) );
#3552 = DIRECTION( '', ( 0.000000000000000, -0.000000000000000, 1.00000000000000 ) );
#3553 = DIRECTION( '', ( 1.00000000000000, 0.000000000000000, -0.000000000000000 ) );
#3554 = SURFACE_STYLE_FILL_AREA( #5101 );
#3555 = ORIENTED_EDGE( '', *, *, #4781, .T. );
#3556 = ORIENTED_EDGE( '', *, *, #5102, .F. );
#3557 = ORIENTED_EDGE( '', *, *, #5103, .F. );
#3558 = ORIENTED_EDGE( '', *, *, #4634, .T. );
#3559 = CARTESIAN_POINT( '', ( -6.72500000000000, 1.35000000000000, 2.55000000000000 ) );
#3560 = DIRECTION( '', ( -0.000000000000000, 1.00000000000000, 0.000000000000000 ) );
#3561 = DIRECTION( '', ( 0.000000000000000, -0.000000000000000, 1.00000000000000 ) );
#3562 = SURFACE_STYLE_FILL_AREA( #5104 );
#3563 = ORIENTED_EDGE( '', *, *, #4878, .T. );
#3564 = ORIENTED_EDGE( '', *, *, #5050, .F. );
#3565 = ORIENTED_EDGE( '', *, *, #5105, .F. );
#3566 = ORIENTED_EDGE( '', *, *, #5080, .T. );
#3567 = CARTESIAN_POINT( '', ( 6.97500000000000, 1.35000000000000, -1.12000000000000 ) );
#3568 = DIRECTION( '', ( -0.000000000000000, 1.00000000000000, 0.000000000000000 ) );
#3569 = DIRECTION( '', ( 0.000000000000000, -0.000000000000000, 1.00000000000000 ) );
#3570 = SURFACE_STYLE_FILL_AREA( #5106 );
#3571 = ORIENTED_EDGE( '', *, *, #4436, .F. );
#3572 = ORIENTED_EDGE( '', *, *, #5107, .F. );
#3573 = ORIENTED_EDGE( '', *, *, #4628, .T. );
#3574 = ORIENTED_EDGE( '', *, *, #4548, .T. );
#3575 = CARTESIAN_POINT( '', ( -6.45000000000000, 0.250000000000000, -3.80000000000000 ) );
#3576 = DIRECTION( '', ( 1.00000000000000, 0.000000000000000, 0.000000000000000 ) );
#3577 = DIRECTION( '', ( 0.000000000000000, 0.000000000000000, -1.00000000000000 ) );
#3578 = SURFACE_STYLE_FILL_AREA( #5108 );
#3579 = ORIENTED_EDGE( '', *, *, #4768, .T. );
#3580 = ORIENTED_EDGE( '', *, *, #5109, .F. );
#3581 = ORIENTED_EDGE( '', *, *, #5110, .F. );
#3582 = ORIENTED_EDGE( '', *, *, #4692, .T. );
#3583 = CARTESIAN_POINT( '', ( -6.72500000000000, 1.35000000000000, -0.620000000000000 ) );
#3584 = DIRECTION( '', ( -0.000000000000000, 1.00000000000000, 0.000000000000000 ) );
#3585 = DIRECTION( '', ( 0.000000000000000, -0.000000000000000, 1.00000000000000 ) );
#3586 = SURFACE_STYLE_FILL_AREA( #5111 );
#3587 = ORIENTED_EDGE( '', *, *, #4973, .T. );
#3588 = ORIENTED_EDGE( '', *, *, #5112, .F. );
#3589 = ORIENTED_EDGE( '', *, *, #5113, .T. );
#3590 = ORIENTED_EDGE( '', *, *, #5000, .F. );
#3591 = CARTESIAN_POINT( '', ( 7.00000000000000, 0.400000000000000, 1.57500000000000 ) );
#3592 = DIRECTION( '', ( 0.000000000000000, -1.00000000000000, 0.000000000000000 ) );
#3593 = DIRECTION( '', ( 0.000000000000000, 0.000000000000000, -1.00000000000000 ) );
#3594 = SURFACE_STYLE_FILL_AREA( #5114 );
#3595 = ORIENTED_EDGE( '', *, *, #4886, .T. );
#3596 = ORIENTED_EDGE( '', *, *, #4456, .F. );
#3597 = ORIENTED_EDGE( '', *, *, #5115, .F. );
#3598 = ORIENTED_EDGE( '', *, *, #4473, .T. );
#3599 = CARTESIAN_POINT( '', ( 6.97500000000000, 1.35000000000000, -0.480000000000000 ) );
#3600 = DIRECTION( '', ( 0.000000000000000, -3.76538565207793E-17, -1.00000000000000 ) );
#3601 = DIRECTION( '', ( 0.000000000000000, 1.00000000000000, -3.76538565207793E-17 ) );
#3602 = SURFACE_STYLE_FILL_AREA( #5116 );
#3603 = ORIENTED_EDGE( '', *, *, #5117, .T. );
#3604 = ORIENTED_EDGE( '', *, *, #4825, .T. );
#3605 = ORIENTED_EDGE( '', *, *, #5118, .T. );
#3606 = ORIENTED_EDGE( '', *, *, #4600, .T. );
#3607 = ORIENTED_EDGE( '', *, *, #5093, .T. );
#3608 = ORIENTED_EDGE( '', *, *, #5029, .T. );
#3609 = ORIENTED_EDGE( '', *, *, #4946, .T. );
#3610 = ORIENTED_EDGE( '', *, *, #4596, .T. );
#3611 = ORIENTED_EDGE( '', *, *, #4797, .T. );
#3612 = ORIENTED_EDGE( '', *, *, #5119, .T. );
#3613 = ORIENTED_EDGE( '', *, *, #4511, .T. );
#3614 = ORIENTED_EDGE( '', *, *, #4629, .T. );
#3615 = ORIENTED_EDGE( '', *, *, #5107, .T. );
#3616 = ORIENTED_EDGE( '', *, *, #4439, .T. );
#3617 = ORIENTED_EDGE( '', *, *, #4982, .F. );
#3618 = ORIENTED_EDGE( '', *, *, #4847, .F. );
#3619 = ORIENTED_EDGE( '', *, *, #4431, .T. );
#3620 = ORIENTED_EDGE( '', *, *, #5120, .T. );
#3621 = ORIENTED_EDGE( '', *, *, #5121, .F. );
#3622 = ORIENTED_EDGE( '', *, *, #4604, .T. );
#3623 = CARTESIAN_POINT( '', ( 7.65000000000000, 4.80000000000000, -3.80000000000000 ) );
#3624 = DIRECTION( '', ( -2.83451548362223E-17, 0.000000000000000, 1.00000000000000 ) );
#3625 = DIRECTION( '', ( 1.00000000000000, 0.000000000000000, 2.83451548362223E-17 ) );
#3626 = SURFACE_STYLE_FILL_AREA( #5122 );
#3627 = ORIENTED_EDGE( '', *, *, #4563, .F. );
#3628 = ORIENTED_EDGE( '', *, *, #4518, .F. );
#3629 = ORIENTED_EDGE( '', *, *, #4863, .T. );
#3630 = ORIENTED_EDGE( '', *, *, #4635, .T. );
#3631 = CARTESIAN_POINT( '', ( -7.00000000000000, 4.80000000000000, 1.70000000000000 ) );
#3632 = DIRECTION( '', ( 1.00000000000000, 0.000000000000000, 0.000000000000000 ) );
#3633 = DIRECTION( '', ( 0.000000000000000, 0.000000000000000, -1.00000000000000 ) );
#3634 = SURFACE_STYLE_FILL_AREA( #5123 );
#3635 = ORIENTED_EDGE( '', *, *, #4582, .F. );
#3636 = ORIENTED_EDGE( '', *, *, #5124, .F. );
#3637 = ORIENTED_EDGE( '', *, *, #5125, .T. );
#3638 = ORIENTED_EDGE( '', *, *, #5126, .T. );
#3639 = CARTESIAN_POINT( '', ( -3.20000000000000, 4.80000000000000, 1.50000000000000 ) );
#3640 = DIRECTION( '', ( 0.000000000000000, 0.000000000000000, -1.00000000000000 ) );
#3641 = DIRECTION( '', ( -1.00000000000000, 0.000000000000000, 0.000000000000000 ) );
#3642 = SURFACE_STYLE_FILL_AREA( #5127 );
#3643 = ORIENTED_EDGE( '', *, *, #4760, .T. );
#3644 = ORIENTED_EDGE( '', *, *, #5024, .F. );
#3645 = ORIENTED_EDGE( '', *, *, #5128, .F. );
#3646 = ORIENTED_EDGE( '', *, *, #5057, .T. );
#3647 = CARTESIAN_POINT( '', ( -6.72500000000000, 4.72700000000000, 2.35000000000000 ) );
#3648 = DIRECTION( '', ( 0.000000000000000, 0.000000000000000, -1.00000000000000 ) );
#3649 = DIRECTION( '', ( -1.00000000000000, 0.000000000000000, 0.000000000000000 ) );
#3650 = SURFACE_STYLE_FILL_AREA( #5129 );
#3651 = ORIENTED_EDGE( '', *, *, #4984, .F. );
#3652 = ORIENTED_EDGE( '', *, *, #4746, .T. );
#3653 = ORIENTED_EDGE( '', *, *, #5130, .F. );
#3654 = ORIENTED_EDGE( '', *, *, #5131, .F. );
#3655 = ORIENTED_EDGE( '', *, *, #4522, .F. );
#3656 = ORIENTED_EDGE( '', *, *, #5132, .F. );
#3657 = ORIENTED_EDGE( '', *, *, #5084, .F. );
#3658 = ORIENTED_EDGE( '', *, *, #5001, .F. );
#3659 = ORIENTED_EDGE( '', *, *, #5113, .F. );
#3660 = ORIENTED_EDGE( '', *, *, #5133, .F. );
#3661 = ORIENTED_EDGE( '', *, *, #4997, .F. );
#3662 = ORIENTED_EDGE( '', *, *, #4928, .T. );
#3663 = ORIENTED_EDGE( '', *, *, #4641, .F. );
#3664 = ORIENTED_EDGE( '', *, *, #5134, .T. );
#3665 = CARTESIAN_POINT( '', ( 1.82500000000000, 3.65000000000000, 1.92500000000000 ) );
#3666 = DIRECTION( '', ( 1.00000000000000, 0.000000000000000, -0.000000000000000 ) );
#3667 = DIRECTION( '', ( -0.000000000000000, 0.000000000000000, -1.00000000000000 ) );
#3668 = SURFACE_STYLE_FILL_AREA( #5135 );
#3669 = ORIENTED_EDGE( '', *, *, #4570, .F. );
#3670 = ORIENTED_EDGE( '', *, *, #5136, .F. );
#3671 = ORIENTED_EDGE( '', *, *, #4858, .T. );
#3672 = ORIENTED_EDGE( '', *, *, #4423, .T. );
#3673 = CARTESIAN_POINT( '', ( -7.00000000000000, 4.80000000000000, -1.15000000000000 ) );
#3674 = DIRECTION( '', ( 1.00000000000000, 0.000000000000000, 0.000000000000000 ) );
#3675 = DIRECTION( '', ( 0.000000000000000, 0.000000000000000, -1.00000000000000 ) );
#3676 = SURFACE_STYLE_FILL_AREA( #5137 );
#3677 = ORIENTED_EDGE( '', *, *, #4573, .F. );
#3678 = ORIENTED_EDGE( '', *, *, #4992, .F. );
#3679 = ORIENTED_EDGE( '', *, *, #4869, .T. );
#3680 = ORIENTED_EDGE( '', *, *, #5138, .T. );
#3681 = CARTESIAN_POINT( '', ( 6.70000000000000, 4.80000000000000, 1.20000000000000 ) );
#3682 = DIRECTION( '', ( 1.00000000000000, 0.000000000000000, 0.000000000000000 ) );
#3683 = DIRECTION( '', ( 0.000000000000000, 0.000000000000000, -1.00000000000000 ) );
#3684 = SURFACE_STYLE_FILL_AREA( #5139 );
#3685 = ORIENTED_EDGE( '', *, *, #5133, .T. );
#3686 = ORIENTED_EDGE( '', *, *, #5112, .T. );
#3687 = ORIENTED_EDGE( '', *, *, #4972, .T. );
#3688 = ORIENTED_EDGE( '', *, *, #4998, .T. );
#3689 = CARTESIAN_POINT( '', ( 0.000000000000000, 0.000000000000000, 1.92500000000000 ) );
#3690 = DIRECTION( '', ( -0.000000000000000, 0.000000000000000, 1.00000000000000 ) );
#3691 = DIRECTION( '', ( 1.00000000000000, 0.000000000000000, 0.000000000000000 ) );
#3692 = SURFACE_STYLE_FILL_AREA( #5140 );
#3693 = ORIENTED_EDGE( '', *, *, #4857, .T. );
#3694 = ORIENTED_EDGE( '', *, *, #4532, .F. );
#3695 = ORIENTED_EDGE( '', *, *, #4816, .F. );
#3696 = ORIENTED_EDGE( '', *, *, #4659, .T. );
#3697 = CARTESIAN_POINT( '', ( -5.95000000000000, 1.25000000000000, -2.30000000000000 ) );
#3698 = DIRECTION( '', ( -1.00000000000000, 0.000000000000000, 0.000000000000000 ) );
#3699 = DIRECTION( '', ( 0.000000000000000, 0.000000000000000, 1.00000000000000 ) );
#3700 = SURFACE_STYLE_FILL_AREA( #5141 );
#3701 = ORIENTED_EDGE( '', *, *, #5142, .F. );
#3702 = ORIENTED_EDGE( '', *, *, #4717, .F. );
#3703 = ORIENTED_EDGE( '', *, *, #5143, .F. );
#3704 = ORIENTED_EDGE( '', *, *, #5144, .F. );
#3705 = CARTESIAN_POINT( '', ( -0.000000000000000, 0.000000000000000, -1.92500000000000 ) );
#3706 = DIRECTION( '', ( -0.000000000000000, 0.000000000000000, 1.00000000000000 ) );
#3707 = DIRECTION( '', ( 1.00000000000000, 0.000000000000000, 0.000000000000000 ) );
#3708 = SURFACE_STYLE_FILL_AREA( #5145 );
#3709 = ORIENTED_EDGE( '', *, *, #5099, .T. );
#3710 = ORIENTED_EDGE( '', *, *, #5146, .T. );
#3711 = ORIENTED_EDGE( '', *, *, #5120, .F. );
#3712 = ORIENTED_EDGE( '', *, *, #4430, .F. );
#3713 = CARTESIAN_POINT( '', ( 0.000000000000000, 0.000000000000000, -0.000000000000000 ) );
#3714 = DIRECTION( '', ( 0.000000000000000, 1.00000000000000, -0.000000000000000 ) );
#3715 = DIRECTION( '', ( 0.000000000000000, 0.000000000000000, 1.00000000000000 ) );
#3716 = SURFACE_STYLE_FILL_AREA( #5147 );
#3717 = ORIENTED_EDGE( '', *, *, #4892, .T. );
#3718 = ORIENTED_EDGE( '', *, *, #5148, .F. );
#3719 = ORIENTED_EDGE( '', *, *, #5149, .F. );
#3720 = ORIENTED_EDGE( '', *, *, #5150, .T. );
#3721 = CARTESIAN_POINT( '', ( 6.97500000000000, 1.35000000000000, 1.52000000000000 ) );
#3722 = DIRECTION( '', ( 0.000000000000000, 0.000000000000000, -1.00000000000000 ) );
#3723 = DIRECTION( '', ( -1.00000000000000, 0.000000000000000, 0.000000000000000 ) );
#3724 = SURFACE_STYLE_FILL_AREA( #5151 );
#3725 = ORIENTED_EDGE( '', *, *, #4891, .F. );
#3726 = ORIENTED_EDGE( '', *, *, #4932, .F. );
#3727 = ORIENTED_EDGE( '', *, *, #5152, .T. );
#3728 = ORIENTED_EDGE( '', *, *, #5148, .T. );
#3729 = CARTESIAN_POINT( '', ( 6.97500000000000, -0.300000000000000, 1.83650000000000 ) );
#3730 = DIRECTION( '', ( 1.00000000000000, -0.000000000000000, -0.000000000000000 ) );
#3731 = DIRECTION( '', ( 0.000000000000000, 0.000000000000000, 1.00000000000000 ) );
#3732 = SURFACE_STYLE_FILL_AREA( #5153 );
#3733 = ORIENTED_EDGE( '', *, *, #5046, .T. );
#3734 = ORIENTED_EDGE( '', *, *, #5154, .T. );
#3735 = ORIENTED_EDGE( '', *, *, #5155, .T. );
#3736 = ORIENTED_EDGE( '', *, *, #4744, .T. );
#3737 = CARTESIAN_POINT( '', ( 0.000000000000000, 0.000000000000000, 1.92500000000000 ) );
#3738 = DIRECTION( '', ( -0.000000000000000, 0.000000000000000, 1.00000000000000 ) );
#3739 = DIRECTION( '', ( 1.00000000000000, 0.000000000000000, 0.000000000000000 ) );
#3740 = SURFACE_STYLE_FILL_AREA( #5156 );
#3741 = ORIENTED_EDGE( '', *, *, #4976, .T. );
#3742 = ORIENTED_EDGE( '', *, *, #5085, .T. );
#3743 = ORIENTED_EDGE( '', *, *, #5132, .T. );
#3744 = ORIENTED_EDGE( '', *, *, #4521, .F. );
#3745 = CARTESIAN_POINT( '', ( 7.00000000000000, 0.400000000000000, -1.57500000000000 ) );
#3746 = DIRECTION( '', ( 0.000000000000000, -0.707106781186548, -0.707106781186547 ) );
#3747 = DIRECTION( '', ( 0.000000000000000, 0.707106781186547, -0.707106781186548 ) );
#3748 = SURFACE_STYLE_FILL_AREA( #5157 );
#3749 = ORIENTED_EDGE( '', *, *, #4780, .T. );
#3750 = ORIENTED_EDGE( '', *, *, #5158, .F. );
#3751 = ORIENTED_EDGE( '', *, *, #5159, .F. );
#3752 = ORIENTED_EDGE( '', *, *, #5102, .T. );
#3753 = CARTESIAN_POINT( '', ( -6.72500000000000, 1.35000000000000, 2.02000000000000 ) );
#3754 = DIRECTION( '', ( 0.000000000000000, 0.000000000000000, -1.00000000000000 ) );
#3755 = DIRECTION( '', ( -1.00000000000000, 0.000000000000000, 0.000000000000000 ) );
#3756 = SURFACE_STYLE_FILL_AREA( #5160 );
#3757 = ORIENTED_EDGE( '', *, *, #5043, .F. );
#3758 = ORIENTED_EDGE( '', *, *, #5161, .T. );
#3759 = ORIENTED_EDGE( '', *, *, #4967, .F. );
#3760 = ORIENTED_EDGE( '', *, *, #4980, .T. );
#3761 = CARTESIAN_POINT( '', ( 0.000000000000000, 0.000000000000000, -1.60000000000000 ) );
#3762 = DIRECTION( '', ( 0.000000000000000, 0.000000000000000, 1.00000000000000 ) );
#3763 = DIRECTION( '', ( 1.00000000000000, 0.000000000000000, -0.000000000000000 ) );
#3764 = SURFACE_STYLE_FILL_AREA( #5162 );
#3765 = ORIENTED_EDGE( '', *, *, #4716, .T. );
#3766 = ORIENTED_EDGE( '', *, *, #5091, .T. );
#3767 = ORIENTED_EDGE( '', *, *, #5163, .T. );
#3768 = ORIENTED_EDGE( '', *, *, #5143, .T. );
#3769 = CARTESIAN_POINT( '', ( 7.00000000000000, 3.65000000000000, -1.64500000000000 ) );
#3770 = DIRECTION( '', ( 0.000000000000000, 0.573462344363329, -0.819231920519040 ) );
#3771 = DIRECTION( '', ( 0.000000000000000, 0.819231920519040, 0.573462344363329 ) );
#3772 = SURFACE_STYLE_FILL_AREA( #5164 );
#3773 = ORIENTED_EDGE( '', *, *, #4587, .F. );
#3774 = ORIENTED_EDGE( '', *, *, #5165, .F. );
#3775 = ORIENTED_EDGE( '', *, *, #5166, .T. );
#3776 = ORIENTED_EDGE( '', *, *, #4751, .T. );
#3777 = CARTESIAN_POINT( '', ( -0.800000000000000, 4.80000000000000, 1.50000000000000 ) );
#3778 = DIRECTION( '', ( -1.00000000000000, 0.000000000000000, 0.000000000000000 ) );
#3779 = DIRECTION( '', ( 0.000000000000000, 0.000000000000000, 1.00000000000000 ) );
#3780 = SURFACE_STYLE_FILL_AREA( #5167 );
#3781 = ORIENTED_EDGE( '', *, *, #4709, .T. );
#3782 = ORIENTED_EDGE( '', *, *, #5142, .T. );
#3783 = ORIENTED_EDGE( '', *, *, #5168, .T. );
#3784 = ORIENTED_EDGE( '', *, *, #4939, .T. );
#3785 = CARTESIAN_POINT( '', ( 7.00000000000000, 0.400000000000000, -2.50000000000000 ) );
#3786 = DIRECTION( '', ( 0.000000000000000, -1.00000000000000, 0.000000000000000 ) );
#3787 = DIRECTION( '', ( 0.000000000000000, 0.000000000000000, -1.00000000000000 ) );
#3788 = SURFACE_STYLE_FILL_AREA( #5169 );
#3789 = ORIENTED_EDGE( '', *, *, #4881, .T. );
#3790 = ORIENTED_EDGE( '', *, *, #5170, .F. );
#3791 = ORIENTED_EDGE( '', *, *, #5171, .F. );
#3792 = ORIENTED_EDGE( '', *, *, #4988, .T. );
#3793 = CARTESIAN_POINT( '', ( 6.97500000000000, -1.15000000000000, -1.12000000000000 ) );
#3794 = DIRECTION( '', ( 0.000000000000000, 0.000000000000000, 1.00000000000000 ) );
#3795 = DIRECTION( '', ( 1.00000000000000, 0.000000000000000, -0.000000000000000 ) );
#3796 = SURFACE_STYLE_FILL_AREA( #5172 );
#3797 = ORIENTED_EDGE( '', *, *, #4770, .T. );
#3798 = ORIENTED_EDGE( '', *, *, #4900, .F. );
#3799 = ORIENTED_EDGE( '', *, *, #5173, .F. );
#3800 = ORIENTED_EDGE( '', *, *, #5174, .T. );
#3801 = CARTESIAN_POINT( '', ( -6.72500000000000, -1.15000000000000, -0.620000000000000 ) );
#3802 = DIRECTION( '', ( 0.000000000000000, 0.000000000000000, 1.00000000000000 ) );
#3803 = DIRECTION( '', ( 1.00000000000000, 0.000000000000000, -0.000000000000000 ) );
#3804 = SURFACE_STYLE_FILL_AREA( #5175 );
#3805 = ORIENTED_EDGE( '', *, *, #4590, .F. );
#3806 = ORIENTED_EDGE( '', *, *, #4667, .F. );
#3807 = ORIENTED_EDGE( '', *, *, #5176, .T. );
#3808 = ORIENTED_EDGE( '', *, *, #4553, .T. );
#3809 = CARTESIAN_POINT( '', ( 0.800000000000000, 4.80000000000000, 1.50000000000000 ) );
#3810 = DIRECTION( '', ( 0.000000000000000, 0.000000000000000, -1.00000000000000 ) );
#3811 = DIRECTION( '', ( -1.00000000000000, 0.000000000000000, 0.000000000000000 ) );
#3812 = SURFACE_STYLE_FILL_AREA( #5177 );
#3813 = ORIENTED_EDGE( '', *, *, #4583, .F. );
#3814 = ORIENTED_EDGE( '', *, *, #5126, .F. );
#3815 = ORIENTED_EDGE( '', *, *, #5178, .T. );
#3816 = ORIENTED_EDGE( '', *, *, #4949, .T. );
#3817 = CARTESIAN_POINT( '', ( -2.80000000000000, 4.80000000000000, 1.50000000000000 ) );
#3818 = DIRECTION( '', ( -1.00000000000000, 0.000000000000000, 0.000000000000000 ) );
#3819 = DIRECTION( '', ( 0.000000000000000, 0.000000000000000, 1.00000000000000 ) );
#3820 = SURFACE_STYLE_FILL_AREA( #5179 );
#3821 = ORIENTED_EDGE( '', *, *, #4566, .F. );
#3822 = ORIENTED_EDGE( '', *, *, #4820, .F. );
#3823 = ORIENTED_EDGE( '', *, *, #4862, .T. );
#3824 = ORIENTED_EDGE( '', *, *, #5180, .T. );
#3825 = CARTESIAN_POINT( '', ( -6.70000000000000, 4.80000000000000, 1.70000000000000 ) );
#3826 = DIRECTION( '', ( 0.000000000000000, 0.000000000000000, -1.00000000000000 ) );
#3827 = DIRECTION( '', ( -1.00000000000000, 0.000000000000000, 0.000000000000000 ) );
#3828 = SURFACE_STYLE_FILL_AREA( #5181 );
#3829 = ORIENTED_EDGE( '', *, *, #5182, .T. );
#3830 = ORIENTED_EDGE( '', *, *, #4560, .T. );
#3831 = ORIENTED_EDGE( '', *, *, #4960, .T. );
#3832 = ORIENTED_EDGE( '', *, *, #4923, .F. );
#3833 = CARTESIAN_POINT( '', ( 7.00000000000000, 0.000000000000000, -1.17500000000000 ) );
#3834 = DIRECTION( '', ( 0.000000000000000, -1.00000000000000, 0.000000000000000 ) );
#3835 = DIRECTION( '', ( 0.000000000000000, 0.000000000000000, -1.00000000000000 ) );
#3836 = SURFACE_STYLE_FILL_AREA( #5183 );
#3837 = ORIENTED_EDGE( '', *, *, #5184, .F. );
#3838 = ORIENTED_EDGE( '', *, *, #4943, .T. );
#3839 = ORIENTED_EDGE( '', *, *, #4894, .T. );
#3840 = ORIENTED_EDGE( '', *, *, #5185, .F. );
#3841 = ORIENTED_EDGE( '', *, *, #4574, .F. );
#3842 = ORIENTED_EDGE( '', *, *, #5138, .F. );
#3843 = ORIENTED_EDGE( '', *, *, #4868, .T. );
#3844 = ORIENTED_EDGE( '', *, *, #4934, .T. );
#3845 = CARTESIAN_POINT( '', ( 6.70000000000000, 4.80000000000000, 2.05000000000000 ) );
#3846 = DIRECTION( '', ( 0.000000000000000, 0.000000000000000, -1.00000000000000 ) );
#3847 = DIRECTION( '', ( -1.00000000000000, 0.000000000000000, 0.000000000000000 ) );
#3848 = SURFACE_STYLE_FILL_AREA( #5186 );
#3849 = ORIENTED_EDGE( '', *, *, #4713, .T. );
#3850 = ORIENTED_EDGE( '', *, *, #5061, .T. );
#3851 = ORIENTED_EDGE( '', *, *, #5187, .T. );
#3852 = ORIENTED_EDGE( '', *, *, #4719, .T. );
#3853 = CARTESIAN_POINT( '', ( 0.000000000000000, 0.000000000000000, 1.92500000000000 ) );
#3854 = DIRECTION( '', ( -0.000000000000000, 0.000000000000000, 1.00000000000000 ) );
#3855 = DIRECTION( '', ( 1.00000000000000, 0.000000000000000, 0.000000000000000 ) );
#3856 = SURFACE_STYLE_FILL_AREA( #5188 );
#3857 = ORIENTED_EDGE( '', *, *, #4611, .T. );
#3858 = ORIENTED_EDGE( '', *, *, #5189, .T. );
#3859 = ORIENTED_EDGE( '', *, *, #4502, .T. );
#3860 = ORIENTED_EDGE( '', *, *, #5190, .T. );
#3861 = CARTESIAN_POINT( '', ( -0.000000000000000, 0.000000000000000, 3.30000000000000 ) );
#3862 = DIRECTION( '', ( -0.000000000000000, 0.000000000000000, 1.00000000000000 ) );
#3863 = DIRECTION( '', ( 1.00000000000000, 0.000000000000000, 0.000000000000000 ) );
#3864 = SURFACE_STYLE_FILL_AREA( #5191 );
#3865 = ORIENTED_EDGE( '', *, *, #5066, .T. );
#3866 = ORIENTED_EDGE( '', *, *, #4918, .T. );
#3867 = ORIENTED_EDGE( '', *, *, #5005, .F. );
#3868 = ORIENTED_EDGE( '', *, *, #4447, .F. );
#3869 = CARTESIAN_POINT( '', ( 0.000000000000000, 0.000000000000000, -0.000000000000000 ) );
#3870 = DIRECTION( '', ( 0.000000000000000, 1.00000000000000, -0.000000000000000 ) );
#3871 = DIRECTION( '', ( 0.000000000000000, 0.000000000000000, 1.00000000000000 ) );
#3872 = SURFACE_STYLE_FILL_AREA( #5192 );
#3873 = ORIENTED_EDGE( '', *, *, #4779, .F. );
#3874 = ORIENTED_EDGE( '', *, *, #4480, .F. );
#3875 = ORIENTED_EDGE( '', *, *, #5193, .T. );
#3876 = ORIENTED_EDGE( '', *, *, #5158, .T. );
#3877 = CARTESIAN_POINT( '', ( -6.72500000000000, -0.300000000000000, 2.33650000000000 ) );
#3878 = DIRECTION( '', ( 1.00000000000000, -0.000000000000000, -0.000000000000000 ) );
#3879 = DIRECTION( '', ( 0.000000000000000, 0.000000000000000, 1.00000000000000 ) );
#3880 = SURFACE_STYLE_FILL_AREA( #5194 );
#3881 = ORIENTED_EDGE( '', *, *, #5195, .F. );
#3882 = ORIENTED_EDGE( '', *, *, #5109, .T. );
#3883 = ORIENTED_EDGE( '', *, *, #4767, .T. );
#3884 = ORIENTED_EDGE( '', *, *, #5069, .F. );
#3885 = ORIENTED_EDGE( '', *, *, #4569, .F. );
#3886 = ORIENTED_EDGE( '', *, *, #4470, .F. );
#3887 = ORIENTED_EDGE( '', *, *, #4859, .T. );
#3888 = ORIENTED_EDGE( '', *, *, #5136, .T. );
#3889 = CARTESIAN_POINT( '', ( -6.70000000000000, 4.80000000000000, -1.15000000000000 ) );
#3890 = DIRECTION( '', ( 0.000000000000000, -0.000000000000000, 1.00000000000000 ) );
#3891 = DIRECTION( '', ( 1.00000000000000, 0.000000000000000, -0.000000000000000 ) );
#3892 = SURFACE_STYLE_FILL_AREA( #5196 );
#3893 = ORIENTED_EDGE( '', *, *, #4593, .F. );
#3894 = ORIENTED_EDGE( '', *, *, #4823, .F. );
#3895 = ORIENTED_EDGE( '', *, *, #5197, .T. );
#3896 = ORIENTED_EDGE( '', *, *, #5018, .T. );
#3897 = CARTESIAN_POINT( '', ( 3.20000000000000, 4.80000000000000, 1.50000000000000 ) );
#3898 = DIRECTION( '', ( -1.00000000000000, 0.000000000000000, 0.000000000000000 ) );
#3899 = DIRECTION( '', ( 0.000000000000000, 0.000000000000000, 1.00000000000000 ) );
#3900 = SURFACE_STYLE_FILL_AREA( #5198 );
#3901 = ORIENTED_EDGE( '', *, *, #4773, .T. );
#3902 = ORIENTED_EDGE( '', *, *, #5016, .F. );
#3903 = ORIENTED_EDGE( '', *, *, #5199, .F. );
#3904 = ORIENTED_EDGE( '', *, *, #5200, .T. );
#3905 = CARTESIAN_POINT( '', ( -6.72500000000000, 1.35000000000000, 0.0200000000000000 ) );
#3906 = DIRECTION( '', ( 0.000000000000000, 0.000000000000000, -1.00000000000000 ) );
#3907 = DIRECTION( '', ( -1.00000000000000, 0.000000000000000, 0.000000000000000 ) );
#3908 = SURFACE_STYLE_FILL_AREA( #5201 );
#3909 = ORIENTED_EDGE( '', *, *, #4619, .T. );
#3910 = ORIENTED_EDGE( '', *, *, #5036, .T. );
#3911 = ORIENTED_EDGE( '', *, *, #5202, .T. );
#3912 = ORIENTED_EDGE( '', *, *, #5203, .T. );
#3913 = CARTESIAN_POINT( '', ( -0.000000000000000, 0.000000000000000, 3.30000000000000 ) );
#3914 = DIRECTION( '', ( -0.000000000000000, 0.000000000000000, 1.00000000000000 ) );
#3915 = DIRECTION( '', ( 1.00000000000000, 0.000000000000000, 0.000000000000000 ) );
#3916 = SURFACE_STYLE_FILL_AREA( #5204 );
#3917 = ORIENTED_EDGE( '', *, *, #4586, .F. );
#3918 = ORIENTED_EDGE( '', *, *, #5064, .F. );
#3919 = ORIENTED_EDGE( '', *, *, #5205, .T. );
#3920 = ORIENTED_EDGE( '', *, *, #5165, .T. );
#3921 = CARTESIAN_POINT( '', ( -1.20000000000000, 4.80000000000000, 1.50000000000000 ) );
#3922 = DIRECTION( '', ( 0.000000000000000, 0.000000000000000, -1.00000000000000 ) );
#3923 = DIRECTION( '', ( -1.00000000000000, 0.000000000000000, 0.000000000000000 ) );
#3924 = SURFACE_STYLE_FILL_AREA( #5206 );
#3925 = ORIENTED_EDGE( '', *, *, #4874, .T. );
#3926 = ORIENTED_EDGE( '', *, *, #4916, .F. );
#3927 = ORIENTED_EDGE( '', *, *, #5207, .F. );
#3928 = ORIENTED_EDGE( '', *, *, #4831, .T. );
#3929 = CARTESIAN_POINT( '', ( 6.97500000000000, 4.62700000000000, 1.05000000000000 ) );
#3930 = DIRECTION( '', ( 0.000000000000000, 0.000000000000000, 1.00000000000000 ) );
#3931 = DIRECTION( '', ( 1.00000000000000, 0.000000000000000, -0.000000000000000 ) );
#3932 = SURFACE_STYLE_FILL_AREA( #5208 );
#3933 = ORIENTED_EDGE( '', *, *, #4856, .T. );
#3934 = ORIENTED_EDGE( '', *, *, #5072, .F. );
#3935 = ORIENTED_EDGE( '', *, *, #4792, .F. );
#3936 = ORIENTED_EDGE( '', *, *, #4787, .T. );
#3937 = CARTESIAN_POINT( '', ( 5.95000000000000, 1.25000000000000, -2.30000000000000 ) );
#3938 = DIRECTION( '', ( 0.000000000000000, 0.000000000000000, 1.00000000000000 ) );
#3939 = DIRECTION( '', ( 1.00000000000000, 0.000000000000000, -0.000000000000000 ) );
#3940 = SURFACE_STYLE_FILL_AREA( #5209 );
#3941 = ORIENTED_EDGE( '', *, *, #5010, .T. );
#3942 = ORIENTED_EDGE( '', *, *, #5210, .F. );
#3943 = ORIENTED_EDGE( '', *, *, #5087, .F. );
#3944 = ORIENTED_EDGE( '', *, *, #4675, .T. );
#3945 = CARTESIAN_POINT( '', ( 0.350000000000000, 0.750000000000000, 3.30000000000000 ) );
#3946 = DIRECTION( '', ( 0.000000000000000, 1.00000000000000, -0.000000000000000 ) );
#3947 = DIRECTION( '', ( 0.000000000000000, 0.000000000000000, 1.00000000000000 ) );
#3948 = SURFACE_STYLE_FILL_AREA( #5211 );
#3949 = ORIENTED_EDGE( '', *, *, #4803, .F. );
#3950 = ORIENTED_EDGE( '', *, *, #5212, .T. );
#3951 = ORIENTED_EDGE( '', *, *, #4726, .F. );
#3952 = ORIENTED_EDGE( '', *, *, #4529, .T. );
#3953 = ORIENTED_EDGE( '', *, *, #5197, .F. );
#3954 = ORIENTED_EDGE( '', *, *, #4822, .F. );
#3955 = ORIENTED_EDGE( '', *, *, #4536, .F. );
#3956 = ORIENTED_EDGE( '', *, *, #5019, .F. );
#3957 = ORIENTED_EDGE( '', *, *, #4554, .F. );
#3958 = ORIENTED_EDGE( '', *, *, #5176, .F. );
#3959 = ORIENTED_EDGE( '', *, *, #4666, .F. );
#3960 = ORIENTED_EDGE( '', *, *, #5213, .F. );
#3961 = ORIENTED_EDGE( '', *, *, #5166, .F. );
#3962 = ORIENTED_EDGE( '', *, *, #5205, .F. );
#3963 = ORIENTED_EDGE( '', *, *, #5063, .F. );
#3964 = ORIENTED_EDGE( '', *, *, #4752, .F. );
#3965 = ORIENTED_EDGE( '', *, *, #5178, .F. );
#3966 = ORIENTED_EDGE( '', *, *, #5125, .F. );
#3967 = ORIENTED_EDGE( '', *, *, #5214, .F. );
#3968 = ORIENTED_EDGE( '', *, *, #4950, .F. );
#3969 = CARTESIAN_POINT( '', ( 0.000000000000000, 1.25000000000000, 0.000000000000000 ) );
#3970 = DIRECTION( '', ( 0.000000000000000, 1.00000000000000, 0.000000000000000 ) );
#3971 = DIRECTION( '', ( 0.000000000000000, -0.000000000000000, 1.00000000000000 ) );
#3972 = SURFACE_STYLE_FILL_AREA( #5215 );
#3973 = ORIENTED_EDGE( '', *, *, #5212, .F. );
#3974 = ORIENTED_EDGE( '', *, *, #4804, .F. );
#3975 = ORIENTED_EDGE( '', *, *, #4790, .F. );
#3976 = ORIENTED_EDGE( '', *, *, #5071, .T. );
#3977 = ORIENTED_EDGE( '', *, *, #4854, .T. );
#3978 = ORIENTED_EDGE( '', *, *, #4902, .F. );
#3979 = ORIENTED_EDGE( '', *, *, #4817, .F. );
#3980 = ORIENTED_EDGE( '', *, *, #4727, .T. );
#3981 = CARTESIAN_POINT( '', ( 6.65000000000000, 1.25000000000000, -3.20000000000000 ) );
#3982 = DIRECTION( '', ( 0.000000000000000, 0.000000000000000, -1.00000000000000 ) );
#3983 = DIRECTION( '', ( -1.00000000000000, 0.000000000000000, 0.000000000000000 ) );
#3984 = SURFACE_STYLE_FILL_AREA( #5216 );
#3985 = ORIENTED_EDGE( '', *, *, #4567, .F. );
#3986 = ORIENTED_EDGE( '', *, *, #5180, .F. );
#3987 = ORIENTED_EDGE( '', *, *, #4861, .T. );
#3988 = ORIENTED_EDGE( '', *, *, #5217, .T. );
#3989 = CARTESIAN_POINT( '', ( -6.50000000000000, 4.80000000000000, 1.70000000000000 ) );
#3990 = DIRECTION( '', ( -1.00000000000000, 0.000000000000000, 0.000000000000000 ) );
#3991 = DIRECTION( '', ( 0.000000000000000, 0.000000000000000, 1.00000000000000 ) );
#3992 = SURFACE_STYLE_FILL_AREA( #5218 );
#3993 = ORIENTED_EDGE( '', *, *, #5219, .T. );
#3994 = ORIENTED_EDGE( '', *, *, #5220, .T. );
#3995 = ORIENTED_EDGE( '', *, *, #4963, .T. );
#3996 = ORIENTED_EDGE( '', *, *, #5221, .F. );
#3997 = CARTESIAN_POINT( '', ( 7.00000000000000, 3.65000000000000, -1.64500000000000 ) );
#3998 = DIRECTION( '', ( 0.000000000000000, 0.573462344363329, -0.819231920519040 ) );
#3999 = DIRECTION( '', ( 0.000000000000000, 0.819231920519040, 0.573462344363329 ) );
#4000 = SURFACE_STYLE_FILL_AREA( #5222 );
#4001 = ORIENTED_EDGE( '', *, *, #4588, .F. );
#4002 = ORIENTED_EDGE( '', *, *, #4555, .F. );
#4003 = ORIENTED_EDGE( '', *, *, #5213, .T. );
#4004 = ORIENTED_EDGE( '', *, *, #4665, .T. );
#4005 = CARTESIAN_POINT( '', ( 1.20000000000000, 4.80000000000000, -1.50000000000000 ) );
#4006 = DIRECTION( '', ( 0.000000000000000, -0.000000000000000, 1.00000000000000 ) );
#4007 = DIRECTION( '', ( 1.00000000000000, 0.000000000000000, -0.000000000000000 ) );
#4008 = SURFACE_STYLE_FILL_AREA( #5223 );
#4009 = ORIENTED_EDGE( '', *, *, #5023, .T. );
#4010 = ORIENTED_EDGE( '', *, *, #4631, .T. );
#4011 = ORIENTED_EDGE( '', *, *, #5103, .T. );
#4012 = ORIENTED_EDGE( '', *, *, #5159, .T. );
#4013 = ORIENTED_EDGE( '', *, *, #5193, .F. );
#4014 = ORIENTED_EDGE( '', *, *, #4479, .T. );
#4015 = ORIENTED_EDGE( '', *, *, #4834, .T. );
#4016 = ORIENTED_EDGE( '', *, *, #4698, .T. );
#4017 = ORIENTED_EDGE( '', *, *, #5224, .T. );
#4018 = ORIENTED_EDGE( '', *, *, #4419, .T. );
#4019 = ORIENTED_EDGE( '', *, *, #5225, .F. );
#4020 = ORIENTED_EDGE( '', *, *, #5096, .T. );
#4021 = ORIENTED_EDGE( '', *, *, #5226, .T. );
#4022 = ORIENTED_EDGE( '', *, *, #5199, .T. );
#4023 = ORIENTED_EDGE( '', *, *, #5015, .F. );
#4024 = ORIENTED_EDGE( '', *, *, #4679, .T. );
#4025 = ORIENTED_EDGE( '', *, *, #4488, .T. );
#4026 = ORIENTED_EDGE( '', *, *, #4414, .T. );
#4027 = ORIENTED_EDGE( '', *, *, #5227, .T. );
#4028 = ORIENTED_EDGE( '', *, *, #5173, .T. );
#4029 = ORIENTED_EDGE( '', *, *, #4899, .F. );
#4030 = ORIENTED_EDGE( '', *, *, #4693, .T. );
#4031 = ORIENTED_EDGE( '', *, *, #5110, .T. );
#4032 = ORIENTED_EDGE( '', *, *, #5195, .T. );
#4033 = ORIENTED_EDGE( '', *, *, #5068, .T. );
#4034 = ORIENTED_EDGE( '', *, *, #4807, .T. );
#4035 = ORIENTED_EDGE( '', *, *, #5228, .T. );
#4036 = ORIENTED_EDGE( '', *, *, #5039, .T. );
#4037 = ORIENTED_EDGE( '', *, *, #5229, .T. );
#4038 = ORIENTED_EDGE( '', *, *, #4706, .T. );
#4039 = ORIENTED_EDGE( '', *, *, #5058, .T. );
#4040 = ORIENTED_EDGE( '', *, *, #5128, .T. );
#4041 = CARTESIAN_POINT( '', ( -6.72500000000000, -0.300000000000000, 2.33650000000000 ) );
#4042 = DIRECTION( '', ( 1.00000000000000, 0.000000000000000, 0.000000000000000 ) );
#4043 = DIRECTION( '', ( 0.000000000000000, 0.000000000000000, -1.00000000000000 ) );
#4044 = SURFACE_STYLE_FILL_AREA( #5230 );
#4045 = ORIENTED_EDGE( '', *, *, #4568, .F. );
#4046 = ORIENTED_EDGE( '', *, *, #5217, .F. );
#4047 = ORIENTED_EDGE( '', *, *, #4860, .T. );
#4048 = ORIENTED_EDGE( '', *, *, #4468, .T. );
#4049 = CARTESIAN_POINT( '', ( -6.50000000000000, 4.80000000000000, -0.300000000000000 ) );
#4050 = DIRECTION( '', ( 0.000000000000000, -0.000000000000000, 1.00000000000000 ) );
#4051 = DIRECTION( '', ( 1.00000000000000, 0.000000000000000, -0.000000000000000 ) );
#4052 = SURFACE_STYLE_FILL_AREA( #5231 );
#4053 = ORIENTED_EDGE( '', *, *, #4813, .F. );
#4054 = ORIENTED_EDGE( '', *, *, #5232, .T. );
#4055 = ORIENTED_EDGE( '', *, *, #5233, .F. );
#4056 = ORIENTED_EDGE( '', *, *, #4842, .F. );
#4057 = ORIENTED_EDGE( '', *, *, #4653, .F. );
#4058 = ORIENTED_EDGE( '', *, *, #4907, .T. );
#4059 = ORIENTED_EDGE( '', *, *, #4686, .F. );
#4060 = ORIENTED_EDGE( '', *, *, #5234, .F. );
#4061 = ORIENTED_EDGE( '', *, *, #4741, .F. );
#4062 = ORIENTED_EDGE( '', *, *, #5155, .F. );
#4063 = ORIENTED_EDGE( '', *, *, #5235, .F. );
#4064 = ORIENTED_EDGE( '', *, *, #4799, .F. );
#4065 = ORIENTED_EDGE( '', *, *, #4734, .T. );
#4066 = ORIENTED_EDGE( '', *, *, #4994, .F. );
#4067 = CARTESIAN_POINT( '', ( 4.17500000000000, 0.000000000000000, 1.92500000000000 ) );
#4068 = DIRECTION( '', ( -1.00000000000000, 0.000000000000000, 0.000000000000000 ) );
#4069 = DIRECTION( '', ( 0.000000000000000, 0.000000000000000, 1.00000000000000 ) );
#4070 = SURFACE_STYLE_FILL_AREA( #5236 );
#4071 = ORIENTED_EDGE( '', *, *, #4711, .T. );
#4072 = ORIENTED_EDGE( '', *, *, #4941, .F. );
#4073 = ORIENTED_EDGE( '', *, *, #5237, .F. );
#4074 = ORIENTED_EDGE( '', *, *, #4459, .T. );
#4075 = CARTESIAN_POINT( '', ( 7.00000000000000, 0.000000000000000, -1.17500000000000 ) );
#4076 = DIRECTION( '', ( 0.000000000000000, -1.00000000000000, 0.000000000000000 ) );
#4077 = DIRECTION( '', ( 0.000000000000000, 0.000000000000000, -1.00000000000000 ) );
#4078 = SURFACE_STYLE_FILL_AREA( #5238 );
#4079 = ORIENTED_EDGE( '', *, *, #4783, .T. );
#4080 = ORIENTED_EDGE( '', *, *, #4433, .F. );
#4081 = ORIENTED_EDGE( '', *, *, #4846, .F. );
#4082 = ORIENTED_EDGE( '', *, *, #5013, .T. );
#4083 = CARTESIAN_POINT( '', ( 7.00000000000000, 4.80000000000000, 3.80000000000000 ) );
#4084 = DIRECTION( '', ( -0.707106781186547, 0.000000000000000, -0.707106781186548 ) );
#4085 = DIRECTION( '', ( -0.707106781186548, 0.000000000000000, 0.707106781186547 ) );
#4086 = SURFACE_STYLE_FILL_AREA( #5239 );
#4087 = ORIENTED_EDGE( '', *, *, #4581, .F. );
#4088 = ORIENTED_EDGE( '', *, *, #4951, .F. );
#4089 = ORIENTED_EDGE( '', *, *, #5214, .T. );
#4090 = ORIENTED_EDGE( '', *, *, #5124, .T. );
#4091 = CARTESIAN_POINT( '', ( -3.20000000000000, 4.80000000000000, -1.50000000000000 ) );
#4092 = DIRECTION( '', ( 1.00000000000000, 0.000000000000000, 0.000000000000000 ) );
#4093 = DIRECTION( '', ( 0.000000000000000, 0.000000000000000, -1.00000000000000 ) );
#4094 = SURFACE_STYLE_FILL_AREA( #5240 );
#4095 = ORIENTED_EDGE( '', *, *, #5241, .T. );
#4096 = ORIENTED_EDGE( '', *, *, #5130, .T. );
#4097 = ORIENTED_EDGE( '', *, *, #4749, .F. );
#4098 = ORIENTED_EDGE( '', *, *, #5242, .T. );
#4099 = CARTESIAN_POINT( '', ( 0.000000000000000, 0.450000000000000, -1.60000000000000 ) );
#4100 = DIRECTION( '', ( 0.000000000000000, 1.00000000000000, 0.000000000000000 ) );
#4101 = DIRECTION( '', ( 0.000000000000000, -0.000000000000000, 1.00000000000000 ) );
#4102 = SURFACE_STYLE_FILL_AREA( #5243 );
#4103 = ORIENTED_EDGE( '', *, *, #4513, .F. );
#4104 = ORIENTED_EDGE( '', *, *, #5244, .F. );
#4105 = ORIENTED_EDGE( '', *, *, #4795, .F. );
#4106 = ORIENTED_EDGE( '', *, *, #4594, .F. );
#4107 = CARTESIAN_POINT( '', ( 0.000000000000000, 0.000000000000000, -3.30000000000000 ) );
#4108 = DIRECTION( '', ( -0.000000000000000, 0.000000000000000, 1.00000000000000 ) );
#4109 = DIRECTION( '', ( 1.00000000000000, 0.000000000000000, 0.000000000000000 ) );
#4110 = SURFACE_STYLE_FILL_AREA( #5245 );
#4111 = ORIENTED_EDGE( '', *, *, #4649, .F. );
#4112 = ORIENTED_EDGE( '', *, *, #5246, .T. );
#4113 = ORIENTED_EDGE( '', *, *, #5221, .T. );
#4114 = ORIENTED_EDGE( '', *, *, #4962, .F. );
#4115 = CARTESIAN_POINT( '', ( 6.17500000000000, 3.65000000000000, 1.92500000000000 ) );
#4116 = DIRECTION( '', ( 0.000000000000000, -1.00000000000000, 0.000000000000000 ) );
#4117 = DIRECTION( '', ( 0.000000000000000, 0.000000000000000, -1.00000000000000 ) );
#4118 = SURFACE_STYLE_FILL_AREA( #5247 );
#4119 = ORIENTED_EDGE( '', *, *, #4959, .F. );
#4120 = ORIENTED_EDGE( '', *, *, #5248, .T. );
#4121 = ORIENTED_EDGE( '', *, *, #5232, .F. );
#4122 = ORIENTED_EDGE( '', *, *, #4812, .T. );
#4123 = CARTESIAN_POINT( '', ( 0.000000000000000, 0.000000000000000, -1.60000000000000 ) );
#4124 = DIRECTION( '', ( 0.000000000000000, 0.000000000000000, 1.00000000000000 ) );
#4125 = DIRECTION( '', ( 1.00000000000000, 0.000000000000000, -0.000000000000000 ) );
#4126 = SURFACE_STYLE_FILL_AREA( #5249 );
#4127 = ORIENTED_EDGE( '', *, *, #4669, .F. );
#4128 = ORIENTED_EDGE( '', *, *, #5250, .T. );
#4129 = ORIENTED_EDGE( '', *, *, #5219, .F. );
#4130 = ORIENTED_EDGE( '', *, *, #5246, .F. );
#4131 = ORIENTED_EDGE( '', *, *, #4648, .F. );
#4132 = ORIENTED_EDGE( '', *, *, #4913, .F. );
#4133 = ORIENTED_EDGE( '', *, *, #5021, .F. );
#4134 = ORIENTED_EDGE( '', *, *, #4557, .F. );
#4135 = ORIENTED_EDGE( '', *, *, #5182, .F. );
#4136 = ORIENTED_EDGE( '', *, *, #4922, .F. );
#4137 = CARTESIAN_POINT( '', ( 6.17500000000000, 0.000000000000000, 1.92500000000000 ) );
#4138 = DIRECTION( '', ( -1.00000000000000, 0.000000000000000, 0.000000000000000 ) );
#4139 = DIRECTION( '', ( 0.000000000000000, 0.000000000000000, 1.00000000000000 ) );
#4140 = SURFACE_STYLE_FILL_AREA( #5251 );
#4141 = ORIENTED_EDGE( '', *, *, #4985, .F. );
#4142 = ORIENTED_EDGE( '', *, *, #5131, .T. );
#4143 = ORIENTED_EDGE( '', *, *, #5241, .F. );
#4144 = ORIENTED_EDGE( '', *, *, #5252, .T. );
#4145 = CARTESIAN_POINT( '', ( -0.000000000000000, -0.000000000000000, -1.70000000000000 ) );
#4146 = DIRECTION( '', ( 0.000000000000000, 0.000000000000000, 1.00000000000000 ) );
#4147 = DIRECTION( '', ( 1.00000000000000, 0.000000000000000, -0.000000000000000 ) );
#4148 = SURFACE_STYLE_FILL_AREA( #5253 );
#4149 = ORIENTED_EDGE( '', *, *, #5242, .F. );
#4150 = ORIENTED_EDGE( '', *, *, #4748, .T. );
#4151 = ORIENTED_EDGE( '', *, *, #4986, .F. );
#4152 = ORIENTED_EDGE( '', *, *, #5252, .F. );
#4153 = ORIENTED_EDGE( '', *, *, #5168, .F. );
#4154 = ORIENTED_EDGE( '', *, *, #5144, .T. );
#4155 = ORIENTED_EDGE( '', *, *, #5163, .F. );
#4156 = ORIENTED_EDGE( '', *, *, #5090, .F. );
#4157 = ORIENTED_EDGE( '', *, *, #4720, .F. );
#4158 = ORIENTED_EDGE( '', *, *, #5187, .F. );
#4159 = ORIENTED_EDGE( '', *, *, #5060, .F. );
#4160 = ORIENTED_EDGE( '', *, *, #4460, .F. );
#4161 = ORIENTED_EDGE( '', *, *, #5237, .T. );
#4162 = ORIENTED_EDGE( '', *, *, #4940, .F. );
#4163 = CARTESIAN_POINT( '', ( 0.175000000000000, 0.000000000000000, 1.92500000000000 ) );
#4164 = DIRECTION( '', ( -1.00000000000000, -1.48520845545960E-17, 0.000000000000000 ) );
#4165 = DIRECTION( '', ( 1.48520845545960E-17, -1.00000000000000, 0.000000000000000 ) );
#4166 = SURFACE_STYLE_FILL_AREA( #5254 );
#4167 = ORIENTED_EDGE( '', *, *, #5012, .T. );
#4168 = ORIENTED_EDGE( '', *, *, #4503, .F. );
#4169 = ORIENTED_EDGE( '', *, *, #5189, .F. );
#4170 = ORIENTED_EDGE( '', *, *, #4610, .F. );
#4171 = CARTESIAN_POINT( '', ( 2.35000000000000, -1.25000000000000, 3.30000000000000 ) );
#4172 = DIRECTION( '', ( 1.00000000000000, 0.000000000000000, 0.000000000000000 ) );
#4173 = DIRECTION( '', ( 0.000000000000000, 0.000000000000000, -1.00000000000000 ) );
#4174 = SURFACE_STYLE_FILL_AREA( #5255 );
#4175 = ORIENTED_EDGE( '', *, *, #5088, .F. );
#4176 = ORIENTED_EDGE( '', *, *, #5210, .T. );
#4177 = ORIENTED_EDGE( '', *, *, #5009, .T. );
#4178 = ORIENTED_EDGE( '', *, *, #4616, .F. );
#4179 = CARTESIAN_POINT( '', ( -0.350000000000000, 0.750000000000000, 3.30000000000000 ) );
#4180 = DIRECTION( '', ( -1.00000000000000, 0.000000000000000, 0.000000000000000 ) );
#4181 = DIRECTION( '', ( 0.000000000000000, 0.000000000000000, 1.00000000000000 ) );
#4182 = SURFACE_STYLE_FILL_AREA( #5256 );
#4183 = ORIENTED_EDGE( '', *, *, #5119, .F. );
#4184 = ORIENTED_EDGE( '', *, *, #4796, .F. );
#4185 = ORIENTED_EDGE( '', *, *, #5244, .T. );
#4186 = ORIENTED_EDGE( '', *, *, #4512, .T. );
#4187 = CARTESIAN_POINT( '', ( -1.65000000000000, 0.750000000000000, -3.30000000000000 ) );
#4188 = DIRECTION( '', ( 0.000000000000000, -1.00000000000000, 0.000000000000000 ) );
#4189 = DIRECTION( '', ( 0.000000000000000, 0.000000000000000, -1.00000000000000 ) );
#4190 = SURFACE_STYLE_FILL_AREA( #5257 );
#4191 = ORIENTED_EDGE( '', *, *, #4944, .T. );
#4192 = ORIENTED_EDGE( '', *, *, #5184, .T. );
#4193 = ORIENTED_EDGE( '', *, *, #5258, .T. );
#4194 = ORIENTED_EDGE( '', *, *, #5149, .T. );
#4195 = ORIENTED_EDGE( '', *, *, #5152, .F. );
#4196 = ORIENTED_EDGE( '', *, *, #4931, .T. );
#4197 = ORIENTED_EDGE( '', *, *, #5259, .T. );
#4198 = ORIENTED_EDGE( '', *, *, #5026, .T. );
#4199 = ORIENTED_EDGE( '', *, *, #4507, .T. );
#4200 = ORIENTED_EDGE( '', *, *, #4541, .T. );
#4201 = ORIENTED_EDGE( '', *, *, #4904, .F. );
#4202 = ORIENTED_EDGE( '', *, *, #4683, .T. );
#4203 = ORIENTED_EDGE( '', *, *, #4474, .T. );
#4204 = ORIENTED_EDGE( '', *, *, #5115, .T. );
#4205 = ORIENTED_EDGE( '', *, *, #4455, .F. );
#4206 = ORIENTED_EDGE( '', *, *, #4897, .T. );
#4207 = ORIENTED_EDGE( '', *, *, #5033, .T. );
#4208 = ORIENTED_EDGE( '', *, *, #5078, .T. );
#4209 = ORIENTED_EDGE( '', *, *, #4989, .T. );
#4210 = ORIENTED_EDGE( '', *, *, #5171, .T. );
#4211 = ORIENTED_EDGE( '', *, *, #5260, .F. );
#4212 = ORIENTED_EDGE( '', *, *, #5081, .T. );
#4213 = ORIENTED_EDGE( '', *, *, #5105, .T. );
#4214 = ORIENTED_EDGE( '', *, *, #5049, .T. );
#4215 = ORIENTED_EDGE( '', *, *, #5261, .T. );
#4216 = ORIENTED_EDGE( '', *, *, #5054, .T. );
#4217 = ORIENTED_EDGE( '', *, *, #4756, .T. );
#4218 = ORIENTED_EDGE( '', *, *, #4443, .T. );
#4219 = ORIENTED_EDGE( '', *, *, #4832, .T. );
#4220 = ORIENTED_EDGE( '', *, *, #5207, .T. );
#4221 = ORIENTED_EDGE( '', *, *, #4915, .T. );
#4222 = ORIENTED_EDGE( '', *, *, #4484, .T. );
#4223 = CARTESIAN_POINT( '', ( 6.97500000000000, -0.300000000000000, 1.83650000000000 ) );
#4224 = DIRECTION( '', ( 1.00000000000000, 0.000000000000000, 0.000000000000000 ) );
#4225 = DIRECTION( '', ( 0.000000000000000, 0.000000000000000, -1.00000000000000 ) );
#4226 = SURFACE_STYLE_FILL_AREA( #5262 );
#4227 = ORIENTED_EDGE( '', *, *, #5203, .F. );
#4228 = ORIENTED_EDGE( '', *, *, #5263, .T. );
#4229 = ORIENTED_EDGE( '', *, *, #5006, .T. );
#4230 = ORIENTED_EDGE( '', *, *, #4620, .F. );
#4231 = CARTESIAN_POINT( '', ( -2.35000000000000, 0.750000000000000, 3.30000000000000 ) );
#4232 = DIRECTION( '', ( -1.00000000000000, 0.000000000000000, 0.000000000000000 ) );
#4233 = DIRECTION( '', ( 0.000000000000000, 0.000000000000000, 1.00000000000000 ) );
#4234 = SURFACE_STYLE_FILL_AREA( #5264 );
#4235 = ORIENTED_EDGE( '', *, *, #4889, .T. );
#4236 = ORIENTED_EDGE( '', *, *, #5027, .F. );
#4237 = ORIENTED_EDGE( '', *, *, #5259, .F. );
#4238 = ORIENTED_EDGE( '', *, *, #4930, .T. );
#4239 = CARTESIAN_POINT( '', ( 6.97500000000000, -1.15000000000000, 1.52000000000000 ) );
#4240 = DIRECTION( '', ( 0.000000000000000, 0.707106781186548, -0.707106781186548 ) );
#4241 = DIRECTION( '', ( 0.000000000000000, 0.707106781186547, 0.707106781186547 ) );
#4242 = SURFACE_STYLE_FILL_AREA( #5265 );
#4243 = ORIENTED_EDGE( '', *, *, #4771, .T. );
#4244 = ORIENTED_EDGE( '', *, *, #5174, .F. );
#4245 = ORIENTED_EDGE( '', *, *, #5227, .F. );
#4246 = ORIENTED_EDGE( '', *, *, #4413, .T. );
#4247 = CARTESIAN_POINT( '', ( -6.72500000000000, -1.40000000000000, -0.370000000000000 ) );
#4248 = DIRECTION( '', ( -0.000000000000000, 0.707106781186548, 0.707106781186548 ) );
#4249 = DIRECTION( '', ( 0.000000000000000, -0.707106781186547, 0.707106781186547 ) );
#4250 = SURFACE_STYLE_FILL_AREA( #5266 );
#4251 = ORIENTED_EDGE( '', *, *, #5007, .T. );
#4252 = ORIENTED_EDGE( '', *, *, #5263, .F. );
#4253 = ORIENTED_EDGE( '', *, *, #5202, .F. );
#4254 = ORIENTED_EDGE( '', *, *, #5035, .T. );
#4255 = CARTESIAN_POINT( '', ( -1.65000000000000, 0.750000000000000, 3.30000000000000 ) );
#4256 = DIRECTION( '', ( 0.000000000000000, 1.00000000000000, -0.000000000000000 ) );
#4257 = DIRECTION( '', ( 0.000000000000000, 0.000000000000000, 1.00000000000000 ) );
#4258 = SURFACE_STYLE_FILL_AREA( #5267 );
#4259 = ORIENTED_EDGE( '', *, *, #5146, .F. );
#4260 = ORIENTED_EDGE( '', *, *, #5100, .F. );
#4261 = ORIENTED_EDGE( '', *, *, #4605, .T. );
#4262 = ORIENTED_EDGE( '', *, *, #5121, .T. );
#4263 = CARTESIAN_POINT( '', ( 6.45000000000000, 0.250000000000000, -2.70000000000000 ) );
#4264 = DIRECTION( '', ( -1.00000000000000, 0.000000000000000, 0.000000000000000 ) );
#4265 = DIRECTION( '', ( 0.000000000000000, 0.000000000000000, 1.00000000000000 ) );
#4266 = SURFACE_STYLE_FILL_AREA( #5268 );
#4267 = ORIENTED_EDGE( '', *, *, #4762, .T. );
#4268 = ORIENTED_EDGE( '', *, *, #4707, .F. );
#4269 = ORIENTED_EDGE( '', *, *, #5229, .F. );
#4270 = ORIENTED_EDGE( '', *, *, #5038, .T. );
#4271 = CARTESIAN_POINT( '', ( -6.72500000000000, 4.62700000000000, -0.150000000000000 ) );
#4272 = DIRECTION( '', ( 0.000000000000000, -1.00000000000000, 0.000000000000000 ) );
#4273 = DIRECTION( '', ( 0.000000000000000, 0.000000000000000, -1.00000000000000 ) );
#4274 = SURFACE_STYLE_FILL_AREA( #5269 );
#4275 = ORIENTED_EDGE( '', *, *, #5235, .T. );
#4276 = ORIENTED_EDGE( '', *, *, #5154, .F. );
#4277 = ORIENTED_EDGE( '', *, *, #5045, .T. );
#4278 = ORIENTED_EDGE( '', *, *, #4800, .F. );
#4279 = CARTESIAN_POINT( '', ( 7.00000000000000, 0.400000000000000, 1.57500000000000 ) );
#4280 = DIRECTION( '', ( 0.000000000000000, -1.00000000000000, 0.000000000000000 ) );
#4281 = DIRECTION( '', ( 0.000000000000000, 0.000000000000000, -1.00000000000000 ) );
#4282 = SURFACE_STYLE_FILL_AREA( #5270 );
#4283 = ORIENTED_EDGE( '', *, *, #4601, .T. );
#4284 = ORIENTED_EDGE( '', *, *, #5118, .F. );
#4285 = ORIENTED_EDGE( '', *, *, #4828, .F. );
#4286 = ORIENTED_EDGE( '', *, *, #4936, .T. );
#4287 = CARTESIAN_POINT( '', ( 1.65000000000000, 0.750000000000000, -3.30000000000000 ) );
#4288 = DIRECTION( '', ( 1.00000000000000, 0.000000000000000, -0.000000000000000 ) );
#4289 = DIRECTION( '', ( -0.000000000000000, 0.000000000000000, -1.00000000000000 ) );
#4290 = SURFACE_STYLE_FILL_AREA( #5271 );
#4291 = ORIENTED_EDGE( '', *, *, #4880, .F. );
#4292 = ORIENTED_EDGE( '', *, *, #5082, .F. );
#4293 = ORIENTED_EDGE( '', *, *, #5260, .T. );
#4294 = ORIENTED_EDGE( '', *, *, #5170, .T. );
#4295 = CARTESIAN_POINT( '', ( 6.97500000000000, -0.300000000000000, -1.43650000000000 ) );
#4296 = DIRECTION( '', ( 1.00000000000000, -0.000000000000000, -0.000000000000000 ) );
#4297 = DIRECTION( '', ( 0.000000000000000, 0.000000000000000, 1.00000000000000 ) );
#4298 = SURFACE_STYLE_FILL_AREA( #5272 );
#4299 = ORIENTED_EDGE( '', *, *, #5248, .F. );
#4300 = ORIENTED_EDGE( '', *, *, #4958, .T. );
#4301 = ORIENTED_EDGE( '', *, *, #4840, .T. );
#4302 = ORIENTED_EDGE( '', *, *, #5233, .T. );
#4303 = CARTESIAN_POINT( '', ( 8.00000000000000, 0.500000000000000, -1.60000000000000 ) );
#4304 = DIRECTION( '', ( 0.000000000000000, -1.00000000000000, 0.000000000000000 ) );
#4305 = DIRECTION( '', ( 0.000000000000000, 0.000000000000000, -1.00000000000000 ) );
#4306 = SURFACE_STYLE_FILL_AREA( #5273 );
#4307 = ORIENTED_EDGE( '', *, *, #5161, .F. );
#4308 = ORIENTED_EDGE( '', *, *, #5042, .T. );
#4309 = ORIENTED_EDGE( '', *, *, #5074, .T. );
#4310 = ORIENTED_EDGE( '', *, *, #4968, .T. );
#4311 = CARTESIAN_POINT( '', ( 8.00000000000000, 0.500000000000000, -1.60000000000000 ) );
#4312 = DIRECTION( '', ( 0.000000000000000, -1.00000000000000, 0.000000000000000 ) );
#4313 = DIRECTION( '', ( 0.000000000000000, 0.000000000000000, -1.00000000000000 ) );
#4314 = SURFACE_STYLE_FILL_AREA( #5274 );
#4315 = ORIENTED_EDGE( '', *, *, #5190, .F. );
#4316 = ORIENTED_EDGE( '', *, *, #4501, .T. );
#4317 = ORIENTED_EDGE( '', *, *, #5011, .T. );
#4318 = ORIENTED_EDGE( '', *, *, #4612, .F. );
#4319 = CARTESIAN_POINT( '', ( 1.65000000000000, 0.750000000000000, 3.30000000000000 ) );
#4320 = DIRECTION( '', ( -1.00000000000000, 0.000000000000000, 0.000000000000000 ) );
#4321 = DIRECTION( '', ( 0.000000000000000, 0.000000000000000, 1.00000000000000 ) );
#4322 = SURFACE_STYLE_FILL_AREA( #5275 );
#4323 = ORIENTED_EDGE( '', *, *, #4523, .F. );
#4324 = ORIENTED_EDGE( '', *, *, #5134, .F. );
#4325 = ORIENTED_EDGE( '', *, *, #4640, .F. );
#4326 = ORIENTED_EDGE( '', *, *, #4970, .F. );
#4327 = CARTESIAN_POINT( '', ( -0.000000000000000, 0.000000000000000, -1.92500000000000 ) );
#4328 = DIRECTION( '', ( -0.000000000000000, 0.000000000000000, 1.00000000000000 ) );
#4329 = DIRECTION( '', ( 1.00000000000000, 0.000000000000000, 0.000000000000000 ) );
#4330 = SURFACE_STYLE_FILL_AREA( #5276 );
#4331 = ORIENTED_EDGE( '', *, *, #4742, .F. );
#4332 = ORIENTED_EDGE( '', *, *, #5234, .T. );
#4333 = ORIENTED_EDGE( '', *, *, #4689, .T. );
#4334 = ORIENTED_EDGE( '', *, *, #5047, .F. );
#4335 = CARTESIAN_POINT( '', ( 4.17500000000000, 3.65000000000000, 1.92500000000000 ) );
#4336 = DIRECTION( '', ( 0.000000000000000, -1.00000000000000, 0.000000000000000 ) );
#4337 = DIRECTION( '', ( 0.000000000000000, 0.000000000000000, -1.00000000000000 ) );
#4338 = SURFACE_STYLE_FILL_AREA( #5277 );
#4339 = ORIENTED_EDGE( '', *, *, #4764, .T. );
#4340 = ORIENTED_EDGE( '', *, *, #5040, .F. );
#4341 = ORIENTED_EDGE( '', *, *, #5228, .F. );
#4342 = ORIENTED_EDGE( '', *, *, #4806, .T. );
#4343 = CARTESIAN_POINT( '', ( -6.72500000000000, 4.72700000000000, -0.950000000000000 ) );
#4344 = DIRECTION( '', ( 0.000000000000000, -1.00000000000000, 0.000000000000000 ) );
#4345 = DIRECTION( '', ( 0.000000000000000, 0.000000000000000, -1.00000000000000 ) );
#4346 = SURFACE_STYLE_FILL_AREA( #5278 );
#4347 = ORIENTED_EDGE( '', *, *, #4672, .F. );
#4348 = ORIENTED_EDGE( '', *, *, #4964, .F. );
#4349 = ORIENTED_EDGE( '', *, *, #5220, .F. );
#4350 = ORIENTED_EDGE( '', *, *, #5250, .F. );
#4351 = CARTESIAN_POINT( '', ( -0.000000000000000, 0.000000000000000, -1.92500000000000 ) );
#4352 = DIRECTION( '', ( -0.000000000000000, 0.000000000000000, 1.00000000000000 ) );
#4353 = DIRECTION( '', ( 1.00000000000000, 0.000000000000000, 0.000000000000000 ) );
#4354 = SURFACE_STYLE_FILL_AREA( #5279 );
#4355 = ORIENTED_EDGE( '', *, *, #4876, .T. );
#4356 = ORIENTED_EDGE( '', *, *, #5055, .F. );
#4357 = ORIENTED_EDGE( '', *, *, #5261, .F. );
#4358 = ORIENTED_EDGE( '', *, *, #5051, .T. );
#4359 = CARTESIAN_POINT( '', ( 6.97500000000000, 4.62700000000000, -1.65000000000000 ) );
#4360 = DIRECTION( '', ( 0.000000000000000, -1.00000000000000, 0.000000000000000 ) );
#4361 = DIRECTION( '', ( 0.000000000000000, 0.000000000000000, -1.00000000000000 ) );
#4362 = SURFACE_STYLE_FILL_AREA( #5280 );
#4363 = ORIENTED_EDGE( '', *, *, #4774, .T. );
#4364 = ORIENTED_EDGE( '', *, *, #5200, .F. );
#4365 = ORIENTED_EDGE( '', *, *, #5226, .F. );
#4366 = ORIENTED_EDGE( '', *, *, #5095, .T. );
#4367 = CARTESIAN_POINT( '', ( -6.72500000000000, 1.35000000000000, 1.38000000000000 ) );
#4368 = DIRECTION( '', ( -0.000000000000000, 1.00000000000000, 0.000000000000000 ) );
#4369 = DIRECTION( '', ( 0.000000000000000, -0.000000000000000, 1.00000000000000 ) );
#4370 = SURFACE_STYLE_FILL_AREA( #5281 );
#4371 = ORIENTED_EDGE( '', *, *, #4777, .T. );
#4372 = ORIENTED_EDGE( '', *, *, #4420, .F. );
#4373 = ORIENTED_EDGE( '', *, *, #5224, .F. );
#4374 = ORIENTED_EDGE( '', *, *, #4697, .T. );
#4375 = CARTESIAN_POINT( '', ( -6.72500000000000, -1.40000000000000, 1.63000000000000 ) );
#4376 = DIRECTION( '', ( -0.000000000000000, 0.707106781186548, 0.707106781186548 ) );
#4377 = DIRECTION( '', ( 0.000000000000000, -0.707106781186547, 0.707106781186547 ) );
#4378 = SURFACE_STYLE_FILL_AREA( #5282 );
#4379 = ORIENTED_EDGE( '', *, *, #4579, .F. );
#4380 = ORIENTED_EDGE( '', *, *, #5052, .F. );
#4381 = ORIENTED_EDGE( '', *, *, #4864, .T. );
#4382 = ORIENTED_EDGE( '', *, *, #4544, .T. );
#4383 = CARTESIAN_POINT( '', ( 6.70000000000000, 4.80000000000000, -1.65000000000000 ) );
#4384 = DIRECTION( '', ( 1.00000000000000, 0.000000000000000, 0.000000000000000 ) );
#4385 = DIRECTION( '', ( 0.000000000000000, 0.000000000000000, -1.00000000000000 ) );
#4386 = SURFACE_STYLE_FILL_AREA( #5283 );
#4387 = ORIENTED_EDGE( '', *, *, #4603, .T. );
#4388 = ORIENTED_EDGE( '', *, *, #4937, .T. );
#4389 = ORIENTED_EDGE( '', *, *, #4826, .T. );
#4390 = ORIENTED_EDGE( '', *, *, #5117, .F. );
#4391 = CARTESIAN_POINT( '', ( 2.35000000000000, -1.25000000000000, -3.30000000000000 ) );
#4392 = DIRECTION( '', ( -1.00000000000000, 0.000000000000000, 0.000000000000000 ) );
#4393 = DIRECTION( '', ( 0.000000000000000, 0.000000000000000, 1.00000000000000 ) );
#4394 = SURFACE_STYLE_FILL_AREA( #5284 );
#4395 = ORIENTED_EDGE( '', *, *, #4893, .T. );
#4396 = ORIENTED_EDGE( '', *, *, #5150, .F. );
#4397 = ORIENTED_EDGE( '', *, *, #5258, .F. );
#4398 = ORIENTED_EDGE( '', *, *, #5185, .T. );
#4399 = CARTESIAN_POINT( '', ( 6.97500000000000, 1.35000000000000, 2.05000000000000 ) );
#4400 = DIRECTION( '', ( -0.000000000000000, 1.00000000000000, 0.000000000000000 ) );
#4401 = DIRECTION( '', ( 0.000000000000000, -0.000000000000000, 1.00000000000000 ) );
#4402 = SURFACE_STYLE_FILL_AREA( #5285 );
#4403 = ORIENTED_EDGE( '', *, *, #4776, .F. );
#4404 = ORIENTED_EDGE( '', *, *, #5097, .F. );
#4405 = ORIENTED_EDGE( '', *, *, #5225, .T. );
#4406 = ORIENTED_EDGE( '', *, *, #4418, .T. );
#4407 = CARTESIAN_POINT( '', ( -6.72500000000000, -0.300000000000000, 1.06350000000000 ) );
#4408 = DIRECTION( '', ( 1.00000000000000, -0.000000000000000, -0.000000000000000 ) );
#4409 = DIRECTION( '', ( 0.000000000000000, 0.000000000000000, 1.00000000000000 ) );
#4411 = FILL_AREA_STYLE( '', ( #5286 ) );
#4412 = EDGE_CURVE( '', #5287, #5288, #5289, .T. );
#4413 = EDGE_CURVE( '', #5290, #5288, #5291, .T. );
#4414 = EDGE_CURVE( '', #5292, #5290, #5293, .T. );
#4415 = EDGE_CURVE( '', #5292, #5287, #5294, .T. );
#4416 = FILL_AREA_STYLE( '', ( #5295 ) );
#4417 = EDGE_CURVE( '', #5296, #5297, #5298, .T. );
#4418 = EDGE_CURVE( '', #5299, #5297, #5300, .T. );
#4419 = EDGE_CURVE( '', #5301, #5299, #5302, .T. );
#4420 = EDGE_CURVE( '', #5301, #5296, #5303, .T. );
#4421 = FILL_AREA_STYLE( '', ( #5304 ) );
#4422 = EDGE_CURVE( '', #5305, #5306, #5307, .T. );
#4423 = EDGE_CURVE( '', #5308, #5305, #5309, .T. );
#4424 = EDGE_CURVE( '', #5308, #5310, #5311, .T. );
#4425 = EDGE_CURVE( '', #5310, #5306, #5312, .T. );
#4426 = FILL_AREA_STYLE( '', ( #5313 ) );
#4427 = EDGE_CURVE( '', #5314, #5315, #5316, .T. );
#4428 = EDGE_CURVE( '', #5314, #5317, #5318, .T. );
#4429 = EDGE_CURVE( '', #5317, #5319, #5320, .T. );
#4430 = EDGE_CURVE( '', #5319, #5321, #5322, .T. );
#4431 = EDGE_CURVE( '', #5323, #5321, #5324, .T. );
#4432 = EDGE_CURVE( '', #5325, #5323, #5326, .T. );
#4433 = EDGE_CURVE( '', #5325, #5327, #5328, .T. );
#4434 = EDGE_CURVE( '', #5327, #5315, #5329, .T. );
#4435 = FILL_AREA_STYLE( '', ( #5330 ) );
#4436 = EDGE_CURVE( '', #5331, #5332, #5333, .T. );
#4437 = EDGE_CURVE( '', #5332, #5334, #5335, .T. );
#4438 = EDGE_CURVE( '', #5336, #5334, #5337, .T. );
#4439 = EDGE_CURVE( '', #5331, #5336, #5338, .T. );
#4440 = FILL_AREA_STYLE( '', ( #5339 ) );
#4441 = EDGE_CURVE( '', #5340, #5341, #5342, .T. );
#4442 = EDGE_CURVE( '', #5343, #5341, #5344, .T. );
#4443 = EDGE_CURVE( '', #5345, #5343, #5346, .T. );
#4444 = EDGE_CURVE( '', #5345, #5340, #5347, .T. );
#4445 = FILL_AREA_STYLE( '', ( #5348 ) );
#4446 = EDGE_CURVE( '', #5349, #5350, #5351, .T. );
#4447 = EDGE_CURVE( '', #5350, #5352, #5353, .T. );
#4448 = EDGE_CURVE( '', #5354, #5352, #5355, .T. );
#4449 = EDGE_CURVE( '', #5356, #5354, #5357, .T. );
#4450 = EDGE_CURVE( '', #5356, #5358, #5359, .T. );
#4451 = EDGE_CURVE( '', #5358, #5349, #5360, .T. );
#4452 = FILL_AREA_STYLE( '', ( #5361 ) );
#4453 = EDGE_CURVE( '', #5362, #5363, #5364, .T. );
#4454 = EDGE_CURVE( '', #5365, #5362, #5366, .T. );
#4455 = EDGE_CURVE( '', #5365, #5367, #5368, .T. );
#4456 = EDGE_CURVE( '', #5367, #5363, #5369, .T. );
#4457 = FILL_AREA_STYLE( '', ( #5370 ) );
#4458 = EDGE_CURVE( '', #5371, #5372, #5373, .T. );
#4459 = EDGE_CURVE( '', #5374, #5372, #5375, .T. );
#4460 = EDGE_CURVE( '', #5374, #5376, #5377, .T. );
#4461 = EDGE_CURVE( '', #5376, #5371, #5378, .T. );
#4462 = FILL_AREA_STYLE( '', ( #5379 ) );
#4463 = EDGE_CURVE( '', #5380, #5381, #5382, .T. );
#4464 = EDGE_CURVE( '', #5381, #5383, #5384, .T. );
#4465 = EDGE_CURVE( '', #5383, #5380, #5385, .T. );
#4466 = FILL_AREA_STYLE( '', ( #5386 ) );
#4467 = EDGE_CURVE( '', #5387, #5388, #5389, .T. );
#4468 = EDGE_CURVE( '', #5390, #5387, #5391, .T. );
#4469 = EDGE_CURVE( '', #5390, #5392, #5393, .T. );
#4470 = EDGE_CURVE( '', #5392, #5388, #5394, .T. );
#4471 = FILL_AREA_STYLE( '', ( #5395 ) );
#4472 = EDGE_CURVE( '', #5396, #5397, #5398, .T. );
#4473 = EDGE_CURVE( '', #5399, #5397, #5400, .T. );
#4474 = EDGE_CURVE( '', #5401, #5399, #5402, .T. );
#4475 = EDGE_CURVE( '', #5401, #5396, #5403, .T. );
#4476 = FILL_AREA_STYLE( '', ( #5404 ) );
#4477 = EDGE_CURVE( '', #5405, #5406, #5407, .T. );
#4478 = EDGE_CURVE( '', #5408, #5406, #5409, .T. );
#4479 = EDGE_CURVE( '', #5410, #5408, #5411, .T. );
#4480 = EDGE_CURVE( '', #5410, #5405, #5412, .T. );
#4481 = FILL_AREA_STYLE( '', ( #5413 ) );
#4482 = EDGE_CURVE( '', #5414, #5415, #5416, .T. );
#4483 = EDGE_CURVE( '', #5417, #5415, #5418, .T. );
#4484 = EDGE_CURVE( '', #5419, #5417, #5420, .T. );
#4485 = EDGE_CURVE( '', #5419, #5414, #5421, .T. );
#4486 = FILL_AREA_STYLE( '', ( #5422 ) );
#4487 = EDGE_CURVE( '', #5423, #5287, #5424, .T. );
#4488 = EDGE_CURVE( '', #5425, #5292, #5426, .T. );
#4489 = EDGE_CURVE( '', #5425, #5423, #5427, .T. );
#4490 = FILL_AREA_STYLE( '', ( #5428 ) );
#4491 = EDGE_CURVE( '', #5429, #5430, #5431, .T. );
#4492 = EDGE_CURVE( '', #5432, #5429, #5433, .T. );
#4493 = EDGE_CURVE( '', #5432, #5434, #5435, .T. );
#4494 = EDGE_CURVE( '', #5434, #5430, #5436, .T. );
#4495 = FILL_AREA_STYLE( '', ( #5437 ) );
#4496 = EDGE_CURVE( '', #5438, #5429, #5439, .T. );
#4497 = EDGE_CURVE( '', #5440, #5438, #5441, .T. );
#4498 = EDGE_CURVE( '', #5440, #5432, #5442, .T. );
#4499 = FILL_AREA_STYLE( '', ( #5443 ) );
#4500 = EDGE_CURVE( '', #5444, #5445, #5446, .T. );
#4501 = EDGE_CURVE( '', #5447, #5445, #5448, .T. );
#4502 = EDGE_CURVE( '', #5449, #5447, #5450, .T. );
#4503 = EDGE_CURVE( '', #5449, #5444, #5451, .T. );
#4504 = FILL_AREA_STYLE( '', ( #5452 ) );
#4505 = EDGE_CURVE( '', #5453, #5454, #5455, .T. );
#4506 = EDGE_CURVE( '', #5456, #5454, #5457, .T. );
#4507 = EDGE_CURVE( '', #5458, #5456, #5459, .T. );
#4508 = EDGE_CURVE( '', #5458, #5453, #5460, .T. );
#4509 = FILL_AREA_STYLE( '', ( #5461 ) );
#4510 = EDGE_CURVE( '', #5462, #5463, #5464, .T. );
#4511 = EDGE_CURVE( '', #5465, #5463, #5466, .T. );
#4512 = EDGE_CURVE( '', #5467, #5465, #5468, .T. );
#4513 = EDGE_CURVE( '', #5467, #5462, #5469, .T. );
#4514 = FILL_AREA_STYLE( '', ( #5470 ) );
#4515 = EDGE_CURVE( '', #5471, #5472, #5473, .T. );
#4516 = EDGE_CURVE( '', #5474, #5471, #5475, .T. );
#4517 = EDGE_CURVE( '', #5474, #5476, #5477, .T. );
#4518 = EDGE_CURVE( '', #5476, #5472, #5478, .T. );
#4519 = FILL_AREA_STYLE( '', ( #5479 ) );
#4520 = EDGE_CURVE( '', #5480, #5481, #5482, .T. );
#4521 = EDGE_CURVE( '', #5481, #5483, #5484, .T. );
#4522 = EDGE_CURVE( '', #5483, #5485, #5486, .T. );
#4523 = EDGE_CURVE( '', #5485, #5480, #5487, .T. );
#4524 = FILL_AREA_STYLE( '', ( #5488 ) );
#4525 = EDGE_CURVE( '', #5489, #5490, #5491, .T. );
#4526 = EDGE_CURVE( '', #5492, #5490, #5493, .T. );
#4527 = EDGE_CURVE( '', #5494, #5492, #5495, .T. );
#4528 = EDGE_CURVE( '', #5494, #5496, #5497, .T. );
#4529 = EDGE_CURVE( '', #5498, #5496, #5499, .T. );
#4530 = EDGE_CURVE( '', #5500, #5498, #5501, .T. );
#4531 = EDGE_CURVE( '', #5502, #5500, #5503, .T. );
#4532 = EDGE_CURVE( '', #5502, #5489, #5504, .T. );
#4533 = FILL_AREA_STYLE( '', ( #5505 ) );
#4534 = EDGE_CURVE( '', #5506, #5507, #5508, .T. );
#4535 = EDGE_CURVE( '', #5509, #5506, #5510, .T. );
#4536 = EDGE_CURVE( '', #5509, #5511, #5512, .T. );
#4537 = EDGE_CURVE( '', #5511, #5507, #5513, .T. );
#4538 = FILL_AREA_STYLE( '', ( #5514 ) );
#4539 = EDGE_CURVE( '', #5454, #5515, #5516, .T. );
#4540 = EDGE_CURVE( '', #5517, #5515, #5518, .T. );
#4541 = EDGE_CURVE( '', #5456, #5517, #5519, .T. );
#4542 = FILL_AREA_STYLE( '', ( #5520 ) );
#4543 = EDGE_CURVE( '', #5521, #5522, #5523, .T. );
#4544 = EDGE_CURVE( '', #5524, #5521, #5525, .T. );
#4545 = EDGE_CURVE( '', #5524, #5526, #5527, .T. );
#4546 = EDGE_CURVE( '', #5526, #5522, #5528, .T. );
#4547 = FILL_AREA_STYLE( '', ( #5529 ) );
#4548 = EDGE_CURVE( '', #5530, #5332, #5531, .T. );
#4549 = EDGE_CURVE( '', #5530, #5532, #5533, .T. );
#4550 = EDGE_CURVE( '', #5532, #5334, #5534, .T. );
#4551 = FILL_AREA_STYLE( '', ( #5535 ) );
#4552 = EDGE_CURVE( '', #5536, #5537, #5538, .T. );
#4553 = EDGE_CURVE( '', #5539, #5536, #5540, .T. );
#4554 = EDGE_CURVE( '', #5539, #5541, #5542, .T. );
#4555 = EDGE_CURVE( '', #5541, #5537, #5543, .T. );
#4556 = FILL_AREA_STYLE( '', ( #5544 ) );
#4557 = EDGE_CURVE( '', #5545, #5546, #5547, .T. );
#4558 = EDGE_CURVE( '', #5546, #5548, #5549, .T. );
#4559 = EDGE_CURVE( '', #5548, #5550, #5551, .T. );
#4560 = EDGE_CURVE( '', #5545, #5550, #5552, .T. );
#4561 = FILL_AREA_STYLE( '', ( #5553 ) );
#4562 = EDGE_CURVE( '', #5306, #5471, #5554, .T. );
#4563 = EDGE_CURVE( '', #5472, #5555, #5556, .T. );
#4564 = EDGE_CURVE( '', #5555, #5557, #5558, .T. );
#4565 = EDGE_CURVE( '', #5557, #5559, #5560, .T. );
#4566 = EDGE_CURVE( '', #5559, #5561, #5562, .T. );
#4567 = EDGE_CURVE( '', #5561, #5563, #5564, .T. );
#4568 = EDGE_CURVE( '', #5563, #5387, #5565, .T. );
#4569 = EDGE_CURVE( '', #5388, #5566, #5567, .T. );
#4570 = EDGE_CURVE( '', #5566, #5305, #5568, .T. );
#4571 = EDGE_CURVE( '', #5522, #5569, #5570, .T. );
#4572 = EDGE_CURVE( '', #5569, #5571, #5572, .T. );
#4573 = EDGE_CURVE( '', #5571, #5573, #5574, .T. );
#4574 = EDGE_CURVE( '', #5573, #5575, #5576, .T. );
#4575 = EDGE_CURVE( '', #5575, #5577, #5578, .T. );
#4576 = EDGE_CURVE( '', #5577, #5438, #5579, .T. );
#4577 = EDGE_CURVE( '', #5430, #5580, #5581, .T. );
#4578 = EDGE_CURVE( '', #5580, #5582, #5583, .T. );
#4579 = EDGE_CURVE( '', #5582, #5521, #5584, .T. );
#4580 = EDGE_CURVE( '', #5585, #5586, #5587, .T. );
#4581 = EDGE_CURVE( '', #5586, #5588, #5589, .T. );
#4582 = EDGE_CURVE( '', #5588, #5590, #5591, .T. );
#4583 = EDGE_CURVE( '', #5590, #5585, #5592, .T. );
#4584 = EDGE_CURVE( '', #5593, #5594, #5595, .T. );
#4585 = EDGE_CURVE( '', #5594, #5596, #5597, .T. );
#4586 = EDGE_CURVE( '', #5596, #5598, #5599, .T. );
#4587 = EDGE_CURVE( '', #5598, #5593, #5600, .T. );
#4588 = EDGE_CURVE( '', #5537, #5601, #5602, .T. );
#4589 = EDGE_CURVE( '', #5601, #5603, #5604, .T. );
#4590 = EDGE_CURVE( '', #5603, #5536, #5605, .T. );
#4591 = EDGE_CURVE( '', #5606, #5506, #5607, .T. );
#4592 = EDGE_CURVE( '', #5507, #5608, #5609, .T. );
#4593 = EDGE_CURVE( '', #5608, #5606, #5610, .T. );
#4594 = EDGE_CURVE( '', #5462, #5611, #5612, .T. );
#4595 = EDGE_CURVE( '', #5613, #5611, #5614, .T. );
#4596 = EDGE_CURVE( '', #5615, #5613, #5616, .T. );
#4597 = EDGE_CURVE( '', #5617, #5615, #5618, .T. );
#4598 = EDGE_CURVE( '', #5617, #5619, #5620, .T. );
#4599 = EDGE_CURVE( '', #5621, #5619, #5622, .T. );
#4600 = EDGE_CURVE( '', #5623, #5621, #5624, .T. );
#4601 = EDGE_CURVE( '', #5625, #5623, #5626, .T. );
#4602 = EDGE_CURVE( '', #5625, #5627, #5628, .T. );
#4603 = EDGE_CURVE( '', #5629, #5627, #5630, .T. );
#4604 = EDGE_CURVE( '', #5631, #5629, #5632, .T. );
#4605 = EDGE_CURVE( '', #5633, #5631, #5634, .T. );
#4606 = EDGE_CURVE( '', #5317, #5633, #5635, .T. );
#4607 = EDGE_CURVE( '', #5636, #5314, #5637, .T. );
#4608 = EDGE_CURVE( '', #5638, #5636, #5639, .T. );
#4609 = EDGE_CURVE( '', #5640, #5638, #5641, .T. );
#4610 = EDGE_CURVE( '', #5640, #5642, #5643, .T. );
#4611 = EDGE_CURVE( '', #5644, #5642, #5645, .T. );
#4612 = EDGE_CURVE( '', #5644, #5646, #5647, .T. );
#4613 = EDGE_CURVE( '', #5648, #5646, #5649, .T. );
#4614 = EDGE_CURVE( '', #5648, #5650, #5651, .T. );
#4615 = EDGE_CURVE( '', #5652, #5650, #5653, .T. );
#4616 = EDGE_CURVE( '', #5652, #5654, #5655, .T. );
#4617 = EDGE_CURVE( '', #5656, #5654, #5657, .T. );
#4618 = EDGE_CURVE( '', #5656, #5658, #5659, .T. );
#4619 = EDGE_CURVE( '', #5660, #5658, #5661, .T. );
#4620 = EDGE_CURVE( '', #5660, #5662, #5663, .T. );
#4621 = EDGE_CURVE( '', #5664, #5662, #5665, .T. );
#4622 = EDGE_CURVE( '', #5666, #5664, #5667, .T. );
#4623 = EDGE_CURVE( '', #5349, #5666, #5668, .T. );
#4624 = EDGE_CURVE( '', #5669, #5358, #5670, .T. );
#4625 = EDGE_CURVE( '', #5671, #5669, #5672, .T. );
#4626 = EDGE_CURVE( '', #5673, #5671, #5674, .T. );
#4627 = EDGE_CURVE( '', #5532, #5673, #5675, .T. );
#4628 = EDGE_CURVE( '', #5676, #5530, #5677, .T. );
#4629 = EDGE_CURVE( '', #5463, #5676, #5678, .T. );
#4630 = FILL_AREA_STYLE( '', ( #5679 ) );
#4631 = EDGE_CURVE( '', #5680, #5681, #5682, .T. );
#4632 = EDGE_CURVE( '', #5680, #5683, #5684, .T. );
#4633 = EDGE_CURVE( '', #5683, #5685, #5686, .T. );
#4634 = EDGE_CURVE( '', #5681, #5685, #5687, .T. );
#4635 = EDGE_CURVE( '', #5688, #5555, #5689, .T. );
#4636 = EDGE_CURVE( '', #5688, #5690, #5691, .T. );
#4637 = EDGE_CURVE( '', #5690, #5557, #5692, .T. );
#4638 = FILL_AREA_STYLE( '', ( #5693 ) );
#4639 = EDGE_CURVE( '', #5694, #5695, #5696, .T. );
#4640 = EDGE_CURVE( '', #5695, #5697, #5698, .T. );
#4641 = EDGE_CURVE( '', #5697, #5699, #5700, .T. );
#4642 = EDGE_CURVE( '', #5694, #5699, #5701, .T. );
#4643 = FILL_AREA_STYLE( '', ( #5702 ) );
#4644 = EDGE_CURVE( '', #5703, #5704, #5705, .T. );
#4645 = EDGE_CURVE( '', #5383, #5704, #5706, .T. );
#4646 = EDGE_CURVE( '', #5381, #5703, #5707, .T. );
#4647 = FILL_AREA_STYLE( '', ( #5708 ) );
#4648 = EDGE_CURVE( '', #5709, #5710, #5711, .T. );
#4649 = EDGE_CURVE( '', #5710, #5712, #5713, .T. );
#4650 = EDGE_CURVE( '', #5712, #5714, #5715, .T. );
#4651 = EDGE_CURVE( '', #5709, #5714, #5716, .T. );
#4652 = FILL_AREA_STYLE( '', ( #5717 ) );
#4653 = EDGE_CURVE( '', #5718, #5719, #5720, .T. );
#4654 = EDGE_CURVE( '', #5719, #5721, #5722, .T. );
#4655 = EDGE_CURVE( '', #5721, #5723, #5724, .T. );
#4656 = EDGE_CURVE( '', #5723, #5718, #5725, .T. );
#4657 = FILL_AREA_STYLE( '', ( #5726 ) );
#4658 = EDGE_CURVE( '', #5727, #5728, #5729, .T. );
#4659 = EDGE_CURVE( '', #5730, #5728, #5731, .T. );
#4660 = EDGE_CURVE( '', #5732, #5730, #5733, .T. );
#4661 = EDGE_CURVE( '', #5732, #5727, #5734, .T. );
#4662 = FILL_AREA_STYLE( '', ( #5735 ) );
#4663 = EDGE_CURVE( '', #5310, #5474, #5736, .T. );
#4664 = FILL_AREA_STYLE( '', ( #5737 ) );
#4665 = EDGE_CURVE( '', #5738, #5601, #5739, .T. );
#4666 = EDGE_CURVE( '', #5738, #5740, #5741, .T. );
#4667 = EDGE_CURVE( '', #5740, #5603, #5742, .T. );
#4668 = FILL_AREA_STYLE( '', ( #5743 ) );
#4669 = EDGE_CURVE( '', #5744, #5745, #5746, .T. );
#4670 = EDGE_CURVE( '', #5745, #5747, #5748, .T. );
#4671 = EDGE_CURVE( '', #5747, #5749, #5750, .T. );
#4672 = EDGE_CURVE( '', #5749, #5744, #5751, .T. );
#4673 = FILL_AREA_STYLE( '', ( #5752 ) );
#4674 = EDGE_CURVE( '', #5648, #5753, #5754, .T. );
#4675 = EDGE_CURVE( '', #5755, #5753, #5756, .T. );
#4676 = EDGE_CURVE( '', #5650, #5755, #5757, .T. );
#4677 = FILL_AREA_STYLE( '', ( #5758 ) );
#4678 = EDGE_CURVE( '', #5759, #5423, #5760, .T. );
#4679 = EDGE_CURVE( '', #5761, #5425, #5762, .T. );
#4680 = EDGE_CURVE( '', #5761, #5759, #5763, .T. );
#4681 = FILL_AREA_STYLE( '', ( #5764 ) );
#4682 = EDGE_CURVE( '', #5765, #5396, #5766, .T. );
#4683 = EDGE_CURVE( '', #5767, #5401, #5768, .T. );
#4684 = EDGE_CURVE( '', #5767, #5765, #5769, .T. );
#4685 = FILL_AREA_STYLE( '', ( #5770 ) );
#4686 = EDGE_CURVE( '', #5771, #5772, #5773, .T. );
#4687 = EDGE_CURVE( '', #5772, #5774, #5775, .T. );
#4688 = EDGE_CURVE( '', #5774, #5776, #5777, .T. );
#4689 = EDGE_CURVE( '', #5771, #5776, #5778, .T. );
#4690 = FILL_AREA_STYLE( '', ( #5779 ) );
#4691 = EDGE_CURVE( '', #5780, #5781, #5782, .T. );
#4692 = EDGE_CURVE( '', #5783, #5781, #5784, .T. );
#4693 = EDGE_CURVE( '', #5785, #5783, #5786, .T. );
#4694 = EDGE_CURVE( '', #5785, #5780, #5787, .T. );
#4695 = FILL_AREA_STYLE( '', ( #5788 ) );
#4696 = EDGE_CURVE( '', #5789, #5790, #5791, .T. );
#4697 = EDGE_CURVE( '', #5792, #5790, #5793, .T. );
#4698 = EDGE_CURVE( '', #5794, #5792, #5795, .T. );
#4699 = EDGE_CURVE( '', #5794, #5789, #5796, .T. );
#4700 = FILL_AREA_STYLE( '', ( #5797 ) );
#4701 = EDGE_CURVE( '', #5798, #5577, #5799, .T. );
#4702 = EDGE_CURVE( '', #5798, #5440, #5800, .T. );
#4703 = FILL_AREA_STYLE( '', ( #5801 ) );
#4704 = EDGE_CURVE( '', #5802, #5803, #5804, .T. );
#4705 = EDGE_CURVE( '', #5805, #5803, #5806, .T. );
#4706 = EDGE_CURVE( '', #5807, #5805, #5808, .T. );
#4707 = EDGE_CURVE( '', #5807, #5802, #5809, .T. );
#4708 = FILL_AREA_STYLE( '', ( #5810 ) );
#4709 = EDGE_CURVE( '', #5811, #5812, #5813, .T. );
#4710 = EDGE_CURVE( '', #5814, #5811, #5815, .T. );
#4711 = EDGE_CURVE( '', #5372, #5814, #5816, .T. );
#4712 = EDGE_CURVE( '', #5817, #5371, #5818, .T. );
#4713 = EDGE_CURVE( '', #5819, #5817, #5820, .T. );
#4714 = EDGE_CURVE( '', #5821, #5819, #5822, .T. );
#4715 = EDGE_CURVE( '', #5821, #5823, #5824, .T. );
#4716 = EDGE_CURVE( '', #5825, #5823, #5826, .T. );
#4717 = EDGE_CURVE( '', #5825, #5812, #5827, .T. );
#4718 = FILL_AREA_STYLE( '', ( #5828 ) );
#4719 = EDGE_CURVE( '', #5829, #5819, #5830, .T. );
#4720 = EDGE_CURVE( '', #5829, #5831, #5832, .T. );
#4721 = EDGE_CURVE( '', #5831, #5821, #5833, .T. );
#4722 = FILL_AREA_STYLE( '', ( #5834 ) );
#4723 = EDGE_CURVE( '', #5526, #5835, #5836, .T. );
#4724 = EDGE_CURVE( '', #5835, #5569, #5837, .T. );
#4725 = FILL_AREA_STYLE( '', ( #5838 ) );
#4726 = EDGE_CURVE( '', #5498, #5839, #5840, .T. );
#4727 = EDGE_CURVE( '', #5841, #5839, #5842, .T. );
#4728 = EDGE_CURVE( '', #5500, #5841, #5843, .T. );
#4729 = FILL_AREA_STYLE( '', ( #5844 ) );
#4730 = EDGE_CURVE( '', #5845, #5846, #5847, .T. );
#4731 = EDGE_CURVE( '', #5638, #5845, #5848, .T. );
#4732 = EDGE_CURVE( '', #5636, #5846, #5849, .T. );
#4733 = FILL_AREA_STYLE( '', ( #5850 ) );
#4734 = EDGE_CURVE( '', #5851, #5852, #5853, .T. );
#4735 = EDGE_CURVE( '', #5851, #5854, #5855, .T. );
#4736 = EDGE_CURVE( '', #5854, #5856, #5857, .T. );
#4737 = EDGE_CURVE( '', #5852, #5856, #5858, .T. );
#4738 = FILL_AREA_STYLE( '', ( #5859 ) );
#4739 = EDGE_CURVE( '', #5846, #5315, #5860, .T. );
#4740 = FILL_AREA_STYLE( '', ( #5861 ) );
#4741 = EDGE_CURVE( '', #5862, #5863, #5864, .T. );
#4742 = EDGE_CURVE( '', #5863, #5865, #5866, .T. );
#4743 = EDGE_CURVE( '', #5865, #5867, #5868, .T. );
#4744 = EDGE_CURVE( '', #5862, #5867, #5869, .T. );
#4745 = FILL_AREA_STYLE( '', ( #5870 ) );
#4746 = EDGE_CURVE( '', #5871, #5872, #5873, .T. );
#4747 = EDGE_CURVE( '', #5871, #5874, #5875, .T. );
#4748 = EDGE_CURVE( '', #5876, #5874, #5877, .T. );
#4749 = EDGE_CURVE( '', #5876, #5872, #5878, .T. );
#4750 = FILL_AREA_STYLE( '', ( #5879 ) );
#4751 = EDGE_CURVE( '', #5880, #5593, #5881, .T. );
#4752 = EDGE_CURVE( '', #5880, #5882, #5883, .T. );
#4753 = EDGE_CURVE( '', #5882, #5594, #5884, .T. );
#4754 = FILL_AREA_STYLE( '', ( #5885 ) );
#4755 = EDGE_CURVE( '', #5886, #5340, #5887, .T. );
#4756 = EDGE_CURVE( '', #5888, #5345, #5889, .T. );
#4757 = EDGE_CURVE( '', #5888, #5886, #5890, .T. );
#4758 = FILL_AREA_STYLE( '', ( #5891 ) );
#4759 = EDGE_CURVE( '', #5892, #5683, #5893, .T. );
#4760 = EDGE_CURVE( '', #5894, #5892, #5895, .T. );
#4761 = EDGE_CURVE( '', #5803, #5894, #5896, .T. );
#4762 = EDGE_CURVE( '', #5897, #5802, #5898, .T. );
#4763 = EDGE_CURVE( '', #5899, #5897, #5900, .T. );
#4764 = EDGE_CURVE( '', #5901, #5899, #5902, .T. );
#4765 = EDGE_CURVE( '', #5903, #5901, #5904, .T. );
#4766 = EDGE_CURVE( '', #5905, #5903, #5906, .T. );
#4767 = EDGE_CURVE( '', #5907, #5905, #5908, .T. );
#4768 = EDGE_CURVE( '', #5781, #5907, #5909, .T. );
#4769 = EDGE_CURVE( '', #5780, #5910, #5911, .T. );
#4770 = EDGE_CURVE( '', #5912, #5910, #5913, .T. );
#4771 = EDGE_CURVE( '', #5288, #5912, #5914, .T. );
#4772 = EDGE_CURVE( '', #5759, #5915, #5916, .T. );
#4773 = EDGE_CURVE( '', #5917, #5915, #5918, .T. );
#4774 = EDGE_CURVE( '', #5919, #5917, #5920, .T. );
#4775 = EDGE_CURVE( '', #5921, #5919, #5922, .T. );
#4776 = EDGE_CURVE( '', #5921, #5297, #5923, .T. );
#4777 = EDGE_CURVE( '', #5790, #5296, #5924, .T. );
#4778 = EDGE_CURVE( '', #5406, #5789, #5925, .T. );
#4779 = EDGE_CURVE( '', #5405, #5926, #5927, .T. );
#4780 = EDGE_CURVE( '', #5928, #5926, #5929, .T. );
#4781 = EDGE_CURVE( '', #5685, #5928, #5930, .T. );
#4782 = FILL_AREA_STYLE( '', ( #5931 ) );
#4783 = EDGE_CURVE( '', #5932, #5327, #5933, .T. );
#4784 = EDGE_CURVE( '', #5845, #5932, #5934, .T. );
#4785 = FILL_AREA_STYLE( '', ( #5935 ) );
#4786 = EDGE_CURVE( '', #5490, #5936, #5937, .T. );
#4787 = EDGE_CURVE( '', #5938, #5936, #5939, .T. );
#4788 = EDGE_CURVE( '', #5492, #5938, #5940, .T. );
#4789 = FILL_AREA_STYLE( '', ( #5941 ) );
#4790 = EDGE_CURVE( '', #5942, #5943, #5944, .T. );
#4791 = EDGE_CURVE( '', #5943, #5494, #5945, .T. );
#4792 = EDGE_CURVE( '', #5938, #5946, #5947, .T. );
#4793 = EDGE_CURVE( '', #5946, #5942, #5948, .T. );
#4794 = FILL_AREA_STYLE( '', ( #5949 ) );
#4795 = EDGE_CURVE( '', #5611, #5950, #5951, .T. );
#4796 = EDGE_CURVE( '', #5950, #5952, #5953, .T. );
#4797 = EDGE_CURVE( '', #5613, #5952, #5954, .T. );
#4798 = FILL_AREA_STYLE( '', ( #5955 ) );
#4799 = EDGE_CURVE( '', #5851, #5956, #5957, .T. );
#4800 = EDGE_CURVE( '', #5956, #5958, #5959, .T. );
#4801 = EDGE_CURVE( '', #5958, #5854, #5960, .T. );
#4802 = FILL_AREA_STYLE( '', ( #5961 ) );
#4803 = EDGE_CURVE( '', #5962, #5496, #5963, .T. );
#4804 = EDGE_CURVE( '', #5943, #5962, #5964, .T. );
#4805 = FILL_AREA_STYLE( '', ( #5965 ) );
#4806 = EDGE_CURVE( '', #5966, #5901, #5967, .T. );
#4807 = EDGE_CURVE( '', #5968, #5966, #5969, .T. );
#4808 = EDGE_CURVE( '', #5968, #5903, #5970, .T. );
#4809 = FILL_AREA_STYLE( '', ( #5971 ) );
#4810 = EDGE_CURVE( '', #5972, #5973, #5974, .T. );
#4811 = EDGE_CURVE( '', #5973, #5975, #5976, .T. );
#4812 = EDGE_CURVE( '', #5977, #5975, #5978, .T. );
#4813 = EDGE_CURVE( '', #5977, #5972, #5979, .T. );
#4814 = FILL_AREA_STYLE( '', ( #5980 ) );
#4815 = EDGE_CURVE( '', #5981, #5732, #5982, .T. );
#4816 = EDGE_CURVE( '', #5730, #5502, #5983, .T. );
#4817 = EDGE_CURVE( '', #5841, #5981, #5984, .T. );
#4818 = FILL_AREA_STYLE( '', ( #5985 ) );
#4819 = EDGE_CURVE( '', #5690, #5986, #5987, .T. );
#4820 = EDGE_CURVE( '', #5986, #5559, #5988, .T. );
#4821 = FILL_AREA_STYLE( '', ( #5989 ) );
#4822 = EDGE_CURVE( '', #5511, #5990, #5991, .T. );
#4823 = EDGE_CURVE( '', #5990, #5608, #5992, .T. );
#4824 = FILL_AREA_STYLE( '', ( #5993 ) );
#4825 = EDGE_CURVE( '', #5994, #5995, #5996, .T. );
#4826 = EDGE_CURVE( '', #5997, #5994, #5998, .T. );
#4827 = EDGE_CURVE( '', #5997, #5999, #6000, .T. );
#4828 = EDGE_CURVE( '', #5999, #5995, #6001, .T. );
#4829 = FILL_AREA_STYLE( '', ( #6002 ) );
#4830 = EDGE_CURVE( '', #5341, #6003, #6004, .T. );
#4831 = EDGE_CURVE( '', #6005, #6003, #6006, .T. );
#4832 = EDGE_CURVE( '', #5343, #6005, #6007, .T. );
#4833 = FILL_AREA_STYLE( '', ( #6008 ) );
#4834 = EDGE_CURVE( '', #5408, #5794, #6009, .T. );
#4835 = FILL_AREA_STYLE( '', ( #6010 ) );
#4836 = EDGE_CURVE( '', #6011, #5617, #6012, .T. );
#4837 = EDGE_CURVE( '', #6013, #6011, #6014, .T. );
#4838 = EDGE_CURVE( '', #5619, #6013, #6015, .T. );
#4839 = FILL_AREA_STYLE( '', ( #6016 ) );
#4840 = EDGE_CURVE( '', #6017, #6018, #6019, .T. );
#4841 = EDGE_CURVE( '', #6017, #5973, #6020, .T. );
#4842 = EDGE_CURVE( '', #5972, #6018, #6021, .T. );
#4843 = FILL_AREA_STYLE( '', ( #6022 ) );
#4844 = EDGE_CURVE( '', #5380, #6023, #6024, .T. );
#4845 = EDGE_CURVE( '', #6023, #6025, #6026, .T. );
#4846 = EDGE_CURVE( '', #6025, #5325, #6027, .T. );
#4847 = EDGE_CURVE( '', #5323, #6028, #6029, .T. );
#4848 = EDGE_CURVE( '', #6028, #6030, #6031, .T. );
#4849 = EDGE_CURVE( '', #6030, #6032, #6033, .T. );
#4850 = EDGE_CURVE( '', #6032, #6034, #6035, .T. );
#4851 = EDGE_CURVE( '', #6034, #5356, #6036, .T. );
#4852 = EDGE_CURVE( '', #5354, #5703, #6037, .T. );
#4853 = EDGE_CURVE( '', #6038, #5727, #6039, .T. );
#4854 = EDGE_CURVE( '', #6040, #6038, #6041, .T. );
#4855 = EDGE_CURVE( '', #6042, #6040, #6043, .T. );
#4856 = EDGE_CURVE( '', #5936, #6042, #6044, .T. );
#4857 = EDGE_CURVE( '', #5728, #5489, #6045, .T. );
#4858 = EDGE_CURVE( '', #6046, #5308, #6047, .T. );
#4859 = EDGE_CURVE( '', #5392, #6046, #6048, .T. );
#4860 = EDGE_CURVE( '', #6049, #5390, #6050, .T. );
#4861 = EDGE_CURVE( '', #6051, #6049, #6052, .T. );
#4862 = EDGE_CURVE( '', #5986, #6051, #6053, .T. );
#4863 = EDGE_CURVE( '', #5476, #5688, #6054, .T. );
#4864 = EDGE_CURVE( '', #6055, #5524, #6056, .T. );
#4865 = EDGE_CURVE( '', #6057, #6055, #6058, .T. );
#4866 = EDGE_CURVE( '', #5434, #6057, #6059, .T. );
#4867 = EDGE_CURVE( '', #6060, #5798, #6061, .T. );
#4868 = EDGE_CURVE( '', #6062, #6060, #6063, .T. );
#4869 = EDGE_CURVE( '', #6064, #6062, #6065, .T. );
#4870 = EDGE_CURVE( '', #5835, #6064, #6066, .T. );
#4871 = FILL_AREA_STYLE( '', ( #6067 ) );
#4872 = EDGE_CURVE( '', #5415, #6068, #6069, .T. );
#4873 = EDGE_CURVE( '', #6070, #5414, #6071, .T. );
#4874 = EDGE_CURVE( '', #6003, #6070, #6072, .T. );
#4875 = EDGE_CURVE( '', #6073, #5886, #6074, .T. );
#4876 = EDGE_CURVE( '', #6075, #6073, #6076, .T. );
#4877 = EDGE_CURVE( '', #6077, #6075, #6078, .T. );
#4878 = EDGE_CURVE( '', #6079, #6077, #6080, .T. );
#4879 = EDGE_CURVE( '', #6081, #6079, #6082, .T. );
#4880 = EDGE_CURVE( '', #6081, #6083, #6084, .T. );
#4881 = EDGE_CURVE( '', #6085, #6083, #6086, .T. );
#4882 = EDGE_CURVE( '', #6087, #6085, #6088, .T. );
#4883 = EDGE_CURVE( '', #6089, #6087, #6090, .T. );
#4884 = EDGE_CURVE( '', #6091, #6089, #6092, .T. );
#4885 = EDGE_CURVE( '', #5362, #6091, #6093, .T. );
#4886 = EDGE_CURVE( '', #5397, #5363, #6094, .T. );
#4887 = EDGE_CURVE( '', #5765, #5515, #6095, .T. );
#4888 = EDGE_CURVE( '', #6096, #5453, #6097, .T. );
#4889 = EDGE_CURVE( '', #6098, #6096, #6099, .T. );
#4890 = EDGE_CURVE( '', #6100, #6098, #6101, .T. );
#4891 = EDGE_CURVE( '', #6100, #6102, #6103, .T. );
#4892 = EDGE_CURVE( '', #6104, #6102, #6105, .T. );
#4893 = EDGE_CURVE( '', #6106, #6104, #6107, .T. );
#4894 = EDGE_CURVE( '', #6068, #6106, #6108, .T. );
#4895 = FILL_AREA_STYLE( '', ( #6109 ) );
#4896 = EDGE_CURVE( '', #6110, #6091, #6111, .T. );
#4897 = EDGE_CURVE( '', #5365, #6110, #6112, .T. );
#4898 = FILL_AREA_STYLE( '', ( #6113 ) );
#4899 = EDGE_CURVE( '', #5785, #6114, #6115, .T. );
#4900 = EDGE_CURVE( '', #6114, #5910, #6116, .T. );
#4901 = FILL_AREA_STYLE( '', ( #6117 ) );
#4902 = EDGE_CURVE( '', #5981, #6038, #6118, .T. );
#4903 = FILL_AREA_STYLE( '', ( #6119 ) );
#4904 = EDGE_CURVE( '', #5767, #5517, #6120, .T. );
#4905 = FILL_AREA_STYLE( '', ( #6121 ) );
#4906 = EDGE_CURVE( '', #5774, #5723, #6122, .T. );
#4907 = EDGE_CURVE( '', #5718, #5772, #6123, .T. );
#4908 = FILL_AREA_STYLE( '', ( #6124 ) );
#4909 = EDGE_CURVE( '', #6034, #5669, #6125, .T. );
#4910 = FILL_AREA_STYLE( '', ( #6126 ) );
#4911 = EDGE_CURVE( '', #5714, #6127, #6128, .T. );
#4912 = EDGE_CURVE( '', #6127, #6129, #6130, .T. );
#4913 = EDGE_CURVE( '', #6129, #5709, #6131, .T. );
#4914 = FILL_AREA_STYLE( '', ( #6132 ) );
#4915 = EDGE_CURVE( '', #6133, #5419, #6134, .T. );
#4916 = EDGE_CURVE( '', #6133, #6070, #6135, .T. );
#4917 = FILL_AREA_STYLE( '', ( #6136 ) );
#4918 = EDGE_CURVE( '', #6137, #6138, #6139, .T. );
#4919 = EDGE_CURVE( '', #5666, #6137, #6140, .T. );
#4920 = EDGE_CURVE( '', #5664, #6138, #6141, .T. );
#4921 = FILL_AREA_STYLE( '', ( #6142 ) );
#4922 = EDGE_CURVE( '', #5745, #6143, #6144, .T. );
#4923 = EDGE_CURVE( '', #6143, #6145, #6146, .T. );
#4924 = EDGE_CURVE( '', #6145, #5747, #6147, .T. );
#4925 = FILL_AREA_STYLE( '', ( #6148 ) );
#4926 = EDGE_CURVE( '', #6149, #6150, #6151, .T. );
#4927 = EDGE_CURVE( '', #6149, #5694, #6152, .T. );
#4928 = EDGE_CURVE( '', #6150, #5699, #6153, .T. );
#4929 = FILL_AREA_STYLE( '', ( #6154 ) );
#4930 = EDGE_CURVE( '', #6155, #6098, #6156, .T. );
#4931 = EDGE_CURVE( '', #6157, #6155, #6158, .T. );
#4932 = EDGE_CURVE( '', #6157, #6100, #6159, .T. );
#4933 = FILL_AREA_STYLE( '', ( #6160 ) );
#4934 = EDGE_CURVE( '', #6060, #5575, #6161, .T. );
#4935 = FILL_AREA_STYLE( '', ( #6162 ) );
#4936 = EDGE_CURVE( '', #5999, #5625, #6163, .T. );
#4937 = EDGE_CURVE( '', #5627, #5997, #6164, .T. );
#4938 = FILL_AREA_STYLE( '', ( #6165 ) );
#4939 = EDGE_CURVE( '', #6166, #5811, #6167, .T. );
#4940 = EDGE_CURVE( '', #6166, #6168, #6169, .T. );
#4941 = EDGE_CURVE( '', #6168, #5814, #6170, .T. );
#4942 = FILL_AREA_STYLE( '', ( #6171 ) );
#4943 = EDGE_CURVE( '', #6172, #6068, #6173, .T. );
#4944 = EDGE_CURVE( '', #5417, #6172, #6174, .T. );
#4945 = FILL_AREA_STYLE( '', ( #6175 ) );
#4946 = EDGE_CURVE( '', #6176, #5615, #6177, .T. );
#4947 = EDGE_CURVE( '', #6011, #6176, #6178, .T. );
#4948 = FILL_AREA_STYLE( '', ( #6179 ) );
#4949 = EDGE_CURVE( '', #6180, #5585, #6181, .T. );
#4950 = EDGE_CURVE( '', #6180, #6182, #6183, .T. );
#4951 = EDGE_CURVE( '', #6182, #5586, #6184, .T. );
#4952 = FILL_AREA_STYLE( '', ( #6185 ) );
#4953 = EDGE_CURVE( '', #6057, #5580, #6186, .T. );
#4954 = FILL_AREA_STYLE( '', ( #6187 ) );
#4955 = EDGE_CURVE( '', #6030, #5673, #6188, .T. );
#4956 = EDGE_CURVE( '', #6032, #5671, #6189, .T. );
#4957 = FILL_AREA_STYLE( '', ( #6190 ) );
#4958 = EDGE_CURVE( '', #6191, #6017, #6192, .T. );
#4959 = EDGE_CURVE( '', #6191, #5975, #6193, .T. );
#4960 = EDGE_CURVE( '', #5550, #6145, #6194, .T. );
#4961 = EDGE_CURVE( '', #6127, #5548, #6195, .T. );
#4962 = EDGE_CURVE( '', #5712, #6196, #6197, .T. );
#4963 = EDGE_CURVE( '', #6198, #6196, #6199, .T. );
#4964 = EDGE_CURVE( '', #6198, #5749, #6200, .T. );
#4965 = FILL_AREA_STYLE( '', ( #6201 ) );
#4966 = EDGE_CURVE( '', #6202, #6203, #6204, .T. );
#4967 = EDGE_CURVE( '', #6202, #6205, #6206, .T. );
#4968 = EDGE_CURVE( '', #6207, #6205, #6208, .T. );
#4969 = EDGE_CURVE( '', #6203, #6207, #6209, .T. );
#4970 = EDGE_CURVE( '', #5480, #5695, #6210, .T. );
#4971 = EDGE_CURVE( '', #6211, #6149, #6212, .T. );
#4972 = EDGE_CURVE( '', #6213, #6211, #6214, .T. );
#4973 = EDGE_CURVE( '', #6215, #6213, #6216, .T. );
#4974 = EDGE_CURVE( '', #6217, #6215, #6218, .T. );
#4975 = EDGE_CURVE( '', #6217, #6219, #6220, .T. );
#4976 = EDGE_CURVE( '', #5481, #6219, #6221, .T. );
#4977 = FILL_AREA_STYLE( '', ( #6222 ) );
#4978 = EDGE_CURVE( '', #6203, #6223, #6224, .T. );
#4979 = EDGE_CURVE( '', #6223, #6225, #6226, .T. );
#4980 = EDGE_CURVE( '', #6202, #6225, #6227, .T. );
#4981 = FILL_AREA_STYLE( '', ( #6228 ) );
#4982 = EDGE_CURVE( '', #6028, #5336, #6229, .T. );
#4983 = FILL_AREA_STYLE( '', ( #6230 ) );
#4984 = EDGE_CURVE( '', #5871, #6231, #6232, .T. );
#4985 = EDGE_CURVE( '', #6231, #6233, #6234, .T. );
#4986 = EDGE_CURVE( '', #6233, #5874, #6235, .T. );
#4987 = FILL_AREA_STYLE( '', ( #6236 ) );
#4988 = EDGE_CURVE( '', #6237, #6085, #6238, .T. );
#4989 = EDGE_CURVE( '', #6239, #6237, #6240, .T. );
#4990 = EDGE_CURVE( '', #6239, #6087, #6241, .T. );
#4991 = FILL_AREA_STYLE( '', ( #6242 ) );
#4992 = EDGE_CURVE( '', #6064, #5571, #6243, .T. );
#4993 = FILL_AREA_STYLE( '', ( #6244 ) );
#4994 = EDGE_CURVE( '', #5719, #5852, #6245, .T. );
#4995 = EDGE_CURVE( '', #5856, #5721, #6246, .T. );
#4996 = FILL_AREA_STYLE( '', ( #6247 ) );
#4997 = EDGE_CURVE( '', #6150, #6248, #6249, .T. );
#4998 = EDGE_CURVE( '', #6211, #6248, #6250, .T. );
#4999 = FILL_AREA_STYLE( '', ( #6251 ) );
#5000 = EDGE_CURVE( '', #6215, #6252, #6253, .T. );
#5001 = EDGE_CURVE( '', #6252, #6254, #6255, .T. );
#5002 = EDGE_CURVE( '', #6217, #6254, #6256, .T. );
#5003 = FILL_AREA_STYLE( '', ( #6257 ) );
#5004 = EDGE_CURVE( '', #5704, #6023, #6258, .T. );
#5005 = EDGE_CURVE( '', #5352, #6138, #6259, .T. );
#5006 = EDGE_CURVE( '', #6260, #5662, #6261, .T. );
#5007 = EDGE_CURVE( '', #6262, #6260, #6263, .T. );
#5008 = EDGE_CURVE( '', #5656, #6262, #6264, .T. );
#5009 = EDGE_CURVE( '', #6265, #5654, #6266, .T. );
#5010 = EDGE_CURVE( '', #5753, #6265, #6267, .T. );
#5011 = EDGE_CURVE( '', #5445, #5646, #6268, .T. );
#5012 = EDGE_CURVE( '', #5640, #5444, #6269, .T. );
#5013 = EDGE_CURVE( '', #6025, #5932, #6270, .T. );
#5014 = FILL_AREA_STYLE( '', ( #6271 ) );
#5015 = EDGE_CURVE( '', #5761, #6272, #6273, .T. );
#5016 = EDGE_CURVE( '', #6272, #5915, #6274, .T. );
#5017 = FILL_AREA_STYLE( '', ( #6275 ) );
#5018 = EDGE_CURVE( '', #6276, #5606, #6277, .T. );
#5019 = EDGE_CURVE( '', #6276, #5509, #6278, .T. );
#5020 = FILL_AREA_STYLE( '', ( #6279 ) );
#5021 = EDGE_CURVE( '', #5546, #6129, #6280, .T. );
#5022 = FILL_AREA_STYLE( '', ( #6281 ) );
#5023 = EDGE_CURVE( '', #6282, #5680, #6283, .T. );
#5024 = EDGE_CURVE( '', #6282, #5892, #6284, .T. );
#5025 = FILL_AREA_STYLE( '', ( #6285 ) );
#5026 = EDGE_CURVE( '', #6286, #5458, #6287, .T. );
#5027 = EDGE_CURVE( '', #6286, #6096, #6288, .T. );
#5028 = FILL_AREA_STYLE( '', ( #6289 ) );
#5029 = EDGE_CURVE( '', #6290, #6176, #6291, .T. );
#5030 = EDGE_CURVE( '', #6013, #6290, #6292, .T. );
#5031 = FILL_AREA_STYLE( '', ( #6293 ) );
#5032 = EDGE_CURVE( '', #6294, #6089, #6295, .T. );
#5033 = EDGE_CURVE( '', #6110, #6294, #6296, .T. );
#5034 = FILL_AREA_STYLE( '', ( #6297 ) );
#5035 = EDGE_CURVE( '', #6298, #6262, #6299, .T. );
#5036 = EDGE_CURVE( '', #5658, #6298, #6300, .T. );
#5037 = FILL_AREA_STYLE( '', ( #6301 ) );
#5038 = EDGE_CURVE( '', #6302, #5897, #6303, .T. );
#5039 = EDGE_CURVE( '', #6304, #6302, #6305, .T. );
#5040 = EDGE_CURVE( '', #6304, #5899, #6306, .T. );
#5041 = FILL_AREA_STYLE( '', ( #6307 ) );
#5042 = EDGE_CURVE( '', #6308, #6309, #6310, .T. );
#5043 = EDGE_CURVE( '', #6308, #6225, #6311, .T. );
#5044 = EDGE_CURVE( '', #6309, #6223, #6312, .T. );
#5045 = EDGE_CURVE( '', #6313, #5958, #6314, .T. );
#5046 = EDGE_CURVE( '', #5867, #6313, #6315, .T. );
#5047 = EDGE_CURVE( '', #5865, #5776, #6316, .T. );
#5048 = FILL_AREA_STYLE( '', ( #6317 ) );
#5049 = EDGE_CURVE( '', #6318, #6319, #6320, .T. );
#5050 = EDGE_CURVE( '', #6318, #6077, #6321, .T. );
#5051 = EDGE_CURVE( '', #6319, #6075, #6322, .T. );
#5052 = EDGE_CURVE( '', #6055, #5582, #6323, .T. );
#5053 = FILL_AREA_STYLE( '', ( #6324 ) );
#5054 = EDGE_CURVE( '', #6325, #5888, #6326, .T. );
#5055 = EDGE_CURVE( '', #6325, #6073, #6327, .T. );
#5056 = FILL_AREA_STYLE( '', ( #6328 ) );
#5057 = EDGE_CURVE( '', #6329, #5894, #6330, .T. );
#5058 = EDGE_CURVE( '', #5805, #6329, #6331, .T. );
#5059 = FILL_AREA_STYLE( '', ( #6332 ) );
#5060 = EDGE_CURVE( '', #5376, #6333, #6334, .T. );
#5061 = EDGE_CURVE( '', #5817, #6333, #6335, .T. );
#5062 = FILL_AREA_STYLE( '', ( #6336 ) );
#5063 = EDGE_CURVE( '', #5882, #6337, #6338, .T. );
#5064 = EDGE_CURVE( '', #6337, #5596, #6339, .T. );
#5065 = FILL_AREA_STYLE( '', ( #6340 ) );
#5066 = EDGE_CURVE( '', #5350, #6137, #6341, .T. );
#5067 = FILL_AREA_STYLE( '', ( #6342 ) );
#5068 = EDGE_CURVE( '', #6343, #5968, #6344, .T. );
#5069 = EDGE_CURVE( '', #6343, #5905, #6345, .T. );
#5070 = FILL_AREA_STYLE( '', ( #6346 ) );
#5071 = EDGE_CURVE( '', #5942, #6040, #6347, .T. );
#5072 = EDGE_CURVE( '', #5946, #6042, #6348, .T. );
#5073 = FILL_AREA_STYLE( '', ( #6349 ) );
#5074 = EDGE_CURVE( '', #6309, #6207, #6350, .T. );
#5075 = FILL_AREA_STYLE( '', ( #6351 ) );
#5076 = FILL_AREA_STYLE( '', ( #6352 ) );
#5077 = FILL_AREA_STYLE( '', ( #6353 ) );
#5078 = EDGE_CURVE( '', #6294, #6239, #6354, .T. );
#5079 = FILL_AREA_STYLE( '', ( #6355 ) );
#5080 = EDGE_CURVE( '', #6356, #6079, #6357, .T. );
#5081 = EDGE_CURVE( '', #6358, #6356, #6359, .T. );
#5082 = EDGE_CURVE( '', #6358, #6081, #6360, .T. );
#5083 = FILL_AREA_STYLE( '', ( #6361 ) );
#5084 = EDGE_CURVE( '', #6254, #6362, #6363, .T. );
#5085 = EDGE_CURVE( '', #6219, #6362, #6364, .T. );
#5086 = FILL_AREA_STYLE( '', ( #6365 ) );
#5087 = EDGE_CURVE( '', #5755, #6366, #6367, .T. );
#5088 = EDGE_CURVE( '', #6366, #5652, #6368, .T. );
#5089 = FILL_AREA_STYLE( '', ( #6369 ) );
#5090 = EDGE_CURVE( '', #5831, #6370, #6371, .T. );
#5091 = EDGE_CURVE( '', #5823, #6370, #6372, .T. );
#5092 = FILL_AREA_STYLE( '', ( #6373 ) );
#5093 = EDGE_CURVE( '', #5621, #6290, #6374, .T. );
#5094 = FILL_AREA_STYLE( '', ( #6375 ) );
#5095 = EDGE_CURVE( '', #6376, #5919, #6377, .T. );
#5096 = EDGE_CURVE( '', #6378, #6376, #6379, .T. );
#5097 = EDGE_CURVE( '', #6378, #5921, #6380, .T. );
#5098 = FILL_AREA_STYLE( '', ( #6381 ) );
#5099 = EDGE_CURVE( '', #5319, #6382, #6383, .T. );
#5100 = EDGE_CURVE( '', #5633, #6382, #6384, .T. );
#5101 = FILL_AREA_STYLE( '', ( #6385 ) );
#5102 = EDGE_CURVE( '', #6386, #5928, #6387, .T. );
#5103 = EDGE_CURVE( '', #5681, #6386, #6388, .T. );
#5104 = FILL_AREA_STYLE( '', ( #6389 ) );
#5105 = EDGE_CURVE( '', #6356, #6318, #6390, .T. );
#5106 = FILL_AREA_STYLE( '', ( #6391 ) );
#5107 = EDGE_CURVE( '', #5676, #5331, #6392, .T. );
#5108 = FILL_AREA_STYLE( '', ( #6393 ) );
#5109 = EDGE_CURVE( '', #6394, #5907, #6395, .T. );
#5110 = EDGE_CURVE( '', #5783, #6394, #6396, .T. );
#5111 = FILL_AREA_STYLE( '', ( #6397 ) );
#5112 = EDGE_CURVE( '', #6398, #6213, #6399, .T. );
#5113 = EDGE_CURVE( '', #6398, #6252, #6400, .T. );
#5114 = FILL_AREA_STYLE( '', ( #6401 ) );
#5115 = EDGE_CURVE( '', #5399, #5367, #6402, .T. );
#5116 = FILL_AREA_STYLE( '', ( #6403 ) );
#5117 = EDGE_CURVE( '', #5629, #5994, #6404, .T. );
#5118 = EDGE_CURVE( '', #5995, #5623, #6405, .T. );
#5119 = EDGE_CURVE( '', #5952, #5465, #6406, .T. );
#5120 = EDGE_CURVE( '', #5321, #6407, #6408, .T. );
#5121 = EDGE_CURVE( '', #5631, #6407, #6409, .T. );
#5122 = FILL_AREA_STYLE( '', ( #6410 ) );
#5123 = FILL_AREA_STYLE( '', ( #6411 ) );
#5124 = EDGE_CURVE( '', #6412, #5588, #6413, .T. );
#5125 = EDGE_CURVE( '', #6412, #6414, #6415, .T. );
#5126 = EDGE_CURVE( '', #6414, #5590, #6416, .T. );
#5127 = FILL_AREA_STYLE( '', ( #6417 ) );
#5128 = EDGE_CURVE( '', #6329, #6282, #6418, .T. );
#5129 = FILL_AREA_STYLE( '', ( #6419 ) );
#5130 = EDGE_CURVE( '', #6420, #5872, #6421, .T. );
#5131 = EDGE_CURVE( '', #6231, #6420, #6422, .T. );
#5132 = EDGE_CURVE( '', #6362, #5483, #6423, .T. );
#5133 = EDGE_CURVE( '', #6248, #6398, #6424, .T. );
#5134 = EDGE_CURVE( '', #5697, #5485, #6425, .T. );
#5135 = FILL_AREA_STYLE( '', ( #6426 ) );
#5136 = EDGE_CURVE( '', #6046, #5566, #6427, .T. );
#5137 = FILL_AREA_STYLE( '', ( #6428 ) );
#5138 = EDGE_CURVE( '', #6062, #5573, #6429, .T. );
#5139 = FILL_AREA_STYLE( '', ( #6430 ) );
#5140 = FILL_AREA_STYLE( '', ( #6431 ) );
#5141 = FILL_AREA_STYLE( '', ( #6432 ) );
#5142 = EDGE_CURVE( '', #5812, #6433, #6434, .T. );
#5143 = EDGE_CURVE( '', #6435, #5825, #6436, .T. );
#5144 = EDGE_CURVE( '', #6433, #6435, #6437, .T. );
#5145 = FILL_AREA_STYLE( '', ( #6438 ) );
#5146 = EDGE_CURVE( '', #6382, #6407, #6439, .T. );
#5147 = FILL_AREA_STYLE( '', ( #6440 ) );
#5148 = EDGE_CURVE( '', #6441, #6102, #6442, .T. );
#5149 = EDGE_CURVE( '', #6443, #6441, #6444, .T. );
#5150 = EDGE_CURVE( '', #6443, #6104, #6445, .T. );
#5151 = FILL_AREA_STYLE( '', ( #6446 ) );
#5152 = EDGE_CURVE( '', #6157, #6441, #6447, .T. );
#5153 = FILL_AREA_STYLE( '', ( #6448 ) );
#5154 = EDGE_CURVE( '', #6313, #6449, #6450, .T. );
#5155 = EDGE_CURVE( '', #6449, #5862, #6451, .T. );
#5156 = FILL_AREA_STYLE( '', ( #6452 ) );
#5157 = FILL_AREA_STYLE( '', ( #6453 ) );
#5158 = EDGE_CURVE( '', #6454, #5926, #6455, .T. );
#5159 = EDGE_CURVE( '', #6386, #6454, #6456, .T. );
#5160 = FILL_AREA_STYLE( '', ( #6457 ) );
#5161 = EDGE_CURVE( '', #6308, #6205, #6458, .T. );
#5162 = FILL_AREA_STYLE( '', ( #6459 ) );
#5163 = EDGE_CURVE( '', #6370, #6435, #6460, .T. );
#5164 = FILL_AREA_STYLE( '', ( #6461 ) );
#5165 = EDGE_CURVE( '', #6462, #5598, #6463, .T. );
#5166 = EDGE_CURVE( '', #6462, #5880, #6464, .T. );
#5167 = FILL_AREA_STYLE( '', ( #6465 ) );
#5168 = EDGE_CURVE( '', #6433, #6166, #6466, .T. );
#5169 = FILL_AREA_STYLE( '', ( #6467 ) );
#5170 = EDGE_CURVE( '', #6468, #6083, #6469, .T. );
#5171 = EDGE_CURVE( '', #6237, #6468, #6470, .T. );
#5172 = FILL_AREA_STYLE( '', ( #6471 ) );
#5173 = EDGE_CURVE( '', #6472, #6114, #6473, .T. );
#5174 = EDGE_CURVE( '', #6472, #5912, #6474, .T. );
#5175 = FILL_AREA_STYLE( '', ( #6475 ) );
#5176 = EDGE_CURVE( '', #5740, #5539, #6476, .T. );
#5177 = FILL_AREA_STYLE( '', ( #6477 ) );
#5178 = EDGE_CURVE( '', #6414, #6180, #6478, .T. );
#5179 = FILL_AREA_STYLE( '', ( #6479 ) );
#5180 = EDGE_CURVE( '', #6051, #5561, #6480, .T. );
#5181 = FILL_AREA_STYLE( '', ( #6481 ) );
#5182 = EDGE_CURVE( '', #6143, #5545, #6482, .T. );
#5183 = FILL_AREA_STYLE( '', ( #6483 ) );
#5184 = EDGE_CURVE( '', #6172, #6484, #6485, .T. );
#5185 = EDGE_CURVE( '', #6484, #6106, #6486, .T. );
#5186 = FILL_AREA_STYLE( '', ( #6487 ) );
#5187 = EDGE_CURVE( '', #6333, #5829, #6488, .T. );
#5188 = FILL_AREA_STYLE( '', ( #6489 ) );
#5189 = EDGE_CURVE( '', #5642, #5449, #6490, .T. );
#5190 = EDGE_CURVE( '', #5447, #5644, #6491, .T. );
#5191 = FILL_AREA_STYLE( '', ( #6492 ) );
#5192 = FILL_AREA_STYLE( '', ( #6493 ) );
#5193 = EDGE_CURVE( '', #5410, #6454, #6494, .T. );
#5194 = FILL_AREA_STYLE( '', ( #6495 ) );
#5195 = EDGE_CURVE( '', #6394, #6343, #6496, .T. );
#5196 = FILL_AREA_STYLE( '', ( #6497 ) );
#5197 = EDGE_CURVE( '', #5990, #6276, #6498, .T. );
#5198 = FILL_AREA_STYLE( '', ( #6499 ) );
#5199 = EDGE_CURVE( '', #6500, #6272, #6501, .T. );
#5200 = EDGE_CURVE( '', #6500, #5917, #6502, .T. );
#5201 = FILL_AREA_STYLE( '', ( #6503 ) );
#5202 = EDGE_CURVE( '', #6298, #6504, #6505, .T. );
#5203 = EDGE_CURVE( '', #6504, #5660, #6506, .T. );
#5204 = FILL_AREA_STYLE( '', ( #6507 ) );
#5205 = EDGE_CURVE( '', #6337, #6462, #6508, .T. );
#5206 = FILL_AREA_STYLE( '', ( #6509 ) );
#5207 = EDGE_CURVE( '', #6005, #6133, #6510, .T. );
#5208 = FILL_AREA_STYLE( '', ( #6511 ) );
#5209 = FILL_AREA_STYLE( '', ( #6512 ) );
#5210 = EDGE_CURVE( '', #6366, #6265, #6513, .T. );
#5211 = FILL_AREA_STYLE( '', ( #6514 ) );
#5212 = EDGE_CURVE( '', #5962, #5839, #6515, .T. );
#5213 = EDGE_CURVE( '', #5541, #5738, #6516, .T. );
#5214 = EDGE_CURVE( '', #6182, #6412, #6517, .T. );
#5215 = FILL_AREA_STYLE( '', ( #6518 ) );
#5216 = FILL_AREA_STYLE( '', ( #6519 ) );
#5217 = EDGE_CURVE( '', #6049, #5563, #6520, .T. );
#5218 = FILL_AREA_STYLE( '', ( #6521 ) );
#5219 = EDGE_CURVE( '', #6522, #6523, #6524, .T. );
#5220 = EDGE_CURVE( '', #6523, #6198, #6525, .T. );
#5221 = EDGE_CURVE( '', #6522, #6196, #6526, .T. );
#5222 = FILL_AREA_STYLE( '', ( #6527 ) );
#5223 = FILL_AREA_STYLE( '', ( #6528 ) );
#5224 = EDGE_CURVE( '', #5792, #5301, #6529, .T. );
#5225 = EDGE_CURVE( '', #6378, #5299, #6530, .T. );
#5226 = EDGE_CURVE( '', #6376, #6500, #6531, .T. );
#5227 = EDGE_CURVE( '', #5290, #6472, #6532, .T. );
#5228 = EDGE_CURVE( '', #5966, #6304, #6533, .T. );
#5229 = EDGE_CURVE( '', #6302, #5807, #6534, .T. );
#5230 = FILL_AREA_STYLE( '', ( #6535 ) );
#5231 = FILL_AREA_STYLE( '', ( #6536 ) );
#5232 = EDGE_CURVE( '', #5977, #6537, #6538, .T. );
#5233 = EDGE_CURVE( '', #6018, #6537, #6539, .T. );
#5234 = EDGE_CURVE( '', #5863, #5771, #6540, .T. );
#5235 = EDGE_CURVE( '', #5956, #6449, #6541, .T. );
#5236 = FILL_AREA_STYLE( '', ( #6542 ) );
#5237 = EDGE_CURVE( '', #5374, #6168, #6543, .T. );
#5238 = FILL_AREA_STYLE( '', ( #6544 ) );
#5239 = FILL_AREA_STYLE( '', ( #6545 ) );
#5240 = FILL_AREA_STYLE( '', ( #6546 ) );
#5241 = EDGE_CURVE( '', #6547, #6420, #6548, .T. );
#5242 = EDGE_CURVE( '', #5876, #6547, #6549, .T. );
#5243 = FILL_AREA_STYLE( '', ( #6550 ) );
#5244 = EDGE_CURVE( '', #5950, #5467, #6551, .T. );
#5245 = FILL_AREA_STYLE( '', ( #6552 ) );
#5246 = EDGE_CURVE( '', #5710, #6522, #6553, .T. );
#5247 = FILL_AREA_STYLE( '', ( #6554 ) );
#5248 = EDGE_CURVE( '', #6191, #6537, #6555, .T. );
#5249 = FILL_AREA_STYLE( '', ( #6556 ) );
#5250 = EDGE_CURVE( '', #5744, #6523, #6557, .T. );
#5251 = FILL_AREA_STYLE( '', ( #6558 ) );
#5252 = EDGE_CURVE( '', #6547, #6233, #6559, .T. );
#5253 = FILL_AREA_STYLE( '', ( #6560 ) );
#5254 = FILL_AREA_STYLE( '', ( #6561 ) );
#5255 = FILL_AREA_STYLE( '', ( #6562 ) );
#5256 = FILL_AREA_STYLE( '', ( #6563 ) );
#5257 = FILL_AREA_STYLE( '', ( #6564 ) );
#5258 = EDGE_CURVE( '', #6484, #6443, #6565, .T. );
#5259 = EDGE_CURVE( '', #6155, #6286, #6566, .T. );
#5260 = EDGE_CURVE( '', #6358, #6468, #6567, .T. );
#5261 = EDGE_CURVE( '', #6319, #6325, #6568, .T. );
#5262 = FILL_AREA_STYLE( '', ( #6569 ) );
#5263 = EDGE_CURVE( '', #6504, #6260, #6570, .T. );
#5264 = FILL_AREA_STYLE( '', ( #6571 ) );
#5265 = FILL_AREA_STYLE( '', ( #6572 ) );
#5266 = FILL_AREA_STYLE( '', ( #6573 ) );
#5267 = FILL_AREA_STYLE( '', ( #6574 ) );
#5268 = FILL_AREA_STYLE( '', ( #6575 ) );
#5269 = FILL_AREA_STYLE( '', ( #6576 ) );
#5270 = FILL_AREA_STYLE( '', ( #6577 ) );
#5271 = FILL_AREA_STYLE( '', ( #6578 ) );
#5272 = FILL_AREA_STYLE( '', ( #6579 ) );
#5273 = FILL_AREA_STYLE( '', ( #6580 ) );
#5274 = FILL_AREA_STYLE( '', ( #6581 ) );
#5275 = FILL_AREA_STYLE( '', ( #6582 ) );
#5276 = FILL_AREA_STYLE( '', ( #6583 ) );
#5277 = FILL_AREA_STYLE( '', ( #6584 ) );
#5278 = FILL_AREA_STYLE( '', ( #6585 ) );
#5279 = FILL_AREA_STYLE( '', ( #6586 ) );
#5280 = FILL_AREA_STYLE( '', ( #6587 ) );
#5281 = FILL_AREA_STYLE( '', ( #6588 ) );
#5282 = FILL_AREA_STYLE( '', ( #6589 ) );
#5283 = FILL_AREA_STYLE( '', ( #6590 ) );
#5284 = FILL_AREA_STYLE( '', ( #6591 ) );
#5285 = FILL_AREA_STYLE( '', ( #6592 ) );
#5286 = FILL_AREA_STYLE_COLOUR( '', #6593 );
#5287 = VERTEX_POINT( '', #6594 );
#5288 = VERTEX_POINT( '', #6595 );
#5289 = LINE( '', #6596, #6597 );
#5290 = VERTEX_POINT( '', #6598 );
#5291 = LINE( '', #6599, #6600 );
#5292 = VERTEX_POINT( '', #6601 );
#5293 = LINE( '', #6602, #6603 );
#5294 = LINE( '', #6604, #6605 );
#5295 = FILL_AREA_STYLE_COLOUR( '', #6606 );
#5296 = VERTEX_POINT( '', #6607 );
#5297 = VERTEX_POINT( '', #6608 );
#5298 = LINE( '', #6609, #6610 );
#5299 = VERTEX_POINT( '', #6611 );
#5300 = LINE( '', #6612, #6613 );
#5301 = VERTEX_POINT( '', #6614 );
#5302 = LINE( '', #6615, #6616 );
#5303 = LINE( '', #6617, #6618 );
#5304 = FILL_AREA_STYLE_COLOUR( '', #6619 );
#5305 = VERTEX_POINT( '', #6620 );
#5306 = VERTEX_POINT( '', #6621 );
#5307 = LINE( '', #6622, #6623 );
#5308 = VERTEX_POINT( '', #6624 );
#5309 = LINE( '', #6625, #6626 );
#5310 = VERTEX_POINT( '', #6627 );
#5311 = LINE( '', #6628, #6629 );
#5312 = LINE( '', #6630, #6631 );
#5313 = FILL_AREA_STYLE_COLOUR( '', #6632 );
#5314 = VERTEX_POINT( '', #6633 );
#5315 = VERTEX_POINT( '', #6634 );
#5316 = LINE( '', #6635, #6636 );
#5317 = VERTEX_POINT( '', #6637 );
#5318 = LINE( '', #6638, #6639 );
#5319 = VERTEX_POINT( '', #6640 );
#5320 = LINE( '', #6641, #6642 );
#5321 = VERTEX_POINT( '', #6643 );
#5322 = LINE( '', #6644, #6645 );
#5323 = VERTEX_POINT( '', #6646 );
#5324 = LINE( '', #6647, #6648 );
#5325 = VERTEX_POINT( '', #6649 );
#5326 = LINE( '', #6650, #6651 );
#5327 = VERTEX_POINT( '', #6652 );
#5328 = LINE( '', #6653, #6654 );
#5329 = LINE( '', #6655, #6656 );
#5330 = FILL_AREA_STYLE_COLOUR( '', #6657 );
#5331 = VERTEX_POINT( '', #6658 );
#5332 = VERTEX_POINT( '', #6659 );
#5333 = LINE( '', #6660, #6661 );
#5334 = VERTEX_POINT( '', #6662 );
#5335 = LINE( '', #6663, #6664 );
#5336 = VERTEX_POINT( '', #6665 );
#5337 = LINE( '', #6666, #6667 );
#5338 = LINE( '', #6668, #6669 );
#5339 = FILL_AREA_STYLE_COLOUR( '', #6670 );
#5340 = VERTEX_POINT( '', #6671 );
#5341 = VERTEX_POINT( '', #6672 );
#5342 = LINE( '', #6673, #6674 );
#5343 = VERTEX_POINT( '', #6675 );
#5344 = LINE( '', #6676, #6677 );
#5345 = VERTEX_POINT( '', #6678 );
#5346 = LINE( '', #6679, #6680 );
#5347 = LINE( '', #6681, #6682 );
#5348 = FILL_AREA_STYLE_COLOUR( '', #6683 );
#5349 = VERTEX_POINT( '', #6684 );
#5350 = VERTEX_POINT( '', #6685 );
#5351 = LINE( '', #6686, #6687 );
#5352 = VERTEX_POINT( '', #6688 );
#5353 = LINE( '', #6689, #6690 );
#5354 = VERTEX_POINT( '', #6691 );
#5355 = LINE( '', #6692, #6693 );
#5356 = VERTEX_POINT( '', #6694 );
#5357 = LINE( '', #6695, #6696 );
#5358 = VERTEX_POINT( '', #6697 );
#5359 = LINE( '', #6698, #6699 );
#5360 = LINE( '', #6700, #6701 );
#5361 = FILL_AREA_STYLE_COLOUR( '', #6702 );
#5362 = VERTEX_POINT( '', #6703 );
#5363 = VERTEX_POINT( '', #6704 );
#5364 = CIRCLE( '', #6705, 0.380000000000000 );
#5365 = VERTEX_POINT( '', #6706 );
#5366 = LINE( '', #6707, #6708 );
#5367 = VERTEX_POINT( '', #6709 );
#5368 = CIRCLE( '', #6710, 0.380000000000000 );
#5369 = LINE( '', #6711, #6712 );
#5370 = FILL_AREA_STYLE_COLOUR( '', #6713 );
#5371 = VERTEX_POINT( '', #6714 );
#5372 = VERTEX_POINT( '', #6715 );
#5373 = LINE( '', #6716, #6717 );
#5374 = VERTEX_POINT( '', #6718 );
#5375 = LINE( '', #6719, #6720 );
#5376 = VERTEX_POINT( '', #6721 );
#5377 = LINE( '', #6722, #6723 );
#5378 = LINE( '', #6724, #6725 );
#5379 = FILL_AREA_STYLE_COLOUR( '', #6726 );
#5380 = VERTEX_POINT( '', #6727 );
#5381 = VERTEX_POINT( '', #6728 );
#5382 = LINE( '', #6729, #6730 );
#5383 = VERTEX_POINT( '', #6731 );
#5384 = LINE( '', #6732, #6733 );
#5385 = LINE( '', #6734, #6735 );
#5386 = FILL_AREA_STYLE_COLOUR( '', #6736 );
#5387 = VERTEX_POINT( '', #6737 );
#5388 = VERTEX_POINT( '', #6738 );
#5389 = LINE( '', #6739, #6740 );
#5390 = VERTEX_POINT( '', #6741 );
#5391 = LINE( '', #6742, #6743 );
#5392 = VERTEX_POINT( '', #6744 );
#5393 = LINE( '', #6745, #6746 );
#5394 = LINE( '', #6747, #6748 );
#5395 = FILL_AREA_STYLE_COLOUR( '', #6749 );
#5396 = VERTEX_POINT( '', #6750 );
#5397 = VERTEX_POINT( '', #6751 );
#5398 = LINE( '', #6752, #6753 );
#5399 = VERTEX_POINT( '', #6754 );
#5400 = LINE( '', #6755, #6756 );
#5401 = VERTEX_POINT( '', #6757 );
#5402 = LINE( '', #6758, #6759 );
#5403 = LINE( '', #6760, #6761 );
#5404 = FILL_AREA_STYLE_COLOUR( '', #6762 );
#5405 = VERTEX_POINT( '', #6763 );
#5406 = VERTEX_POINT( '', #6764 );
#5407 = LINE( '', #6765, #6766 );
#5408 = VERTEX_POINT( '', #6767 );
#5409 = LINE( '', #6768, #6769 );
#5410 = VERTEX_POINT( '', #6770 );
#5411 = LINE( '', #6771, #6772 );
#5412 = LINE( '', #6773, #6774 );
#5413 = FILL_AREA_STYLE_COLOUR( '', #6775 );
#5414 = VERTEX_POINT( '', #6776 );
#5415 = VERTEX_POINT( '', #6777 );
#5416 = LINE( '', #6778, #6779 );
#5417 = VERTEX_POINT( '', #6780 );
#5418 = LINE( '', #6781, #6782 );
#5419 = VERTEX_POINT( '', #6783 );
#5420 = LINE( '', #6784, #6785 );
#5421 = LINE( '', #6786, #6787 );
#5422 = FILL_AREA_STYLE_COLOUR( '', #6788 );
#5423 = VERTEX_POINT( '', #6789 );
#5424 = LINE( '', #6790, #6791 );
#5425 = VERTEX_POINT( '', #6792 );
#5426 = LINE( '', #6793, #6794 );
#5427 = LINE( '', #6795, #6796 );
#5428 = FILL_AREA_STYLE_COLOUR( '', #6797 );
#5429 = VERTEX_POINT( '', #6798 );
#5430 = VERTEX_POINT( '', #6799 );
#5431 = LINE( '', #6800, #6801 );
#5432 = VERTEX_POINT( '', #6802 );
#5433 = LINE( '', #6803, #6804 );
#5434 = VERTEX_POINT( '', #6805 );
#5435 = LINE( '', #6806, #6807 );
#5436 = LINE( '', #6808, #6809 );
#5437 = FILL_AREA_STYLE_COLOUR( '', #6810 );
#5438 = VERTEX_POINT( '', #6811 );
#5439 = LINE( '', #6812, #6813 );
#5440 = VERTEX_POINT( '', #6814 );
#5441 = LINE( '', #6815, #6816 );
#5442 = LINE( '', #6817, #6818 );
#5443 = FILL_AREA_STYLE_COLOUR( '', #6819 );
#5444 = VERTEX_POINT( '', #6820 );
#5445 = VERTEX_POINT( '', #6821 );
#5446 = LINE( '', #6822, #6823 );
#5447 = VERTEX_POINT( '', #6824 );
#5448 = LINE( '', #6825, #6826 );
#5449 = VERTEX_POINT( '', #6827 );
#5450 = LINE( '', #6828, #6829 );
#5451 = LINE( '', #6830, #6831 );
#5452 = FILL_AREA_STYLE_COLOUR( '', #6832 );
#5453 = VERTEX_POINT( '', #6833 );
#5454 = VERTEX_POINT( '', #6834 );
#5455 = LINE( '', #6835, #6836 );
#5456 = VERTEX_POINT( '', #6837 );
#5457 = LINE( '', #6838, #6839 );
#5458 = VERTEX_POINT( '', #6840 );
#5459 = LINE( '', #6841, #6842 );
#5460 = LINE( '', #6843, #6844 );
#5461 = FILL_AREA_STYLE_COLOUR( '', #6845 );
#5462 = VERTEX_POINT( '', #6846 );
#5463 = VERTEX_POINT( '', #6847 );
#5464 = LINE( '', #6848, #6849 );
#5465 = VERTEX_POINT( '', #6850 );
#5466 = LINE( '', #6851, #6852 );
#5467 = VERTEX_POINT( '', #6853 );
#5468 = LINE( '', #6854, #6855 );
#5469 = LINE( '', #6856, #6857 );
#5470 = FILL_AREA_STYLE_COLOUR( '', #6858 );
#5471 = VERTEX_POINT( '', #6859 );
#5472 = VERTEX_POINT( '', #6860 );
#5473 = LINE( '', #6861, #6862 );
#5474 = VERTEX_POINT( '', #6863 );
#5475 = LINE( '', #6864, #6865 );
#5476 = VERTEX_POINT( '', #6866 );
#5477 = LINE( '', #6867, #6868 );
#5478 = LINE( '', #6869, #6870 );
#5479 = FILL_AREA_STYLE_COLOUR( '', #6871 );
#5480 = VERTEX_POINT( '', #6872 );
#5481 = VERTEX_POINT( '', #6873 );
#5482 = LINE( '', #6874, #6875 );
#5483 = VERTEX_POINT( '', #6876 );
#5484 = LINE( '', #6877, #6878 );
#5485 = VERTEX_POINT( '', #6879 );
#5486 = LINE( '', #6880, #6881 );
#5487 = LINE( '', #6882, #6883 );
#5488 = FILL_AREA_STYLE_COLOUR( '', #6884 );
#5489 = VERTEX_POINT( '', #6885 );
#5490 = VERTEX_POINT( '', #6886 );
#5491 = LINE( '', #6887, #6888 );
#5492 = VERTEX_POINT( '', #6889 );
#5493 = LINE( '', #6890, #6891 );
#5494 = VERTEX_POINT( '', #6892 );
#5495 = LINE( '', #6893, #6894 );
#5496 = VERTEX_POINT( '', #6895 );
#5497 = LINE( '', #6896, #6897 );
#5498 = VERTEX_POINT( '', #6898 );
#5499 = LINE( '', #6899, #6900 );
#5500 = VERTEX_POINT( '', #6901 );
#5501 = LINE( '', #6902, #6903 );
#5502 = VERTEX_POINT( '', #6904 );
#5503 = LINE( '', #6905, #6906 );
#5504 = LINE( '', #6907, #6908 );
#5505 = FILL_AREA_STYLE_COLOUR( '', #6909 );
#5506 = VERTEX_POINT( '', #6910 );
#5507 = VERTEX_POINT( '', #6911 );
#5508 = LINE( '', #6912, #6913 );
#5509 = VERTEX_POINT( '', #6914 );
#5510 = LINE( '', #6915, #6916 );
#5511 = VERTEX_POINT( '', #6917 );
#5512 = LINE( '', #6918, #6919 );
#5513 = LINE( '', #6920, #6921 );
#5514 = FILL_AREA_STYLE_COLOUR( '', #6922 );
#5515 = VERTEX_POINT( '', #6923 );
#5516 = LINE( '', #6924, #6925 );
#5517 = VERTEX_POINT( '', #6926 );
#5518 = LINE( '', #6927, #6928 );
#5519 = LINE( '', #6929, #6930 );
#5520 = FILL_AREA_STYLE_COLOUR( '', #6931 );
#5521 = VERTEX_POINT( '', #6932 );
#5522 = VERTEX_POINT( '', #6933 );
#5523 = LINE( '', #6934, #6935 );
#5524 = VERTEX_POINT( '', #6936 );
#5525 = LINE( '', #6937, #6938 );
#5526 = VERTEX_POINT( '', #6939 );
#5527 = LINE( '', #6940, #6941 );
#5528 = LINE( '', #6942, #6943 );
#5529 = FILL_AREA_STYLE_COLOUR( '', #6944 );
#5530 = VERTEX_POINT( '', #6945 );
#5531 = LINE( '', #6946, #6947 );
#5532 = VERTEX_POINT( '', #6948 );
#5533 = LINE( '', #6949, #6950 );
#5534 = LINE( '', #6951, #6952 );
#5535 = FILL_AREA_STYLE_COLOUR( '', #6953 );
#5536 = VERTEX_POINT( '', #6954 );
#5537 = VERTEX_POINT( '', #6955 );
#5538 = LINE( '', #6956, #6957 );
#5539 = VERTEX_POINT( '', #6958 );
#5540 = LINE( '', #6959, #6960 );
#5541 = VERTEX_POINT( '', #6961 );
#5542 = LINE( '', #6962, #6963 );
#5543 = LINE( '', #6964, #6965 );
#5544 = FILL_AREA_STYLE_COLOUR( '', #6966 );
#5545 = VERTEX_POINT( '', #6967 );
#5546 = VERTEX_POINT( '', #6968 );
#5547 = LINE( '', #6969, #6970 );
#5548 = VERTEX_POINT( '', #6971 );
#5549 = LINE( '', #6972, #6973 );
#5550 = VERTEX_POINT( '', #6974 );
#5551 = LINE( '', #6975, #6976 );
#5552 = LINE( '', #6977, #6978 );
#5553 = FILL_AREA_STYLE_COLOUR( '', #6979 );
#5554 = LINE( '', #6980, #6981 );
#5555 = VERTEX_POINT( '', #6982 );
#5556 = LINE( '', #6983, #6984 );
#5557 = VERTEX_POINT( '', #6985 );
#5558 = LINE( '', #6986, #6987 );
#5559 = VERTEX_POINT( '', #6988 );
#5560 = LINE( '', #6989, #6990 );
#5561 = VERTEX_POINT( '', #6991 );
#5562 = LINE( '', #6992, #6993 );
#5563 = VERTEX_POINT( '', #6994 );
#5564 = LINE( '', #6995, #6996 );
#5565 = LINE( '', #6997, #6998 );
#5566 = VERTEX_POINT( '', #6999 );
#5567 = LINE( '', #7000, #7001 );
#5568 = LINE( '', #7002, #7003 );
#5569 = VERTEX_POINT( '', #7004 );
#5570 = LINE( '', #7005, #7006 );
#5571 = VERTEX_POINT( '', #7007 );
#5572 = LINE( '', #7008, #7009 );
#5573 = VERTEX_POINT( '', #7010 );
#5574 = LINE( '', #7011, #7012 );
#5575 = VERTEX_POINT( '', #7013 );
#5576 = LINE( '', #7014, #7015 );
#5577 = VERTEX_POINT( '', #7016 );
#5578 = LINE( '', #7017, #7018 );
#5579 = LINE( '', #7019, #7020 );
#5580 = VERTEX_POINT( '', #7021 );
#5581 = LINE( '', #7022, #7023 );
#5582 = VERTEX_POINT( '', #7024 );
#5583 = LINE( '', #7025, #7026 );
#5584 = LINE( '', #7027, #7028 );
#5585 = VERTEX_POINT( '', #7029 );
#5586 = VERTEX_POINT( '', #7030 );
#5587 = LINE( '', #7031, #7032 );
#5588 = VERTEX_POINT( '', #7033 );
#5589 = LINE( '', #7034, #7035 );
#5590 = VERTEX_POINT( '', #7036 );
#5591 = LINE( '', #7037, #7038 );
#5592 = LINE( '', #7039, #7040 );
#5593 = VERTEX_POINT( '', #7041 );
#5594 = VERTEX_POINT( '', #7042 );
#5595 = LINE( '', #7043, #7044 );
#5596 = VERTEX_POINT( '', #7045 );
#5597 = LINE( '', #7046, #7047 );
#5598 = VERTEX_POINT( '', #7048 );
#5599 = LINE( '', #7049, #7050 );
#5600 = LINE( '', #7051, #7052 );
#5601 = VERTEX_POINT( '', #7053 );
#5602 = LINE( '', #7054, #7055 );
#5603 = VERTEX_POINT( '', #7056 );
#5604 = LINE( '', #7057, #7058 );
#5605 = LINE( '', #7059, #7060 );
#5606 = VERTEX_POINT( '', #7061 );
#5607 = LINE( '', #7062, #7063 );
#5608 = VERTEX_POINT( '', #7064 );
#5609 = LINE( '', #7065, #7066 );
#5610 = LINE( '', #7067, #7068 );
#5611 = VERTEX_POINT( '', #7069 );
#5612 = LINE( '', #7070, #7071 );
#5613 = VERTEX_POINT( '', #7072 );
#5614 = LINE( '', #7073, #7074 );
#5615 = VERTEX_POINT( '', #7075 );
#5616 = LINE( '', #7076, #7077 );
#5617 = VERTEX_POINT( '', #7078 );
#5618 = LINE( '', #7079, #7080 );
#5619 = VERTEX_POINT( '', #7081 );
#5620 = LINE( '', #7082, #7083 );
#5621 = VERTEX_POINT( '', #7084 );
#5622 = LINE( '', #7085, #7086 );
#5623 = VERTEX_POINT( '', #7087 );
#5624 = LINE( '', #7088, #7089 );
#5625 = VERTEX_POINT( '', #7090 );
#5626 = LINE( '', #7091, #7092 );
#5627 = VERTEX_POINT( '', #7093 );
#5628 = LINE( '', #7094, #7095 );
#5629 = VERTEX_POINT( '', #7096 );
#5630 = LINE( '', #7097, #7098 );
#5631 = VERTEX_POINT( '', #7099 );
#5632 = LINE( '', #7100, #7101 );
#5633 = VERTEX_POINT( '', #7102 );
#5634 = LINE( '', #7103, #7104 );
#5635 = LINE( '', #7105, #7106 );
#5636 = VERTEX_POINT( '', #7107 );
#5637 = LINE( '', #7108, #7109 );
#5638 = VERTEX_POINT( '', #7110 );
#5639 = LINE( '', #7111, #7112 );
#5640 = VERTEX_POINT( '', #7113 );
#5641 = LINE( '', #7114, #7115 );
#5642 = VERTEX_POINT( '', #7116 );
#5643 = LINE( '', #7117, #7118 );
#5644 = VERTEX_POINT( '', #7119 );
#5645 = LINE( '', #7120, #7121 );
#5646 = VERTEX_POINT( '', #7122 );
#5647 = LINE( '', #7123, #7124 );
#5648 = VERTEX_POINT( '', #7125 );
#5649 = LINE( '', #7126, #7127 );
#5650 = VERTEX_POINT( '', #7128 );
#5651 = LINE( '', #7129, #7130 );
#5652 = VERTEX_POINT( '', #7131 );
#5653 = LINE( '', #7132, #7133 );
#5654 = VERTEX_POINT( '', #7134 );
#5655 = LINE( '', #7135, #7136 );
#5656 = VERTEX_POINT( '', #7137 );
#5657 = LINE( '', #7138, #7139 );
#5658 = VERTEX_POINT( '', #7140 );
#5659 = LINE( '', #7141, #7142 );
#5660 = VERTEX_POINT( '', #7143 );
#5661 = LINE( '', #7144, #7145 );
#5662 = VERTEX_POINT( '', #7146 );
#5663 = LINE( '', #7147, #7148 );
#5664 = VERTEX_POINT( '', #7149 );
#5665 = LINE( '', #7150, #7151 );
#5666 = VERTEX_POINT( '', #7152 );
#5667 = LINE( '', #7153, #7154 );
#5668 = LINE( '', #7155, #7156 );
#5669 = VERTEX_POINT( '', #7157 );
#5670 = LINE( '', #7158, #7159 );
#5671 = VERTEX_POINT( '', #7160 );
#5672 = LINE( '', #7161, #7162 );
#5673 = VERTEX_POINT( '', #7163 );
#5674 = LINE( '', #7164, #7165 );
#5675 = LINE( '', #7166, #7167 );
#5676 = VERTEX_POINT( '', #7168 );
#5677 = LINE( '', #7169, #7170 );
#5678 = LINE( '', #7171, #7172 );
#5679 = FILL_AREA_STYLE_COLOUR( '', #7173 );
#5680 = VERTEX_POINT( '', #7174 );
#5681 = VERTEX_POINT( '', #7175 );
#5682 = LINE( '', #7176, #7177 );
#5683 = VERTEX_POINT( '', #7178 );
#5684 = LINE( '', #7179, #7180 );
#5685 = VERTEX_POINT( '', #7181 );
#5686 = LINE( '', #7182, #7183 );
#5687 = LINE( '', #7184, #7185 );
#5688 = VERTEX_POINT( '', #7186 );
#5689 = LINE( '', #7187, #7188 );
#5690 = VERTEX_POINT( '', #7189 );
#5691 = LINE( '', #7190, #7191 );
#5692 = LINE( '', #7192, #7193 );
#5693 = FILL_AREA_STYLE_COLOUR( '', #7194 );
#5694 = VERTEX_POINT( '', #7195 );
#5695 = VERTEX_POINT( '', #7196 );
#5696 = LINE( '', #7197, #7198 );
#5697 = VERTEX_POINT( '', #7199 );
#5698 = LINE( '', #7200, #7201 );
#5699 = VERTEX_POINT( '', #7202 );
#5700 = LINE( '', #7203, #7204 );
#5701 = LINE( '', #7205, #7206 );
#5702 = FILL_AREA_STYLE_COLOUR( '', #7207 );
#5703 = VERTEX_POINT( '', #7208 );
#5704 = VERTEX_POINT( '', #7209 );
#5705 = LINE( '', #7210, #7211 );
#5706 = LINE( '', #7212, #7213 );
#5707 = LINE( '', #7214, #7215 );
#5708 = FILL_AREA_STYLE_COLOUR( '', #7216 );
#5709 = VERTEX_POINT( '', #7217 );
#5710 = VERTEX_POINT( '', #7218 );
#5711 = LINE( '', #7219, #7220 );
#5712 = VERTEX_POINT( '', #7221 );
#5713 = LINE( '', #7222, #7223 );
#5714 = VERTEX_POINT( '', #7224 );
#5715 = LINE( '', #7225, #7226 );
#5716 = LINE( '', #7227, #7228 );
#5717 = FILL_AREA_STYLE_COLOUR( '', #7229 );
#5718 = VERTEX_POINT( '', #7230 );
#5719 = VERTEX_POINT( '', #7231 );
#5720 = LINE( '', #7232, #7233 );
#5721 = VERTEX_POINT( '', #7234 );
#5722 = LINE( '', #7235, #7236 );
#5723 = VERTEX_POINT( '', #7237 );
#5724 = LINE( '', #7238, #7239 );
#5725 = LINE( '', #7240, #7241 );
#5726 = FILL_AREA_STYLE_COLOUR( '', #7242 );
#5727 = VERTEX_POINT( '', #7243 );
#5728 = VERTEX_POINT( '', #7244 );
#5729 = LINE( '', #7245, #7246 );
#5730 = VERTEX_POINT( '', #7247 );
#5731 = LINE( '', #7248, #7249 );
#5732 = VERTEX_POINT( '', #7250 );
#5733 = LINE( '', #7251, #7252 );
#5734 = LINE( '', #7253, #7254 );
#5735 = FILL_AREA_STYLE_COLOUR( '', #7255 );
#5736 = LINE( '', #7256, #7257 );
#5737 = FILL_AREA_STYLE_COLOUR( '', #7258 );
#5738 = VERTEX_POINT( '', #7259 );
#5739 = LINE( '', #7260, #7261 );
#5740 = VERTEX_POINT( '', #7262 );
#5741 = LINE( '', #7263, #7264 );
#5742 = LINE( '', #7265, #7266 );
#5743 = FILL_AREA_STYLE_COLOUR( '', #7267 );
#5744 = VERTEX_POINT( '', #7268 );
#5745 = VERTEX_POINT( '', #7269 );
#5746 = LINE( '', #7270, #7271 );
#5747 = VERTEX_POINT( '', #7272 );
#5748 = LINE( '', #7273, #7274 );
#5749 = VERTEX_POINT( '', #7275 );
#5750 = LINE( '', #7276, #7277 );
#5751 = LINE( '', #7278, #7279 );
#5752 = FILL_AREA_STYLE_COLOUR( '', #7280 );
#5753 = VERTEX_POINT( '', #7281 );
#5754 = LINE( '', #7282, #7283 );
#5755 = VERTEX_POINT( '', #7284 );
#5756 = LINE( '', #7285, #7286 );
#5757 = LINE( '', #7287, #7288 );
#5758 = FILL_AREA_STYLE_COLOUR( '', #7289 );
#5759 = VERTEX_POINT( '', #7290 );
#5760 = LINE( '', #7291, #7292 );
#5761 = VERTEX_POINT( '', #7293 );
#5762 = LINE( '', #7294, #7295 );
#5763 = LINE( '', #7296, #7297 );
#5764 = FILL_AREA_STYLE_COLOUR( '', #7298 );
#5765 = VERTEX_POINT( '', #7299 );
#5766 = LINE( '', #7300, #7301 );
#5767 = VERTEX_POINT( '', #7302 );
#5768 = LINE( '', #7303, #7304 );
#5769 = LINE( '', #7305, #7306 );
#5770 = FILL_AREA_STYLE_COLOUR( '', #7307 );
#5771 = VERTEX_POINT( '', #7308 );
#5772 = VERTEX_POINT( '', #7309 );
#5773 = LINE( '', #7310, #7311 );
#5774 = VERTEX_POINT( '', #7312 );
#5775 = LINE( '', #7313, #7314 );
#5776 = VERTEX_POINT( '', #7315 );
#5777 = LINE( '', #7316, #7317 );
#5778 = LINE( '', #7318, #7319 );
#5779 = FILL_AREA_STYLE_COLOUR( '', #7320 );
#5780 = VERTEX_POINT( '', #7321 );
#5781 = VERTEX_POINT( '', #7322 );
#5782 = LINE( '', #7323, #7324 );
#5783 = VERTEX_POINT( '', #7325 );
#5784 = LINE( '', #7326, #7327 );
#5785 = VERTEX_POINT( '', #7328 );
#5786 = LINE( '', #7329, #7330 );
#5787 = LINE( '', #7331, #7332 );
#5788 = FILL_AREA_STYLE_COLOUR( '', #7333 );
#5789 = VERTEX_POINT( '', #7334 );
#5790 = VERTEX_POINT( '', #7335 );
#5791 = LINE( '', #7336, #7337 );
#5792 = VERTEX_POINT( '', #7338 );
#5793 = LINE( '', #7339, #7340 );
#5794 = VERTEX_POINT( '', #7341 );
#5795 = LINE( '', #7342, #7343 );
#5796 = LINE( '', #7344, #7345 );
#5797 = FILL_AREA_STYLE_COLOUR( '', #7346 );
#5798 = VERTEX_POINT( '', #7347 );
#5799 = LINE( '', #7348, #7349 );
#5800 = LINE( '', #7350, #7351 );
#5801 = FILL_AREA_STYLE_COLOUR( '', #7352 );
#5802 = VERTEX_POINT( '', #7353 );
#5803 = VERTEX_POINT( '', #7354 );
#5804 = LINE( '', #7355, #7356 );
#5805 = VERTEX_POINT( '', #7357 );
#5806 = LINE( '', #7358, #7359 );
#5807 = VERTEX_POINT( '', #7360 );
#5808 = LINE( '', #7361, #7362 );
#5809 = LINE( '', #7363, #7364 );
#5810 = FILL_AREA_STYLE_COLOUR( '', #7365 );
#5811 = VERTEX_POINT( '', #7366 );
#5812 = VERTEX_POINT( '', #7367 );
#5813 = LINE( '', #7368, #7369 );
#5814 = VERTEX_POINT( '', #7370 );
#5815 = LINE( '', #7371, #7372 );
#5816 = LINE( '', #7373, #7374 );
#5817 = VERTEX_POINT( '', #7375 );
#5818 = LINE( '', #7376, #7377 );
#5819 = VERTEX_POINT( '', #7378 );
#5820 = LINE( '', #7379, #7380 );
#5821 = VERTEX_POINT( '', #7381 );
#5822 = LINE( '', #7382, #7383 );
#5823 = VERTEX_POINT( '', #7384 );
#5824 = LINE( '', #7385, #7386 );
#5825 = VERTEX_POINT( '', #7387 );
#5826 = LINE( '', #7388, #7389 );
#5827 = LINE( '', #7390, #7391 );
#5828 = FILL_AREA_STYLE_COLOUR( '', #7392 );
#5829 = VERTEX_POINT( '', #7393 );
#5830 = LINE( '', #7394, #7395 );
#5831 = VERTEX_POINT( '', #7396 );
#5832 = LINE( '', #7397, #7398 );
#5833 = LINE( '', #7399, #7400 );
#5834 = FILL_AREA_STYLE_COLOUR( '', #7401 );
#5835 = VERTEX_POINT( '', #7402 );
#5836 = LINE( '', #7403, #7404 );
#5837 = LINE( '', #7405, #7406 );
#5838 = FILL_AREA_STYLE_COLOUR( '', #7407 );
#5839 = VERTEX_POINT( '', #7408 );
#5840 = LINE( '', #7409, #7410 );
#5841 = VERTEX_POINT( '', #7411 );
#5842 = LINE( '', #7412, #7413 );
#5843 = LINE( '', #7414, #7415 );
#5844 = FILL_AREA_STYLE_COLOUR( '', #7416 );
#5845 = VERTEX_POINT( '', #7417 );
#5846 = VERTEX_POINT( '', #7418 );
#5847 = LINE( '', #7419, #7420 );
#5848 = LINE( '', #7421, #7422 );
#5849 = LINE( '', #7423, #7424 );
#5850 = FILL_AREA_STYLE_COLOUR( '', #7425 );
#5851 = VERTEX_POINT( '', #7426 );
#5852 = VERTEX_POINT( '', #7427 );
#5853 = LINE( '', #7428, #7429 );
#5854 = VERTEX_POINT( '', #7430 );
#5855 = LINE( '', #7431, #7432 );
#5856 = VERTEX_POINT( '', #7433 );
#5857 = LINE( '', #7434, #7435 );
#5858 = LINE( '', #7436, #7437 );
#5859 = FILL_AREA_STYLE_COLOUR( '', #7438 );
#5860 = LINE( '', #7439, #7440 );
#5861 = FILL_AREA_STYLE_COLOUR( '', #7441 );
#5862 = VERTEX_POINT( '', #7442 );
#5863 = VERTEX_POINT( '', #7443 );
#5864 = LINE( '', #7444, #7445 );
#5865 = VERTEX_POINT( '', #7446 );
#5866 = LINE( '', #7447, #7448 );
#5867 = VERTEX_POINT( '', #7449 );
#5868 = LINE( '', #7450, #7451 );
#5869 = LINE( '', #7452, #7453 );
#5870 = FILL_AREA_STYLE_COLOUR( '', #7454 );
#5871 = VERTEX_POINT( '', #7455 );
#5872 = VERTEX_POINT( '', #7456 );
#5873 = LINE( '', #7457, #7458 );
#5874 = VERTEX_POINT( '', #7459 );
#5875 = LINE( '', #7460, #7461 );
#5876 = VERTEX_POINT( '', #7462 );
#5877 = LINE( '', #7463, #7464 );
#5878 = LINE( '', #7465, #7466 );
#5879 = FILL_AREA_STYLE_COLOUR( '', #7467 );
#5880 = VERTEX_POINT( '', #7468 );
#5881 = LINE( '', #7469, #7470 );
#5882 = VERTEX_POINT( '', #7471 );
#5883 = LINE( '', #7472, #7473 );
#5884 = LINE( '', #7474, #7475 );
#5885 = FILL_AREA_STYLE_COLOUR( '', #7476 );
#5886 = VERTEX_POINT( '', #7477 );
#5887 = LINE( '', #7478, #7479 );
#5888 = VERTEX_POINT( '', #7480 );
#5889 = LINE( '', #7481, #7482 );
#5890 = LINE( '', #7483, #7484 );
#5891 = FILL_AREA_STYLE_COLOUR( '', #7485 );
#5892 = VERTEX_POINT( '', #7486 );
#5893 = LINE( '', #7487, #7488 );
#5894 = VERTEX_POINT( '', #7489 );
#5895 = LINE( '', #7490, #7491 );
#5896 = LINE( '', #7492, #7493 );
#5897 = VERTEX_POINT( '', #7494 );
#5898 = LINE( '', #7495, #7496 );
#5899 = VERTEX_POINT( '', #7497 );
#5900 = LINE( '', #7498, #7499 );
#5901 = VERTEX_POINT( '', #7500 );
#5902 = LINE( '', #7501, #7502 );
#5903 = VERTEX_POINT( '', #7503 );
#5904 = LINE( '', #7504, #7505 );
#5905 = VERTEX_POINT( '', #7506 );
#5906 = LINE( '', #7507, #7508 );
#5907 = VERTEX_POINT( '', #7509 );
#5908 = LINE( '', #7510, #7511 );
#5909 = LINE( '', #7512, #7513 );
#5910 = VERTEX_POINT( '', #7514 );
#5911 = CIRCLE( '', #7515, 0.380000000000000 );
#5912 = VERTEX_POINT( '', #7516 );
#5913 = LINE( '', #7517, #7518 );
#5914 = LINE( '', #7519, #7520 );
#5915 = VERTEX_POINT( '', #7521 );
#5916 = CIRCLE( '', #7522, 0.380000000000000 );
#5917 = VERTEX_POINT( '', #7523 );
#5918 = LINE( '', #7524, #7525 );
#5919 = VERTEX_POINT( '', #7526 );
#5920 = LINE( '', #7527, #7528 );
#5921 = VERTEX_POINT( '', #7529 );
#5922 = LINE( '', #7530, #7531 );
#5923 = CIRCLE( '', #7532, 0.380000000000000 );
#5924 = LINE( '', #7533, #7534 );
#5925 = LINE( '', #7535, #7536 );
#5926 = VERTEX_POINT( '', #7537 );
#5927 = CIRCLE( '', #7538, 0.380000000000000 );
#5928 = VERTEX_POINT( '', #7539 );
#5929 = LINE( '', #7540, #7541 );
#5930 = LINE( '', #7542, #7543 );
#5931 = FILL_AREA_STYLE_COLOUR( '', #7544 );
#5932 = VERTEX_POINT( '', #7545 );
#5933 = LINE( '', #7546, #7547 );
#5934 = LINE( '', #7548, #7549 );
#5935 = FILL_AREA_STYLE_COLOUR( '', #7550 );
#5936 = VERTEX_POINT( '', #7551 );
#5937 = LINE( '', #7552, #7553 );
#5938 = VERTEX_POINT( '', #7554 );
#5939 = LINE( '', #7555, #7556 );
#5940 = LINE( '', #7557, #7558 );
#5941 = FILL_AREA_STYLE_COLOUR( '', #7559 );
#5942 = VERTEX_POINT( '', #7560 );
#5943 = VERTEX_POINT( '', #7561 );
#5944 = LINE( '', #7562, #7563 );
#5945 = LINE( '', #7564, #7565 );
#5946 = VERTEX_POINT( '', #7566 );
#5947 = LINE( '', #7567, #7568 );
#5948 = LINE( '', #7569, #7570 );
#5949 = FILL_AREA_STYLE_COLOUR( '', #7571 );
#5950 = VERTEX_POINT( '', #7572 );
#5951 = LINE( '', #7573, #7574 );
#5952 = VERTEX_POINT( '', #7575 );
#5953 = LINE( '', #7576, #7577 );
#5954 = LINE( '', #7578, #7579 );
#5955 = FILL_AREA_STYLE_COLOUR( '', #7580 );
#5956 = VERTEX_POINT( '', #7581 );
#5957 = LINE( '', #7582, #7583 );
#5958 = VERTEX_POINT( '', #7584 );
#5959 = LINE( '', #7585, #7586 );
#5960 = LINE( '', #7587, #7588 );
#5961 = FILL_AREA_STYLE_COLOUR( '', #7589 );
#5962 = VERTEX_POINT( '', #7590 );
#5963 = LINE( '', #7591, #7592 );
#5964 = LINE( '', #7593, #7594 );
#5965 = FILL_AREA_STYLE_COLOUR( '', #7595 );
#5966 = VERTEX_POINT( '', #7596 );
#5967 = LINE( '', #7597, #7598 );
#5968 = VERTEX_POINT( '', #7599 );
#5969 = LINE( '', #7600, #7601 );
#5970 = LINE( '', #7602, #7603 );
#5971 = FILL_AREA_STYLE_COLOUR( '', #7604 );
#5972 = VERTEX_POINT( '', #7605 );
#5973 = VERTEX_POINT( '', #7606 );
#5974 = LINE( '', #7607, #7608 );
#5975 = VERTEX_POINT( '', #7609 );
#5976 = LINE( '', #7610, #7611 );
#5977 = VERTEX_POINT( '', #7612 );
#5978 = LINE( '', #7613, #7614 );
#5979 = LINE( '', #7615, #7616 );
#5980 = FILL_AREA_STYLE_COLOUR( '', #7617 );
#5981 = VERTEX_POINT( '', #7618 );
#5982 = LINE( '', #7619, #7620 );
#5983 = LINE( '', #7621, #7622 );
#5984 = LINE( '', #7623, #7624 );
#5985 = FILL_AREA_STYLE_COLOUR( '', #7625 );
#5986 = VERTEX_POINT( '', #7626 );
#5987 = LINE( '', #7627, #7628 );
#5988 = LINE( '', #7629, #7630 );
#5989 = FILL_AREA_STYLE_COLOUR( '', #7631 );
#5990 = VERTEX_POINT( '', #7632 );
#5991 = LINE( '', #7633, #7634 );
#5992 = LINE( '', #7635, #7636 );
#5993 = FILL_AREA_STYLE_COLOUR( '', #7637 );
#5994 = VERTEX_POINT( '', #7638 );
#5995 = VERTEX_POINT( '', #7639 );
#5996 = LINE( '', #7640, #7641 );
#5997 = VERTEX_POINT( '', #7642 );
#5998 = LINE( '', #7643, #7644 );
#5999 = VERTEX_POINT( '', #7645 );
#6000 = LINE( '', #7646, #7647 );
#6001 = LINE( '', #7648, #7649 );
#6002 = FILL_AREA_STYLE_COLOUR( '', #7650 );
#6003 = VERTEX_POINT( '', #7651 );
#6004 = LINE( '', #7652, #7653 );
#6005 = VERTEX_POINT( '', #7654 );
#6006 = LINE( '', #7655, #7656 );
#6007 = LINE( '', #7657, #7658 );
#6008 = FILL_AREA_STYLE_COLOUR( '', #7659 );
#6009 = LINE( '', #7660, #7661 );
#6010 = FILL_AREA_STYLE_COLOUR( '', #7662 );
#6011 = VERTEX_POINT( '', #7663 );
#6012 = LINE( '', #7664, #7665 );
#6013 = VERTEX_POINT( '', #7666 );
#6014 = LINE( '', #7667, #7668 );
#6015 = LINE( '', #7669, #7670 );
#6016 = FILL_AREA_STYLE_COLOUR( '', #7671 );
#6017 = VERTEX_POINT( '', #7672 );
#6018 = VERTEX_POINT( '', #7673 );
#6019 = LINE( '', #7674, #7675 );
#6020 = LINE( '', #7676, #7677 );
#6021 = LINE( '', #7678, #7679 );
#6022 = FILL_AREA_STYLE_COLOUR( '', #7680 );
#6023 = VERTEX_POINT( '', #7681 );
#6024 = LINE( '', #7682, #7683 );
#6025 = VERTEX_POINT( '', #7684 );
#6026 = LINE( '', #7685, #7686 );
#6027 = LINE( '', #7687, #7688 );
#6028 = VERTEX_POINT( '', #7689 );
#6029 = LINE( '', #7690, #7691 );
#6030 = VERTEX_POINT( '', #7692 );
#6031 = LINE( '', #7693, #7694 );
#6032 = VERTEX_POINT( '', #7695 );
#6033 = LINE( '', #7696, #7697 );
#6034 = VERTEX_POINT( '', #7698 );
#6035 = LINE( '', #7699, #7700 );
#6036 = LINE( '', #7701, #7702 );
#6037 = LINE( '', #7703, #7704 );
#6038 = VERTEX_POINT( '', #7705 );
#6039 = LINE( '', #7706, #7707 );
#6040 = VERTEX_POINT( '', #7708 );
#6041 = LINE( '', #7709, #7710 );
#6042 = VERTEX_POINT( '', #7711 );
#6043 = LINE( '', #7712, #7713 );
#6044 = LINE( '', #7714, #7715 );
#6045 = LINE( '', #7716, #7717 );
#6046 = VERTEX_POINT( '', #7718 );
#6047 = LINE( '', #7719, #7720 );
#6048 = LINE( '', #7721, #7722 );
#6049 = VERTEX_POINT( '', #7723 );
#6050 = LINE( '', #7724, #7725 );
#6051 = VERTEX_POINT( '', #7726 );
#6052 = LINE( '', #7727, #7728 );
#6053 = LINE( '', #7729, #7730 );
#6054 = LINE( '', #7731, #7732 );
#6055 = VERTEX_POINT( '', #7733 );
#6056 = LINE( '', #7734, #7735 );
#6057 = VERTEX_POINT( '', #7736 );
#6058 = LINE( '', #7737, #7738 );
#6059 = LINE( '', #7739, #7740 );
#6060 = VERTEX_POINT( '', #7741 );
#6061 = LINE( '', #7742, #7743 );
#6062 = VERTEX_POINT( '', #7744 );
#6063 = LINE( '', #7745, #7746 );
#6064 = VERTEX_POINT( '', #7747 );
#6065 = LINE( '', #7748, #7749 );
#6066 = LINE( '', #7750, #7751 );
#6067 = FILL_AREA_STYLE_COLOUR( '', #7752 );
#6068 = VERTEX_POINT( '', #7753 );
#6069 = LINE( '', #7754, #7755 );
#6070 = VERTEX_POINT( '', #7756 );
#6071 = LINE( '', #7757, #7758 );
#6072 = LINE( '', #7759, #7760 );
#6073 = VERTEX_POINT( '', #7761 );
#6074 = LINE( '', #7762, #7763 );
#6075 = VERTEX_POINT( '', #7764 );
#6076 = LINE( '', #7765, #7766 );
#6077 = VERTEX_POINT( '', #7767 );
#6078 = LINE( '', #7768, #7769 );
#6079 = VERTEX_POINT( '', #7770 );
#6080 = LINE( '', #7771, #7772 );
#6081 = VERTEX_POINT( '', #7773 );
#6082 = LINE( '', #7774, #7775 );
#6083 = VERTEX_POINT( '', #7776 );
#6084 = CIRCLE( '', #7777, 0.380000000000000 );
#6085 = VERTEX_POINT( '', #7778 );
#6086 = LINE( '', #7779, #7780 );
#6087 = VERTEX_POINT( '', #7781 );
#6088 = LINE( '', #7782, #7783 );
#6089 = VERTEX_POINT( '', #7784 );
#6090 = LINE( '', #7785, #7786 );
#6091 = VERTEX_POINT( '', #7787 );
#6092 = LINE( '', #7788, #7789 );
#6093 = LINE( '', #7790, #7791 );
#6094 = LINE( '', #7792, #7793 );
#6095 = CIRCLE( '', #7794, 0.380000000000000 );
#6096 = VERTEX_POINT( '', #7795 );
#6097 = LINE( '', #7796, #7797 );
#6098 = VERTEX_POINT( '', #7798 );
#6099 = LINE( '', #7799, #7800 );
#6100 = VERTEX_POINT( '', #7801 );
#6101 = LINE( '', #7802, #7803 );
#6102 = VERTEX_POINT( '', #7804 );
#6103 = CIRCLE( '', #7805, 0.380000000000000 );
#6104 = VERTEX_POINT( '', #7806 );
#6105 = LINE( '', #7807, #7808 );
#6106 = VERTEX_POINT( '', #7809 );
#6107 = LINE( '', #7810, #7811 );
#6108 = LINE( '', #7812, #7813 );
#6109 = FILL_AREA_STYLE_COLOUR( '', #7814 );
#6110 = VERTEX_POINT( '', #7815 );
#6111 = LINE( '', #7816, #7817 );
#6112 = LINE( '', #7818, #7819 );
#6113 = FILL_AREA_STYLE_COLOUR( '', #7820 );
#6114 = VERTEX_POINT( '', #7821 );
#6115 = CIRCLE( '', #7822, 0.380000000000000 );
#6116 = LINE( '', #7823, #7824 );
#6117 = FILL_AREA_STYLE_COLOUR( '', #7825 );
#6118 = LINE( '', #7826, #7827 );
#6119 = FILL_AREA_STYLE_COLOUR( '', #7828 );
#6120 = CIRCLE( '', #7829, 0.380000000000000 );
#6121 = FILL_AREA_STYLE_COLOUR( '', #7830 );
#6122 = LINE( '', #7831, #7832 );
#6123 = LINE( '', #7833, #7834 );
#6124 = FILL_AREA_STYLE_COLOUR( '', #7835 );
#6125 = LINE( '', #7836, #7837 );
#6126 = FILL_AREA_STYLE_COLOUR( '', #7838 );
#6127 = VERTEX_POINT( '', #7839 );
#6128 = LINE( '', #7840, #7841 );
#6129 = VERTEX_POINT( '', #7842 );
#6130 = LINE( '', #7843, #7844 );
#6131 = LINE( '', #7845, #7846 );
#6132 = FILL_AREA_STYLE_COLOUR( '', #7847 );
#6133 = VERTEX_POINT( '', #7848 );
#6134 = LINE( '', #7849, #7850 );
#6135 = LINE( '', #7851, #7852 );
#6136 = FILL_AREA_STYLE_COLOUR( '', #7853 );
#6137 = VERTEX_POINT( '', #7854 );
#6138 = VERTEX_POINT( '', #7855 );
#6139 = LINE( '', #7856, #7857 );
#6140 = LINE( '', #7858, #7859 );
#6141 = LINE( '', #7860, #7861 );
#6142 = FILL_AREA_STYLE_COLOUR( '', #7862 );
#6143 = VERTEX_POINT( '', #7863 );
#6144 = LINE( '', #7864, #7865 );
#6145 = VERTEX_POINT( '', #7866 );
#6146 = LINE( '', #7867, #7868 );
#6147 = LINE( '', #7869, #7870 );
#6148 = FILL_AREA_STYLE_COLOUR( '', #7871 );
#6149 = VERTEX_POINT( '', #7872 );
#6150 = VERTEX_POINT( '', #7873 );
#6151 = LINE( '', #7874, #7875 );
#6152 = LINE( '', #7876, #7877 );
#6153 = LINE( '', #7878, #7879 );
#6154 = FILL_AREA_STYLE_COLOUR( '', #7880 );
#6155 = VERTEX_POINT( '', #7881 );
#6156 = LINE( '', #7882, #7883 );
#6157 = VERTEX_POINT( '', #7884 );
#6158 = LINE( '', #7885, #7886 );
#6159 = LINE( '', #7887, #7888 );
#6160 = FILL_AREA_STYLE_COLOUR( '', #7889 );
#6161 = LINE( '', #7890, #7891 );
#6162 = FILL_AREA_STYLE_COLOUR( '', #7892 );
#6163 = LINE( '', #7893, #7894 );
#6164 = LINE( '', #7895, #7896 );
#6165 = FILL_AREA_STYLE_COLOUR( '', #7897 );
#6166 = VERTEX_POINT( '', #7898 );
#6167 = LINE( '', #7899, #7900 );
#6168 = VERTEX_POINT( '', #7901 );
#6169 = LINE( '', #7902, #7903 );
#6170 = LINE( '', #7904, #7905 );
#6171 = FILL_AREA_STYLE_COLOUR( '', #7906 );
#6172 = VERTEX_POINT( '', #7907 );
#6173 = LINE( '', #7908, #7909 );
#6174 = LINE( '', #7910, #7911 );
#6175 = FILL_AREA_STYLE_COLOUR( '', #7912 );
#6176 = VERTEX_POINT( '', #7913 );
#6177 = LINE( '', #7914, #7915 );
#6178 = LINE( '', #7916, #7917 );
#6179 = FILL_AREA_STYLE_COLOUR( '', #7918 );
#6180 = VERTEX_POINT( '', #7919 );
#6181 = LINE( '', #7920, #7921 );
#6182 = VERTEX_POINT( '', #7922 );
#6183 = LINE( '', #7923, #7924 );
#6184 = LINE( '', #7925, #7926 );
#6185 = FILL_AREA_STYLE_COLOUR( '', #7927 );
#6186 = LINE( '', #7928, #7929 );
#6187 = FILL_AREA_STYLE_COLOUR( '', #7930 );
#6188 = LINE( '', #7931, #7932 );
#6189 = LINE( '', #7933, #7934 );
#6190 = FILL_AREA_STYLE_COLOUR( '', #7935 );
#6191 = VERTEX_POINT( '', #7936 );
#6192 = LINE( '', #7937, #7938 );
#6193 = LINE( '', #7939, #7940 );
#6194 = LINE( '', #7941, #7942 );
#6195 = LINE( '', #7943, #7944 );
#6196 = VERTEX_POINT( '', #7945 );
#6197 = LINE( '', #7946, #7947 );
#6198 = VERTEX_POINT( '', #7948 );
#6199 = LINE( '', #7949, #7950 );
#6200 = LINE( '', #7951, #7952 );
#6201 = FILL_AREA_STYLE_COLOUR( '', #7953 );
#6202 = VERTEX_POINT( '', #7954 );
#6203 = VERTEX_POINT( '', #7955 );
#6204 = LINE( '', #7956, #7957 );
#6205 = VERTEX_POINT( '', #7958 );
#6206 = LINE( '', #7959, #7960 );
#6207 = VERTEX_POINT( '', #7961 );
#6208 = LINE( '', #7962, #7963 );
#6209 = LINE( '', #7964, #7965 );
#6210 = LINE( '', #7966, #7967 );
#6211 = VERTEX_POINT( '', #7968 );
#6212 = LINE( '', #7969, #7970 );
#6213 = VERTEX_POINT( '', #7971 );
#6214 = LINE( '', #7972, #7973 );
#6215 = VERTEX_POINT( '', #7974 );
#6216 = LINE( '', #7975, #7976 );
#6217 = VERTEX_POINT( '', #7977 );
#6218 = LINE( '', #7978, #7979 );
#6219 = VERTEX_POINT( '', #7980 );
#6220 = LINE( '', #7981, #7982 );
#6221 = LINE( '', #7983, #7984 );
#6222 = FILL_AREA_STYLE_COLOUR( '', #7985 );
#6223 = VERTEX_POINT( '', #7986 );
#6224 = LINE( '', #7987, #7988 );
#6225 = VERTEX_POINT( '', #7989 );
#6226 = LINE( '', #7990, #7991 );
#6227 = LINE( '', #7992, #7993 );
#6228 = FILL_AREA_STYLE_COLOUR( '', #7994 );
#6229 = LINE( '', #7995, #7996 );
#6230 = FILL_AREA_STYLE_COLOUR( '', #7997 );
#6231 = VERTEX_POINT( '', #7998 );
#6232 = LINE( '', #7999, #8000 );
#6233 = VERTEX_POINT( '', #8001 );
#6234 = LINE( '', #8002, #8003 );
#6235 = LINE( '', #8004, #8005 );
#6236 = FILL_AREA_STYLE_COLOUR( '', #8006 );
#6237 = VERTEX_POINT( '', #8007 );
#6238 = LINE( '', #8008, #8009 );
#6239 = VERTEX_POINT( '', #8010 );
#6240 = LINE( '', #8011, #8012 );
#6241 = LINE( '', #8013, #8014 );
#6242 = FILL_AREA_STYLE_COLOUR( '', #8015 );
#6243 = LINE( '', #8016, #8017 );
#6244 = FILL_AREA_STYLE_COLOUR( '', #8018 );
#6245 = LINE( '', #8019, #8020 );
#6246 = LINE( '', #8021, #8022 );
#6247 = FILL_AREA_STYLE_COLOUR( '', #8023 );
#6248 = VERTEX_POINT( '', #8024 );
#6249 = LINE( '', #8025, #8026 );
#6250 = LINE( '', #8027, #8028 );
#6251 = FILL_AREA_STYLE_COLOUR( '', #8029 );
#6252 = VERTEX_POINT( '', #8030 );
#6253 = LINE( '', #8031, #8032 );
#6254 = VERTEX_POINT( '', #8033 );
#6255 = LINE( '', #8034, #8035 );
#6256 = LINE( '', #8036, #8037 );
#6257 = FILL_AREA_STYLE_COLOUR( '', #8038 );
#6258 = LINE( '', #8039, #8040 );
#6259 = LINE( '', #8041, #8042 );
#6260 = VERTEX_POINT( '', #8043 );
#6261 = LINE( '', #8044, #8045 );
#6262 = VERTEX_POINT( '', #8046 );
#6263 = LINE( '', #8047, #8048 );
#6264 = LINE( '', #8049, #8050 );
#6265 = VERTEX_POINT( '', #8051 );
#6266 = LINE( '', #8052, #8053 );
#6267 = LINE( '', #8054, #8055 );
#6268 = LINE( '', #8056, #8057 );
#6269 = LINE( '', #8058, #8059 );
#6270 = LINE( '', #8060, #8061 );
#6271 = FILL_AREA_STYLE_COLOUR( '', #8062 );
#6272 = VERTEX_POINT( '', #8063 );
#6273 = CIRCLE( '', #8064, 0.380000000000000 );
#6274 = LINE( '', #8065, #8066 );
#6275 = FILL_AREA_STYLE_COLOUR( '', #8067 );
#6276 = VERTEX_POINT( '', #8068 );
#6277 = LINE( '', #8069, #8070 );
#6278 = LINE( '', #8071, #8072 );
#6279 = FILL_AREA_STYLE_COLOUR( '', #8073 );
#6280 = LINE( '', #8074, #8075 );
#6281 = FILL_AREA_STYLE_COLOUR( '', #8076 );
#6282 = VERTEX_POINT( '', #8077 );
#6283 = LINE( '', #8078, #8079 );
#6284 = LINE( '', #8080, #8081 );
#6285 = FILL_AREA_STYLE_COLOUR( '', #8082 );
#6286 = VERTEX_POINT( '', #8083 );
#6287 = LINE( '', #8084, #8085 );
#6288 = LINE( '', #8086, #8087 );
#6289 = FILL_AREA_STYLE_COLOUR( '', #8088 );
#6290 = VERTEX_POINT( '', #8089 );
#6291 = LINE( '', #8090, #8091 );
#6292 = LINE( '', #8092, #8093 );
#6293 = FILL_AREA_STYLE_COLOUR( '', #8094 );
#6294 = VERTEX_POINT( '', #8095 );
#6295 = LINE( '', #8096, #8097 );
#6296 = LINE( '', #8098, #8099 );
#6297 = FILL_AREA_STYLE_COLOUR( '', #8100 );
#6298 = VERTEX_POINT( '', #8101 );
#6299 = LINE( '', #8102, #8103 );
#6300 = LINE( '', #8104, #8105 );
#6301 = FILL_AREA_STYLE_COLOUR( '', #8106 );
#6302 = VERTEX_POINT( '', #8107 );
#6303 = LINE( '', #8108, #8109 );
#6304 = VERTEX_POINT( '', #8110 );
#6305 = LINE( '', #8111, #8112 );
#6306 = LINE( '', #8113, #8114 );
#6307 = FILL_AREA_STYLE_COLOUR( '', #8115 );
#6308 = VERTEX_POINT( '', #8116 );
#6309 = VERTEX_POINT( '', #8117 );
#6310 = LINE( '', #8118, #8119 );
#6311 = LINE( '', #8120, #8121 );
#6312 = LINE( '', #8122, #8123 );
#6313 = VERTEX_POINT( '', #8124 );
#6314 = LINE( '', #8125, #8126 );
#6315 = LINE( '', #8127, #8128 );
#6316 = LINE( '', #8129, #8130 );
#6317 = FILL_AREA_STYLE_COLOUR( '', #8131 );
#6318 = VERTEX_POINT( '', #8132 );
#6319 = VERTEX_POINT( '', #8133 );
#6320 = LINE( '', #8134, #8135 );
#6321 = LINE( '', #8136, #8137 );
#6322 = LINE( '', #8138, #8139 );
#6323 = LINE( '', #8140, #8141 );
#6324 = FILL_AREA_STYLE_COLOUR( '', #8142 );
#6325 = VERTEX_POINT( '', #8143 );
#6326 = LINE( '', #8144, #8145 );
#6327 = LINE( '', #8146, #8147 );
#6328 = FILL_AREA_STYLE_COLOUR( '', #8148 );
#6329 = VERTEX_POINT( '', #8149 );
#6330 = LINE( '', #8150, #8151 );
#6331 = LINE( '', #8152, #8153 );
#6332 = FILL_AREA_STYLE_COLOUR( '', #8154 );
#6333 = VERTEX_POINT( '', #8155 );
#6334 = LINE( '', #8156, #8157 );
#6335 = LINE( '', #8158, #8159 );
#6336 = FILL_AREA_STYLE_COLOUR( '', #8160 );
#6337 = VERTEX_POINT( '', #8161 );
#6338 = LINE( '', #8162, #8163 );
#6339 = LINE( '', #8164, #8165 );
#6340 = FILL_AREA_STYLE_COLOUR( '', #8166 );
#6341 = LINE( '', #8167, #8168 );
#6342 = FILL_AREA_STYLE_COLOUR( '', #8169 );
#6343 = VERTEX_POINT( '', #8170 );
#6344 = LINE( '', #8171, #8172 );
#6345 = LINE( '', #8173, #8174 );
#6346 = FILL_AREA_STYLE_COLOUR( '', #8175 );
#6347 = LINE( '', #8176, #8177 );
#6348 = LINE( '', #8178, #8179 );
#6349 = FILL_AREA_STYLE_COLOUR( '', #8180 );
#6350 = LINE( '', #8181, #8182 );
#6351 = FILL_AREA_STYLE_COLOUR( '', #8183 );
#6352 = FILL_AREA_STYLE_COLOUR( '', #8184 );
#6353 = FILL_AREA_STYLE_COLOUR( '', #8185 );
#6354 = LINE( '', #8186, #8187 );
#6355 = FILL_AREA_STYLE_COLOUR( '', #8188 );
#6356 = VERTEX_POINT( '', #8189 );
#6357 = LINE( '', #8190, #8191 );
#6358 = VERTEX_POINT( '', #8192 );
#6359 = LINE( '', #8193, #8194 );
#6360 = LINE( '', #8195, #8196 );
#6361 = FILL_AREA_STYLE_COLOUR( '', #8197 );
#6362 = VERTEX_POINT( '', #8198 );
#6363 = LINE( '', #8199, #8200 );
#6364 = LINE( '', #8201, #8202 );
#6365 = FILL_AREA_STYLE_COLOUR( '', #8203 );
#6366 = VERTEX_POINT( '', #8204 );
#6367 = LINE( '', #8205, #8206 );
#6368 = LINE( '', #8207, #8208 );
#6369 = FILL_AREA_STYLE_COLOUR( '', #8209 );
#6370 = VERTEX_POINT( '', #8210 );
#6371 = LINE( '', #8211, #8212 );
#6372 = LINE( '', #8213, #8214 );
#6373 = FILL_AREA_STYLE_COLOUR( '', #8215 );
#6374 = LINE( '', #8216, #8217 );
#6375 = FILL_AREA_STYLE_COLOUR( '', #8218 );
#6376 = VERTEX_POINT( '', #8219 );
#6377 = LINE( '', #8220, #8221 );
#6378 = VERTEX_POINT( '', #8222 );
#6379 = LINE( '', #8223, #8224 );
#6380 = LINE( '', #8225, #8226 );
#6381 = FILL_AREA_STYLE_COLOUR( '', #8227 );
#6382 = VERTEX_POINT( '', #8228 );
#6383 = LINE( '', #8229, #8230 );
#6384 = LINE( '', #8231, #8232 );
#6385 = FILL_AREA_STYLE_COLOUR( '', #8233 );
#6386 = VERTEX_POINT( '', #8234 );
#6387 = LINE( '', #8235, #8236 );
#6388 = LINE( '', #8237, #8238 );
#6389 = FILL_AREA_STYLE_COLOUR( '', #8239 );
#6390 = LINE( '', #8240, #8241 );
#6391 = FILL_AREA_STYLE_COLOUR( '', #8242 );
#6392 = LINE( '', #8243, #8244 );
#6393 = FILL_AREA_STYLE_COLOUR( '', #8245 );
#6394 = VERTEX_POINT( '', #8246 );
#6395 = LINE( '', #8247, #8248 );
#6396 = LINE( '', #8249, #8250 );
#6397 = FILL_AREA_STYLE_COLOUR( '', #8251 );
#6398 = VERTEX_POINT( '', #8252 );
#6399 = LINE( '', #8253, #8254 );
#6400 = LINE( '', #8255, #8256 );
#6401 = FILL_AREA_STYLE_COLOUR( '', #8257 );
#6402 = LINE( '', #8258, #8259 );
#6403 = FILL_AREA_STYLE_COLOUR( '', #8260 );
#6404 = LINE( '', #8261, #8262 );
#6405 = LINE( '', #8263, #8264 );
#6406 = LINE( '', #8265, #8266 );
#6407 = VERTEX_POINT( '', #8267 );
#6408 = LINE( '', #8268, #8269 );
#6409 = LINE( '', #8270, #8271 );
#6410 = FILL_AREA_STYLE_COLOUR( '', #8272 );
#6411 = FILL_AREA_STYLE_COLOUR( '', #8273 );
#6412 = VERTEX_POINT( '', #8274 );
#6413 = LINE( '', #8275, #8276 );
#6414 = VERTEX_POINT( '', #8277 );
#6415 = LINE( '', #8278, #8279 );
#6416 = LINE( '', #8280, #8281 );
#6417 = FILL_AREA_STYLE_COLOUR( '', #8282 );
#6418 = LINE( '', #8283, #8284 );
#6419 = FILL_AREA_STYLE_COLOUR( '', #8285 );
#6420 = VERTEX_POINT( '', #8286 );
#6421 = LINE( '', #8287, #8288 );
#6422 = LINE( '', #8289, #8290 );
#6423 = LINE( '', #8291, #8292 );
#6424 = LINE( '', #8293, #8294 );
#6425 = LINE( '', #8295, #8296 );
#6426 = FILL_AREA_STYLE_COLOUR( '', #8297 );
#6427 = LINE( '', #8298, #8299 );
#6428 = FILL_AREA_STYLE_COLOUR( '', #8300 );
#6429 = LINE( '', #8301, #8302 );
#6430 = FILL_AREA_STYLE_COLOUR( '', #8303 );
#6431 = FILL_AREA_STYLE_COLOUR( '', #8304 );
#6432 = FILL_AREA_STYLE_COLOUR( '', #8305 );
#6433 = VERTEX_POINT( '', #8306 );
#6434 = LINE( '', #8307, #8308 );
#6435 = VERTEX_POINT( '', #8309 );
#6436 = LINE( '', #8310, #8311 );
#6437 = LINE( '', #8312, #8313 );
#6438 = FILL_AREA_STYLE_COLOUR( '', #8314 );
#6439 = LINE( '', #8315, #8316 );
#6440 = FILL_AREA_STYLE_COLOUR( '', #8317 );
#6441 = VERTEX_POINT( '', #8318 );
#6442 = LINE( '', #8319, #8320 );
#6443 = VERTEX_POINT( '', #8321 );
#6444 = LINE( '', #8322, #8323 );
#6445 = LINE( '', #8324, #8325 );
#6446 = FILL_AREA_STYLE_COLOUR( '', #8326 );
#6447 = CIRCLE( '', #8327, 0.380000000000000 );
#6448 = FILL_AREA_STYLE_COLOUR( '', #8328 );
#6449 = VERTEX_POINT( '', #8329 );
#6450 = LINE( '', #8330, #8331 );
#6451 = LINE( '', #8332, #8333 );
#6452 = FILL_AREA_STYLE_COLOUR( '', #8334 );
#6453 = FILL_AREA_STYLE_COLOUR( '', #8335 );
#6454 = VERTEX_POINT( '', #8336 );
#6455 = LINE( '', #8337, #8338 );
#6456 = LINE( '', #8339, #8340 );
#6457 = FILL_AREA_STYLE_COLOUR( '', #8341 );
#6458 = LINE( '', #8342, #8343 );
#6459 = FILL_AREA_STYLE_COLOUR( '', #8344 );
#6460 = LINE( '', #8345, #8346 );
#6461 = FILL_AREA_STYLE_COLOUR( '', #8347 );
#6462 = VERTEX_POINT( '', #8348 );
#6463 = LINE( '', #8349, #8350 );
#6464 = LINE( '', #8351, #8352 );
#6465 = FILL_AREA_STYLE_COLOUR( '', #8353 );
#6466 = LINE( '', #8354, #8355 );
#6467 = FILL_AREA_STYLE_COLOUR( '', #8356 );
#6468 = VERTEX_POINT( '', #8357 );
#6469 = LINE( '', #8358, #8359 );
#6470 = LINE( '', #8360, #8361 );
#6471 = FILL_AREA_STYLE_COLOUR( '', #8362 );
#6472 = VERTEX_POINT( '', #8363 );
#6473 = LINE( '', #8364, #8365 );
#6474 = LINE( '', #8366, #8367 );
#6475 = FILL_AREA_STYLE_COLOUR( '', #8368 );
#6476 = LINE( '', #8369, #8370 );
#6477 = FILL_AREA_STYLE_COLOUR( '', #8371 );
#6478 = LINE( '', #8372, #8373 );
#6479 = FILL_AREA_STYLE_COLOUR( '', #8374 );
#6480 = LINE( '', #8375, #8376 );
#6481 = FILL_AREA_STYLE_COLOUR( '', #8377 );
#6482 = LINE( '', #8378, #8379 );
#6483 = FILL_AREA_STYLE_COLOUR( '', #8380 );
#6484 = VERTEX_POINT( '', #8381 );
#6485 = LINE( '', #8382, #8383 );
#6486 = LINE( '', #8384, #8385 );
#6487 = FILL_AREA_STYLE_COLOUR( '', #8386 );
#6488 = LINE( '', #8387, #8388 );
#6489 = FILL_AREA_STYLE_COLOUR( '', #8389 );
#6490 = LINE( '', #8390, #8391 );
#6491 = LINE( '', #8392, #8393 );
#6492 = FILL_AREA_STYLE_COLOUR( '', #8394 );
#6493 = FILL_AREA_STYLE_COLOUR( '', #8395 );
#6494 = CIRCLE( '', #8396, 0.380000000000000 );
#6495 = FILL_AREA_STYLE_COLOUR( '', #8397 );
#6496 = LINE( '', #8398, #8399 );
#6497 = FILL_AREA_STYLE_COLOUR( '', #8400 );
#6498 = LINE( '', #8401, #8402 );
#6499 = FILL_AREA_STYLE_COLOUR( '', #8403 );
#6500 = VERTEX_POINT( '', #8404 );
#6501 = LINE( '', #8405, #8406 );
#6502 = LINE( '', #8407, #8408 );
#6503 = FILL_AREA_STYLE_COLOUR( '', #8409 );
#6504 = VERTEX_POINT( '', #8410 );
#6505 = LINE( '', #8411, #8412 );
#6506 = LINE( '', #8413, #8414 );
#6507 = FILL_AREA_STYLE_COLOUR( '', #8415 );
#6508 = LINE( '', #8416, #8417 );
#6509 = FILL_AREA_STYLE_COLOUR( '', #8418 );
#6510 = LINE( '', #8419, #8420 );
#6511 = FILL_AREA_STYLE_COLOUR( '', #8421 );
#6512 = FILL_AREA_STYLE_COLOUR( '', #8422 );
#6513 = LINE( '', #8423, #8424 );
#6514 = FILL_AREA_STYLE_COLOUR( '', #8425 );
#6515 = LINE( '', #8426, #8427 );
#6516 = LINE( '', #8428, #8429 );
#6517 = LINE( '', #8430, #8431 );
#6518 = FILL_AREA_STYLE_COLOUR( '', #8432 );
#6519 = FILL_AREA_STYLE_COLOUR( '', #8433 );
#6520 = LINE( '', #8434, #8435 );
#6521 = FILL_AREA_STYLE_COLOUR( '', #8436 );
#6522 = VERTEX_POINT( '', #8437 );
#6523 = VERTEX_POINT( '', #8438 );
#6524 = LINE( '', #8439, #8440 );
#6525 = LINE( '', #8441, #8442 );
#6526 = LINE( '', #8443, #8444 );
#6527 = FILL_AREA_STYLE_COLOUR( '', #8445 );
#6528 = FILL_AREA_STYLE_COLOUR( '', #8446 );
#6529 = LINE( '', #8447, #8448 );
#6530 = CIRCLE( '', #8449, 0.380000000000000 );
#6531 = LINE( '', #8450, #8451 );
#6532 = LINE( '', #8452, #8453 );
#6533 = LINE( '', #8454, #8455 );
#6534 = LINE( '', #8456, #8457 );
#6535 = FILL_AREA_STYLE_COLOUR( '', #8458 );
#6536 = FILL_AREA_STYLE_COLOUR( '', #8459 );
#6537 = VERTEX_POINT( '', #8460 );
#6538 = LINE( '', #8461, #8462 );
#6539 = LINE( '', #8463, #8464 );
#6540 = LINE( '', #8465, #8466 );
#6541 = LINE( '', #8467, #8468 );
#6542 = FILL_AREA_STYLE_COLOUR( '', #8469 );
#6543 = LINE( '', #8470, #8471 );
#6544 = FILL_AREA_STYLE_COLOUR( '', #8472 );
#6545 = FILL_AREA_STYLE_COLOUR( '', #8473 );
#6546 = FILL_AREA_STYLE_COLOUR( '', #8474 );
#6547 = VERTEX_POINT( '', #8475 );
#6548 = LINE( '', #8476, #8477 );
#6549 = LINE( '', #8478, #8479 );
#6550 = FILL_AREA_STYLE_COLOUR( '', #8480 );
#6551 = LINE( '', #8481, #8482 );
#6552 = FILL_AREA_STYLE_COLOUR( '', #8483 );
#6553 = LINE( '', #8484, #8485 );
#6554 = FILL_AREA_STYLE_COLOUR( '', #8486 );
#6555 = LINE( '', #8487, #8488 );
#6556 = FILL_AREA_STYLE_COLOUR( '', #8489 );
#6557 = LINE( '', #8490, #8491 );
#6558 = FILL_AREA_STYLE_COLOUR( '', #8492 );
#6559 = LINE( '', #8493, #8494 );
#6560 = FILL_AREA_STYLE_COLOUR( '', #8495 );
#6561 = FILL_AREA_STYLE_COLOUR( '', #8496 );
#6562 = FILL_AREA_STYLE_COLOUR( '', #8497 );
#6563 = FILL_AREA_STYLE_COLOUR( '', #8498 );
#6564 = FILL_AREA_STYLE_COLOUR( '', #8499 );
#6565 = LINE( '', #8500, #8501 );
#6566 = LINE( '', #8502, #8503 );
#6567 = CIRCLE( '', #8504, 0.380000000000000 );
#6568 = LINE( '', #8505, #8506 );
#6569 = FILL_AREA_STYLE_COLOUR( '', #8507 );
#6570 = LINE( '', #8508, #8509 );
#6571 = FILL_AREA_STYLE_COLOUR( '', #8510 );
#6572 = FILL_AREA_STYLE_COLOUR( '', #8511 );
#6573 = FILL_AREA_STYLE_COLOUR( '', #8512 );
#6574 = FILL_AREA_STYLE_COLOUR( '', #8513 );
#6575 = FILL_AREA_STYLE_COLOUR( '', #8514 );
#6576 = FILL_AREA_STYLE_COLOUR( '', #8515 );
#6577 = FILL_AREA_STYLE_COLOUR( '', #8516 );
#6578 = FILL_AREA_STYLE_COLOUR( '', #8517 );
#6579 = FILL_AREA_STYLE_COLOUR( '', #8518 );
#6580 = FILL_AREA_STYLE_COLOUR( '', #8519 );
#6581 = FILL_AREA_STYLE_COLOUR( '', #8520 );
#6582 = FILL_AREA_STYLE_COLOUR( '', #8521 );
#6583 = FILL_AREA_STYLE_COLOUR( '', #8522 );
#6584 = FILL_AREA_STYLE_COLOUR( '', #8523 );
#6585 = FILL_AREA_STYLE_COLOUR( '', #8524 );
#6586 = FILL_AREA_STYLE_COLOUR( '', #8525 );
#6587 = FILL_AREA_STYLE_COLOUR( '', #8526 );
#6588 = FILL_AREA_STYLE_COLOUR( '', #8527 );
#6589 = FILL_AREA_STYLE_COLOUR( '', #8528 );
#6590 = FILL_AREA_STYLE_COLOUR( '', #8529 );
#6591 = FILL_AREA_STYLE_COLOUR( '', #8530 );
#6592 = FILL_AREA_STYLE_COLOUR( '', #8531 );
#6593 = COLOUR_RGB( '', 0.689999997600000, 0.689999997600000, 0.689999997600000 );
#6594 = CARTESIAN_POINT( '', ( -6.97500000000000, -1.40000000000000, -0.230000000000000 ) );
#6595 = CARTESIAN_POINT( '', ( -6.97500000000000, -1.40000000000000, -0.370000000000000 ) );
#6596 = CARTESIAN_POINT( '', ( -6.97500000000000, -1.40000000000000, -0.230000000000000 ) );
#6597 = VECTOR( '', #8532, 1000.00000000000 );
#6598 = CARTESIAN_POINT( '', ( -6.72500000000000, -1.40000000000000, -0.370000000000000 ) );
#6599 = CARTESIAN_POINT( '', ( -6.72500000000000, -1.40000000000000, -0.370000000000000 ) );
#6600 = VECTOR( '', #8533, 1000.00000000000 );
#6601 = CARTESIAN_POINT( '', ( -6.72500000000000, -1.40000000000000, -0.230000000000000 ) );
#6602 = CARTESIAN_POINT( '', ( -6.72500000000000, -1.40000000000000, -0.230000000000000 ) );
#6603 = VECTOR( '', #8534, 1000.00000000000 );
#6604 = CARTESIAN_POINT( '', ( -6.72500000000000, -1.40000000000000, -0.230000000000000 ) );
#6605 = VECTOR( '', #8535, 1000.00000000000 );
#6606 = COLOUR_RGB( '', 0.689999997600000, 0.689999997600000, 0.689999997600000 );
#6607 = CARTESIAN_POINT( '', ( -6.97500000000000, -1.15000000000000, 1.38000000000000 ) );
#6608 = CARTESIAN_POINT( '', ( -6.97500000000000, -0.510303946705714, 1.38000000000000 ) );
#6609 = CARTESIAN_POINT( '', ( -6.97500000000000, -1.15000000000000, 1.38000000000000 ) );
#6610 = VECTOR( '', #8536, 1000.00000000000 );
#6611 = CARTESIAN_POINT( '', ( -6.72500000000000, -0.510303946705714, 1.38000000000000 ) );
#6612 = CARTESIAN_POINT( '', ( -6.72500000000000, -0.510303946705714, 1.38000000000000 ) );
#6613 = VECTOR( '', #8537, 1000.00000000000 );
#6614 = CARTESIAN_POINT( '', ( -6.72500000000000, -1.15000000000000, 1.38000000000000 ) );
#6615 = CARTESIAN_POINT( '', ( -6.72500000000000, -1.15000000000000, 1.38000000000000 ) );
#6616 = VECTOR( '', #8538, 1000.00000000000 );
#6617 = CARTESIAN_POINT( '', ( -6.72500000000000, -1.15000000000000, 1.38000000000000 ) );
#6618 = VECTOR( '', #8539, 1000.00000000000 );
#6619 = COLOUR_RGB( '', 0.689999997600000, 0.689999997600000, 0.689999997600000 );
#6620 = CARTESIAN_POINT( '', ( -7.00000000000000, 0.250000000000000, -0.300000000000000 ) );
#6621 = CARTESIAN_POINT( '', ( -7.20000000000000, 0.250000000000000, -0.300000000000000 ) );
#6622 = CARTESIAN_POINT( '', ( -7.00000000000000, 0.250000000000000, -0.300000000000000 ) );
#6623 = VECTOR( '', #8540, 1000.00000000000 );
#6624 = CARTESIAN_POINT( '', ( -7.00000000000000, 4.80000000000000, -0.300000000000000 ) );
#6625 = CARTESIAN_POINT( '', ( -7.00000000000000, 4.80000000000000, -0.300000000000000 ) );
#6626 = VECTOR( '', #8541, 1000.00000000000 );
#6627 = CARTESIAN_POINT( '', ( -7.20000000000000, 4.80000000000000, -0.300000000000000 ) );
#6628 = CARTESIAN_POINT( '', ( -7.00000000000000, 4.80000000000000, -0.300000000000000 ) );
#6629 = VECTOR( '', #8542, 1000.00000000000 );
#6630 = CARTESIAN_POINT( '', ( -7.20000000000000, 4.80000000000000, -0.300000000000000 ) );
#6631 = VECTOR( '', #8543, 1000.00000000000 );
#6632 = COLOUR_RGB( '', 0.689999997600000, 0.689999997600000, 0.689999997600000 );
#6633 = CARTESIAN_POINT( '', ( 7.65000000000000, 0.250000000000000, 2.70000000000000 ) );
#6634 = CARTESIAN_POINT( '', ( 7.65000000000000, 0.000000000000000, 2.70000000000000 ) );
#6635 = CARTESIAN_POINT( '', ( 7.65000000000000, 0.250000000000000, 2.70000000000000 ) );
#6636 = VECTOR( '', #8544, 1000.00000000000 );
#6637 = CARTESIAN_POINT( '', ( 7.65000000000000, 0.250000000000000, -2.70000000000000 ) );
#6638 = CARTESIAN_POINT( '', ( 7.65000000000000, 0.250000000000000, 2.70000000000000 ) );
#6639 = VECTOR( '', #8545, 1000.00000000000 );
#6640 = CARTESIAN_POINT( '', ( 7.65000000000000, 0.000000000000000, -2.70000000000000 ) );
#6641 = CARTESIAN_POINT( '', ( 7.65000000000000, 0.250000000000000, -2.70000000000000 ) );
#6642 = VECTOR( '', #8546, 1000.00000000000 );
#6643 = CARTESIAN_POINT( '', ( 7.65000000000000, 0.000000000000000, -3.80000000000000 ) );
#6644 = CARTESIAN_POINT( '', ( 7.65000000000000, 0.000000000000000, 3.15000000000000 ) );
#6645 = VECTOR( '', #8547, 1000.00000000000 );
#6646 = CARTESIAN_POINT( '', ( 7.65000000000000, 4.80000000000000, -3.80000000000000 ) );
#6647 = CARTESIAN_POINT( '', ( 7.65000000000000, 4.80000000000000, -3.80000000000000 ) );
#6648 = VECTOR( '', #8548, 1000.00000000000 );
#6649 = CARTESIAN_POINT( '', ( 7.65000000000000, 4.80000000000000, 3.15000000000000 ) );
#6650 = CARTESIAN_POINT( '', ( 7.65000000000000, 4.80000000000000, 3.15000000000000 ) );
#6651 = VECTOR( '', #8549, 1000.00000000000 );
#6652 = CARTESIAN_POINT( '', ( 7.65000000000000, 0.000000000000000, 3.15000000000000 ) );
#6653 = CARTESIAN_POINT( '', ( 7.65000000000000, 4.80000000000000, 3.15000000000000 ) );
#6654 = VECTOR( '', #8550, 1000.00000000000 );
#6655 = CARTESIAN_POINT( '', ( 7.65000000000000, 0.000000000000000, 3.15000000000000 ) );
#6656 = VECTOR( '', #8551, 1000.00000000000 );
#6657 = COLOUR_RGB( '', 0.689999997600000, 0.689999997600000, 0.689999997600000 );
#6658 = CARTESIAN_POINT( '', ( -6.45000000000000, 0.000000000000000, -3.80000000000000 ) );
#6659 = CARTESIAN_POINT( '', ( -6.45000000000000, 0.000000000000000, -2.70000000000000 ) );
#6660 = CARTESIAN_POINT( '', ( -6.45000000000000, 0.000000000000000, -3.80000000000000 ) );
#6661 = VECTOR( '', #8552, 1000.00000000000 );
#6662 = CARTESIAN_POINT( '', ( -7.65000000000000, 0.000000000000000, -2.70000000000000 ) );
#6663 = CARTESIAN_POINT( '', ( -6.45000000000000, 0.000000000000000, -2.70000000000000 ) );
#6664 = VECTOR( '', #8553, 1000.00000000000 );
#6665 = CARTESIAN_POINT( '', ( -7.65000000000000, 0.000000000000000, -3.80000000000000 ) );
#6666 = CARTESIAN_POINT( '', ( -7.65000000000000, 0.000000000000000, -3.80000000000000 ) );
#6667 = VECTOR( '', #8554, 1000.00000000000 );
#6668 = CARTESIAN_POINT( '', ( 7.65000000000000, 0.000000000000000, -3.80000000000000 ) );
#6669 = VECTOR( '', #8555, 1000.00000000000 );
#6670 = COLOUR_RGB( '', 0.689999997600000, 0.689999997600000, 0.689999997600000 );
#6671 = CARTESIAN_POINT( '', ( 6.72500000000000, 4.72700000000000, -0.650000000000000 ) );
#6672 = CARTESIAN_POINT( '', ( 6.72500000000000, 4.62700000000000, -0.650000000000000 ) );
#6673 = CARTESIAN_POINT( '', ( 6.72500000000000, 4.72700000000000, -0.650000000000000 ) );
#6674 = VECTOR( '', #8556, 1000.00000000000 );
#6675 = CARTESIAN_POINT( '', ( 6.97500000000000, 4.62700000000000, -0.650000000000000 ) );
#6676 = CARTESIAN_POINT( '', ( 6.97500000000000, 4.62700000000000, -0.650000000000000 ) );
#6677 = VECTOR( '', #8557, 1000.00000000000 );
#6678 = CARTESIAN_POINT( '', ( 6.97500000000000, 4.72700000000000, -0.650000000000000 ) );
#6679 = CARTESIAN_POINT( '', ( 6.97500000000000, 4.72700000000000, -0.650000000000000 ) );
#6680 = VECTOR( '', #8558, 1000.00000000000 );
#6681 = CARTESIAN_POINT( '', ( 6.97500000000000, 4.72700000000000, -0.650000000000000 ) );
#6682 = VECTOR( '', #8559, 1000.00000000000 );
#6683 = COLOUR_RGB( '', 0.689999997600000, 0.689999997600000, 0.689999997600000 );
#6684 = CARTESIAN_POINT( '', ( -7.65000000000000, 0.250000000000000, 2.70000000000000 ) );
#6685 = CARTESIAN_POINT( '', ( -7.65000000000000, 0.000000000000000, 2.70000000000000 ) );
#6686 = CARTESIAN_POINT( '', ( -7.65000000000000, 0.250000000000000, 2.70000000000000 ) );
#6687 = VECTOR( '', #8560, 1000.00000000000 );
#6688 = CARTESIAN_POINT( '', ( -7.65000000000000, 0.000000000000000, 3.80000000000000 ) );
#6689 = CARTESIAN_POINT( '', ( -7.65000000000000, 0.000000000000000, -1.30000000000000 ) );
#6690 = VECTOR( '', #8561, 1000.00000000000 );
#6691 = CARTESIAN_POINT( '', ( -7.65000000000000, 4.80000000000000, 3.80000000000000 ) );
#6692 = CARTESIAN_POINT( '', ( -7.65000000000000, 4.80000000000000, 3.80000000000000 ) );
#6693 = VECTOR( '', #8562, 1000.00000000000 );
#6694 = CARTESIAN_POINT( '', ( -7.65000000000000, 4.80000000000000, -1.30000000000000 ) );
#6695 = CARTESIAN_POINT( '', ( -7.65000000000000, 4.80000000000000, -1.30000000000000 ) );
#6696 = VECTOR( '', #8563, 1000.00000000000 );
#6697 = CARTESIAN_POINT( '', ( -7.65000000000000, 0.250000000000000, -1.30000000000000 ) );
#6698 = CARTESIAN_POINT( '', ( -7.65000000000000, 4.80000000000000, -1.30000000000000 ) );
#6699 = VECTOR( '', #8564, 1000.00000000000 );
#6700 = CARTESIAN_POINT( '', ( -7.65000000000000, 0.250000000000000, -2.70000000000000 ) );
#6701 = VECTOR( '', #8565, 1000.00000000000 );
#6702 = COLOUR_RGB( '', 0.689999997600000, 0.689999997600000, 0.689999997600000 );
#6703 = CARTESIAN_POINT( '', ( 6.72500000000000, -0.510303946705714, -0.480000000000000 ) );
#6704 = CARTESIAN_POINT( '', ( 6.72500000000000, -0.0896960532942850, -0.480000000000000 ) );
#6705 = AXIS2_PLACEMENT_3D( '', #8566, #8567, #8568 );
#6706 = CARTESIAN_POINT( '', ( 6.97500000000000, -0.510303946705714, -0.480000000000000 ) );
#6707 = CARTESIAN_POINT( '', ( 6.97500000000000, -0.510303946705714, -0.480000000000000 ) );
#6708 = VECTOR( '', #8569, 1000.00000000000 );
#6709 = CARTESIAN_POINT( '', ( 6.97500000000000, -0.0896960532942850, -0.480000000000000 ) );
#6710 = AXIS2_PLACEMENT_3D( '', #8570, #8571, #8572 );
#6711 = CARTESIAN_POINT( '', ( 6.97500000000000, -0.0896960532942850, -0.480000000000000 ) );
#6712 = VECTOR( '', #8573, 1000.00000000000 );
#6713 = COLOUR_RGB( '', 1.00000000000000, 1.00000000000000, 0.000000000000000 );
#6714 = CARTESIAN_POINT( '', ( -0.175000000000000, 0.400000000000000, 1.57500000000000 ) );
#6715 = CARTESIAN_POINT( '', ( -0.175000000000000, 0.000000000000000, 1.17500000000000 ) );
#6716 = CARTESIAN_POINT( '', ( -0.175000000000000, 2.20000000000000, 3.37500000000000 ) );
#6717 = VECTOR( '', #8574, 1000.00000000000 );
#6718 = CARTESIAN_POINT( '', ( 0.175000000000000, 0.000000000000000, 1.17500000000000 ) );
#6719 = CARTESIAN_POINT( '', ( 7.00000000000000, 0.000000000000000, 1.17500000000000 ) );
#6720 = VECTOR( '', #8575, 1000.00000000000 );
#6721 = CARTESIAN_POINT( '', ( 0.175000000000000, 0.400000000000000, 1.57500000000000 ) );
#6722 = CARTESIAN_POINT( '', ( 0.175000000000000, 0.375000000000000, 1.55000000000000 ) );
#6723 = VECTOR( '', #8576, 1000.00000000000 );
#6724 = CARTESIAN_POINT( '', ( 7.00000000000000, 0.400000000000000, 1.57500000000000 ) );
#6725 = VECTOR( '', #8577, 1000.00000000000 );
#6726 = COLOUR_RGB( '', 0.689999997600000, 0.689999997600000, 0.689999997600000 );
#6727 = CARTESIAN_POINT( '', ( 6.00000000000000, 4.80000000000000, 3.78700000000000 ) );
#6728 = CARTESIAN_POINT( '', ( 4.90000000000000, 4.80000000000000, 3.78700000000000 ) );
#6729 = CARTESIAN_POINT( '', ( 0.000000000000000, 4.80000000000000, 3.78700000000000 ) );
#6730 = VECTOR( '', #8578, 1000.00000000000 );
#6731 = CARTESIAN_POINT( '', ( 5.45000000000000, 3.80000000000000, 3.78700000000000 ) );
#6732 = CARTESIAN_POINT( '', ( 4.90000000000000, 4.80000000000000, 3.78700000000000 ) );
#6733 = VECTOR( '', #8579, 1000.00000000000 );
#6734 = CARTESIAN_POINT( '', ( 5.45000000000000, 3.80000000000000, 3.78700000000000 ) );
#6735 = VECTOR( '', #8580, 1000.00000000000 );
#6736 = COLOUR_RGB( '', 0.689999997600000, 0.689999997600000, 0.689999997600000 );
#6737 = CARTESIAN_POINT( '', ( -6.70000000000000, 0.250000000000000, -0.300000000000000 ) );
#6738 = CARTESIAN_POINT( '', ( -6.70000000000000, 0.250000000000000, -1.15000000000000 ) );
#6739 = CARTESIAN_POINT( '', ( -6.70000000000000, 0.250000000000000, -0.300000000000000 ) );
#6740 = VECTOR( '', #8581, 1000.00000000000 );
#6741 = CARTESIAN_POINT( '', ( -6.70000000000000, 4.80000000000000, -0.300000000000000 ) );
#6742 = CARTESIAN_POINT( '', ( -6.70000000000000, 4.80000000000000, -0.300000000000000 ) );
#6743 = VECTOR( '', #8582, 1000.00000000000 );
#6744 = CARTESIAN_POINT( '', ( -6.70000000000000, 4.80000000000000, -1.15000000000000 ) );
#6745 = CARTESIAN_POINT( '', ( -6.70000000000000, 4.80000000000000, -0.300000000000000 ) );
#6746 = VECTOR( '', #8583, 1000.00000000000 );
#6747 = CARTESIAN_POINT( '', ( -6.70000000000000, 4.80000000000000, -1.15000000000000 ) );
#6748 = VECTOR( '', #8584, 1000.00000000000 );
#6749 = COLOUR_RGB( '', 0.689999997600000, 0.689999997600000, 0.689999997600000 );
#6750 = CARTESIAN_POINT( '', ( 6.72500000000000, 1.35000000000000, 0.880000000000000 ) );
#6751 = CARTESIAN_POINT( '', ( 6.72500000000000, 1.35000000000000, -0.480000000000000 ) );
#6752 = CARTESIAN_POINT( '', ( 6.72500000000000, 1.35000000000000, 0.880000000000000 ) );
#6753 = VECTOR( '', #8585, 1000.00000000000 );
#6754 = CARTESIAN_POINT( '', ( 6.97500000000000, 1.35000000000000, -0.480000000000000 ) );
#6755 = CARTESIAN_POINT( '', ( 6.97500000000000, 1.35000000000000, -0.480000000000000 ) );
#6756 = VECTOR( '', #8586, 1000.00000000000 );
#6757 = CARTESIAN_POINT( '', ( 6.97500000000000, 1.35000000000000, 0.880000000000000 ) );
#6758 = CARTESIAN_POINT( '', ( 6.97500000000000, 1.35000000000000, 0.880000000000000 ) );
#6759 = VECTOR( '', #8587, 1000.00000000000 );
#6760 = CARTESIAN_POINT( '', ( 6.97500000000000, 1.35000000000000, 0.880000000000000 ) );
#6761 = VECTOR( '', #8588, 1000.00000000000 );
#6762 = COLOUR_RGB( '', 0.689999997600000, 0.689999997600000, 0.689999997600000 );
#6763 = CARTESIAN_POINT( '', ( -6.97500000000000, -0.510303946705714, 2.02000000000000 ) );
#6764 = CARTESIAN_POINT( '', ( -6.97500000000000, -1.15000000000000, 2.02000000000000 ) );
#6765 = CARTESIAN_POINT( '', ( -6.97500000000000, -0.510303946705714, 2.02000000000000 ) );
#6766 = VECTOR( '', #8589, 1000.00000000000 );
#6767 = CARTESIAN_POINT( '', ( -6.72500000000000, -1.15000000000000, 2.02000000000000 ) );
#6768 = CARTESIAN_POINT( '', ( -6.72500000000000, -1.15000000000000, 2.02000000000000 ) );
#6769 = VECTOR( '', #8590, 1000.00000000000 );
#6770 = CARTESIAN_POINT( '', ( -6.72500000000000, -0.510303946705714, 2.02000000000000 ) );
#6771 = CARTESIAN_POINT( '', ( -6.72500000000000, -0.510303946705714, 2.02000000000000 ) );
#6772 = VECTOR( '', #8591, 1000.00000000000 );
#6773 = CARTESIAN_POINT( '', ( -6.72500000000000, -0.510303946705714, 2.02000000000000 ) );
#6774 = VECTOR( '', #8592, 1000.00000000000 );
#6775 = COLOUR_RGB( '', 0.689999997600000, 0.689999997600000, 0.689999997600000 );
#6776 = CARTESIAN_POINT( '', ( 6.72500000000000, 4.72700000000000, 1.85000000000000 ) );
#6777 = CARTESIAN_POINT( '', ( 6.72500000000000, 4.62700000000000, 1.85000000000000 ) );
#6778 = CARTESIAN_POINT( '', ( 6.72500000000000, 4.72700000000000, 1.85000000000000 ) );
#6779 = VECTOR( '', #8593, 1000.00000000000 );
#6780 = CARTESIAN_POINT( '', ( 6.97500000000000, 4.62700000000000, 1.85000000000000 ) );
#6781 = CARTESIAN_POINT( '', ( 6.97500000000000, 4.62700000000000, 1.85000000000000 ) );
#6782 = VECTOR( '', #8594, 1000.00000000000 );
#6783 = CARTESIAN_POINT( '', ( 6.97500000000000, 4.72700000000000, 1.85000000000000 ) );
#6784 = CARTESIAN_POINT( '', ( 6.97500000000000, 4.72700000000000, 1.85000000000000 ) );
#6785 = VECTOR( '', #8595, 1000.00000000000 );
#6786 = CARTESIAN_POINT( '', ( 6.97500000000000, 4.72700000000000, 1.85000000000000 ) );
#6787 = VECTOR( '', #8596, 1000.00000000000 );
#6788 = COLOUR_RGB( '', 0.689999997600000, 0.689999997600000, 0.689999997600000 );
#6789 = CARTESIAN_POINT( '', ( -6.97500000000000, -1.15000000000000, 0.0200000000000000 ) );
#6790 = CARTESIAN_POINT( '', ( -6.97500000000000, -1.15000000000000, 0.0200000000000000 ) );
#6791 = VECTOR( '', #8597, 1000.00000000000 );
#6792 = CARTESIAN_POINT( '', ( -6.72500000000000, -1.15000000000000, 0.0200000000000000 ) );
#6793 = CARTESIAN_POINT( '', ( -6.72500000000000, -1.15000000000000, 0.0200000000000000 ) );
#6794 = VECTOR( '', #8598, 1000.00000000000 );
#6795 = CARTESIAN_POINT( '', ( -6.72500000000000, -1.15000000000000, 0.0200000000000000 ) );
#6796 = VECTOR( '', #8599, 1000.00000000000 );
#6797 = COLOUR_RGB( '', 0.689999997600000, 0.689999997600000, 0.689999997600000 );
#6798 = CARTESIAN_POINT( '', ( 7.20000000000000, 0.250000000000000, -0.800000000000000 ) );
#6799 = CARTESIAN_POINT( '', ( 7.00000000000000, 0.250000000000000, -0.800000000000000 ) );
#6800 = CARTESIAN_POINT( '', ( 7.20000000000000, 0.250000000000000, -0.800000000000000 ) );
#6801 = VECTOR( '', #8600, 1000.00000000000 );
#6802 = CARTESIAN_POINT( '', ( 7.20000000000000, 4.80000000000000, -0.800000000000000 ) );
#6803 = CARTESIAN_POINT( '', ( 7.20000000000000, 4.80000000000000, -0.800000000000000 ) );
#6804 = VECTOR( '', #8601, 1000.00000000000 );
#6805 = CARTESIAN_POINT( '', ( 7.00000000000000, 4.80000000000000, -0.800000000000000 ) );
#6806 = CARTESIAN_POINT( '', ( 7.20000000000000, 4.80000000000000, -0.800000000000000 ) );
#6807 = VECTOR( '', #8602, 1000.00000000000 );
#6808 = CARTESIAN_POINT( '', ( 7.00000000000000, 4.80000000000000, -0.800000000000000 ) );
#6809 = VECTOR( '', #8603, 1000.00000000000 );
#6810 = COLOUR_RGB( '', 0.689999997600000, 0.689999997600000, 0.689999997600000 );
#6811 = CARTESIAN_POINT( '', ( 7.20000000000000, 0.250000000000000, 1.20000000000000 ) );
#6812 = CARTESIAN_POINT( '', ( 7.20000000000000, 0.250000000000000, 1.20000000000000 ) );
#6813 = VECTOR( '', #8604, 1000.00000000000 );
#6814 = CARTESIAN_POINT( '', ( 7.20000000000000, 4.80000000000000, 1.20000000000000 ) );
#6815 = CARTESIAN_POINT( '', ( 7.20000000000000, 4.80000000000000, 1.20000000000000 ) );
#6816 = VECTOR( '', #8605, 1000.00000000000 );
#6817 = CARTESIAN_POINT( '', ( 7.20000000000000, 4.80000000000000, 1.20000000000000 ) );
#6818 = VECTOR( '', #8606, 1000.00000000000 );
#6819 = COLOUR_RGB( '', 0.689999997600000, 0.689999997600000, 0.689999997600000 );
#6820 = CARTESIAN_POINT( '', ( 2.35000000000000, 0.750000000000000, 3.80000000000000 ) );
#6821 = CARTESIAN_POINT( '', ( 1.65000000000000, 0.750000000000000, 3.80000000000000 ) );
#6822 = CARTESIAN_POINT( '', ( 2.35000000000000, 0.750000000000000, 3.80000000000000 ) );
#6823 = VECTOR( '', #8607, 1000.00000000000 );
#6824 = CARTESIAN_POINT( '', ( 1.65000000000000, 0.750000000000000, 3.30000000000000 ) );
#6825 = CARTESIAN_POINT( '', ( 1.65000000000000, 0.750000000000000, 3.30000000000000 ) );
#6826 = VECTOR( '', #8608, 1000.00000000000 );
#6827 = CARTESIAN_POINT( '', ( 2.35000000000000, 0.750000000000000, 3.30000000000000 ) );
#6828 = CARTESIAN_POINT( '', ( 2.35000000000000, 0.750000000000000, 3.30000000000000 ) );
#6829 = VECTOR( '', #8609, 1000.00000000000 );
#6830 = CARTESIAN_POINT( '', ( 2.35000000000000, 0.750000000000000, 3.30000000000000 ) );
#6831 = VECTOR( '', #8610, 1000.00000000000 );
#6832 = COLOUR_RGB( '', 0.689999997600000, 0.689999997600000, 0.689999997600000 );
#6833 = CARTESIAN_POINT( '', ( 6.72500000000000, -1.40000000000000, 1.13000000000000 ) );
#6834 = CARTESIAN_POINT( '', ( 6.72500000000000, -1.15000000000000, 0.880000000000000 ) );
#6835 = CARTESIAN_POINT( '', ( 6.72500000000000, -1.40000000000000, 1.13000000000000 ) );
#6836 = VECTOR( '', #8611, 1000.00000000000 );
#6837 = CARTESIAN_POINT( '', ( 6.97500000000000, -1.15000000000000, 0.880000000000000 ) );
#6838 = CARTESIAN_POINT( '', ( 6.97500000000000, -1.15000000000000, 0.880000000000000 ) );
#6839 = VECTOR( '', #8612, 1000.00000000000 );
#6840 = CARTESIAN_POINT( '', ( 6.97500000000000, -1.40000000000000, 1.13000000000000 ) );
#6841 = CARTESIAN_POINT( '', ( 6.97500000000000, -1.40000000000000, 1.13000000000000 ) );
#6842 = VECTOR( '', #8613, 1000.00000000000 );
#6843 = CARTESIAN_POINT( '', ( 6.97500000000000, -1.40000000000000, 1.13000000000000 ) );
#6844 = VECTOR( '', #8614, 1000.00000000000 );
#6845 = COLOUR_RGB( '', 0.689999997600000, 0.689999997600000, 0.689999997600000 );
#6846 = CARTESIAN_POINT( '', ( -2.35000000000000, 0.250000000000000, -3.30000000000000 ) );
#6847 = CARTESIAN_POINT( '', ( -2.35000000000000, 0.250000000000000, -3.80000000000000 ) );
#6848 = CARTESIAN_POINT( '', ( -2.35000000000000, 0.250000000000000, 0.000000000000000 ) );
#6849 = VECTOR( '', #8615, 1000.00000000000 );
#6850 = CARTESIAN_POINT( '', ( -2.35000000000000, 0.750000000000000, -3.80000000000000 ) );
#6851 = CARTESIAN_POINT( '', ( -2.35000000000000, 0.750000000000000, -3.80000000000000 ) );
#6852 = VECTOR( '', #8616, 1000.00000000000 );
#6853 = CARTESIAN_POINT( '', ( -2.35000000000000, 0.750000000000000, -3.30000000000000 ) );
#6854 = CARTESIAN_POINT( '', ( -2.35000000000000, 0.750000000000000, -3.30000000000000 ) );
#6855 = VECTOR( '', #8617, 1000.00000000000 );
#6856 = CARTESIAN_POINT( '', ( -2.35000000000000, 0.750000000000000, -3.30000000000000 ) );
#6857 = VECTOR( '', #8618, 1000.00000000000 );
#6858 = COLOUR_RGB( '', 0.689999997600000, 0.689999997600000, 0.689999997600000 );
#6859 = CARTESIAN_POINT( '', ( -7.20000000000000, 0.250000000000000, 1.70000000000000 ) );
#6860 = CARTESIAN_POINT( '', ( -7.00000000000000, 0.250000000000000, 1.70000000000000 ) );
#6861 = CARTESIAN_POINT( '', ( -7.20000000000000, 0.250000000000000, 1.70000000000000 ) );
#6862 = VECTOR( '', #8619, 1000.00000000000 );
#6863 = CARTESIAN_POINT( '', ( -7.20000000000000, 4.80000000000000, 1.70000000000000 ) );
#6864 = CARTESIAN_POINT( '', ( -7.20000000000000, 4.80000000000000, 1.70000000000000 ) );
#6865 = VECTOR( '', #8620, 1000.00000000000 );
#6866 = CARTESIAN_POINT( '', ( -7.00000000000000, 4.80000000000000, 1.70000000000000 ) );
#6867 = CARTESIAN_POINT( '', ( -7.20000000000000, 4.80000000000000, 1.70000000000000 ) );
#6868 = VECTOR( '', #8621, 1000.00000000000 );
#6869 = CARTESIAN_POINT( '', ( -7.00000000000000, 4.80000000000000, 1.70000000000000 ) );
#6870 = VECTOR( '', #8622, 1000.00000000000 );
#6871 = COLOUR_RGB( '', 1.00000000000000, 1.00000000000000, 0.000000000000000 );
#6872 = CARTESIAN_POINT( '', ( 2.17500000000000, 0.400000000000000, -1.92500000000000 ) );
#6873 = CARTESIAN_POINT( '', ( 2.17500000000000, 0.400000000000000, -1.57500000000000 ) );
#6874 = CARTESIAN_POINT( '', ( 2.17500000000000, 0.400000000000000, 1.92500000000000 ) );
#6875 = VECTOR( '', #8623, 1000.00000000000 );
#6876 = CARTESIAN_POINT( '', ( 1.82500000000000, 0.400000000000000, -1.57500000000000 ) );
#6877 = CARTESIAN_POINT( '', ( 7.00000000000000, 0.400000000000000, -1.57500000000000 ) );
#6878 = VECTOR( '', #8624, 1000.00000000000 );
#6879 = CARTESIAN_POINT( '', ( 1.82500000000000, 0.400000000000000, -1.92500000000000 ) );
#6880 = CARTESIAN_POINT( '', ( 1.82500000000000, 0.400000000000000, 1.92500000000000 ) );
#6881 = VECTOR( '', #8625, 1000.00000000000 );
#6882 = CARTESIAN_POINT( '', ( -0.000000000000000, 0.400000000000000, -1.92500000000000 ) );
#6883 = VECTOR( '', #8626, 1000.00000000000 );
#6884 = COLOUR_RGB( '', 0.689999997600000, 0.689999997600000, 0.689999997600000 );
#6885 = CARTESIAN_POINT( '', ( -5.95000000000000, 4.80000000000000, 3.20000000000000 ) );
#6886 = CARTESIAN_POINT( '', ( 5.95000000000000, 4.80000000000000, 3.20000000000000 ) );
#6887 = CARTESIAN_POINT( '', ( -5.95000000000000, 4.80000000000000, 3.20000000000000 ) );
#6888 = VECTOR( '', #8627, 1000.00000000000 );
#6889 = CARTESIAN_POINT( '', ( 5.95000000000000, 0.700000000000000, 3.20000000000000 ) );
#6890 = CARTESIAN_POINT( '', ( 5.95000000000000, 1.25000000000000, 3.20000000000000 ) );
#6891 = VECTOR( '', #8628, 1000.00000000000 );
#6892 = CARTESIAN_POINT( '', ( 4.15000000000000, 0.700000000000000, 3.20000000000000 ) );
#6893 = CARTESIAN_POINT( '', ( 4.15000000000000, 0.700000000000000, 3.20000000000000 ) );
#6894 = VECTOR( '', #8629, 1000.00000000000 );
#6895 = CARTESIAN_POINT( '', ( 4.15000000000000, 1.25000000000000, 3.20000000000000 ) );
#6896 = CARTESIAN_POINT( '', ( 4.15000000000000, 0.700000000000000, 3.20000000000000 ) );
#6897 = VECTOR( '', #8630, 1000.00000000000 );
#6898 = CARTESIAN_POINT( '', ( -4.15000000000000, 1.25000000000000, 3.20000000000000 ) );
#6899 = CARTESIAN_POINT( '', ( -5.95000000000000, 1.25000000000000, 3.20000000000000 ) );
#6900 = VECTOR( '', #8631, 1000.00000000000 );
#6901 = CARTESIAN_POINT( '', ( -4.15000000000000, 0.700000000000000, 3.20000000000000 ) );
#6902 = CARTESIAN_POINT( '', ( -4.15000000000000, 0.700000000000000, 3.20000000000000 ) );
#6903 = VECTOR( '', #8632, 1000.00000000000 );
#6904 = CARTESIAN_POINT( '', ( -5.95000000000000, 0.700000000000000, 3.20000000000000 ) );
#6905 = CARTESIAN_POINT( '', ( -5.95000000000000, 0.700000000000000, 3.20000000000000 ) );
#6906 = VECTOR( '', #8633, 1000.00000000000 );
#6907 = CARTESIAN_POINT( '', ( -5.95000000000000, 1.25000000000000, 3.20000000000000 ) );
#6908 = VECTOR( '', #8634, 1000.00000000000 );
#6909 = COLOUR_RGB( '', 0.689999997600000, 0.689999997600000, 0.689999997600000 );
#6910 = CARTESIAN_POINT( '', ( 2.80000000000000, 0.250000000000000, -1.50000000000000 ) );
#6911 = CARTESIAN_POINT( '', ( 2.80000000000000, 0.250000000000000, 1.50000000000000 ) );
#6912 = CARTESIAN_POINT( '', ( 2.80000000000000, 0.250000000000000, -1.50000000000000 ) );
#6913 = VECTOR( '', #8635, 1000.00000000000 );
#6914 = CARTESIAN_POINT( '', ( 2.80000000000000, 1.25000000000000, -1.50000000000000 ) );
#6915 = CARTESIAN_POINT( '', ( 2.80000000000000, 4.80000000000000, -1.50000000000000 ) );
#6916 = VECTOR( '', #8636, 1000.00000000000 );
#6917 = CARTESIAN_POINT( '', ( 2.80000000000000, 1.25000000000000, 1.50000000000000 ) );
#6918 = CARTESIAN_POINT( '', ( 2.80000000000000, 1.25000000000000, -1.50000000000000 ) );
#6919 = VECTOR( '', #8637, 1000.00000000000 );
#6920 = CARTESIAN_POINT( '', ( 2.80000000000000, 4.80000000000000, 1.50000000000000 ) );
#6921 = VECTOR( '', #8638, 1000.00000000000 );
#6922 = COLOUR_RGB( '', 0.689999997600000, 0.689999997600000, 0.689999997600000 );
#6923 = CARTESIAN_POINT( '', ( 6.72500000000000, -0.510303946705714, 0.880000000000000 ) );
#6924 = CARTESIAN_POINT( '', ( 6.72500000000000, -1.15000000000000, 0.880000000000000 ) );
#6925 = VECTOR( '', #8639, 1000.00000000000 );
#6926 = CARTESIAN_POINT( '', ( 6.97500000000000, -0.510303946705714, 0.880000000000000 ) );
#6927 = CARTESIAN_POINT( '', ( 6.97500000000000, -0.510303946705714, 0.880000000000000 ) );
#6928 = VECTOR( '', #8640, 1000.00000000000 );
#6929 = CARTESIAN_POINT( '', ( 6.97500000000000, -1.15000000000000, 0.880000000000000 ) );
#6930 = VECTOR( '', #8641, 1000.00000000000 );
#6931 = COLOUR_RGB( '', 0.689999997600000, 0.689999997600000, 0.689999997600000 );
#6932 = CARTESIAN_POINT( '', ( 6.70000000000000, 0.250000000000000, -0.800000000000000 ) );
#6933 = CARTESIAN_POINT( '', ( 6.50000000000000, 0.250000000000000, -0.800000000000000 ) );
#6934 = CARTESIAN_POINT( '', ( 6.70000000000000, 0.250000000000000, -0.800000000000000 ) );
#6935 = VECTOR( '', #8642, 1000.00000000000 );
#6936 = CARTESIAN_POINT( '', ( 6.70000000000000, 4.80000000000000, -0.800000000000000 ) );
#6937 = CARTESIAN_POINT( '', ( 6.70000000000000, 4.80000000000000, -0.800000000000000 ) );
#6938 = VECTOR( '', #8643, 1000.00000000000 );
#6939 = CARTESIAN_POINT( '', ( 6.50000000000000, 4.80000000000000, -0.800000000000000 ) );
#6940 = CARTESIAN_POINT( '', ( 6.70000000000000, 4.80000000000000, -0.800000000000000 ) );
#6941 = VECTOR( '', #8644, 1000.00000000000 );
#6942 = CARTESIAN_POINT( '', ( 6.50000000000000, 4.80000000000000, -0.800000000000000 ) );
#6943 = VECTOR( '', #8645, 1000.00000000000 );
#6944 = COLOUR_RGB( '', 0.689999997600000, 0.689999997600000, 0.689999997600000 );
#6945 = CARTESIAN_POINT( '', ( -6.45000000000000, 0.250000000000000, -2.70000000000000 ) );
#6946 = CARTESIAN_POINT( '', ( -6.45000000000000, 0.250000000000000, -2.70000000000000 ) );
#6947 = VECTOR( '', #8646, 1000.00000000000 );
#6948 = CARTESIAN_POINT( '', ( -7.65000000000000, 0.250000000000000, -2.70000000000000 ) );
#6949 = CARTESIAN_POINT( '', ( -6.45000000000000, 0.250000000000000, -2.70000000000000 ) );
#6950 = VECTOR( '', #8647, 1000.00000000000 );
#6951 = CARTESIAN_POINT( '', ( -7.65000000000000, 0.250000000000000, -2.70000000000000 ) );
#6952 = VECTOR( '', #8648, 1000.00000000000 );
#6953 = COLOUR_RGB( '', 0.689999997600000, 0.689999997600000, 0.689999997600000 );
#6954 = CARTESIAN_POINT( '', ( 1.20000000000000, 0.250000000000000, 1.50000000000000 ) );
#6955 = CARTESIAN_POINT( '', ( 1.20000000000000, 0.250000000000000, -1.50000000000000 ) );
#6956 = CARTESIAN_POINT( '', ( 1.20000000000000, 0.250000000000000, 1.50000000000000 ) );
#6957 = VECTOR( '', #8649, 1000.00000000000 );
#6958 = CARTESIAN_POINT( '', ( 1.20000000000000, 1.25000000000000, 1.50000000000000 ) );
#6959 = CARTESIAN_POINT( '', ( 1.20000000000000, 4.80000000000000, 1.50000000000000 ) );
#6960 = VECTOR( '', #8650, 1000.00000000000 );
#6961 = CARTESIAN_POINT( '', ( 1.20000000000000, 1.25000000000000, -1.50000000000000 ) );
#6962 = CARTESIAN_POINT( '', ( 1.20000000000000, 1.25000000000000, 1.50000000000000 ) );
#6963 = VECTOR( '', #8651, 1000.00000000000 );
#6964 = CARTESIAN_POINT( '', ( 1.20000000000000, 4.80000000000000, -1.50000000000000 ) );
#6965 = VECTOR( '', #8652, 1000.00000000000 );
#6966 = COLOUR_RGB( '', 1.00000000000000, 1.00000000000000, 0.000000000000000 );
#6967 = CARTESIAN_POINT( '', ( 6.17500000000000, 0.000000000000000, 1.17500000000000 ) );
#6968 = CARTESIAN_POINT( '', ( 6.17500000000000, 0.400000000000000, 1.57500000000000 ) );
#6969 = CARTESIAN_POINT( '', ( 6.17500000000000, 0.375000000000000, 1.55000000000000 ) );
#6970 = VECTOR( '', #8653, 1000.00000000000 );
#6971 = CARTESIAN_POINT( '', ( 5.82500000000000, 0.400000000000000, 1.57500000000000 ) );
#6972 = CARTESIAN_POINT( '', ( 7.00000000000000, 0.400000000000000, 1.57500000000000 ) );
#6973 = VECTOR( '', #8654, 1000.00000000000 );
#6974 = CARTESIAN_POINT( '', ( 5.82500000000000, 0.000000000000000, 1.17500000000000 ) );
#6975 = CARTESIAN_POINT( '', ( 5.82500000000000, 2.20000000000000, 3.37500000000000 ) );
#6976 = VECTOR( '', #8655, 1000.00000000000 );
#6977 = CARTESIAN_POINT( '', ( 7.00000000000000, 0.000000000000000, 1.17500000000000 ) );
#6978 = VECTOR( '', #8656, 1000.00000000000 );
#6979 = COLOUR_RGB( '', 0.689999997600000, 0.689999997600000, 0.689999997600000 );
#6980 = CARTESIAN_POINT( '', ( -7.20000000000000, 0.250000000000000, -0.300000000000000 ) );
#6981 = VECTOR( '', #8657, 1000.00000000000 );
#6982 = CARTESIAN_POINT( '', ( -7.00000000000000, 0.250000000000000, 2.55000000000000 ) );
#6983 = CARTESIAN_POINT( '', ( -7.00000000000000, 0.250000000000000, 1.70000000000000 ) );
#6984 = VECTOR( '', #8658, 1000.00000000000 );
#6985 = CARTESIAN_POINT( '', ( -6.70000000000000, 0.250000000000000, 2.55000000000000 ) );
#6986 = CARTESIAN_POINT( '', ( -7.00000000000000, 0.250000000000000, 2.55000000000000 ) );
#6987 = VECTOR( '', #8659, 1000.00000000000 );
#6988 = CARTESIAN_POINT( '', ( -6.70000000000000, 0.250000000000000, 1.70000000000000 ) );
#6989 = CARTESIAN_POINT( '', ( -6.70000000000000, 0.250000000000000, 2.55000000000000 ) );
#6990 = VECTOR( '', #8660, 1000.00000000000 );
#6991 = CARTESIAN_POINT( '', ( -6.50000000000000, 0.250000000000000, 1.70000000000000 ) );
#6992 = CARTESIAN_POINT( '', ( -6.70000000000000, 0.250000000000000, 1.70000000000000 ) );
#6993 = VECTOR( '', #8661, 1000.00000000000 );
#6994 = CARTESIAN_POINT( '', ( -6.50000000000000, 0.250000000000000, -0.300000000000000 ) );
#6995 = CARTESIAN_POINT( '', ( -6.50000000000000, 0.250000000000000, 1.70000000000000 ) );
#6996 = VECTOR( '', #8662, 1000.00000000000 );
#6997 = CARTESIAN_POINT( '', ( -6.50000000000000, 0.250000000000000, -0.300000000000000 ) );
#6998 = VECTOR( '', #8663, 1000.00000000000 );
#6999 = CARTESIAN_POINT( '', ( -7.00000000000000, 0.250000000000000, -1.15000000000000 ) );
#7000 = CARTESIAN_POINT( '', ( -6.70000000000000, 0.250000000000000, -1.15000000000000 ) );
#7001 = VECTOR( '', #8664, 1000.00000000000 );
#7002 = CARTESIAN_POINT( '', ( -7.00000000000000, 0.250000000000000, -1.15000000000000 ) );
#7003 = VECTOR( '', #8665, 1000.00000000000 );
#7004 = CARTESIAN_POINT( '', ( 6.50000000000000, 0.250000000000000, 1.20000000000000 ) );
#7005 = CARTESIAN_POINT( '', ( 6.50000000000000, 0.250000000000000, -0.800000000000000 ) );
#7006 = VECTOR( '', #8666, 1000.00000000000 );
#7007 = CARTESIAN_POINT( '', ( 6.70000000000000, 0.250000000000000, 1.20000000000000 ) );
#7008 = CARTESIAN_POINT( '', ( 6.50000000000000, 0.250000000000000, 1.20000000000000 ) );
#7009 = VECTOR( '', #8667, 1000.00000000000 );
#7010 = CARTESIAN_POINT( '', ( 6.70000000000000, 0.250000000000000, 2.05000000000000 ) );
#7011 = CARTESIAN_POINT( '', ( 6.70000000000000, 0.250000000000000, 1.20000000000000 ) );
#7012 = VECTOR( '', #8668, 1000.00000000000 );
#7013 = CARTESIAN_POINT( '', ( 7.00000000000000, 0.250000000000000, 2.05000000000000 ) );
#7014 = CARTESIAN_POINT( '', ( 6.70000000000000, 0.250000000000000, 2.05000000000000 ) );
#7015 = VECTOR( '', #8669, 1000.00000000000 );
#7016 = CARTESIAN_POINT( '', ( 7.00000000000000, 0.250000000000000, 1.20000000000000 ) );
#7017 = CARTESIAN_POINT( '', ( 7.00000000000000, 0.250000000000000, 2.05000000000000 ) );
#7018 = VECTOR( '', #8670, 1000.00000000000 );
#7019 = CARTESIAN_POINT( '', ( 7.00000000000000, 0.250000000000000, 1.20000000000000 ) );
#7020 = VECTOR( '', #8671, 1000.00000000000 );
#7021 = CARTESIAN_POINT( '', ( 7.00000000000000, 0.250000000000000, -1.65000000000000 ) );
#7022 = CARTESIAN_POINT( '', ( 7.00000000000000, 0.250000000000000, -0.800000000000000 ) );
#7023 = VECTOR( '', #8672, 1000.00000000000 );
#7024 = CARTESIAN_POINT( '', ( 6.70000000000000, 0.250000000000000, -1.65000000000000 ) );
#7025 = CARTESIAN_POINT( '', ( 7.00000000000000, 0.250000000000000, -1.65000000000000 ) );
#7026 = VECTOR( '', #8673, 1000.00000000000 );
#7027 = CARTESIAN_POINT( '', ( 6.70000000000000, 0.250000000000000, -1.65000000000000 ) );
#7028 = VECTOR( '', #8674, 1000.00000000000 );
#7029 = CARTESIAN_POINT( '', ( -2.80000000000000, 0.250000000000000, -1.50000000000000 ) );
#7030 = CARTESIAN_POINT( '', ( -3.20000000000000, 0.250000000000000, -1.50000000000000 ) );
#7031 = CARTESIAN_POINT( '', ( -2.80000000000000, 0.250000000000000, -1.50000000000000 ) );
#7032 = VECTOR( '', #8675, 1000.00000000000 );
#7033 = CARTESIAN_POINT( '', ( -3.20000000000000, 0.250000000000000, 1.50000000000000 ) );
#7034 = CARTESIAN_POINT( '', ( -3.20000000000000, 0.250000000000000, -1.50000000000000 ) );
#7035 = VECTOR( '', #8676, 1000.00000000000 );
#7036 = CARTESIAN_POINT( '', ( -2.80000000000000, 0.250000000000000, 1.50000000000000 ) );
#7037 = CARTESIAN_POINT( '', ( -3.20000000000000, 0.250000000000000, 1.50000000000000 ) );
#7038 = VECTOR( '', #8677, 1000.00000000000 );
#7039 = CARTESIAN_POINT( '', ( -2.80000000000000, 0.250000000000000, 1.50000000000000 ) );
#7040 = VECTOR( '', #8678, 1000.00000000000 );
#7041 = CARTESIAN_POINT( '', ( -0.800000000000000, 0.250000000000000, -1.50000000000000 ) );
#7042 = CARTESIAN_POINT( '', ( -1.20000000000000, 0.250000000000000, -1.50000000000000 ) );
#7043 = CARTESIAN_POINT( '', ( -0.800000000000000, 0.250000000000000, -1.50000000000000 ) );
#7044 = VECTOR( '', #8679, 1000.00000000000 );
#7045 = CARTESIAN_POINT( '', ( -1.20000000000000, 0.250000000000000, 1.50000000000000 ) );
#7046 = CARTESIAN_POINT( '', ( -1.20000000000000, 0.250000000000000, -1.50000000000000 ) );
#7047 = VECTOR( '', #8680, 1000.00000000000 );
#7048 = CARTESIAN_POINT( '', ( -0.800000000000000, 0.250000000000000, 1.50000000000000 ) );
#7049 = CARTESIAN_POINT( '', ( -1.20000000000000, 0.250000000000000, 1.50000000000000 ) );
#7050 = VECTOR( '', #8681, 1000.00000000000 );
#7051 = CARTESIAN_POINT( '', ( -0.800000000000000, 0.250000000000000, 1.50000000000000 ) );
#7052 = VECTOR( '', #8682, 1000.00000000000 );
#7053 = CARTESIAN_POINT( '', ( 0.800000000000000, 0.250000000000000, -1.50000000000000 ) );
#7054 = CARTESIAN_POINT( '', ( 1.20000000000000, 0.250000000000000, -1.50000000000000 ) );
#7055 = VECTOR( '', #8683, 1000.00000000000 );
#7056 = CARTESIAN_POINT( '', ( 0.800000000000000, 0.250000000000000, 1.50000000000000 ) );
#7057 = CARTESIAN_POINT( '', ( 0.800000000000000, 0.250000000000000, -1.50000000000000 ) );
#7058 = VECTOR( '', #8684, 1000.00000000000 );
#7059 = CARTESIAN_POINT( '', ( 0.800000000000000, 0.250000000000000, 1.50000000000000 ) );
#7060 = VECTOR( '', #8685, 1000.00000000000 );
#7061 = CARTESIAN_POINT( '', ( 3.20000000000000, 0.250000000000000, -1.50000000000000 ) );
#7062 = CARTESIAN_POINT( '', ( 3.20000000000000, 0.250000000000000, -1.50000000000000 ) );
#7063 = VECTOR( '', #8686, 1000.00000000000 );
#7064 = CARTESIAN_POINT( '', ( 3.20000000000000, 0.250000000000000, 1.50000000000000 ) );
#7065 = CARTESIAN_POINT( '', ( 2.80000000000000, 0.250000000000000, 1.50000000000000 ) );
#7066 = VECTOR( '', #8687, 1000.00000000000 );
#7067 = CARTESIAN_POINT( '', ( 3.20000000000000, 0.250000000000000, 1.50000000000000 ) );
#7068 = VECTOR( '', #8688, 1000.00000000000 );
#7069 = CARTESIAN_POINT( '', ( -1.65000000000000, 0.250000000000000, -3.30000000000000 ) );
#7070 = CARTESIAN_POINT( '', ( 0.000000000000000, 0.250000000000000, -3.30000000000000 ) );
#7071 = VECTOR( '', #8689, 1000.00000000000 );
#7072 = CARTESIAN_POINT( '', ( -1.65000000000000, 0.250000000000000, -3.80000000000000 ) );
#7073 = CARTESIAN_POINT( '', ( -1.65000000000000, 0.250000000000000, 0.000000000000000 ) );
#7074 = VECTOR( '', #8690, 1000.00000000000 );
#7075 = CARTESIAN_POINT( '', ( -0.350000000000000, 0.250000000000000, -3.80000000000000 ) );
#7076 = CARTESIAN_POINT( '', ( 6.45000000000000, 0.250000000000000, -3.80000000000000 ) );
#7077 = VECTOR( '', #8691, 1000.00000000000 );
#7078 = CARTESIAN_POINT( '', ( -0.350000000000000, 0.250000000000000, -3.30000000000000 ) );
#7079 = CARTESIAN_POINT( '', ( -0.350000000000000, 0.250000000000000, 0.000000000000000 ) );
#7080 = VECTOR( '', #8692, 1000.00000000000 );
#7081 = CARTESIAN_POINT( '', ( 0.350000000000000, 0.250000000000000, -3.30000000000000 ) );
#7082 = CARTESIAN_POINT( '', ( 0.000000000000000, 0.250000000000000, -3.30000000000000 ) );
#7083 = VECTOR( '', #8693, 1000.00000000000 );
#7084 = CARTESIAN_POINT( '', ( 0.350000000000000, 0.250000000000000, -3.80000000000000 ) );
#7085 = CARTESIAN_POINT( '', ( 0.350000000000000, 0.250000000000000, 0.000000000000000 ) );
#7086 = VECTOR( '', #8694, 1000.00000000000 );
#7087 = CARTESIAN_POINT( '', ( 1.65000000000000, 0.250000000000000, -3.80000000000000 ) );
#7088 = CARTESIAN_POINT( '', ( 6.45000000000000, 0.250000000000000, -3.80000000000000 ) );
#7089 = VECTOR( '', #8695, 1000.00000000000 );
#7090 = CARTESIAN_POINT( '', ( 1.65000000000000, 0.250000000000000, -3.30000000000000 ) );
#7091 = CARTESIAN_POINT( '', ( 1.65000000000000, 0.250000000000000, 0.000000000000000 ) );
#7092 = VECTOR( '', #8696, 1000.00000000000 );
#7093 = CARTESIAN_POINT( '', ( 2.35000000000000, 0.250000000000000, -3.30000000000000 ) );
#7094 = CARTESIAN_POINT( '', ( 0.000000000000000, 0.250000000000000, -3.30000000000000 ) );
#7095 = VECTOR( '', #8697, 1000.00000000000 );
#7096 = CARTESIAN_POINT( '', ( 2.35000000000000, 0.250000000000000, -3.80000000000000 ) );
#7097 = CARTESIAN_POINT( '', ( 2.35000000000000, 0.250000000000000, 0.000000000000000 ) );
#7098 = VECTOR( '', #8698, 1000.00000000000 );
#7099 = CARTESIAN_POINT( '', ( 6.45000000000000, 0.250000000000000, -3.80000000000000 ) );
#7100 = CARTESIAN_POINT( '', ( 6.45000000000000, 0.250000000000000, -3.80000000000000 ) );
#7101 = VECTOR( '', #8699, 1000.00000000000 );
#7102 = CARTESIAN_POINT( '', ( 6.45000000000000, 0.250000000000000, -2.70000000000000 ) );
#7103 = CARTESIAN_POINT( '', ( 6.45000000000000, 0.250000000000000, -2.70000000000000 ) );
#7104 = VECTOR( '', #8700, 1000.00000000000 );
#7105 = CARTESIAN_POINT( '', ( 7.65000000000000, 0.250000000000000, -2.70000000000000 ) );
#7106 = VECTOR( '', #8701, 1000.00000000000 );
#7107 = CARTESIAN_POINT( '', ( 6.45000000000000, 0.250000000000000, 2.70000000000000 ) );
#7108 = CARTESIAN_POINT( '', ( 6.45000000000000, 0.250000000000000, 2.70000000000000 ) );
#7109 = VECTOR( '', #8702, 1000.00000000000 );
#7110 = CARTESIAN_POINT( '', ( 6.45000000000000, 0.250000000000000, 3.80000000000000 ) );
#7111 = CARTESIAN_POINT( '', ( 6.45000000000000, 0.250000000000000, 3.80000000000000 ) );
#7112 = VECTOR( '', #8703, 1000.00000000000 );
#7113 = CARTESIAN_POINT( '', ( 2.35000000000000, 0.250000000000000, 3.80000000000000 ) );
#7114 = CARTESIAN_POINT( '', ( -6.45000000000000, 0.250000000000000, 3.80000000000000 ) );
#7115 = VECTOR( '', #8704, 1000.00000000000 );
#7116 = CARTESIAN_POINT( '', ( 2.35000000000000, 0.250000000000000, 3.30000000000000 ) );
#7117 = CARTESIAN_POINT( '', ( 2.35000000000000, 0.250000000000000, 0.000000000000000 ) );
#7118 = VECTOR( '', #8705, 1000.00000000000 );
#7119 = CARTESIAN_POINT( '', ( 1.65000000000000, 0.250000000000000, 3.30000000000000 ) );
#7120 = CARTESIAN_POINT( '', ( 0.000000000000000, 0.250000000000000, 3.30000000000000 ) );
#7121 = VECTOR( '', #8706, 1000.00000000000 );
#7122 = CARTESIAN_POINT( '', ( 1.65000000000000, 0.250000000000000, 3.80000000000000 ) );
#7123 = CARTESIAN_POINT( '', ( 1.65000000000000, 0.250000000000000, 0.000000000000000 ) );
#7124 = VECTOR( '', #8707, 1000.00000000000 );
#7125 = CARTESIAN_POINT( '', ( 0.350000000000000, 0.250000000000000, 3.80000000000000 ) );
#7126 = CARTESIAN_POINT( '', ( -6.45000000000000, 0.250000000000000, 3.80000000000000 ) );
#7127 = VECTOR( '', #8708, 1000.00000000000 );
#7128 = CARTESIAN_POINT( '', ( 0.350000000000000, 0.250000000000000, 3.30000000000000 ) );
#7129 = CARTESIAN_POINT( '', ( 0.350000000000000, 0.250000000000000, 0.000000000000000 ) );
#7130 = VECTOR( '', #8709, 1000.00000000000 );
#7131 = CARTESIAN_POINT( '', ( -0.350000000000000, 0.250000000000000, 3.30000000000000 ) );
#7132 = CARTESIAN_POINT( '', ( 0.000000000000000, 0.250000000000000, 3.30000000000000 ) );
#7133 = VECTOR( '', #8710, 1000.00000000000 );
#7134 = CARTESIAN_POINT( '', ( -0.350000000000000, 0.250000000000000, 3.80000000000000 ) );
#7135 = CARTESIAN_POINT( '', ( -0.350000000000000, 0.250000000000000, 0.000000000000000 ) );
#7136 = VECTOR( '', #8711, 1000.00000000000 );
#7137 = CARTESIAN_POINT( '', ( -1.65000000000000, 0.250000000000000, 3.80000000000000 ) );
#7138 = CARTESIAN_POINT( '', ( -6.45000000000000, 0.250000000000000, 3.80000000000000 ) );
#7139 = VECTOR( '', #8712, 1000.00000000000 );
#7140 = CARTESIAN_POINT( '', ( -1.65000000000000, 0.250000000000000, 3.30000000000000 ) );
#7141 = CARTESIAN_POINT( '', ( -1.65000000000000, 0.250000000000000, 0.000000000000000 ) );
#7142 = VECTOR( '', #8713, 1000.00000000000 );
#7143 = CARTESIAN_POINT( '', ( -2.35000000000000, 0.250000000000000, 3.30000000000000 ) );
#7144 = CARTESIAN_POINT( '', ( 0.000000000000000, 0.250000000000000, 3.30000000000000 ) );
#7145 = VECTOR( '', #8714, 1000.00000000000 );
#7146 = CARTESIAN_POINT( '', ( -2.35000000000000, 0.250000000000000, 3.80000000000000 ) );
#7147 = CARTESIAN_POINT( '', ( -2.35000000000000, 0.250000000000000, 0.000000000000000 ) );
#7148 = VECTOR( '', #8715, 1000.00000000000 );
#7149 = CARTESIAN_POINT( '', ( -6.45000000000000, 0.250000000000000, 3.80000000000000 ) );
#7150 = CARTESIAN_POINT( '', ( -6.45000000000000, 0.250000000000000, 3.80000000000000 ) );
#7151 = VECTOR( '', #8716, 1000.00000000000 );
#7152 = CARTESIAN_POINT( '', ( -6.45000000000000, 0.250000000000000, 2.70000000000000 ) );
#7153 = CARTESIAN_POINT( '', ( -6.45000000000000, 0.250000000000000, 2.70000000000000 ) );
#7154 = VECTOR( '', #8717, 1000.00000000000 );
#7155 = CARTESIAN_POINT( '', ( -7.65000000000000, 0.250000000000000, 2.70000000000000 ) );
#7156 = VECTOR( '', #8718, 1000.00000000000 );
#7157 = CARTESIAN_POINT( '', ( -7.55000000000000, 0.250000000000000, -1.30000000000000 ) );
#7158 = CARTESIAN_POINT( '', ( -7.55000000000000, 0.250000000000000, -1.30000000000000 ) );
#7159 = VECTOR( '', #8719, 1000.00000000000 );
#7160 = CARTESIAN_POINT( '', ( -7.55000000000000, 0.250000000000000, -2.30000000000000 ) );
#7161 = CARTESIAN_POINT( '', ( -7.55000000000000, 0.250000000000000, -2.30000000000000 ) );
#7162 = VECTOR( '', #8720, 1000.00000000000 );
#7163 = CARTESIAN_POINT( '', ( -7.65000000000000, 0.250000000000000, -2.30000000000000 ) );
#7164 = CARTESIAN_POINT( '', ( -7.65000000000000, 0.250000000000000, -2.30000000000000 ) );
#7165 = VECTOR( '', #8721, 1000.00000000000 );
#7166 = CARTESIAN_POINT( '', ( -7.65000000000000, 0.250000000000000, -2.70000000000000 ) );
#7167 = VECTOR( '', #8722, 1000.00000000000 );
#7168 = CARTESIAN_POINT( '', ( -6.45000000000000, 0.250000000000000, -3.80000000000000 ) );
#7169 = CARTESIAN_POINT( '', ( -6.45000000000000, 0.250000000000000, -3.80000000000000 ) );
#7170 = VECTOR( '', #8723, 1000.00000000000 );
#7171 = CARTESIAN_POINT( '', ( 6.45000000000000, 0.250000000000000, -3.80000000000000 ) );
#7172 = VECTOR( '', #8724, 1000.00000000000 );
#7173 = COLOUR_RGB( '', 0.689999997600000, 0.689999997600000, 0.689999997600000 );
#7174 = CARTESIAN_POINT( '', ( -6.72500000000000, 4.62700000000000, 2.55000000000000 ) );
#7175 = CARTESIAN_POINT( '', ( -6.72500000000000, 1.35000000000000, 2.55000000000000 ) );
#7176 = CARTESIAN_POINT( '', ( -6.72500000000000, 4.62700000000000, 2.55000000000000 ) );
#7177 = VECTOR( '', #8725, 1000.00000000000 );
#7178 = CARTESIAN_POINT( '', ( -6.97500000000000, 4.62700000000000, 2.55000000000000 ) );
#7179 = CARTESIAN_POINT( '', ( -6.72500000000000, 4.62700000000000, 2.55000000000000 ) );
#7180 = VECTOR( '', #8726, 1000.00000000000 );
#7181 = CARTESIAN_POINT( '', ( -6.97500000000000, 1.35000000000000, 2.55000000000000 ) );
#7182 = CARTESIAN_POINT( '', ( -6.97500000000000, 4.62700000000000, 2.55000000000000 ) );
#7183 = VECTOR( '', #8727, 1000.00000000000 );
#7184 = CARTESIAN_POINT( '', ( -6.72500000000000, 1.35000000000000, 2.55000000000000 ) );
#7185 = VECTOR( '', #8728, 1000.00000000000 );
#7186 = CARTESIAN_POINT( '', ( -7.00000000000000, 4.80000000000000, 2.55000000000000 ) );
#7187 = CARTESIAN_POINT( '', ( -7.00000000000000, 4.80000000000000, 2.55000000000000 ) );
#7188 = VECTOR( '', #8729, 1000.00000000000 );
#7189 = CARTESIAN_POINT( '', ( -6.70000000000000, 4.80000000000000, 2.55000000000000 ) );
#7190 = CARTESIAN_POINT( '', ( -7.00000000000000, 4.80000000000000, 2.55000000000000 ) );
#7191 = VECTOR( '', #8730, 1000.00000000000 );
#7192 = CARTESIAN_POINT( '', ( -6.70000000000000, 4.80000000000000, 2.55000000000000 ) );
#7193 = VECTOR( '', #8731, 1000.00000000000 );
#7194 = COLOUR_RGB( '', 1.00000000000000, 1.00000000000000, 0.000000000000000 );
#7195 = CARTESIAN_POINT( '', ( 2.17500000000000, 3.65000000000000, -1.64500000000000 ) );
#7196 = CARTESIAN_POINT( '', ( 2.17500000000000, 3.25000000000000, -1.92500000000000 ) );
#7197 = CARTESIAN_POINT( '', ( 2.17500000000000, 2.87751677852349, -2.18573825503356 ) );
#7198 = VECTOR( '', #8732, 1000.00000000000 );
#7199 = CARTESIAN_POINT( '', ( 1.82500000000000, 3.25000000000000, -1.92500000000000 ) );
#7200 = CARTESIAN_POINT( '', ( 7.00000000000000, 3.25000000000000, -1.92500000000000 ) );
#7201 = VECTOR( '', #8733, 1000.00000000000 );
#7202 = CARTESIAN_POINT( '', ( 1.82500000000000, 3.65000000000000, -1.64500000000000 ) );
#7203 = CARTESIAN_POINT( '', ( 1.82500000000000, 5.32718120805369, -0.470973154362415 ) );
#7204 = VECTOR( '', #8734, 1000.00000000000 );
#7205 = CARTESIAN_POINT( '', ( 7.00000000000000, 3.65000000000000, -1.64500000000000 ) );
#7206 = VECTOR( '', #8735, 1000.00000000000 );
#7207 = COLOUR_RGB( '', 0.689999997600000, 0.689999997600000, 0.689999997600000 );
#7208 = CARTESIAN_POINT( '', ( 4.90000000000000, 4.80000000000000, 3.80000000000000 ) );
#7209 = CARTESIAN_POINT( '', ( 5.45000000000000, 3.80000000000000, 3.80000000000000 ) );
#7210 = CARTESIAN_POINT( '', ( 4.90000000000000, 4.80000000000000, 3.80000000000000 ) );
#7211 = VECTOR( '', #8736, 1000.00000000000 );
#7212 = CARTESIAN_POINT( '', ( 5.45000000000000, 3.80000000000000, 3.78700000000000 ) );
#7213 = VECTOR( '', #8737, 1000.00000000000 );
#7214 = CARTESIAN_POINT( '', ( 4.90000000000000, 4.80000000000000, 3.78700000000000 ) );
#7215 = VECTOR( '', #8738, 1000.00000000000 );
#7216 = COLOUR_RGB( '', 1.00000000000000, 1.00000000000000, 0.000000000000000 );
#7217 = CARTESIAN_POINT( '', ( 6.17500000000000, 3.25000000000000, 1.92500000000000 ) );
#7218 = CARTESIAN_POINT( '', ( 6.17500000000000, 3.65000000000000, 1.64500000000000 ) );
#7219 = CARTESIAN_POINT( '', ( 6.17500000000000, 1.06879194630873, 3.45184563758389 ) );
#7220 = VECTOR( '', #8739, 1000.00000000000 );
#7221 = CARTESIAN_POINT( '', ( 5.82500000000000, 3.65000000000000, 1.64500000000000 ) );
#7222 = CARTESIAN_POINT( '', ( 7.00000000000000, 3.65000000000000, 1.64500000000000 ) );
#7223 = VECTOR( '', #8740, 1000.00000000000 );
#7224 = CARTESIAN_POINT( '', ( 5.82500000000000, 3.25000000000000, 1.92500000000000 ) );
#7225 = CARTESIAN_POINT( '', ( 5.82500000000000, 3.51845637583893, 1.73708053691275 ) );
#7226 = VECTOR( '', #8741, 1000.00000000000 );
#7227 = CARTESIAN_POINT( '', ( 7.00000000000000, 3.25000000000000, 1.92500000000000 ) );
#7228 = VECTOR( '', #8742, 1000.00000000000 );
#7229 = COLOUR_RGB( '', 1.00000000000000, 1.00000000000000, 0.000000000000000 );
#7230 = CARTESIAN_POINT( '', ( 4.17500000000000, 0.400000000000000, -1.92500000000000 ) );
#7231 = CARTESIAN_POINT( '', ( 4.17500000000000, 0.400000000000000, -1.57500000000000 ) );
#7232 = CARTESIAN_POINT( '', ( 4.17500000000000, 0.400000000000000, 1.92500000000000 ) );
#7233 = VECTOR( '', #8743, 1000.00000000000 );
#7234 = CARTESIAN_POINT( '', ( 3.82500000000000, 0.400000000000000, -1.57500000000000 ) );
#7235 = CARTESIAN_POINT( '', ( 7.00000000000000, 0.400000000000000, -1.57500000000000 ) );
#7236 = VECTOR( '', #8744, 1000.00000000000 );
#7237 = CARTESIAN_POINT( '', ( 3.82500000000000, 0.400000000000000, -1.92500000000000 ) );
#7238 = CARTESIAN_POINT( '', ( 3.82500000000000, 0.400000000000000, 1.92500000000000 ) );
#7239 = VECTOR( '', #8745, 1000.00000000000 );
#7240 = CARTESIAN_POINT( '', ( -0.000000000000000, 0.400000000000000, -1.92500000000000 ) );
#7241 = VECTOR( '', #8746, 1000.00000000000 );
#7242 = COLOUR_RGB( '', 0.689999997600000, 0.689999997600000, 0.689999997600000 );
#7243 = CARTESIAN_POINT( '', ( -6.65000000000000, 4.80000000000000, -2.30000000000000 ) );
#7244 = CARTESIAN_POINT( '', ( -5.95000000000000, 4.80000000000000, -2.30000000000000 ) );
#7245 = CARTESIAN_POINT( '', ( -6.65000000000000, 4.80000000000000, -2.30000000000000 ) );
#7246 = VECTOR( '', #8747, 1000.00000000000 );
#7247 = CARTESIAN_POINT( '', ( -5.95000000000000, 0.700000000000000, -2.30000000000000 ) );
#7248 = CARTESIAN_POINT( '', ( -5.95000000000000, 1.25000000000000, -2.30000000000000 ) );
#7249 = VECTOR( '', #8748, 1000.00000000000 );
#7250 = CARTESIAN_POINT( '', ( -6.65000000000000, 0.700000000000000, -2.30000000000000 ) );
#7251 = CARTESIAN_POINT( '', ( -6.65000000000000, 0.700000000000000, -2.30000000000000 ) );
#7252 = VECTOR( '', #8749, 1000.00000000000 );
#7253 = CARTESIAN_POINT( '', ( -6.65000000000000, 1.25000000000000, -2.30000000000000 ) );
#7254 = VECTOR( '', #8750, 1000.00000000000 );
#7255 = COLOUR_RGB( '', 0.689999997600000, 0.689999997600000, 0.689999997600000 );
#7256 = CARTESIAN_POINT( '', ( -7.20000000000000, 4.80000000000000, -0.300000000000000 ) );
#7257 = VECTOR( '', #8751, 1000.00000000000 );
#7258 = COLOUR_RGB( '', 0.689999997600000, 0.689999997600000, 0.689999997600000 );
#7259 = CARTESIAN_POINT( '', ( 0.800000000000000, 1.25000000000000, -1.50000000000000 ) );
#7260 = CARTESIAN_POINT( '', ( 0.800000000000000, 4.80000000000000, -1.50000000000000 ) );
#7261 = VECTOR( '', #8752, 1000.00000000000 );
#7262 = CARTESIAN_POINT( '', ( 0.800000000000000, 1.25000000000000, 1.50000000000000 ) );
#7263 = CARTESIAN_POINT( '', ( 0.800000000000000, 1.25000000000000, -1.50000000000000 ) );
#7264 = VECTOR( '', #8753, 1000.00000000000 );
#7265 = CARTESIAN_POINT( '', ( 0.800000000000000, 4.80000000000000, 1.50000000000000 ) );
#7266 = VECTOR( '', #8754, 1000.00000000000 );
#7267 = COLOUR_RGB( '', 1.00000000000000, 1.00000000000000, 0.000000000000000 );
#7268 = CARTESIAN_POINT( '', ( 6.17500000000000, 0.400000000000000, -1.92500000000000 ) );
#7269 = CARTESIAN_POINT( '', ( 6.17500000000000, 0.400000000000000, -1.57500000000000 ) );
#7270 = CARTESIAN_POINT( '', ( 6.17500000000000, 0.400000000000000, 1.92500000000000 ) );
#7271 = VECTOR( '', #8755, 1000.00000000000 );
#7272 = CARTESIAN_POINT( '', ( 5.82500000000000, 0.400000000000000, -1.57500000000000 ) );
#7273 = CARTESIAN_POINT( '', ( 7.00000000000000, 0.400000000000000, -1.57500000000000 ) );
#7274 = VECTOR( '', #8756, 1000.00000000000 );
#7275 = CARTESIAN_POINT( '', ( 5.82500000000000, 0.400000000000000, -1.92500000000000 ) );
#7276 = CARTESIAN_POINT( '', ( 5.82500000000000, 0.400000000000000, 1.92500000000000 ) );
#7277 = VECTOR( '', #8757, 1000.00000000000 );
#7278 = CARTESIAN_POINT( '', ( -0.000000000000000, 0.400000000000000, -1.92500000000000 ) );
#7279 = VECTOR( '', #8758, 1000.00000000000 );
#7280 = COLOUR_RGB( '', 0.689999997600000, 0.689999997600000, 0.689999997600000 );
#7281 = CARTESIAN_POINT( '', ( 0.350000000000000, 0.750000000000000, 3.80000000000000 ) );
#7282 = CARTESIAN_POINT( '', ( 0.350000000000000, -1.25000000000000, 3.80000000000000 ) );
#7283 = VECTOR( '', #8759, 1000.00000000000 );
#7284 = CARTESIAN_POINT( '', ( 0.350000000000000, 0.750000000000000, 3.30000000000000 ) );
#7285 = CARTESIAN_POINT( '', ( 0.350000000000000, 0.750000000000000, 3.30000000000000 ) );
#7286 = VECTOR( '', #8760, 1000.00000000000 );
#7287 = CARTESIAN_POINT( '', ( 0.350000000000000, -1.25000000000000, 3.30000000000000 ) );
#7288 = VECTOR( '', #8761, 1000.00000000000 );
#7289 = COLOUR_RGB( '', 0.689999997600000, 0.689999997600000, 0.689999997600000 );
#7290 = CARTESIAN_POINT( '', ( -6.97500000000000, -0.510303946705714, 0.0200000000000001 ) );
#7291 = CARTESIAN_POINT( '', ( -6.97500000000000, -0.510303946705714, 0.0200000000000000 ) );
#7292 = VECTOR( '', #8762, 1000.00000000000 );
#7293 = CARTESIAN_POINT( '', ( -6.72500000000000, -0.510303946705714, 0.0200000000000001 ) );
#7294 = CARTESIAN_POINT( '', ( -6.72500000000000, -0.510303946705714, 0.0200000000000000 ) );
#7295 = VECTOR( '', #8763, 1000.00000000000 );
#7296 = CARTESIAN_POINT( '', ( -6.72500000000000, -0.510303946705714, 0.0200000000000001 ) );
#7297 = VECTOR( '', #8764, 1000.00000000000 );
#7298 = COLOUR_RGB( '', 0.689999997600000, 0.689999997600000, 0.689999997600000 );
#7299 = CARTESIAN_POINT( '', ( 6.72500000000000, -0.0896960532942856, 0.880000000000000 ) );
#7300 = CARTESIAN_POINT( '', ( 6.72500000000000, -0.0896960532942856, 0.880000000000000 ) );
#7301 = VECTOR( '', #8765, 1000.00000000000 );
#7302 = CARTESIAN_POINT( '', ( 6.97500000000000, -0.0896960532942856, 0.880000000000000 ) );
#7303 = CARTESIAN_POINT( '', ( 6.97500000000000, -0.0896960532942856, 0.880000000000000 ) );
#7304 = VECTOR( '', #8766, 1000.00000000000 );
#7305 = CARTESIAN_POINT( '', ( 6.97500000000000, -0.0896960532942856, 0.880000000000000 ) );
#7306 = VECTOR( '', #8767, 1000.00000000000 );
#7307 = COLOUR_RGB( '', 1.00000000000000, 1.00000000000000, 0.000000000000000 );
#7308 = CARTESIAN_POINT( '', ( 4.17500000000000, 3.65000000000000, -1.64500000000000 ) );
#7309 = CARTESIAN_POINT( '', ( 4.17500000000000, 3.25000000000000, -1.92500000000000 ) );
#7310 = CARTESIAN_POINT( '', ( 4.17500000000000, 2.87751677852349, -2.18573825503356 ) );
#7311 = VECTOR( '', #8768, 1000.00000000000 );
#7312 = CARTESIAN_POINT( '', ( 3.82500000000000, 3.25000000000000, -1.92500000000000 ) );
#7313 = CARTESIAN_POINT( '', ( 7.00000000000000, 3.25000000000000, -1.92500000000000 ) );
#7314 = VECTOR( '', #8769, 1000.00000000000 );
#7315 = CARTESIAN_POINT( '', ( 3.82500000000000, 3.65000000000000, -1.64500000000000 ) );
#7316 = CARTESIAN_POINT( '', ( 3.82500000000000, 5.32718120805369, -0.470973154362415 ) );
#7317 = VECTOR( '', #8770, 1000.00000000000 );
#7318 = CARTESIAN_POINT( '', ( 7.00000000000000, 3.65000000000000, -1.64500000000000 ) );
#7319 = VECTOR( '', #8771, 1000.00000000000 );
#7320 = COLOUR_RGB( '', 0.689999997600000, 0.689999997600000, 0.689999997600000 );
#7321 = CARTESIAN_POINT( '', ( -6.97500000000000, -0.0896960532942856, -0.620000000000000 ) );
#7322 = CARTESIAN_POINT( '', ( -6.97500000000000, 1.35000000000000, -0.620000000000000 ) );
#7323 = CARTESIAN_POINT( '', ( -6.97500000000000, -0.0896960532942856, -0.620000000000000 ) );
#7324 = VECTOR( '', #8772, 1000.00000000000 );
#7325 = CARTESIAN_POINT( '', ( -6.72500000000000, 1.35000000000000, -0.620000000000000 ) );
#7326 = CARTESIAN_POINT( '', ( -6.72500000000000, 1.35000000000000, -0.620000000000000 ) );
#7327 = VECTOR( '', #8773, 1000.00000000000 );
#7328 = CARTESIAN_POINT( '', ( -6.72500000000000, -0.0896960532942856, -0.620000000000000 ) );
#7329 = CARTESIAN_POINT( '', ( -6.72500000000000, -0.0896960532942856, -0.620000000000000 ) );
#7330 = VECTOR( '', #8774, 1000.00000000000 );
#7331 = CARTESIAN_POINT( '', ( -6.72500000000000, -0.0896960532942856, -0.620000000000000 ) );
#7332 = VECTOR( '', #8775, 1000.00000000000 );
#7333 = COLOUR_RGB( '', 0.689999997600000, 0.689999997600000, 0.689999997600000 );
#7334 = CARTESIAN_POINT( '', ( -6.97500000000000, -1.40000000000000, 1.77000000000000 ) );
#7335 = CARTESIAN_POINT( '', ( -6.97500000000000, -1.40000000000000, 1.63000000000000 ) );
#7336 = CARTESIAN_POINT( '', ( -6.97500000000000, -1.40000000000000, 1.77000000000000 ) );
#7337 = VECTOR( '', #8776, 1000.00000000000 );
#7338 = CARTESIAN_POINT( '', ( -6.72500000000000, -1.40000000000000, 1.63000000000000 ) );
#7339 = CARTESIAN_POINT( '', ( -6.72500000000000, -1.40000000000000, 1.63000000000000 ) );
#7340 = VECTOR( '', #8777, 1000.00000000000 );
#7341 = CARTESIAN_POINT( '', ( -6.72500000000000, -1.40000000000000, 1.77000000000000 ) );
#7342 = CARTESIAN_POINT( '', ( -6.72500000000000, -1.40000000000000, 1.77000000000000 ) );
#7343 = VECTOR( '', #8778, 1000.00000000000 );
#7344 = CARTESIAN_POINT( '', ( -6.72500000000000, -1.40000000000000, 1.77000000000000 ) );
#7345 = VECTOR( '', #8779, 1000.00000000000 );
#7346 = COLOUR_RGB( '', 0.689999997600000, 0.689999997600000, 0.689999997600000 );
#7347 = CARTESIAN_POINT( '', ( 7.00000000000000, 4.80000000000000, 1.20000000000000 ) );
#7348 = CARTESIAN_POINT( '', ( 7.00000000000000, 4.80000000000000, 1.20000000000000 ) );
#7349 = VECTOR( '', #8780, 1000.00000000000 );
#7350 = CARTESIAN_POINT( '', ( 7.00000000000000, 4.80000000000000, 1.20000000000000 ) );
#7351 = VECTOR( '', #8781, 1000.00000000000 );
#7352 = COLOUR_RGB( '', 0.689999997600000, 0.689999997600000, 0.689999997600000 );
#7353 = CARTESIAN_POINT( '', ( -6.97500000000000, 4.62700000000000, 1.55000000000000 ) );
#7354 = CARTESIAN_POINT( '', ( -6.97500000000000, 4.72700000000000, 1.55000000000000 ) );
#7355 = CARTESIAN_POINT( '', ( -6.97500000000000, 4.62700000000000, 1.55000000000000 ) );
#7356 = VECTOR( '', #8782, 1000.00000000000 );
#7357 = CARTESIAN_POINT( '', ( -6.72500000000000, 4.72700000000000, 1.55000000000000 ) );
#7358 = CARTESIAN_POINT( '', ( -6.72500000000000, 4.72700000000000, 1.55000000000000 ) );
#7359 = VECTOR( '', #8783, 1000.00000000000 );
#7360 = CARTESIAN_POINT( '', ( -6.72500000000000, 4.62700000000000, 1.55000000000000 ) );
#7361 = CARTESIAN_POINT( '', ( -6.72500000000000, 4.62700000000000, 1.55000000000000 ) );
#7362 = VECTOR( '', #8784, 1000.00000000000 );
#7363 = CARTESIAN_POINT( '', ( -6.72500000000000, 4.62700000000000, 1.55000000000000 ) );
#7364 = VECTOR( '', #8785, 1000.00000000000 );
#7365 = COLOUR_RGB( '', 1.00000000000000, 1.00000000000000, 0.000000000000000 );
#7366 = CARTESIAN_POINT( '', ( -0.175000000000000, 0.400000000000000, -1.57500000000000 ) );
#7367 = CARTESIAN_POINT( '', ( -0.175000000000000, 0.400000000000000, -1.92500000000000 ) );
#7368 = CARTESIAN_POINT( '', ( -0.175000000000000, 0.400000000000000, 1.92500000000000 ) );
#7369 = VECTOR( '', #8786, 1000.00000000000 );
#7370 = CARTESIAN_POINT( '', ( -0.175000000000000, -5.42101086242752E-17, -1.17500000000000 ) );
#7371 = CARTESIAN_POINT( '', ( -0.175000000000000, 0.274999999999999, -1.45000000000000 ) );
#7372 = VECTOR( '', #8787, 1000.00000000000 );
#7373 = CARTESIAN_POINT( '', ( -0.175000000000000, 0.000000000000000, 1.92500000000000 ) );
#7374 = VECTOR( '', #8788, 1000.00000000000 );
#7375 = CARTESIAN_POINT( '', ( -0.175000000000000, 0.400000000000000, 1.92500000000000 ) );
#7376 = CARTESIAN_POINT( '', ( -0.175000000000000, 0.400000000000000, 1.92500000000000 ) );
#7377 = VECTOR( '', #8789, 1000.00000000000 );
#7378 = CARTESIAN_POINT( '', ( -0.175000000000000, 3.25000000000000, 1.92500000000000 ) );
#7379 = CARTESIAN_POINT( '', ( -0.175000000000000, 3.65000000000000, 1.92500000000000 ) );
#7380 = VECTOR( '', #8790, 1000.00000000000 );
#7381 = CARTESIAN_POINT( '', ( -0.175000000000000, 3.65000000000000, 1.64500000000000 ) );
#7382 = CARTESIAN_POINT( '', ( -0.175000000000000, 3.51845637583893, 1.73708053691275 ) );
#7383 = VECTOR( '', #8791, 1000.00000000000 );
#7384 = CARTESIAN_POINT( '', ( -0.175000000000000, 3.65000000000000, -1.64500000000000 ) );
#7385 = CARTESIAN_POINT( '', ( -0.175000000000000, 3.65000000000000, 1.92500000000000 ) );
#7386 = VECTOR( '', #8792, 1000.00000000000 );
#7387 = CARTESIAN_POINT( '', ( -0.175000000000000, 3.25000000000000, -1.92500000000000 ) );
#7388 = CARTESIAN_POINT( '', ( -0.175000000000000, 5.32718120805369, -0.470973154362414 ) );
#7389 = VECTOR( '', #8793, 1000.00000000000 );
#7390 = CARTESIAN_POINT( '', ( -0.175000000000000, 3.65000000000000, -1.92500000000000 ) );
#7391 = VECTOR( '', #8794, 1000.00000000000 );
#7392 = COLOUR_RGB( '', 1.00000000000000, 1.00000000000000, 0.000000000000000 );
#7393 = CARTESIAN_POINT( '', ( 0.175000000000000, 3.25000000000000, 1.92500000000000 ) );
#7394 = CARTESIAN_POINT( '', ( 7.00000000000000, 3.25000000000000, 1.92500000000000 ) );
#7395 = VECTOR( '', #8795, 1000.00000000000 );
#7396 = CARTESIAN_POINT( '', ( 0.175000000000000, 3.65000000000000, 1.64500000000000 ) );
#7397 = CARTESIAN_POINT( '', ( 0.175000000000000, 1.06879194630873, 3.45184563758389 ) );
#7398 = VECTOR( '', #8796, 1000.00000000000 );
#7399 = CARTESIAN_POINT( '', ( 0.175000000000000, 3.65000000000000, 1.64500000000000 ) );
#7400 = VECTOR( '', #8797, 1000.00000000000 );
#7401 = COLOUR_RGB( '', 0.689999997600000, 0.689999997600000, 0.689999997600000 );
#7402 = CARTESIAN_POINT( '', ( 6.50000000000000, 4.80000000000000, 1.20000000000000 ) );
#7403 = CARTESIAN_POINT( '', ( 6.50000000000000, 4.80000000000000, -0.800000000000000 ) );
#7404 = VECTOR( '', #8798, 1000.00000000000 );
#7405 = CARTESIAN_POINT( '', ( 6.50000000000000, 4.80000000000000, 1.20000000000000 ) );
#7406 = VECTOR( '', #8799, 1000.00000000000 );
#7407 = COLOUR_RGB( '', 0.689999997600000, 0.689999997600000, 0.689999997600000 );
#7408 = CARTESIAN_POINT( '', ( -4.15000000000000, 1.25000000000000, -3.20000000000000 ) );
#7409 = CARTESIAN_POINT( '', ( -4.15000000000000, 1.25000000000000, 0.000000000000000 ) );
#7410 = VECTOR( '', #8800, 1000.00000000000 );
#7411 = CARTESIAN_POINT( '', ( -4.15000000000000, 0.700000000000000, -3.20000000000000 ) );
#7412 = CARTESIAN_POINT( '', ( -4.15000000000000, 0.700000000000000, -3.20000000000000 ) );
#7413 = VECTOR( '', #8801, 1000.00000000000 );
#7414 = CARTESIAN_POINT( '', ( -4.15000000000000, 0.700000000000000, 3.20000000000000 ) );
#7415 = VECTOR( '', #8802, 1000.00000000000 );
#7416 = COLOUR_RGB( '', 0.689999997600000, 0.689999997600000, 0.689999997600000 );
#7417 = CARTESIAN_POINT( '', ( 6.45000000000000, 0.000000000000000, 3.80000000000000 ) );
#7418 = CARTESIAN_POINT( '', ( 6.45000000000000, 0.000000000000000, 2.70000000000000 ) );
#7419 = CARTESIAN_POINT( '', ( 6.45000000000000, 0.000000000000000, 3.80000000000000 ) );
#7420 = VECTOR( '', #8803, 1000.00000000000 );
#7421 = CARTESIAN_POINT( '', ( 6.45000000000000, 0.250000000000000, 3.80000000000000 ) );
#7422 = VECTOR( '', #8804, 1000.00000000000 );
#7423 = CARTESIAN_POINT( '', ( 6.45000000000000, 0.250000000000000, 2.70000000000000 ) );
#7424 = VECTOR( '', #8805, 1000.00000000000 );
#7425 = COLOUR_RGB( '', 1.00000000000000, 1.00000000000000, 0.000000000000000 );
#7426 = CARTESIAN_POINT( '', ( 4.17500000000000, 0.000000000000000, 1.17500000000000 ) );
#7427 = CARTESIAN_POINT( '', ( 4.17500000000000, -5.42101086242752E-17, -1.17500000000000 ) );
#7428 = CARTESIAN_POINT( '', ( 4.17500000000000, 0.000000000000000, 1.92500000000000 ) );
#7429 = VECTOR( '', #8806, 1000.00000000000 );
#7430 = CARTESIAN_POINT( '', ( 3.82500000000000, 0.000000000000000, 1.17500000000000 ) );
#7431 = CARTESIAN_POINT( '', ( 7.00000000000000, 0.000000000000000, 1.17500000000000 ) );
#7432 = VECTOR( '', #8807, 1000.00000000000 );
#7433 = CARTESIAN_POINT( '', ( 3.82500000000000, -5.42101086242752E-17, -1.17500000000000 ) );
#7434 = CARTESIAN_POINT( '', ( 3.82500000000000, 0.000000000000000, 1.92500000000000 ) );
#7435 = VECTOR( '', #8808, 1000.00000000000 );
#7436 = CARTESIAN_POINT( '', ( 7.00000000000000, -5.42101086242752E-17, -1.17500000000000 ) );
#7437 = VECTOR( '', #8809, 1000.00000000000 );
#7438 = COLOUR_RGB( '', 0.689999997600000, 0.689999997600000, 0.689999997600000 );
#7439 = CARTESIAN_POINT( '', ( 6.45000000000000, 0.000000000000000, 2.70000000000000 ) );
#7440 = VECTOR( '', #8810, 1000.00000000000 );
#7441 = COLOUR_RGB( '', 1.00000000000000, 1.00000000000000, 0.000000000000000 );
#7442 = CARTESIAN_POINT( '', ( 4.17500000000000, 3.25000000000000, 1.92500000000000 ) );
#7443 = CARTESIAN_POINT( '', ( 4.17500000000000, 3.65000000000000, 1.64500000000000 ) );
#7444 = CARTESIAN_POINT( '', ( 4.17500000000000, 1.06879194630873, 3.45184563758389 ) );
#7445 = VECTOR( '', #8811, 1000.00000000000 );
#7446 = CARTESIAN_POINT( '', ( 3.82500000000000, 3.65000000000000, 1.64500000000000 ) );
#7447 = CARTESIAN_POINT( '', ( 7.00000000000000, 3.65000000000000, 1.64500000000000 ) );
#7448 = VECTOR( '', #8812, 1000.00000000000 );
#7449 = CARTESIAN_POINT( '', ( 3.82500000000000, 3.25000000000000, 1.92500000000000 ) );
#7450 = CARTESIAN_POINT( '', ( 3.82500000000000, 3.51845637583893, 1.73708053691275 ) );
#7451 = VECTOR( '', #8813, 1000.00000000000 );
#7452 = CARTESIAN_POINT( '', ( 7.00000000000000, 3.25000000000000, 1.92500000000000 ) );
#7453 = VECTOR( '', #8814, 1000.00000000000 );
#7454 = COLOUR_RGB( '', 1.00000000000000, 1.00000000000000, 0.000000000000000 );
#7455 = CARTESIAN_POINT( '', ( 1.82500000000000, 0.500000000000000, -1.60000000000000 ) );
#7456 = CARTESIAN_POINT( '', ( 1.82500000000000, 0.450000000000000, -1.60000000000000 ) );
#7457 = CARTESIAN_POINT( '', ( 1.82500000000000, 3.65000000000000, -1.60000000000000 ) );
#7458 = VECTOR( '', #8815, 1000.00000000000 );
#7459 = CARTESIAN_POINT( '', ( 0.175000000000000, 0.500000000000000, -1.60000000000000 ) );
#7460 = CARTESIAN_POINT( '', ( 8.00000000000000, 0.500000000000000, -1.60000000000000 ) );
#7461 = VECTOR( '', #8816, 1000.00000000000 );
#7462 = CARTESIAN_POINT( '', ( 0.175000000000000, 0.450000000000000, -1.60000000000000 ) );
#7463 = CARTESIAN_POINT( '', ( 0.175000000000000, 0.000000000000000, -1.60000000000000 ) );
#7464 = VECTOR( '', #8817, 1000.00000000000 );
#7465 = CARTESIAN_POINT( '', ( 0.000000000000000, 0.450000000000000, -1.60000000000000 ) );
#7466 = VECTOR( '', #8818, 1000.00000000000 );
#7467 = COLOUR_RGB( '', 0.689999997600000, 0.689999997600000, 0.689999997600000 );
#7468 = CARTESIAN_POINT( '', ( -0.800000000000000, 1.25000000000000, -1.50000000000000 ) );
#7469 = CARTESIAN_POINT( '', ( -0.800000000000000, 4.80000000000000, -1.50000000000000 ) );
#7470 = VECTOR( '', #8819, 1000.00000000000 );
#7471 = CARTESIAN_POINT( '', ( -1.20000000000000, 1.25000000000000, -1.50000000000000 ) );
#7472 = CARTESIAN_POINT( '', ( -0.800000000000000, 1.25000000000000, -1.50000000000000 ) );
#7473 = VECTOR( '', #8820, 1000.00000000000 );
#7474 = CARTESIAN_POINT( '', ( -1.20000000000000, 4.80000000000000, -1.50000000000000 ) );
#7475 = VECTOR( '', #8821, 1000.00000000000 );
#7476 = COLOUR_RGB( '', 0.689999997600000, 0.689999997600000, 0.689999997600000 );
#7477 = CARTESIAN_POINT( '', ( 6.72500000000000, 4.72700000000000, -1.45000000000000 ) );
#7478 = CARTESIAN_POINT( '', ( 6.72500000000000, 4.72700000000000, -1.45000000000000 ) );
#7479 = VECTOR( '', #8822, 1000.00000000000 );
#7480 = CARTESIAN_POINT( '', ( 6.97500000000000, 4.72700000000000, -1.45000000000000 ) );
#7481 = CARTESIAN_POINT( '', ( 6.97500000000000, 4.72700000000000, -1.45000000000000 ) );
#7482 = VECTOR( '', #8823, 1000.00000000000 );
#7483 = CARTESIAN_POINT( '', ( 6.97500000000000, 4.72700000000000, -1.45000000000000 ) );
#7484 = VECTOR( '', #8824, 1000.00000000000 );
#7485 = COLOUR_RGB( '', 0.689999997600000, 0.689999997600000, 0.689999997600000 );
#7486 = CARTESIAN_POINT( '', ( -6.97500000000000, 4.62700000000000, 2.35000000000000 ) );
#7487 = CARTESIAN_POINT( '', ( -6.97500000000000, 4.62700000000000, 2.35000000000000 ) );
#7488 = VECTOR( '', #8825, 1000.00000000000 );
#7489 = CARTESIAN_POINT( '', ( -6.97500000000000, 4.72700000000000, 2.35000000000000 ) );
#7490 = CARTESIAN_POINT( '', ( -6.97500000000000, 4.72700000000000, 2.35000000000000 ) );
#7491 = VECTOR( '', #8826, 1000.00000000000 );
#7492 = CARTESIAN_POINT( '', ( -6.97500000000000, 4.72700000000000, 1.55000000000000 ) );
#7493 = VECTOR( '', #8827, 1000.00000000000 );
#7494 = CARTESIAN_POINT( '', ( -6.97500000000000, 4.62700000000000, -0.150000000000000 ) );
#7495 = CARTESIAN_POINT( '', ( -6.97500000000000, 4.62700000000000, -0.150000000000000 ) );
#7496 = VECTOR( '', #8828, 1000.00000000000 );
#7497 = CARTESIAN_POINT( '', ( -6.97500000000000, 4.72700000000000, -0.150000000000000 ) );
#7498 = CARTESIAN_POINT( '', ( -6.97500000000000, 4.72700000000000, -0.150000000000000 ) );
#7499 = VECTOR( '', #8829, 1000.00000000000 );
#7500 = CARTESIAN_POINT( '', ( -6.97500000000000, 4.72700000000000, -0.950000000000000 ) );
#7501 = CARTESIAN_POINT( '', ( -6.97500000000000, 4.72700000000000, -0.950000000000000 ) );
#7502 = VECTOR( '', #8830, 1000.00000000000 );
#7503 = CARTESIAN_POINT( '', ( -6.97500000000000, 4.62700000000000, -0.950000000000000 ) );
#7504 = CARTESIAN_POINT( '', ( -6.97500000000000, 4.62700000000000, -0.950000000000000 ) );
#7505 = VECTOR( '', #8831, 1000.00000000000 );
#7506 = CARTESIAN_POINT( '', ( -6.97500000000000, 4.62700000000000, -1.15000000000000 ) );
#7507 = CARTESIAN_POINT( '', ( -6.97500000000000, 4.62700000000000, -1.15000000000000 ) );
#7508 = VECTOR( '', #8832, 1000.00000000000 );
#7509 = CARTESIAN_POINT( '', ( -6.97500000000000, 1.35000000000000, -1.15000000000000 ) );
#7510 = CARTESIAN_POINT( '', ( -6.97500000000000, 1.35000000000000, -1.15000000000000 ) );
#7511 = VECTOR( '', #8833, 1000.00000000000 );
#7512 = CARTESIAN_POINT( '', ( -6.97500000000000, 1.35000000000000, -0.620000000000000 ) );
#7513 = VECTOR( '', #8834, 1000.00000000000 );
#7514 = CARTESIAN_POINT( '', ( -6.97500000000000, -0.510303946705714, -0.620000000000000 ) );
#7515 = AXIS2_PLACEMENT_3D( '', #8835, #8836, #8837 );
#7516 = CARTESIAN_POINT( '', ( -6.97500000000000, -1.15000000000000, -0.620000000000000 ) );
#7517 = CARTESIAN_POINT( '', ( -6.97500000000000, -1.15000000000000, -0.620000000000000 ) );
#7518 = VECTOR( '', #8838, 1000.00000000000 );
#7519 = CARTESIAN_POINT( '', ( -6.97500000000000, -1.40000000000000, -0.370000000000000 ) );
#7520 = VECTOR( '', #8839, 1000.00000000000 );
#7521 = CARTESIAN_POINT( '', ( -6.97500000000000, -0.0896960532942850, 0.0200000000000000 ) );
#7522 = AXIS2_PLACEMENT_3D( '', #8840, #8841, #8842 );
#7523 = CARTESIAN_POINT( '', ( -6.97500000000000, 1.35000000000000, 0.0200000000000001 ) );
#7524 = CARTESIAN_POINT( '', ( -6.97500000000000, 1.35000000000000, 0.0200000000000000 ) );
#7525 = VECTOR( '', #8843, 1000.00000000000 );
#7526 = CARTESIAN_POINT( '', ( -6.97500000000000, 1.35000000000000, 1.38000000000000 ) );
#7527 = CARTESIAN_POINT( '', ( -6.97500000000000, 1.35000000000000, 1.38000000000000 ) );
#7528 = VECTOR( '', #8844, 1000.00000000000 );
#7529 = CARTESIAN_POINT( '', ( -6.97500000000000, -0.0896960532942852, 1.38000000000000 ) );
#7530 = CARTESIAN_POINT( '', ( -6.97500000000000, -0.0896960532942852, 1.38000000000000 ) );
#7531 = VECTOR( '', #8845, 1000.00000000000 );
#7532 = AXIS2_PLACEMENT_3D( '', #8846, #8847, #8848 );
#7533 = CARTESIAN_POINT( '', ( -6.97500000000000, -1.40000000000000, 1.63000000000000 ) );
#7534 = VECTOR( '', #8849, 1000.00000000000 );
#7535 = CARTESIAN_POINT( '', ( -6.97500000000000, -1.15000000000000, 2.02000000000000 ) );
#7536 = VECTOR( '', #8850, 1000.00000000000 );
#7537 = CARTESIAN_POINT( '', ( -6.97500000000000, -0.0896960532942852, 2.02000000000000 ) );
#7538 = AXIS2_PLACEMENT_3D( '', #8851, #8852, #8853 );
#7539 = CARTESIAN_POINT( '', ( -6.97500000000000, 1.35000000000000, 2.02000000000000 ) );
#7540 = CARTESIAN_POINT( '', ( -6.97500000000000, 1.35000000000000, 2.02000000000000 ) );
#7541 = VECTOR( '', #8854, 1000.00000000000 );
#7542 = CARTESIAN_POINT( '', ( -6.97500000000000, 1.35000000000000, 2.55000000000000 ) );
#7543 = VECTOR( '', #8855, 1000.00000000000 );
#7544 = COLOUR_RGB( '', 0.689999997600000, 0.689999997600000, 0.689999997600000 );
#7545 = CARTESIAN_POINT( '', ( 7.00000000000000, 0.000000000000000, 3.80000000000000 ) );
#7546 = CARTESIAN_POINT( '', ( 7.00000000000000, 0.000000000000000, 3.80000000000000 ) );
#7547 = VECTOR( '', #8856, 1000.00000000000 );
#7548 = CARTESIAN_POINT( '', ( -7.65000000000000, 0.000000000000000, 3.80000000000000 ) );
#7549 = VECTOR( '', #8857, 1000.00000000000 );
#7550 = COLOUR_RGB( '', 0.689999997600000, 0.689999997600000, 0.689999997600000 );
#7551 = CARTESIAN_POINT( '', ( 5.95000000000000, 4.80000000000000, -2.30000000000000 ) );
#7552 = CARTESIAN_POINT( '', ( 5.95000000000000, 4.80000000000000, 3.20000000000000 ) );
#7553 = VECTOR( '', #8858, 1000.00000000000 );
#7554 = CARTESIAN_POINT( '', ( 5.95000000000000, 0.700000000000000, -2.30000000000000 ) );
#7555 = CARTESIAN_POINT( '', ( 5.95000000000000, 1.25000000000000, -2.30000000000000 ) );
#7556 = VECTOR( '', #8859, 1000.00000000000 );
#7557 = CARTESIAN_POINT( '', ( 5.95000000000000, 0.700000000000000, 3.20000000000000 ) );
#7558 = VECTOR( '', #8860, 1000.00000000000 );
#7559 = COLOUR_RGB( '', 0.689999997600000, 0.689999997600000, 0.689999997600000 );
#7560 = CARTESIAN_POINT( '', ( 6.65000000000000, 0.700000000000000, -3.20000000000000 ) );
#7561 = CARTESIAN_POINT( '', ( 4.15000000000000, 0.700000000000000, -3.20000000000000 ) );
#7562 = CARTESIAN_POINT( '', ( 6.65000000000000, 0.700000000000000, -3.20000000000000 ) );
#7563 = VECTOR( '', #8861, 1000.00000000000 );
#7564 = CARTESIAN_POINT( '', ( 4.15000000000000, 0.700000000000000, -3.20000000000000 ) );
#7565 = VECTOR( '', #8862, 1000.00000000000 );
#7566 = CARTESIAN_POINT( '', ( 6.65000000000000, 0.700000000000000, -2.30000000000000 ) );
#7567 = CARTESIAN_POINT( '', ( 5.95000000000000, 0.700000000000000, -2.30000000000000 ) );
#7568 = VECTOR( '', #8863, 1000.00000000000 );
#7569 = CARTESIAN_POINT( '', ( 6.65000000000000, 0.700000000000000, -2.30000000000000 ) );
#7570 = VECTOR( '', #8864, 1000.00000000000 );
#7571 = COLOUR_RGB( '', 0.689999997600000, 0.689999997600000, 0.689999997600000 );
#7572 = CARTESIAN_POINT( '', ( -1.65000000000000, 0.750000000000000, -3.30000000000000 ) );
#7573 = CARTESIAN_POINT( '', ( -1.65000000000000, -1.25000000000000, -3.30000000000000 ) );
#7574 = VECTOR( '', #8865, 1000.00000000000 );
#7575 = CARTESIAN_POINT( '', ( -1.65000000000000, 0.750000000000000, -3.80000000000000 ) );
#7576 = CARTESIAN_POINT( '', ( -1.65000000000000, 0.750000000000000, -3.30000000000000 ) );
#7577 = VECTOR( '', #8866, 1000.00000000000 );
#7578 = CARTESIAN_POINT( '', ( -1.65000000000000, -1.25000000000000, -3.80000000000000 ) );
#7579 = VECTOR( '', #8867, 1000.00000000000 );
#7580 = COLOUR_RGB( '', 1.00000000000000, 1.00000000000000, 0.000000000000000 );
#7581 = CARTESIAN_POINT( '', ( 4.17500000000000, 0.400000000000000, 1.57500000000000 ) );
#7582 = CARTESIAN_POINT( '', ( 4.17500000000000, 0.375000000000000, 1.55000000000000 ) );
#7583 = VECTOR( '', #8868, 1000.00000000000 );
#7584 = CARTESIAN_POINT( '', ( 3.82500000000000, 0.400000000000000, 1.57500000000000 ) );
#7585 = CARTESIAN_POINT( '', ( 7.00000000000000, 0.400000000000000, 1.57500000000000 ) );
#7586 = VECTOR( '', #8869, 1000.00000000000 );
#7587 = CARTESIAN_POINT( '', ( 3.82500000000000, 2.20000000000000, 3.37500000000000 ) );
#7588 = VECTOR( '', #8870, 1000.00000000000 );
#7589 = COLOUR_RGB( '', 0.689999997600000, 0.689999997600000, 0.689999997600000 );
#7590 = CARTESIAN_POINT( '', ( 4.15000000000000, 1.25000000000000, -3.20000000000000 ) );
#7591 = CARTESIAN_POINT( '', ( 4.15000000000000, 1.25000000000000, 0.000000000000000 ) );
#7592 = VECTOR( '', #8871, 1000.00000000000 );
#7593 = CARTESIAN_POINT( '', ( 4.15000000000000, 0.700000000000000, -3.20000000000000 ) );
#7594 = VECTOR( '', #8872, 1000.00000000000 );
#7595 = COLOUR_RGB( '', 0.689999997600000, 0.689999997600000, 0.689999997600000 );
#7596 = CARTESIAN_POINT( '', ( -6.72500000000000, 4.72700000000000, -0.950000000000000 ) );
#7597 = CARTESIAN_POINT( '', ( -6.72500000000000, 4.72700000000000, -0.950000000000000 ) );
#7598 = VECTOR( '', #8873, 1000.00000000000 );
#7599 = CARTESIAN_POINT( '', ( -6.72500000000000, 4.62700000000000, -0.950000000000000 ) );
#7600 = CARTESIAN_POINT( '', ( -6.72500000000000, 4.62700000000000, -0.950000000000000 ) );
#7601 = VECTOR( '', #8874, 1000.00000000000 );
#7602 = CARTESIAN_POINT( '', ( -6.72500000000000, 4.62700000000000, -0.950000000000000 ) );
#7603 = VECTOR( '', #8875, 1000.00000000000 );
#7604 = COLOUR_RGB( '', 1.00000000000000, 1.00000000000000, 0.000000000000000 );
#7605 = CARTESIAN_POINT( '', ( 4.17500000000000, 0.450000000000000, -1.70000000000000 ) );
#7606 = CARTESIAN_POINT( '', ( 5.82500000000000, 0.450000000000000, -1.70000000000000 ) );
#7607 = CARTESIAN_POINT( '', ( 0.000000000000000, 0.450000000000000, -1.70000000000000 ) );
#7608 = VECTOR( '', #8876, 1000.00000000000 );
#7609 = CARTESIAN_POINT( '', ( 5.82500000000000, 0.450000000000000, -1.60000000000000 ) );
#7610 = CARTESIAN_POINT( '', ( 5.82500000000000, 0.450000000000000, 1.92500000000000 ) );
#7611 = VECTOR( '', #8877, 1000.00000000000 );
#7612 = CARTESIAN_POINT( '', ( 4.17500000000000, 0.450000000000000, -1.60000000000000 ) );
#7613 = CARTESIAN_POINT( '', ( 0.000000000000000, 0.450000000000000, -1.60000000000000 ) );
#7614 = VECTOR( '', #8878, 1000.00000000000 );
#7615 = CARTESIAN_POINT( '', ( 4.17500000000000, 0.450000000000000, 1.92500000000000 ) );
#7616 = VECTOR( '', #8879, 1000.00000000000 );
#7617 = COLOUR_RGB( '', 0.689999997600000, 0.689999997600000, 0.689999997600000 );
#7618 = CARTESIAN_POINT( '', ( -6.65000000000000, 0.700000000000000, -3.20000000000000 ) );
#7619 = CARTESIAN_POINT( '', ( -6.65000000000000, 0.700000000000000, -3.20000000000000 ) );
#7620 = VECTOR( '', #8880, 1000.00000000000 );
#7621 = CARTESIAN_POINT( '', ( -5.95000000000000, 0.700000000000000, -2.30000000000000 ) );
#7622 = VECTOR( '', #8881, 1000.00000000000 );
#7623 = CARTESIAN_POINT( '', ( -4.15000000000000, 0.700000000000000, -3.20000000000000 ) );
#7624 = VECTOR( '', #8882, 1000.00000000000 );
#7625 = COLOUR_RGB( '', 0.689999997600000, 0.689999997600000, 0.689999997600000 );
#7626 = CARTESIAN_POINT( '', ( -6.70000000000000, 4.80000000000000, 1.70000000000000 ) );
#7627 = CARTESIAN_POINT( '', ( -6.70000000000000, 4.80000000000000, 2.55000000000000 ) );
#7628 = VECTOR( '', #8883, 1000.00000000000 );
#7629 = CARTESIAN_POINT( '', ( -6.70000000000000, 4.80000000000000, 1.70000000000000 ) );
#7630 = VECTOR( '', #8884, 1000.00000000000 );
#7631 = COLOUR_RGB( '', 0.689999997600000, 0.689999997600000, 0.689999997600000 );
#7632 = CARTESIAN_POINT( '', ( 3.20000000000000, 1.25000000000000, 1.50000000000000 ) );
#7633 = CARTESIAN_POINT( '', ( 2.80000000000000, 1.25000000000000, 1.50000000000000 ) );
#7634 = VECTOR( '', #8885, 1000.00000000000 );
#7635 = CARTESIAN_POINT( '', ( 3.20000000000000, 4.80000000000000, 1.50000000000000 ) );
#7636 = VECTOR( '', #8886, 1000.00000000000 );
#7637 = COLOUR_RGB( '', 0.689999997600000, 0.689999997600000, 0.689999997600000 );
#7638 = CARTESIAN_POINT( '', ( 2.35000000000000, 0.750000000000000, -3.80000000000000 ) );
#7639 = CARTESIAN_POINT( '', ( 1.65000000000000, 0.750000000000000, -3.80000000000000 ) );
#7640 = CARTESIAN_POINT( '', ( 2.35000000000000, 0.750000000000000, -3.80000000000000 ) );
#7641 = VECTOR( '', #8887, 1000.00000000000 );
#7642 = CARTESIAN_POINT( '', ( 2.35000000000000, 0.750000000000000, -3.30000000000000 ) );
#7643 = CARTESIAN_POINT( '', ( 2.35000000000000, 0.750000000000000, -3.30000000000000 ) );
#7644 = VECTOR( '', #8888, 1000.00000000000 );
#7645 = CARTESIAN_POINT( '', ( 1.65000000000000, 0.750000000000000, -3.30000000000000 ) );
#7646 = CARTESIAN_POINT( '', ( 2.35000000000000, 0.750000000000000, -3.30000000000000 ) );
#7647 = VECTOR( '', #8889, 1000.00000000000 );
#7648 = CARTESIAN_POINT( '', ( 1.65000000000000, 0.750000000000000, -3.30000000000000 ) );
#7649 = VECTOR( '', #8890, 1000.00000000000 );
#7650 = COLOUR_RGB( '', 0.689999997600000, 0.689999997600000, 0.689999997600000 );
#7651 = CARTESIAN_POINT( '', ( 6.72500000000000, 4.62700000000000, 1.05000000000000 ) );
#7652 = CARTESIAN_POINT( '', ( 6.72500000000000, 4.62700000000000, -0.650000000000000 ) );
#7653 = VECTOR( '', #8891, 1000.00000000000 );
#7654 = CARTESIAN_POINT( '', ( 6.97500000000000, 4.62700000000000, 1.05000000000000 ) );
#7655 = CARTESIAN_POINT( '', ( 6.97500000000000, 4.62700000000000, 1.05000000000000 ) );
#7656 = VECTOR( '', #8892, 1000.00000000000 );
#7657 = CARTESIAN_POINT( '', ( 6.97500000000000, 4.62700000000000, -0.650000000000000 ) );
#7658 = VECTOR( '', #8893, 1000.00000000000 );
#7659 = COLOUR_RGB( '', 0.689999997600000, 0.689999997600000, 0.689999997600000 );
#7660 = CARTESIAN_POINT( '', ( -6.72500000000000, -1.15000000000000, 2.02000000000000 ) );
#7661 = VECTOR( '', #8894, 1000.00000000000 );
#7662 = COLOUR_RGB( '', 0.689999997600000, 0.689999997600000, 0.689999997600000 );
#7663 = CARTESIAN_POINT( '', ( -0.350000000000000, 0.750000000000000, -3.30000000000000 ) );
#7664 = CARTESIAN_POINT( '', ( -0.350000000000000, 0.750000000000000, -3.30000000000000 ) );
#7665 = VECTOR( '', #8895, 1000.00000000000 );
#7666 = CARTESIAN_POINT( '', ( 0.350000000000000, 0.750000000000000, -3.30000000000000 ) );
#7667 = CARTESIAN_POINT( '', ( 0.350000000000000, 0.750000000000000, -3.30000000000000 ) );
#7668 = VECTOR( '', #8896, 1000.00000000000 );
#7669 = CARTESIAN_POINT( '', ( 0.350000000000000, -1.25000000000000, -3.30000000000000 ) );
#7670 = VECTOR( '', #8897, 1000.00000000000 );
#7671 = COLOUR_RGB( '', 1.00000000000000, 1.00000000000000, 0.000000000000000 );
#7672 = CARTESIAN_POINT( '', ( 5.82500000000000, 0.500000000000000, -1.70000000000000 ) );
#7673 = CARTESIAN_POINT( '', ( 4.17500000000000, 0.500000000000000, -1.70000000000000 ) );
#7674 = CARTESIAN_POINT( '', ( 8.00000000000000, 0.500000000000000, -1.70000000000000 ) );
#7675 = VECTOR( '', #8898, 1000.00000000000 );
#7676 = CARTESIAN_POINT( '', ( 5.82500000000000, 3.65000000000000, -1.70000000000000 ) );
#7677 = VECTOR( '', #8899, 1000.00000000000 );
#7678 = CARTESIAN_POINT( '', ( 4.17500000000000, 0.000000000000000, -1.70000000000000 ) );
#7679 = VECTOR( '', #8900, 1000.00000000000 );
#7680 = COLOUR_RGB( '', 0.689999997600000, 0.689999997600000, 0.689999997600000 );
#7681 = CARTESIAN_POINT( '', ( 6.00000000000000, 4.80000000000000, 3.80000000000000 ) );
#7682 = CARTESIAN_POINT( '', ( 6.00000000000000, 4.80000000000000, 3.78700000000000 ) );
#7683 = VECTOR( '', #8901, 1000.00000000000 );
#7684 = CARTESIAN_POINT( '', ( 7.00000000000000, 4.80000000000000, 3.80000000000000 ) );
#7685 = CARTESIAN_POINT( '', ( -7.65000000000000, 4.80000000000000, 3.80000000000000 ) );
#7686 = VECTOR( '', #8902, 1000.00000000000 );
#7687 = CARTESIAN_POINT( '', ( 7.00000000000000, 4.80000000000000, 3.80000000000000 ) );
#7688 = VECTOR( '', #8903, 1000.00000000000 );
#7689 = CARTESIAN_POINT( '', ( -7.65000000000000, 4.80000000000000, -3.80000000000000 ) );
#7690 = CARTESIAN_POINT( '', ( 7.65000000000000, 4.80000000000000, -3.80000000000000 ) );
#7691 = VECTOR( '', #8904, 1000.00000000000 );
#7692 = CARTESIAN_POINT( '', ( -7.65000000000000, 4.80000000000000, -2.30000000000000 ) );
#7693 = CARTESIAN_POINT( '', ( -7.65000000000000, 4.80000000000000, -3.80000000000000 ) );
#7694 = VECTOR( '', #8905, 1000.00000000000 );
#7695 = CARTESIAN_POINT( '', ( -7.55000000000000, 4.80000000000000, -2.30000000000000 ) );
#7696 = CARTESIAN_POINT( '', ( -7.65000000000000, 4.80000000000000, -2.30000000000000 ) );
#7697 = VECTOR( '', #8906, 1000.00000000000 );
#7698 = CARTESIAN_POINT( '', ( -7.55000000000000, 4.80000000000000, -1.30000000000000 ) );
#7699 = CARTESIAN_POINT( '', ( -7.55000000000000, 4.80000000000000, -2.30000000000000 ) );
#7700 = VECTOR( '', #8907, 1000.00000000000 );
#7701 = CARTESIAN_POINT( '', ( -7.55000000000000, 4.80000000000000, -1.30000000000000 ) );
#7702 = VECTOR( '', #8908, 1000.00000000000 );
#7703 = CARTESIAN_POINT( '', ( -7.65000000000000, 4.80000000000000, 3.80000000000000 ) );
#7704 = VECTOR( '', #8909, 1000.00000000000 );
#7705 = CARTESIAN_POINT( '', ( -6.65000000000000, 4.80000000000000, -3.20000000000000 ) );
#7706 = CARTESIAN_POINT( '', ( -6.65000000000000, 4.80000000000000, -3.20000000000000 ) );
#7707 = VECTOR( '', #8910, 1000.00000000000 );
#7708 = CARTESIAN_POINT( '', ( 6.65000000000000, 4.80000000000000, -3.20000000000000 ) );
#7709 = CARTESIAN_POINT( '', ( 6.65000000000000, 4.80000000000000, -3.20000000000000 ) );
#7710 = VECTOR( '', #8911, 1000.00000000000 );
#7711 = CARTESIAN_POINT( '', ( 6.65000000000000, 4.80000000000000, -2.30000000000000 ) );
#7712 = CARTESIAN_POINT( '', ( 6.65000000000000, 4.80000000000000, -2.30000000000000 ) );
#7713 = VECTOR( '', #8912, 1000.00000000000 );
#7714 = CARTESIAN_POINT( '', ( 5.95000000000000, 4.80000000000000, -2.30000000000000 ) );
#7715 = VECTOR( '', #8913, 1000.00000000000 );
#7716 = CARTESIAN_POINT( '', ( -5.95000000000000, 4.80000000000000, -2.30000000000000 ) );
#7717 = VECTOR( '', #8914, 1000.00000000000 );
#7718 = CARTESIAN_POINT( '', ( -7.00000000000000, 4.80000000000000, -1.15000000000000 ) );
#7719 = CARTESIAN_POINT( '', ( -7.00000000000000, 4.80000000000000, -1.15000000000000 ) );
#7720 = VECTOR( '', #8915, 1000.00000000000 );
#7721 = CARTESIAN_POINT( '', ( -6.70000000000000, 4.80000000000000, -1.15000000000000 ) );
#7722 = VECTOR( '', #8916, 1000.00000000000 );
#7723 = CARTESIAN_POINT( '', ( -6.50000000000000, 4.80000000000000, -0.300000000000000 ) );
#7724 = CARTESIAN_POINT( '', ( -6.50000000000000, 4.80000000000000, -0.300000000000000 ) );
#7725 = VECTOR( '', #8917, 1000.00000000000 );
#7726 = CARTESIAN_POINT( '', ( -6.50000000000000, 4.80000000000000, 1.70000000000000 ) );
#7727 = CARTESIAN_POINT( '', ( -6.50000000000000, 4.80000000000000, 1.70000000000000 ) );
#7728 = VECTOR( '', #8918, 1000.00000000000 );
#7729 = CARTESIAN_POINT( '', ( -6.70000000000000, 4.80000000000000, 1.70000000000000 ) );
#7730 = VECTOR( '', #8919, 1000.00000000000 );
#7731 = CARTESIAN_POINT( '', ( -7.00000000000000, 4.80000000000000, 1.70000000000000 ) );
#7732 = VECTOR( '', #8920, 1000.00000000000 );
#7733 = CARTESIAN_POINT( '', ( 6.70000000000000, 4.80000000000000, -1.65000000000000 ) );
#7734 = CARTESIAN_POINT( '', ( 6.70000000000000, 4.80000000000000, -1.65000000000000 ) );
#7735 = VECTOR( '', #8921, 1000.00000000000 );
#7736 = CARTESIAN_POINT( '', ( 7.00000000000000, 4.80000000000000, -1.65000000000000 ) );
#7737 = CARTESIAN_POINT( '', ( 7.00000000000000, 4.80000000000000, -1.65000000000000 ) );
#7738 = VECTOR( '', #8922, 1000.00000000000 );
#7739 = CARTESIAN_POINT( '', ( 7.00000000000000, 4.80000000000000, -0.800000000000000 ) );
#7740 = VECTOR( '', #8923, 1000.00000000000 );
#7741 = CARTESIAN_POINT( '', ( 7.00000000000000, 4.80000000000000, 2.05000000000000 ) );
#7742 = CARTESIAN_POINT( '', ( 7.00000000000000, 4.80000000000000, 2.05000000000000 ) );
#7743 = VECTOR( '', #8924, 1000.00000000000 );
#7744 = CARTESIAN_POINT( '', ( 6.70000000000000, 4.80000000000000, 2.05000000000000 ) );
#7745 = CARTESIAN_POINT( '', ( 6.70000000000000, 4.80000000000000, 2.05000000000000 ) );
#7746 = VECTOR( '', #8925, 1000.00000000000 );
#7747 = CARTESIAN_POINT( '', ( 6.70000000000000, 4.80000000000000, 1.20000000000000 ) );
#7748 = CARTESIAN_POINT( '', ( 6.70000000000000, 4.80000000000000, 1.20000000000000 ) );
#7749 = VECTOR( '', #8926, 1000.00000000000 );
#7750 = CARTESIAN_POINT( '', ( 6.50000000000000, 4.80000000000000, 1.20000000000000 ) );
#7751 = VECTOR( '', #8927, 1000.00000000000 );
#7752 = COLOUR_RGB( '', 0.689999997600000, 0.689999997600000, 0.689999997600000 );
#7753 = CARTESIAN_POINT( '', ( 6.72500000000000, 4.62700000000000, 2.05000000000000 ) );
#7754 = CARTESIAN_POINT( '', ( 6.72500000000000, 4.62700000000000, 1.85000000000000 ) );
#7755 = VECTOR( '', #8928, 1000.00000000000 );
#7756 = CARTESIAN_POINT( '', ( 6.72500000000000, 4.72700000000000, 1.05000000000000 ) );
#7757 = CARTESIAN_POINT( '', ( 6.72500000000000, 4.72700000000000, 1.05000000000000 ) );
#7758 = VECTOR( '', #8929, 1000.00000000000 );
#7759 = CARTESIAN_POINT( '', ( 6.72500000000000, 4.62700000000000, 1.05000000000000 ) );
#7760 = VECTOR( '', #8930, 1000.00000000000 );
#7761 = CARTESIAN_POINT( '', ( 6.72500000000000, 4.62700000000000, -1.45000000000000 ) );
#7762 = CARTESIAN_POINT( '', ( 6.72500000000000, 4.62700000000000, -1.45000000000000 ) );
#7763 = VECTOR( '', #8931, 1000.00000000000 );
#7764 = CARTESIAN_POINT( '', ( 6.72500000000000, 4.62700000000000, -1.65000000000000 ) );
#7765 = CARTESIAN_POINT( '', ( 6.72500000000000, 4.62700000000000, -1.65000000000000 ) );
#7766 = VECTOR( '', #8932, 1000.00000000000 );
#7767 = CARTESIAN_POINT( '', ( 6.72500000000000, 1.35000000000000, -1.65000000000000 ) );
#7768 = CARTESIAN_POINT( '', ( 6.72500000000000, 1.35000000000000, -1.65000000000000 ) );
#7769 = VECTOR( '', #8933, 1000.00000000000 );
#7770 = CARTESIAN_POINT( '', ( 6.72500000000000, 1.35000000000000, -1.12000000000000 ) );
#7771 = CARTESIAN_POINT( '', ( 6.72500000000000, 1.35000000000000, -1.12000000000000 ) );
#7772 = VECTOR( '', #8934, 1000.00000000000 );
#7773 = CARTESIAN_POINT( '', ( 6.72500000000000, -0.0896960532942855, -1.12000000000000 ) );
#7774 = CARTESIAN_POINT( '', ( 6.72500000000000, -0.0896960532942856, -1.12000000000000 ) );
#7775 = VECTOR( '', #8935, 1000.00000000000 );
#7776 = CARTESIAN_POINT( '', ( 6.72500000000000, -0.510303946705714, -1.12000000000000 ) );
#7777 = AXIS2_PLACEMENT_3D( '', #8936, #8937, #8938 );
#7778 = CARTESIAN_POINT( '', ( 6.72500000000000, -1.15000000000000, -1.12000000000000 ) );
#7779 = CARTESIAN_POINT( '', ( 6.72500000000000, -1.15000000000000, -1.12000000000000 ) );
#7780 = VECTOR( '', #8939, 1000.00000000000 );
#7781 = CARTESIAN_POINT( '', ( 6.72500000000000, -1.40000000000000, -0.870000000000000 ) );
#7782 = CARTESIAN_POINT( '', ( 6.72500000000000, -1.40000000000000, -0.870000000000000 ) );
#7783 = VECTOR( '', #8940, 1000.00000000000 );
#7784 = CARTESIAN_POINT( '', ( 6.72500000000000, -1.40000000000000, -0.730000000000000 ) );
#7785 = CARTESIAN_POINT( '', ( 6.72500000000000, -1.40000000000000, -0.730000000000000 ) );
#7786 = VECTOR( '', #8941, 1000.00000000000 );
#7787 = CARTESIAN_POINT( '', ( 6.72500000000000, -1.15000000000000, -0.480000000000000 ) );
#7788 = CARTESIAN_POINT( '', ( 6.72500000000000, -1.15000000000000, -0.480000000000000 ) );
#7789 = VECTOR( '', #8942, 1000.00000000000 );
#7790 = CARTESIAN_POINT( '', ( 6.72500000000000, -0.510303946705714, -0.480000000000000 ) );
#7791 = VECTOR( '', #8943, 1000.00000000000 );
#7792 = CARTESIAN_POINT( '', ( 6.72500000000000, 1.35000000000000, -0.480000000000000 ) );
#7793 = VECTOR( '', #8944, 1000.00000000000 );
#7794 = AXIS2_PLACEMENT_3D( '', #8945, #8946, #8947 );
#7795 = CARTESIAN_POINT( '', ( 6.72500000000000, -1.40000000000000, 1.27000000000000 ) );
#7796 = CARTESIAN_POINT( '', ( 6.72500000000000, -1.40000000000000, 1.27000000000000 ) );
#7797 = VECTOR( '', #8948, 1000.00000000000 );
#7798 = CARTESIAN_POINT( '', ( 6.72500000000000, -1.15000000000000, 1.52000000000000 ) );
#7799 = CARTESIAN_POINT( '', ( 6.72500000000000, -1.15000000000000, 1.52000000000000 ) );
#7800 = VECTOR( '', #8949, 1000.00000000000 );
#7801 = CARTESIAN_POINT( '', ( 6.72500000000000, -0.510303946705715, 1.52000000000000 ) );
#7802 = CARTESIAN_POINT( '', ( 6.72500000000000, -0.510303946705714, 1.52000000000000 ) );
#7803 = VECTOR( '', #8950, 1000.00000000000 );
#7804 = CARTESIAN_POINT( '', ( 6.72500000000000, -0.0896960532942850, 1.52000000000000 ) );
#7805 = AXIS2_PLACEMENT_3D( '', #8951, #8952, #8953 );
#7806 = CARTESIAN_POINT( '', ( 6.72500000000000, 1.35000000000000, 1.52000000000000 ) );
#7807 = CARTESIAN_POINT( '', ( 6.72500000000000, 1.35000000000000, 1.52000000000000 ) );
#7808 = VECTOR( '', #8954, 1000.00000000000 );
#7809 = CARTESIAN_POINT( '', ( 6.72500000000000, 1.35000000000000, 2.05000000000000 ) );
#7810 = CARTESIAN_POINT( '', ( 6.72500000000000, 1.35000000000000, 2.05000000000000 ) );
#7811 = VECTOR( '', #8955, 1000.00000000000 );
#7812 = CARTESIAN_POINT( '', ( 6.72500000000000, 4.62700000000000, 2.05000000000000 ) );
#7813 = VECTOR( '', #8956, 1000.00000000000 );
#7814 = COLOUR_RGB( '', 0.689999997600000, 0.689999997600000, 0.689999997600000 );
#7815 = CARTESIAN_POINT( '', ( 6.97500000000000, -1.15000000000000, -0.480000000000000 ) );
#7816 = CARTESIAN_POINT( '', ( 6.97500000000000, -1.15000000000000, -0.480000000000000 ) );
#7817 = VECTOR( '', #8957, 1000.00000000000 );
#7818 = CARTESIAN_POINT( '', ( 6.97500000000000, -0.510303946705714, -0.480000000000000 ) );
#7819 = VECTOR( '', #8958, 1000.00000000000 );
#7820 = COLOUR_RGB( '', 0.689999997600000, 0.689999997600000, 0.689999997600000 );
#7821 = CARTESIAN_POINT( '', ( -6.72500000000000, -0.510303946705714, -0.620000000000000 ) );
#7822 = AXIS2_PLACEMENT_3D( '', #8959, #8960, #8961 );
#7823 = CARTESIAN_POINT( '', ( -6.72500000000000, -0.510303946705714, -0.620000000000000 ) );
#7824 = VECTOR( '', #8962, 1000.00000000000 );
#7825 = COLOUR_RGB( '', 0.689999997600000, 0.689999997600000, 0.689999997600000 );
#7826 = CARTESIAN_POINT( '', ( -6.65000000000000, 1.25000000000000, -3.20000000000000 ) );
#7827 = VECTOR( '', #8963, 1000.00000000000 );
#7828 = COLOUR_RGB( '', 0.689999997600000, 0.689999997600000, 0.689999997600000 );
#7829 = AXIS2_PLACEMENT_3D( '', #8964, #8965, #8966 );
#7830 = COLOUR_RGB( '', 1.00000000000000, 1.00000000000000, 0.000000000000000 );
#7831 = CARTESIAN_POINT( '', ( 3.82500000000000, 3.65000000000000, -1.92500000000000 ) );
#7832 = VECTOR( '', #8967, 1000.00000000000 );
#7833 = CARTESIAN_POINT( '', ( 4.17500000000000, 0.000000000000000, -1.92500000000000 ) );
#7834 = VECTOR( '', #8968, 1000.00000000000 );
#7835 = COLOUR_RGB( '', 0.689999997600000, 0.689999997600000, 0.689999997600000 );
#7836 = CARTESIAN_POINT( '', ( -7.55000000000000, 4.80000000000000, -1.30000000000000 ) );
#7837 = VECTOR( '', #8969, 1000.00000000000 );
#7838 = COLOUR_RGB( '', 1.00000000000000, 1.00000000000000, 0.000000000000000 );
#7839 = CARTESIAN_POINT( '', ( 5.82500000000000, 0.400000000000000, 1.92500000000000 ) );
#7840 = CARTESIAN_POINT( '', ( 5.82500000000000, 3.65000000000000, 1.92500000000000 ) );
#7841 = VECTOR( '', #8970, 1000.00000000000 );
#7842 = CARTESIAN_POINT( '', ( 6.17500000000000, 0.400000000000000, 1.92500000000000 ) );
#7843 = CARTESIAN_POINT( '', ( 0.000000000000000, 0.400000000000000, 1.92500000000000 ) );
#7844 = VECTOR( '', #8971, 1000.00000000000 );
#7845 = CARTESIAN_POINT( '', ( 6.17500000000000, 0.000000000000000, 1.92500000000000 ) );
#7846 = VECTOR( '', #8972, 1000.00000000000 );
#7847 = COLOUR_RGB( '', 0.689999997600000, 0.689999997600000, 0.689999997600000 );
#7848 = CARTESIAN_POINT( '', ( 6.97500000000000, 4.72700000000000, 1.05000000000000 ) );
#7849 = CARTESIAN_POINT( '', ( 6.97500000000000, 4.72700000000000, 1.05000000000000 ) );
#7850 = VECTOR( '', #8973, 1000.00000000000 );
#7851 = CARTESIAN_POINT( '', ( 6.97500000000000, 4.72700000000000, 1.05000000000000 ) );
#7852 = VECTOR( '', #8974, 1000.00000000000 );
#7853 = COLOUR_RGB( '', 0.689999997600000, 0.689999997600000, 0.689999997600000 );
#7854 = CARTESIAN_POINT( '', ( -6.45000000000000, 0.000000000000000, 2.70000000000000 ) );
#7855 = CARTESIAN_POINT( '', ( -6.45000000000000, 0.000000000000000, 3.80000000000000 ) );
#7856 = CARTESIAN_POINT( '', ( -6.45000000000000, 0.000000000000000, 2.70000000000000 ) );
#7857 = VECTOR( '', #8975, 1000.00000000000 );
#7858 = CARTESIAN_POINT( '', ( -6.45000000000000, 0.250000000000000, 2.70000000000000 ) );
#7859 = VECTOR( '', #8976, 1000.00000000000 );
#7860 = CARTESIAN_POINT( '', ( -6.45000000000000, 0.250000000000000, 3.80000000000000 ) );
#7861 = VECTOR( '', #8977, 1000.00000000000 );
#7862 = COLOUR_RGB( '', 1.00000000000000, 1.00000000000000, 0.000000000000000 );
#7863 = CARTESIAN_POINT( '', ( 6.17500000000000, -5.42101086242752E-17, -1.17500000000000 ) );
#7864 = CARTESIAN_POINT( '', ( 6.17500000000000, -1.55000000000000, 0.375000000000000 ) );
#7865 = VECTOR( '', #8978, 1000.00000000000 );
#7866 = CARTESIAN_POINT( '', ( 5.82500000000000, -5.42101086242752E-17, -1.17500000000000 ) );
#7867 = CARTESIAN_POINT( '', ( 7.00000000000000, -5.42101086242752E-17, -1.17500000000000 ) );
#7868 = VECTOR( '', #8979, 1000.00000000000 );
#7869 = CARTESIAN_POINT( '', ( 5.82500000000000, 0.275000000000000, -1.45000000000000 ) );
#7870 = VECTOR( '', #8980, 1000.00000000000 );
#7871 = COLOUR_RGB( '', 1.00000000000000, 1.00000000000000, 0.000000000000000 );
#7872 = CARTESIAN_POINT( '', ( 2.17500000000000, 3.65000000000000, 1.64500000000000 ) );
#7873 = CARTESIAN_POINT( '', ( 1.82500000000000, 3.65000000000000, 1.64500000000000 ) );
#7874 = CARTESIAN_POINT( '', ( 7.00000000000000, 3.65000000000000, 1.64500000000000 ) );
#7875 = VECTOR( '', #8981, 1000.00000000000 );
#7876 = CARTESIAN_POINT( '', ( 2.17500000000000, 3.65000000000000, 1.92500000000000 ) );
#7877 = VECTOR( '', #8982, 1000.00000000000 );
#7878 = CARTESIAN_POINT( '', ( 1.82500000000000, 3.65000000000000, 1.92500000000000 ) );
#7879 = VECTOR( '', #8983, 1000.00000000000 );
#7880 = COLOUR_RGB( '', 0.689999997600000, 0.689999997600000, 0.689999997600000 );
#7881 = CARTESIAN_POINT( '', ( 6.97500000000000, -1.15000000000000, 1.52000000000000 ) );
#7882 = CARTESIAN_POINT( '', ( 6.97500000000000, -1.15000000000000, 1.52000000000000 ) );
#7883 = VECTOR( '', #8984, 1000.00000000000 );
#7884 = CARTESIAN_POINT( '', ( 6.97500000000000, -0.510303946705715, 1.52000000000000 ) );
#7885 = CARTESIAN_POINT( '', ( 6.97500000000000, -0.510303946705714, 1.52000000000000 ) );
#7886 = VECTOR( '', #8985, 1000.00000000000 );
#7887 = CARTESIAN_POINT( '', ( 6.97500000000000, -0.510303946705715, 1.52000000000000 ) );
#7888 = VECTOR( '', #8986, 1000.00000000000 );
#7889 = COLOUR_RGB( '', 0.689999997600000, 0.689999997600000, 0.689999997600000 );
#7890 = CARTESIAN_POINT( '', ( 7.00000000000000, 4.80000000000000, 2.05000000000000 ) );
#7891 = VECTOR( '', #8987, 1000.00000000000 );
#7892 = COLOUR_RGB( '', 0.689999997600000, 0.689999997600000, 0.689999997600000 );
#7893 = CARTESIAN_POINT( '', ( 1.65000000000000, 0.750000000000000, -3.30000000000000 ) );
#7894 = VECTOR( '', #8988, 1000.00000000000 );
#7895 = CARTESIAN_POINT( '', ( 2.35000000000000, -1.25000000000000, -3.30000000000000 ) );
#7896 = VECTOR( '', #8989, 1000.00000000000 );
#7897 = COLOUR_RGB( '', 1.00000000000000, 1.00000000000000, 0.000000000000000 );
#7898 = CARTESIAN_POINT( '', ( 0.175000000000000, 0.400000000000000, -1.57500000000000 ) );
#7899 = CARTESIAN_POINT( '', ( 7.00000000000000, 0.400000000000000, -1.57500000000000 ) );
#7900 = VECTOR( '', #8990, 1000.00000000000 );
#7901 = CARTESIAN_POINT( '', ( 0.175000000000000, -5.42101086242752E-17, -1.17500000000000 ) );
#7902 = CARTESIAN_POINT( '', ( 0.175000000000000, -1.55000000000000, 0.375000000000000 ) );
#7903 = VECTOR( '', #8991, 1000.00000000000 );
#7904 = CARTESIAN_POINT( '', ( 7.00000000000000, -5.42101086242752E-17, -1.17500000000000 ) );
#7905 = VECTOR( '', #8992, 1000.00000000000 );
#7906 = COLOUR_RGB( '', 0.689999997600000, 0.689999997600000, 0.689999997600000 );
#7907 = CARTESIAN_POINT( '', ( 6.97500000000000, 4.62700000000000, 2.05000000000000 ) );
#7908 = CARTESIAN_POINT( '', ( 6.97500000000000, 4.62700000000000, 2.05000000000000 ) );
#7909 = VECTOR( '', #8993, 1000.00000000000 );
#7910 = CARTESIAN_POINT( '', ( 6.97500000000000, 4.62700000000000, 1.85000000000000 ) );
#7911 = VECTOR( '', #8994, 1000.00000000000 );
#7912 = COLOUR_RGB( '', 0.689999997600000, 0.689999997600000, 0.689999997600000 );
#7913 = CARTESIAN_POINT( '', ( -0.350000000000000, 0.750000000000000, -3.80000000000000 ) );
#7914 = CARTESIAN_POINT( '', ( -0.350000000000000, 0.750000000000000, -3.80000000000000 ) );
#7915 = VECTOR( '', #8995, 1000.00000000000 );
#7916 = CARTESIAN_POINT( '', ( -0.350000000000000, 0.750000000000000, -3.30000000000000 ) );
#7917 = VECTOR( '', #8996, 1000.00000000000 );
#7918 = COLOUR_RGB( '', 0.689999997600000, 0.689999997600000, 0.689999997600000 );
#7919 = CARTESIAN_POINT( '', ( -2.80000000000000, 1.25000000000000, -1.50000000000000 ) );
#7920 = CARTESIAN_POINT( '', ( -2.80000000000000, 4.80000000000000, -1.50000000000000 ) );
#7921 = VECTOR( '', #8997, 1000.00000000000 );
#7922 = CARTESIAN_POINT( '', ( -3.20000000000000, 1.25000000000000, -1.50000000000000 ) );
#7923 = CARTESIAN_POINT( '', ( -2.80000000000000, 1.25000000000000, -1.50000000000000 ) );
#7924 = VECTOR( '', #8998, 1000.00000000000 );
#7925 = CARTESIAN_POINT( '', ( -3.20000000000000, 4.80000000000000, -1.50000000000000 ) );
#7926 = VECTOR( '', #8999, 1000.00000000000 );
#7927 = COLOUR_RGB( '', 0.689999997600000, 0.689999997600000, 0.689999997600000 );
#7928 = CARTESIAN_POINT( '', ( 7.00000000000000, 4.80000000000000, -1.65000000000000 ) );
#7929 = VECTOR( '', #9000, 1000.00000000000 );
#7930 = COLOUR_RGB( '', 0.689999997600000, 0.689999997600000, 0.689999997600000 );
#7931 = CARTESIAN_POINT( '', ( -7.65000000000000, 4.80000000000000, -2.30000000000000 ) );
#7932 = VECTOR( '', #9001, 1000.00000000000 );
#7933 = CARTESIAN_POINT( '', ( -7.55000000000000, 4.80000000000000, -2.30000000000000 ) );
#7934 = VECTOR( '', #9002, 1000.00000000000 );
#7935 = COLOUR_RGB( '', 1.00000000000000, 1.00000000000000, 0.000000000000000 );
#7936 = CARTESIAN_POINT( '', ( 5.82500000000000, 0.500000000000000, -1.60000000000000 ) );
#7937 = CARTESIAN_POINT( '', ( 5.82500000000000, 0.500000000000000, 1.92500000000000 ) );
#7938 = VECTOR( '', #9003, 1000.00000000000 );
#7939 = CARTESIAN_POINT( '', ( 5.82500000000000, 3.65000000000000, -1.60000000000000 ) );
#7940 = VECTOR( '', #9004, 1000.00000000000 );
#7941 = CARTESIAN_POINT( '', ( 5.82500000000000, 0.000000000000000, 1.92500000000000 ) );
#7942 = VECTOR( '', #9005, 1000.00000000000 );
#7943 = CARTESIAN_POINT( '', ( 5.82500000000000, 0.400000000000000, 1.92500000000000 ) );
#7944 = VECTOR( '', #9006, 1000.00000000000 );
#7945 = CARTESIAN_POINT( '', ( 5.82500000000000, 3.65000000000000, -1.64500000000000 ) );
#7946 = CARTESIAN_POINT( '', ( 5.82500000000000, 3.65000000000000, 1.92500000000000 ) );
#7947 = VECTOR( '', #9007, 1000.00000000000 );
#7948 = CARTESIAN_POINT( '', ( 5.82500000000000, 3.25000000000000, -1.92500000000000 ) );
#7949 = CARTESIAN_POINT( '', ( 5.82500000000000, 5.32718120805369, -0.470973154362415 ) );
#7950 = VECTOR( '', #9008, 1000.00000000000 );
#7951 = CARTESIAN_POINT( '', ( 5.82500000000000, 3.65000000000000, -1.92500000000000 ) );
#7952 = VECTOR( '', #9009, 1000.00000000000 );
#7953 = COLOUR_RGB( '', 1.00000000000000, 1.00000000000000, 0.000000000000000 );
#7954 = CARTESIAN_POINT( '', ( 2.17500000000000, 0.450000000000000, -1.60000000000000 ) );
#7955 = CARTESIAN_POINT( '', ( 2.17500000000000, 0.450000000000000, -1.70000000000000 ) );
#7956 = CARTESIAN_POINT( '', ( 2.17500000000000, 0.450000000000000, 1.92500000000000 ) );
#7957 = VECTOR( '', #9010, 1000.00000000000 );
#7958 = CARTESIAN_POINT( '', ( 2.17500000000000, 0.500000000000000, -1.60000000000000 ) );
#7959 = CARTESIAN_POINT( '', ( 2.17500000000000, 0.000000000000000, -1.60000000000000 ) );
#7960 = VECTOR( '', #9011, 1000.00000000000 );
#7961 = CARTESIAN_POINT( '', ( 2.17500000000000, 0.500000000000000, -1.70000000000000 ) );
#7962 = CARTESIAN_POINT( '', ( 2.17500000000000, 0.500000000000000, 1.92500000000000 ) );
#7963 = VECTOR( '', #9012, 1000.00000000000 );
#7964 = CARTESIAN_POINT( '', ( 2.17500000000000, 0.000000000000000, -1.70000000000000 ) );
#7965 = VECTOR( '', #9013, 1000.00000000000 );
#7966 = CARTESIAN_POINT( '', ( 2.17500000000000, 0.000000000000000, -1.92500000000000 ) );
#7967 = VECTOR( '', #9014, 1000.00000000000 );
#7968 = CARTESIAN_POINT( '', ( 2.17500000000000, 3.25000000000000, 1.92500000000000 ) );
#7969 = CARTESIAN_POINT( '', ( 2.17500000000000, 1.06879194630873, 3.45184563758389 ) );
#7970 = VECTOR( '', #9015, 1000.00000000000 );
#7971 = CARTESIAN_POINT( '', ( 2.17500000000000, 0.400000000000000, 1.92500000000000 ) );
#7972 = CARTESIAN_POINT( '', ( 2.17500000000000, 0.000000000000000, 1.92500000000000 ) );
#7973 = VECTOR( '', #9016, 1000.00000000000 );
#7974 = CARTESIAN_POINT( '', ( 2.17500000000000, 0.400000000000000, 1.57500000000000 ) );
#7975 = CARTESIAN_POINT( '', ( 2.17500000000000, 0.400000000000000, 1.92500000000000 ) );
#7976 = VECTOR( '', #9017, 1000.00000000000 );
#7977 = CARTESIAN_POINT( '', ( 2.17500000000000, 0.000000000000000, 1.17500000000000 ) );
#7978 = CARTESIAN_POINT( '', ( 2.17500000000000, 0.375000000000000, 1.55000000000000 ) );
#7979 = VECTOR( '', #9018, 1000.00000000000 );
#7980 = CARTESIAN_POINT( '', ( 2.17500000000000, -5.42101086242752E-17, -1.17500000000000 ) );
#7981 = CARTESIAN_POINT( '', ( 2.17500000000000, 0.000000000000000, 1.92500000000000 ) );
#7982 = VECTOR( '', #9019, 1000.00000000000 );
#7983 = CARTESIAN_POINT( '', ( 2.17500000000000, -1.55000000000000, 0.375000000000000 ) );
#7984 = VECTOR( '', #9020, 1000.00000000000 );
#7985 = COLOUR_RGB( '', 1.00000000000000, 1.00000000000000, 0.000000000000000 );
#7986 = CARTESIAN_POINT( '', ( 3.82500000000000, 0.450000000000000, -1.70000000000000 ) );
#7987 = CARTESIAN_POINT( '', ( 0.000000000000000, 0.450000000000000, -1.70000000000000 ) );
#7988 = VECTOR( '', #9021, 1000.00000000000 );
#7989 = CARTESIAN_POINT( '', ( 3.82500000000000, 0.450000000000000, -1.60000000000000 ) );
#7990 = CARTESIAN_POINT( '', ( 3.82500000000000, 0.450000000000000, 1.92500000000000 ) );
#7991 = VECTOR( '', #9022, 1000.00000000000 );
#7992 = CARTESIAN_POINT( '', ( 0.000000000000000, 0.450000000000000, -1.60000000000000 ) );
#7993 = VECTOR( '', #9023, 1000.00000000000 );
#7994 = COLOUR_RGB( '', 0.689999997600000, 0.689999997600000, 0.689999997600000 );
#7995 = CARTESIAN_POINT( '', ( -7.65000000000000, 4.80000000000000, -3.80000000000000 ) );
#7996 = VECTOR( '', #9024, 1000.00000000000 );
#7997 = COLOUR_RGB( '', 1.00000000000000, 1.00000000000000, 0.000000000000000 );
#7998 = CARTESIAN_POINT( '', ( 1.82500000000000, 0.500000000000000, -1.70000000000000 ) );
#7999 = CARTESIAN_POINT( '', ( 1.82500000000000, 0.500000000000000, 1.92500000000000 ) );
#8000 = VECTOR( '', #9025, 1000.00000000000 );
#8001 = CARTESIAN_POINT( '', ( 0.175000000000000, 0.500000000000000, -1.70000000000000 ) );
#8002 = CARTESIAN_POINT( '', ( 8.00000000000000, 0.500000000000000, -1.70000000000000 ) );
#8003 = VECTOR( '', #9026, 1000.00000000000 );
#8004 = CARTESIAN_POINT( '', ( 0.175000000000000, 0.500000000000000, 1.92500000000000 ) );
#8005 = VECTOR( '', #9027, 1000.00000000000 );
#8006 = COLOUR_RGB( '', 0.689999997600000, 0.689999997600000, 0.689999997600000 );
#8007 = CARTESIAN_POINT( '', ( 6.97500000000000, -1.15000000000000, -1.12000000000000 ) );
#8008 = CARTESIAN_POINT( '', ( 6.97500000000000, -1.15000000000000, -1.12000000000000 ) );
#8009 = VECTOR( '', #9028, 1000.00000000000 );
#8010 = CARTESIAN_POINT( '', ( 6.97500000000000, -1.40000000000000, -0.870000000000000 ) );
#8011 = CARTESIAN_POINT( '', ( 6.97500000000000, -1.40000000000000, -0.870000000000000 ) );
#8012 = VECTOR( '', #9029, 1000.00000000000 );
#8013 = CARTESIAN_POINT( '', ( 6.97500000000000, -1.40000000000000, -0.870000000000000 ) );
#8014 = VECTOR( '', #9030, 1000.00000000000 );
#8015 = COLOUR_RGB( '', 0.689999997600000, 0.689999997600000, 0.689999997600000 );
#8016 = CARTESIAN_POINT( '', ( 6.70000000000000, 4.80000000000000, 1.20000000000000 ) );
#8017 = VECTOR( '', #9031, 1000.00000000000 );
#8018 = COLOUR_RGB( '', 1.00000000000000, 1.00000000000000, 0.000000000000000 );
#8019 = CARTESIAN_POINT( '', ( 4.17500000000000, -1.55000000000000, 0.375000000000000 ) );
#8020 = VECTOR( '', #9032, 1000.00000000000 );
#8021 = CARTESIAN_POINT( '', ( 3.82500000000000, 0.275000000000000, -1.45000000000000 ) );
#8022 = VECTOR( '', #9033, 1000.00000000000 );
#8023 = COLOUR_RGB( '', 1.00000000000000, 1.00000000000000, 0.000000000000000 );
#8024 = CARTESIAN_POINT( '', ( 1.82500000000000, 3.25000000000000, 1.92500000000000 ) );
#8025 = CARTESIAN_POINT( '', ( 1.82500000000000, 3.51845637583893, 1.73708053691275 ) );
#8026 = VECTOR( '', #9034, 1000.00000000000 );
#8027 = CARTESIAN_POINT( '', ( 7.00000000000000, 3.25000000000000, 1.92500000000000 ) );
#8028 = VECTOR( '', #9035, 1000.00000000000 );
#8029 = COLOUR_RGB( '', 1.00000000000000, 1.00000000000000, 0.000000000000000 );
#8030 = CARTESIAN_POINT( '', ( 1.82500000000000, 0.400000000000000, 1.57500000000000 ) );
#8031 = CARTESIAN_POINT( '', ( 7.00000000000000, 0.400000000000000, 1.57500000000000 ) );
#8032 = VECTOR( '', #9036, 1000.00000000000 );
#8033 = CARTESIAN_POINT( '', ( 1.82500000000000, 0.000000000000000, 1.17500000000000 ) );
#8034 = CARTESIAN_POINT( '', ( 1.82500000000000, 2.20000000000000, 3.37500000000000 ) );
#8035 = VECTOR( '', #9037, 1000.00000000000 );
#8036 = CARTESIAN_POINT( '', ( 7.00000000000000, 0.000000000000000, 1.17500000000000 ) );
#8037 = VECTOR( '', #9038, 1000.00000000000 );
#8038 = COLOUR_RGB( '', 0.689999997600000, 0.689999997600000, 0.689999997600000 );
#8039 = CARTESIAN_POINT( '', ( 5.45000000000000, 3.80000000000000, 3.80000000000000 ) );
#8040 = VECTOR( '', #9039, 1000.00000000000 );
#8041 = CARTESIAN_POINT( '', ( -7.65000000000000, 0.000000000000000, 3.80000000000000 ) );
#8042 = VECTOR( '', #9040, 1000.00000000000 );
#8043 = CARTESIAN_POINT( '', ( -2.35000000000000, 0.750000000000000, 3.80000000000000 ) );
#8044 = CARTESIAN_POINT( '', ( -2.35000000000000, 0.750000000000000, 3.80000000000000 ) );
#8045 = VECTOR( '', #9041, 1000.00000000000 );
#8046 = CARTESIAN_POINT( '', ( -1.65000000000000, 0.750000000000000, 3.80000000000000 ) );
#8047 = CARTESIAN_POINT( '', ( -1.65000000000000, 0.750000000000000, 3.80000000000000 ) );
#8048 = VECTOR( '', #9042, 1000.00000000000 );
#8049 = CARTESIAN_POINT( '', ( -1.65000000000000, -1.25000000000000, 3.80000000000000 ) );
#8050 = VECTOR( '', #9043, 1000.00000000000 );
#8051 = CARTESIAN_POINT( '', ( -0.350000000000000, 0.750000000000000, 3.80000000000000 ) );
#8052 = CARTESIAN_POINT( '', ( -0.350000000000000, 0.750000000000000, 3.80000000000000 ) );
#8053 = VECTOR( '', #9044, 1000.00000000000 );
#8054 = CARTESIAN_POINT( '', ( 0.350000000000000, 0.750000000000000, 3.80000000000000 ) );
#8055 = VECTOR( '', #9045, 1000.00000000000 );
#8056 = CARTESIAN_POINT( '', ( 1.65000000000000, 0.750000000000000, 3.80000000000000 ) );
#8057 = VECTOR( '', #9046, 1000.00000000000 );
#8058 = CARTESIAN_POINT( '', ( 2.35000000000000, -1.25000000000000, 3.80000000000000 ) );
#8059 = VECTOR( '', #9047, 1000.00000000000 );
#8060 = CARTESIAN_POINT( '', ( 7.00000000000000, 4.80000000000000, 3.80000000000000 ) );
#8061 = VECTOR( '', #9048, 1000.00000000000 );
#8062 = COLOUR_RGB( '', 0.689999997600000, 0.689999997600000, 0.689999997600000 );
#8063 = CARTESIAN_POINT( '', ( -6.72500000000000, -0.0896960532942850, 0.0200000000000000 ) );
#8064 = AXIS2_PLACEMENT_3D( '', #9049, #9050, #9051 );
#8065 = CARTESIAN_POINT( '', ( -6.72500000000000, -0.0896960532942850, 0.0200000000000000 ) );
#8066 = VECTOR( '', #9052, 1000.00000000000 );
#8067 = COLOUR_RGB( '', 0.689999997600000, 0.689999997600000, 0.689999997600000 );
#8068 = CARTESIAN_POINT( '', ( 3.20000000000000, 1.25000000000000, -1.50000000000000 ) );
#8069 = CARTESIAN_POINT( '', ( 3.20000000000000, 4.80000000000000, -1.50000000000000 ) );
#8070 = VECTOR( '', #9053, 1000.00000000000 );
#8071 = CARTESIAN_POINT( '', ( 3.20000000000000, 1.25000000000000, -1.50000000000000 ) );
#8072 = VECTOR( '', #9054, 1000.00000000000 );
#8073 = COLOUR_RGB( '', 1.00000000000000, 1.00000000000000, 0.000000000000000 );
#8074 = CARTESIAN_POINT( '', ( 6.17500000000000, 0.400000000000000, 1.92500000000000 ) );
#8075 = VECTOR( '', #9055, 1000.00000000000 );
#8076 = COLOUR_RGB( '', 0.689999997600000, 0.689999997600000, 0.689999997600000 );
#8077 = CARTESIAN_POINT( '', ( -6.72500000000000, 4.62700000000000, 2.35000000000000 ) );
#8078 = CARTESIAN_POINT( '', ( -6.72500000000000, 4.62700000000000, 2.35000000000000 ) );
#8079 = VECTOR( '', #9056, 1000.00000000000 );
#8080 = CARTESIAN_POINT( '', ( -6.72500000000000, 4.62700000000000, 2.35000000000000 ) );
#8081 = VECTOR( '', #9057, 1000.00000000000 );
#8082 = COLOUR_RGB( '', 0.689999997600000, 0.689999997600000, 0.689999997600000 );
#8083 = CARTESIAN_POINT( '', ( 6.97500000000000, -1.40000000000000, 1.27000000000000 ) );
#8084 = CARTESIAN_POINT( '', ( 6.97500000000000, -1.40000000000000, 1.27000000000000 ) );
#8085 = VECTOR( '', #9058, 1000.00000000000 );
#8086 = CARTESIAN_POINT( '', ( 6.97500000000000, -1.40000000000000, 1.27000000000000 ) );
#8087 = VECTOR( '', #9059, 1000.00000000000 );
#8088 = COLOUR_RGB( '', 0.689999997600000, 0.689999997600000, 0.689999997600000 );
#8089 = CARTESIAN_POINT( '', ( 0.350000000000000, 0.750000000000000, -3.80000000000000 ) );
#8090 = CARTESIAN_POINT( '', ( 0.350000000000000, 0.750000000000000, -3.80000000000000 ) );
#8091 = VECTOR( '', #9060, 1000.00000000000 );
#8092 = CARTESIAN_POINT( '', ( 0.350000000000000, 0.750000000000000, -3.30000000000000 ) );
#8093 = VECTOR( '', #9061, 1000.00000000000 );
#8094 = COLOUR_RGB( '', 0.689999997600000, 0.689999997600000, 0.689999997600000 );
#8095 = CARTESIAN_POINT( '', ( 6.97500000000000, -1.40000000000000, -0.730000000000000 ) );
#8096 = CARTESIAN_POINT( '', ( 6.97500000000000, -1.40000000000000, -0.730000000000000 ) );
#8097 = VECTOR( '', #9062, 1000.00000000000 );
#8098 = CARTESIAN_POINT( '', ( 6.97500000000000, -1.15000000000000, -0.480000000000000 ) );
#8099 = VECTOR( '', #9063, 1000.00000000000 );
#8100 = COLOUR_RGB( '', 0.689999997600000, 0.689999997600000, 0.689999997600000 );
#8101 = CARTESIAN_POINT( '', ( -1.65000000000000, 0.750000000000000, 3.30000000000000 ) );
#8102 = CARTESIAN_POINT( '', ( -1.65000000000000, 0.750000000000000, 3.30000000000000 ) );
#8103 = VECTOR( '', #9064, 1000.00000000000 );
#8104 = CARTESIAN_POINT( '', ( -1.65000000000000, -1.25000000000000, 3.30000000000000 ) );
#8105 = VECTOR( '', #9065, 1000.00000000000 );
#8106 = COLOUR_RGB( '', 0.689999997600000, 0.689999997600000, 0.689999997600000 );
#8107 = CARTESIAN_POINT( '', ( -6.72500000000000, 4.62700000000000, -0.150000000000000 ) );
#8108 = CARTESIAN_POINT( '', ( -6.72500000000000, 4.62700000000000, -0.150000000000000 ) );
#8109 = VECTOR( '', #9066, 1000.00000000000 );
#8110 = CARTESIAN_POINT( '', ( -6.72500000000000, 4.72700000000000, -0.150000000000000 ) );
#8111 = CARTESIAN_POINT( '', ( -6.72500000000000, 4.72700000000000, -0.150000000000000 ) );
#8112 = VECTOR( '', #9067, 1000.00000000000 );
#8113 = CARTESIAN_POINT( '', ( -6.72500000000000, 4.72700000000000, -0.150000000000000 ) );
#8114 = VECTOR( '', #9068, 1000.00000000000 );
#8115 = COLOUR_RGB( '', 1.00000000000000, 1.00000000000000, 0.000000000000000 );
#8116 = CARTESIAN_POINT( '', ( 3.82500000000000, 0.500000000000000, -1.60000000000000 ) );
#8117 = CARTESIAN_POINT( '', ( 3.82500000000000, 0.500000000000000, -1.70000000000000 ) );
#8118 = CARTESIAN_POINT( '', ( 3.82500000000000, 0.500000000000000, 1.92500000000000 ) );
#8119 = VECTOR( '', #9069, 1000.00000000000 );
#8120 = CARTESIAN_POINT( '', ( 3.82500000000000, 3.65000000000000, -1.60000000000000 ) );
#8121 = VECTOR( '', #9070, 1000.00000000000 );
#8122 = CARTESIAN_POINT( '', ( 3.82500000000000, 3.65000000000000, -1.70000000000000 ) );
#8123 = VECTOR( '', #9071, 1000.00000000000 );
#8124 = CARTESIAN_POINT( '', ( 3.82500000000000, 0.400000000000000, 1.92500000000000 ) );
#8125 = CARTESIAN_POINT( '', ( 3.82500000000000, 0.400000000000000, 1.92500000000000 ) );
#8126 = VECTOR( '', #9072, 1000.00000000000 );
#8127 = CARTESIAN_POINT( '', ( 3.82500000000000, 3.65000000000000, 1.92500000000000 ) );
#8128 = VECTOR( '', #9073, 1000.00000000000 );
#8129 = CARTESIAN_POINT( '', ( 3.82500000000000, 3.65000000000000, 1.92500000000000 ) );
#8130 = VECTOR( '', #9074, 1000.00000000000 );
#8131 = COLOUR_RGB( '', 0.689999997600000, 0.689999997600000, 0.689999997600000 );
#8132 = CARTESIAN_POINT( '', ( 6.97500000000000, 1.35000000000000, -1.65000000000000 ) );
#8133 = CARTESIAN_POINT( '', ( 6.97500000000000, 4.62700000000000, -1.65000000000000 ) );
#8134 = CARTESIAN_POINT( '', ( 6.97500000000000, 1.35000000000000, -1.65000000000000 ) );
#8135 = VECTOR( '', #9075, 1000.00000000000 );
#8136 = CARTESIAN_POINT( '', ( 6.97500000000000, 1.35000000000000, -1.65000000000000 ) );
#8137 = VECTOR( '', #9076, 1000.00000000000 );
#8138 = CARTESIAN_POINT( '', ( 6.97500000000000, 4.62700000000000, -1.65000000000000 ) );
#8139 = VECTOR( '', #9077, 1000.00000000000 );
#8140 = CARTESIAN_POINT( '', ( 6.70000000000000, 4.80000000000000, -1.65000000000000 ) );
#8141 = VECTOR( '', #9078, 1000.00000000000 );
#8142 = COLOUR_RGB( '', 0.689999997600000, 0.689999997600000, 0.689999997600000 );
#8143 = CARTESIAN_POINT( '', ( 6.97500000000000, 4.62700000000000, -1.45000000000000 ) );
#8144 = CARTESIAN_POINT( '', ( 6.97500000000000, 4.62700000000000, -1.45000000000000 ) );
#8145 = VECTOR( '', #9079, 1000.00000000000 );
#8146 = CARTESIAN_POINT( '', ( 6.97500000000000, 4.62700000000000, -1.45000000000000 ) );
#8147 = VECTOR( '', #9080, 1000.00000000000 );
#8148 = COLOUR_RGB( '', 0.689999997600000, 0.689999997600000, 0.689999997600000 );
#8149 = CARTESIAN_POINT( '', ( -6.72500000000000, 4.72700000000000, 2.35000000000000 ) );
#8150 = CARTESIAN_POINT( '', ( -6.72500000000000, 4.72700000000000, 2.35000000000000 ) );
#8151 = VECTOR( '', #9081, 1000.00000000000 );
#8152 = CARTESIAN_POINT( '', ( -6.72500000000000, 4.72700000000000, 1.55000000000000 ) );
#8153 = VECTOR( '', #9082, 1000.00000000000 );
#8154 = COLOUR_RGB( '', 1.00000000000000, 1.00000000000000, 0.000000000000000 );
#8155 = CARTESIAN_POINT( '', ( 0.175000000000000, 0.400000000000000, 1.92500000000000 ) );
#8156 = CARTESIAN_POINT( '', ( 0.175000000000000, 0.400000000000000, 1.92500000000000 ) );
#8157 = VECTOR( '', #9083, 1000.00000000000 );
#8158 = CARTESIAN_POINT( '', ( 0.000000000000000, 0.400000000000000, 1.92500000000000 ) );
#8159 = VECTOR( '', #9084, 1000.00000000000 );
#8160 = COLOUR_RGB( '', 0.689999997600000, 0.689999997600000, 0.689999997600000 );
#8161 = CARTESIAN_POINT( '', ( -1.20000000000000, 1.25000000000000, 1.50000000000000 ) );
#8162 = CARTESIAN_POINT( '', ( -1.20000000000000, 1.25000000000000, -1.50000000000000 ) );
#8163 = VECTOR( '', #9085, 1000.00000000000 );
#8164 = CARTESIAN_POINT( '', ( -1.20000000000000, 4.80000000000000, 1.50000000000000 ) );
#8165 = VECTOR( '', #9086, 1000.00000000000 );
#8166 = COLOUR_RGB( '', 0.689999997600000, 0.689999997600000, 0.689999997600000 );
#8167 = CARTESIAN_POINT( '', ( -7.65000000000000, 0.000000000000000, 2.70000000000000 ) );
#8168 = VECTOR( '', #9087, 1000.00000000000 );
#8169 = COLOUR_RGB( '', 0.689999997600000, 0.689999997600000, 0.689999997600000 );
#8170 = CARTESIAN_POINT( '', ( -6.72500000000000, 4.62700000000000, -1.15000000000000 ) );
#8171 = CARTESIAN_POINT( '', ( -6.72500000000000, 4.62700000000000, -1.15000000000000 ) );
#8172 = VECTOR( '', #9088, 1000.00000000000 );
#8173 = CARTESIAN_POINT( '', ( -6.72500000000000, 4.62700000000000, -1.15000000000000 ) );
#8174 = VECTOR( '', #9089, 1000.00000000000 );
#8175 = COLOUR_RGB( '', 0.689999997600000, 0.689999997600000, 0.689999997600000 );
#8176 = CARTESIAN_POINT( '', ( 6.65000000000000, 1.25000000000000, -3.20000000000000 ) );
#8177 = VECTOR( '', #9090, 1000.00000000000 );
#8178 = CARTESIAN_POINT( '', ( 6.65000000000000, 1.25000000000000, -2.30000000000000 ) );
#8179 = VECTOR( '', #9091, 1000.00000000000 );
#8180 = COLOUR_RGB( '', 1.00000000000000, 1.00000000000000, 0.000000000000000 );
#8181 = CARTESIAN_POINT( '', ( 8.00000000000000, 0.500000000000000, -1.70000000000000 ) );
#8182 = VECTOR( '', #9092, 1000.00000000000 );
#8183 = COLOUR_RGB( '', 0.689999997600000, 0.689999997600000, 0.689999997600000 );
#8184 = COLOUR_RGB( '', 0.689999997600000, 0.689999997600000, 0.689999997600000 );
#8185 = COLOUR_RGB( '', 0.689999997600000, 0.689999997600000, 0.689999997600000 );
#8186 = CARTESIAN_POINT( '', ( 6.97500000000000, -1.40000000000000, -0.730000000000000 ) );
#8187 = VECTOR( '', #9093, 1000.00000000000 );
#8188 = COLOUR_RGB( '', 0.689999997600000, 0.689999997600000, 0.689999997600000 );
#8189 = CARTESIAN_POINT( '', ( 6.97500000000000, 1.35000000000000, -1.12000000000000 ) );
#8190 = CARTESIAN_POINT( '', ( 6.97500000000000, 1.35000000000000, -1.12000000000000 ) );
#8191 = VECTOR( '', #9094, 1000.00000000000 );
#8192 = CARTESIAN_POINT( '', ( 6.97500000000000, -0.0896960532942855, -1.12000000000000 ) );
#8193 = CARTESIAN_POINT( '', ( 6.97500000000000, -0.0896960532942856, -1.12000000000000 ) );
#8194 = VECTOR( '', #9095, 1000.00000000000 );
#8195 = CARTESIAN_POINT( '', ( 6.97500000000000, -0.0896960532942855, -1.12000000000000 ) );
#8196 = VECTOR( '', #9096, 1000.00000000000 );
#8197 = COLOUR_RGB( '', 1.00000000000000, 1.00000000000000, 0.000000000000000 );
#8198 = CARTESIAN_POINT( '', ( 1.82500000000000, -5.42101086242752E-17, -1.17500000000000 ) );
#8199 = CARTESIAN_POINT( '', ( 1.82500000000000, 0.000000000000000, 1.92500000000000 ) );
#8200 = VECTOR( '', #9097, 1000.00000000000 );
#8201 = CARTESIAN_POINT( '', ( 7.00000000000000, -5.42101086242752E-17, -1.17500000000000 ) );
#8202 = VECTOR( '', #9098, 1000.00000000000 );
#8203 = COLOUR_RGB( '', 0.689999997600000, 0.689999997600000, 0.689999997600000 );
#8204 = CARTESIAN_POINT( '', ( -0.350000000000000, 0.750000000000000, 3.30000000000000 ) );
#8205 = CARTESIAN_POINT( '', ( 0.350000000000000, 0.750000000000000, 3.30000000000000 ) );
#8206 = VECTOR( '', #9099, 1000.00000000000 );
#8207 = CARTESIAN_POINT( '', ( -0.350000000000000, 0.750000000000000, 3.30000000000000 ) );
#8208 = VECTOR( '', #9100, 1000.00000000000 );
#8209 = COLOUR_RGB( '', 1.00000000000000, 1.00000000000000, 0.000000000000000 );
#8210 = CARTESIAN_POINT( '', ( 0.175000000000000, 3.65000000000000, -1.64500000000000 ) );
#8211 = CARTESIAN_POINT( '', ( 0.175000000000000, 3.65000000000000, 1.92500000000000 ) );
#8212 = VECTOR( '', #9101, 1000.00000000000 );
#8213 = CARTESIAN_POINT( '', ( 0.175000000000000, 3.65000000000000, -1.64500000000000 ) );
#8214 = VECTOR( '', #9102, 1000.00000000000 );
#8215 = COLOUR_RGB( '', 0.689999997600000, 0.689999997600000, 0.689999997600000 );
#8216 = CARTESIAN_POINT( '', ( 0.350000000000000, -1.25000000000000, -3.80000000000000 ) );
#8217 = VECTOR( '', #9103, 1000.00000000000 );
#8218 = COLOUR_RGB( '', 0.689999997600000, 0.689999997600000, 0.689999997600000 );
#8219 = CARTESIAN_POINT( '', ( -6.72500000000000, 1.35000000000000, 1.38000000000000 ) );
#8220 = CARTESIAN_POINT( '', ( -6.72500000000000, 1.35000000000000, 1.38000000000000 ) );
#8221 = VECTOR( '', #9104, 1000.00000000000 );
#8222 = CARTESIAN_POINT( '', ( -6.72500000000000, -0.0896960532942852, 1.38000000000000 ) );
#8223 = CARTESIAN_POINT( '', ( -6.72500000000000, -0.0896960532942852, 1.38000000000000 ) );
#8224 = VECTOR( '', #9105, 1000.00000000000 );
#8225 = CARTESIAN_POINT( '', ( -6.72500000000000, -0.0896960532942852, 1.38000000000000 ) );
#8226 = VECTOR( '', #9106, 1000.00000000000 );
#8227 = COLOUR_RGB( '', 0.689999997600000, 0.689999997600000, 0.689999997600000 );
#8228 = CARTESIAN_POINT( '', ( 6.45000000000000, 0.000000000000000, -2.70000000000000 ) );
#8229 = CARTESIAN_POINT( '', ( 7.65000000000000, 0.000000000000000, -2.70000000000000 ) );
#8230 = VECTOR( '', #9107, 1000.00000000000 );
#8231 = CARTESIAN_POINT( '', ( 6.45000000000000, 0.250000000000000, -2.70000000000000 ) );
#8232 = VECTOR( '', #9108, 1000.00000000000 );
#8233 = COLOUR_RGB( '', 0.689999997600000, 0.689999997600000, 0.689999997600000 );
#8234 = CARTESIAN_POINT( '', ( -6.72500000000000, 1.35000000000000, 2.02000000000000 ) );
#8235 = CARTESIAN_POINT( '', ( -6.72500000000000, 1.35000000000000, 2.02000000000000 ) );
#8236 = VECTOR( '', #9109, 1000.00000000000 );
#8237 = CARTESIAN_POINT( '', ( -6.72500000000000, 1.35000000000000, 2.55000000000000 ) );
#8238 = VECTOR( '', #9110, 1000.00000000000 );
#8239 = COLOUR_RGB( '', 0.689999997600000, 0.689999997600000, 0.689999997600000 );
#8240 = CARTESIAN_POINT( '', ( 6.97500000000000, 1.35000000000000, -1.12000000000000 ) );
#8241 = VECTOR( '', #9111, 1000.00000000000 );
#8242 = COLOUR_RGB( '', 0.689999997600000, 0.689999997600000, 0.689999997600000 );
#8243 = CARTESIAN_POINT( '', ( -6.45000000000000, 0.250000000000000, -3.80000000000000 ) );
#8244 = VECTOR( '', #9112, 1000.00000000000 );
#8245 = COLOUR_RGB( '', 0.689999997600000, 0.689999997600000, 0.689999997600000 );
#8246 = CARTESIAN_POINT( '', ( -6.72500000000000, 1.35000000000000, -1.15000000000000 ) );
#8247 = CARTESIAN_POINT( '', ( -6.72500000000000, 1.35000000000000, -1.15000000000000 ) );
#8248 = VECTOR( '', #9113, 1000.00000000000 );
#8249 = CARTESIAN_POINT( '', ( -6.72500000000000, 1.35000000000000, -0.620000000000000 ) );
#8250 = VECTOR( '', #9114, 1000.00000000000 );
#8251 = COLOUR_RGB( '', 1.00000000000000, 1.00000000000000, 0.000000000000000 );
#8252 = CARTESIAN_POINT( '', ( 1.82500000000000, 0.400000000000000, 1.92500000000000 ) );
#8253 = CARTESIAN_POINT( '', ( 0.000000000000000, 0.400000000000000, 1.92500000000000 ) );
#8254 = VECTOR( '', #9115, 1000.00000000000 );
#8255 = CARTESIAN_POINT( '', ( 1.82500000000000, 0.400000000000000, 1.92500000000000 ) );
#8256 = VECTOR( '', #9116, 1000.00000000000 );
#8257 = COLOUR_RGB( '', 0.689999997600000, 0.689999997600000, 0.689999997600000 );
#8258 = CARTESIAN_POINT( '', ( 6.97500000000000, 1.35000000000000, -0.480000000000000 ) );
#8259 = VECTOR( '', #9117, 1000.00000000000 );
#8260 = COLOUR_RGB( '', 0.689999997600000, 0.689999997600000, 0.689999997600000 );
#8261 = CARTESIAN_POINT( '', ( 2.35000000000000, -1.25000000000000, -3.80000000000000 ) );
#8262 = VECTOR( '', #9118, 1000.00000000000 );
#8263 = CARTESIAN_POINT( '', ( 1.65000000000000, 0.750000000000000, -3.80000000000000 ) );
#8264 = VECTOR( '', #9119, 1000.00000000000 );
#8265 = CARTESIAN_POINT( '', ( -1.65000000000000, 0.750000000000000, -3.80000000000000 ) );
#8266 = VECTOR( '', #9120, 1000.00000000000 );
#8267 = CARTESIAN_POINT( '', ( 6.45000000000000, 0.000000000000000, -3.80000000000000 ) );
#8268 = CARTESIAN_POINT( '', ( 7.65000000000000, 0.000000000000000, -3.80000000000000 ) );
#8269 = VECTOR( '', #9121, 1000.00000000000 );
#8270 = CARTESIAN_POINT( '', ( 6.45000000000000, 0.250000000000000, -3.80000000000000 ) );
#8271 = VECTOR( '', #9122, 1000.00000000000 );
#8272 = COLOUR_RGB( '', 0.689999997600000, 0.689999997600000, 0.689999997600000 );
#8273 = COLOUR_RGB( '', 0.689999997600000, 0.689999997600000, 0.689999997600000 );
#8274 = CARTESIAN_POINT( '', ( -3.20000000000000, 1.25000000000000, 1.50000000000000 ) );
#8275 = CARTESIAN_POINT( '', ( -3.20000000000000, 4.80000000000000, 1.50000000000000 ) );
#8276 = VECTOR( '', #9123, 1000.00000000000 );
#8277 = CARTESIAN_POINT( '', ( -2.80000000000000, 1.25000000000000, 1.50000000000000 ) );
#8278 = CARTESIAN_POINT( '', ( -3.20000000000000, 1.25000000000000, 1.50000000000000 ) );
#8279 = VECTOR( '', #9124, 1000.00000000000 );
#8280 = CARTESIAN_POINT( '', ( -2.80000000000000, 4.80000000000000, 1.50000000000000 ) );
#8281 = VECTOR( '', #9125, 1000.00000000000 );
#8282 = COLOUR_RGB( '', 0.689999997600000, 0.689999997600000, 0.689999997600000 );
#8283 = CARTESIAN_POINT( '', ( -6.72500000000000, 4.72700000000000, 2.35000000000000 ) );
#8284 = VECTOR( '', #9126, 1000.00000000000 );
#8285 = COLOUR_RGB( '', 1.00000000000000, 1.00000000000000, 0.000000000000000 );
#8286 = CARTESIAN_POINT( '', ( 1.82500000000000, 0.450000000000000, -1.70000000000000 ) );
#8287 = CARTESIAN_POINT( '', ( 1.82500000000000, 0.450000000000000, 1.92500000000000 ) );
#8288 = VECTOR( '', #9127, 1000.00000000000 );
#8289 = CARTESIAN_POINT( '', ( 1.82500000000000, 3.65000000000000, -1.70000000000000 ) );
#8290 = VECTOR( '', #9128, 1000.00000000000 );
#8291 = CARTESIAN_POINT( '', ( 1.82500000000000, 0.275000000000000, -1.45000000000000 ) );
#8292 = VECTOR( '', #9129, 1000.00000000000 );
#8293 = CARTESIAN_POINT( '', ( 1.82500000000000, 3.65000000000000, 1.92500000000000 ) );
#8294 = VECTOR( '', #9130, 1000.00000000000 );
#8295 = CARTESIAN_POINT( '', ( 1.82500000000000, 3.65000000000000, -1.92500000000000 ) );
#8296 = VECTOR( '', #9131, 1000.00000000000 );
#8297 = COLOUR_RGB( '', 0.689999997600000, 0.689999997600000, 0.689999997600000 );
#8298 = CARTESIAN_POINT( '', ( -7.00000000000000, 4.80000000000000, -1.15000000000000 ) );
#8299 = VECTOR( '', #9132, 1000.00000000000 );
#8300 = COLOUR_RGB( '', 0.689999997600000, 0.689999997600000, 0.689999997600000 );
#8301 = CARTESIAN_POINT( '', ( 6.70000000000000, 4.80000000000000, 2.05000000000000 ) );
#8302 = VECTOR( '', #9133, 1000.00000000000 );
#8303 = COLOUR_RGB( '', 1.00000000000000, 1.00000000000000, 0.000000000000000 );
#8304 = COLOUR_RGB( '', 0.689999997600000, 0.689999997600000, 0.689999997600000 );
#8305 = COLOUR_RGB( '', 1.00000000000000, 1.00000000000000, 0.000000000000000 );
#8306 = CARTESIAN_POINT( '', ( 0.175000000000000, 0.400000000000000, -1.92500000000000 ) );
#8307 = CARTESIAN_POINT( '', ( -0.000000000000000, 0.400000000000000, -1.92500000000000 ) );
#8308 = VECTOR( '', #9134, 1000.00000000000 );
#8309 = CARTESIAN_POINT( '', ( 0.175000000000000, 3.25000000000000, -1.92500000000000 ) );
#8310 = CARTESIAN_POINT( '', ( 7.00000000000000, 3.25000000000000, -1.92500000000000 ) );
#8311 = VECTOR( '', #9135, 1000.00000000000 );
#8312 = CARTESIAN_POINT( '', ( 0.175000000000000, 0.000000000000000, -1.92500000000000 ) );
#8313 = VECTOR( '', #9136, 1000.00000000000 );
#8314 = COLOUR_RGB( '', 0.689999997600000, 0.689999997600000, 0.689999997600000 );
#8315 = CARTESIAN_POINT( '', ( 6.45000000000000, 0.000000000000000, -2.70000000000000 ) );
#8316 = VECTOR( '', #9137, 1000.00000000000 );
#8317 = COLOUR_RGB( '', 0.689999997600000, 0.689999997600000, 0.689999997600000 );
#8318 = CARTESIAN_POINT( '', ( 6.97500000000000, -0.0896960532942850, 1.52000000000000 ) );
#8319 = CARTESIAN_POINT( '', ( 6.97500000000000, -0.0896960532942850, 1.52000000000000 ) );
#8320 = VECTOR( '', #9138, 1000.00000000000 );
#8321 = CARTESIAN_POINT( '', ( 6.97500000000000, 1.35000000000000, 1.52000000000000 ) );
#8322 = CARTESIAN_POINT( '', ( 6.97500000000000, 1.35000000000000, 1.52000000000000 ) );
#8323 = VECTOR( '', #9139, 1000.00000000000 );
#8324 = CARTESIAN_POINT( '', ( 6.97500000000000, 1.35000000000000, 1.52000000000000 ) );
#8325 = VECTOR( '', #9140, 1000.00000000000 );
#8326 = COLOUR_RGB( '', 0.689999997600000, 0.689999997600000, 0.689999997600000 );
#8327 = AXIS2_PLACEMENT_3D( '', #9141, #9142, #9143 );
#8328 = COLOUR_RGB( '', 1.00000000000000, 1.00000000000000, 0.000000000000000 );
#8329 = CARTESIAN_POINT( '', ( 4.17500000000000, 0.400000000000000, 1.92500000000000 ) );
#8330 = CARTESIAN_POINT( '', ( 0.000000000000000, 0.400000000000000, 1.92500000000000 ) );
#8331 = VECTOR( '', #9144, 1000.00000000000 );
#8332 = CARTESIAN_POINT( '', ( 4.17500000000000, 0.000000000000000, 1.92500000000000 ) );
#8333 = VECTOR( '', #9145, 1000.00000000000 );
#8334 = COLOUR_RGB( '', 1.00000000000000, 1.00000000000000, 0.000000000000000 );
#8335 = COLOUR_RGB( '', 0.689999997600000, 0.689999997600000, 0.689999997600000 );
#8336 = CARTESIAN_POINT( '', ( -6.72500000000000, -0.0896960532942852, 2.02000000000000 ) );
#8337 = CARTESIAN_POINT( '', ( -6.72500000000000, -0.0896960532942852, 2.02000000000000 ) );
#8338 = VECTOR( '', #9146, 1000.00000000000 );
#8339 = CARTESIAN_POINT( '', ( -6.72500000000000, 1.35000000000000, 2.02000000000000 ) );
#8340 = VECTOR( '', #9147, 1000.00000000000 );
#8341 = COLOUR_RGB( '', 1.00000000000000, 1.00000000000000, 0.000000000000000 );
#8342 = CARTESIAN_POINT( '', ( 8.00000000000000, 0.500000000000000, -1.60000000000000 ) );
#8343 = VECTOR( '', #9148, 1000.00000000000 );
#8344 = COLOUR_RGB( '', 1.00000000000000, 1.00000000000000, 0.000000000000000 );
#8345 = CARTESIAN_POINT( '', ( 0.175000000000000, 2.87751677852349, -2.18573825503356 ) );
#8346 = VECTOR( '', #9149, 1000.00000000000 );
#8347 = COLOUR_RGB( '', 0.689999997600000, 0.689999997600000, 0.689999997600000 );
#8348 = CARTESIAN_POINT( '', ( -0.800000000000000, 1.25000000000000, 1.50000000000000 ) );
#8349 = CARTESIAN_POINT( '', ( -0.800000000000000, 4.80000000000000, 1.50000000000000 ) );
#8350 = VECTOR( '', #9150, 1000.00000000000 );
#8351 = CARTESIAN_POINT( '', ( -0.800000000000000, 1.25000000000000, 1.50000000000000 ) );
#8352 = VECTOR( '', #9151, 1000.00000000000 );
#8353 = COLOUR_RGB( '', 1.00000000000000, 1.00000000000000, 0.000000000000000 );
#8354 = CARTESIAN_POINT( '', ( 0.175000000000000, 0.400000000000000, 1.92500000000000 ) );
#8355 = VECTOR( '', #9152, 1000.00000000000 );
#8356 = COLOUR_RGB( '', 0.689999997600000, 0.689999997600000, 0.689999997600000 );
#8357 = CARTESIAN_POINT( '', ( 6.97500000000000, -0.510303946705714, -1.12000000000000 ) );
#8358 = CARTESIAN_POINT( '', ( 6.97500000000000, -0.510303946705714, -1.12000000000000 ) );
#8359 = VECTOR( '', #9153, 1000.00000000000 );
#8360 = CARTESIAN_POINT( '', ( 6.97500000000000, -1.15000000000000, -1.12000000000000 ) );
#8361 = VECTOR( '', #9154, 1000.00000000000 );
#8362 = COLOUR_RGB( '', 0.689999997600000, 0.689999997600000, 0.689999997600000 );
#8363 = CARTESIAN_POINT( '', ( -6.72500000000000, -1.15000000000000, -0.620000000000000 ) );
#8364 = CARTESIAN_POINT( '', ( -6.72500000000000, -1.15000000000000, -0.620000000000000 ) );
#8365 = VECTOR( '', #9155, 1000.00000000000 );
#8366 = CARTESIAN_POINT( '', ( -6.72500000000000, -1.15000000000000, -0.620000000000000 ) );
#8367 = VECTOR( '', #9156, 1000.00000000000 );
#8368 = COLOUR_RGB( '', 0.689999997600000, 0.689999997600000, 0.689999997600000 );
#8369 = CARTESIAN_POINT( '', ( 0.800000000000000, 1.25000000000000, 1.50000000000000 ) );
#8370 = VECTOR( '', #9157, 1000.00000000000 );
#8371 = COLOUR_RGB( '', 0.689999997600000, 0.689999997600000, 0.689999997600000 );
#8372 = CARTESIAN_POINT( '', ( -2.80000000000000, 1.25000000000000, 1.50000000000000 ) );
#8373 = VECTOR( '', #9158, 1000.00000000000 );
#8374 = COLOUR_RGB( '', 0.689999997600000, 0.689999997600000, 0.689999997600000 );
#8375 = CARTESIAN_POINT( '', ( -6.50000000000000, 4.80000000000000, 1.70000000000000 ) );
#8376 = VECTOR( '', #9159, 1000.00000000000 );
#8377 = COLOUR_RGB( '', 1.00000000000000, 1.00000000000000, 0.000000000000000 );
#8378 = CARTESIAN_POINT( '', ( 6.17500000000000, 0.000000000000000, 1.92500000000000 ) );
#8379 = VECTOR( '', #9160, 1000.00000000000 );
#8380 = COLOUR_RGB( '', 0.689999997600000, 0.689999997600000, 0.689999997600000 );
#8381 = CARTESIAN_POINT( '', ( 6.97500000000000, 1.35000000000000, 2.05000000000000 ) );
#8382 = CARTESIAN_POINT( '', ( 6.97500000000000, 4.62700000000000, 2.05000000000000 ) );
#8383 = VECTOR( '', #9161, 1000.00000000000 );
#8384 = CARTESIAN_POINT( '', ( 6.97500000000000, 1.35000000000000, 2.05000000000000 ) );
#8385 = VECTOR( '', #9162, 1000.00000000000 );
#8386 = COLOUR_RGB( '', 1.00000000000000, 1.00000000000000, 0.000000000000000 );
#8387 = CARTESIAN_POINT( '', ( 0.175000000000000, 0.000000000000000, 1.92500000000000 ) );
#8388 = VECTOR( '', #9163, 1000.00000000000 );
#8389 = COLOUR_RGB( '', 0.689999997600000, 0.689999997600000, 0.689999997600000 );
#8390 = CARTESIAN_POINT( '', ( 2.35000000000000, -1.25000000000000, 3.30000000000000 ) );
#8391 = VECTOR( '', #9164, 1000.00000000000 );
#8392 = CARTESIAN_POINT( '', ( 1.65000000000000, 0.750000000000000, 3.30000000000000 ) );
#8393 = VECTOR( '', #9165, 1000.00000000000 );
#8394 = COLOUR_RGB( '', 0.689999997600000, 0.689999997600000, 0.689999997600000 );
#8395 = COLOUR_RGB( '', 0.689999997600000, 0.689999997600000, 0.689999997600000 );
#8396 = AXIS2_PLACEMENT_3D( '', #9166, #9167, #9168 );
#8397 = COLOUR_RGB( '', 0.689999997600000, 0.689999997600000, 0.689999997600000 );
#8398 = CARTESIAN_POINT( '', ( -6.72500000000000, 1.35000000000000, -1.15000000000000 ) );
#8399 = VECTOR( '', #9169, 1000.00000000000 );
#8400 = COLOUR_RGB( '', 0.689999997600000, 0.689999997600000, 0.689999997600000 );
#8401 = CARTESIAN_POINT( '', ( 3.20000000000000, 1.25000000000000, 1.50000000000000 ) );
#8402 = VECTOR( '', #9170, 1000.00000000000 );
#8403 = COLOUR_RGB( '', 0.689999997600000, 0.689999997600000, 0.689999997600000 );
#8404 = CARTESIAN_POINT( '', ( -6.72500000000000, 1.35000000000000, 0.0200000000000001 ) );
#8405 = CARTESIAN_POINT( '', ( -6.72500000000000, 1.35000000000000, 0.0200000000000000 ) );
#8406 = VECTOR( '', #9171, 1000.00000000000 );
#8407 = CARTESIAN_POINT( '', ( -6.72500000000000, 1.35000000000000, 0.0200000000000001 ) );
#8408 = VECTOR( '', #9172, 1000.00000000000 );
#8409 = COLOUR_RGB( '', 0.689999997600000, 0.689999997600000, 0.689999997600000 );
#8410 = CARTESIAN_POINT( '', ( -2.35000000000000, 0.750000000000000, 3.30000000000000 ) );
#8411 = CARTESIAN_POINT( '', ( -1.65000000000000, 0.750000000000000, 3.30000000000000 ) );
#8412 = VECTOR( '', #9173, 1000.00000000000 );
#8413 = CARTESIAN_POINT( '', ( -2.35000000000000, 0.750000000000000, 3.30000000000000 ) );
#8414 = VECTOR( '', #9174, 1000.00000000000 );
#8415 = COLOUR_RGB( '', 0.689999997600000, 0.689999997600000, 0.689999997600000 );
#8416 = CARTESIAN_POINT( '', ( -1.20000000000000, 1.25000000000000, 1.50000000000000 ) );
#8417 = VECTOR( '', #9175, 1000.00000000000 );
#8418 = COLOUR_RGB( '', 0.689999997600000, 0.689999997600000, 0.689999997600000 );
#8419 = CARTESIAN_POINT( '', ( 6.97500000000000, 4.62700000000000, 1.05000000000000 ) );
#8420 = VECTOR( '', #9176, 1000.00000000000 );
#8421 = COLOUR_RGB( '', 0.689999997600000, 0.689999997600000, 0.689999997600000 );
#8422 = COLOUR_RGB( '', 0.689999997600000, 0.689999997600000, 0.689999997600000 );
#8423 = CARTESIAN_POINT( '', ( -0.350000000000000, 0.750000000000000, 3.30000000000000 ) );
#8424 = VECTOR( '', #9177, 1000.00000000000 );
#8425 = COLOUR_RGB( '', 0.689999997600000, 0.689999997600000, 0.689999997600000 );
#8426 = CARTESIAN_POINT( '', ( 6.65000000000000, 1.25000000000000, -3.20000000000000 ) );
#8427 = VECTOR( '', #9178, 1000.00000000000 );
#8428 = CARTESIAN_POINT( '', ( 1.20000000000000, 1.25000000000000, -1.50000000000000 ) );
#8429 = VECTOR( '', #9179, 1000.00000000000 );
#8430 = CARTESIAN_POINT( '', ( -3.20000000000000, 1.25000000000000, -1.50000000000000 ) );
#8431 = VECTOR( '', #9180, 1000.00000000000 );
#8432 = COLOUR_RGB( '', 0.689999997600000, 0.689999997600000, 0.689999997600000 );
#8433 = COLOUR_RGB( '', 0.689999997600000, 0.689999997600000, 0.689999997600000 );
#8434 = CARTESIAN_POINT( '', ( -6.50000000000000, 4.80000000000000, -0.300000000000000 ) );
#8435 = VECTOR( '', #9181, 1000.00000000000 );
#8436 = COLOUR_RGB( '', 1.00000000000000, 1.00000000000000, 0.000000000000000 );
#8437 = CARTESIAN_POINT( '', ( 6.17500000000000, 3.65000000000000, -1.64500000000000 ) );
#8438 = CARTESIAN_POINT( '', ( 6.17500000000000, 3.25000000000000, -1.92500000000000 ) );
#8439 = CARTESIAN_POINT( '', ( 6.17500000000000, 2.87751677852349, -2.18573825503356 ) );
#8440 = VECTOR( '', #9182, 1000.00000000000 );
#8441 = CARTESIAN_POINT( '', ( 7.00000000000000, 3.25000000000000, -1.92500000000000 ) );
#8442 = VECTOR( '', #9183, 1000.00000000000 );
#8443 = CARTESIAN_POINT( '', ( 7.00000000000000, 3.65000000000000, -1.64500000000000 ) );
#8444 = VECTOR( '', #9184, 1000.00000000000 );
#8445 = COLOUR_RGB( '', 0.689999997600000, 0.689999997600000, 0.689999997600000 );
#8446 = COLOUR_RGB( '', 0.689999997600000, 0.689999997600000, 0.689999997600000 );
#8447 = CARTESIAN_POINT( '', ( -6.72500000000000, -1.40000000000000, 1.63000000000000 ) );
#8448 = VECTOR( '', #9185, 1000.00000000000 );
#8449 = AXIS2_PLACEMENT_3D( '', #9186, #9187, #9188 );
#8450 = CARTESIAN_POINT( '', ( -6.72500000000000, 1.35000000000000, 1.38000000000000 ) );
#8451 = VECTOR( '', #9189, 1000.00000000000 );
#8452 = CARTESIAN_POINT( '', ( -6.72500000000000, -1.40000000000000, -0.370000000000000 ) );
#8453 = VECTOR( '', #9190, 1000.00000000000 );
#8454 = CARTESIAN_POINT( '', ( -6.72500000000000, 4.72700000000000, -0.950000000000000 ) );
#8455 = VECTOR( '', #9191, 1000.00000000000 );
#8456 = CARTESIAN_POINT( '', ( -6.72500000000000, 4.62700000000000, -0.150000000000000 ) );
#8457 = VECTOR( '', #9192, 1000.00000000000 );
#8458 = COLOUR_RGB( '', 0.689999997600000, 0.689999997600000, 0.689999997600000 );
#8459 = COLOUR_RGB( '', 1.00000000000000, 1.00000000000000, 0.000000000000000 );
#8460 = CARTESIAN_POINT( '', ( 4.17500000000000, 0.500000000000000, -1.60000000000000 ) );
#8461 = CARTESIAN_POINT( '', ( 4.17500000000000, 0.000000000000000, -1.60000000000000 ) );
#8462 = VECTOR( '', #9193, 1000.00000000000 );
#8463 = CARTESIAN_POINT( '', ( 4.17500000000000, 0.500000000000000, 1.92500000000000 ) );
#8464 = VECTOR( '', #9194, 1000.00000000000 );
#8465 = CARTESIAN_POINT( '', ( 4.17500000000000, 3.65000000000000, 1.92500000000000 ) );
#8466 = VECTOR( '', #9195, 1000.00000000000 );
#8467 = CARTESIAN_POINT( '', ( 4.17500000000000, 0.400000000000000, 1.92500000000000 ) );
#8468 = VECTOR( '', #9196, 1000.00000000000 );
#8469 = COLOUR_RGB( '', 1.00000000000000, 1.00000000000000, 0.000000000000000 );
#8470 = CARTESIAN_POINT( '', ( 0.175000000000000, 0.000000000000000, 1.92500000000000 ) );
#8471 = VECTOR( '', #9197, 1000.00000000000 );
#8472 = COLOUR_RGB( '', 0.689999997600000, 0.689999997600000, 0.689999997600000 );
#8473 = COLOUR_RGB( '', 0.689999997600000, 0.689999997600000, 0.689999997600000 );
#8474 = COLOUR_RGB( '', 1.00000000000000, 1.00000000000000, 0.000000000000000 );
#8475 = CARTESIAN_POINT( '', ( 0.175000000000000, 0.450000000000000, -1.70000000000000 ) );
#8476 = CARTESIAN_POINT( '', ( 0.000000000000000, 0.450000000000000, -1.70000000000000 ) );
#8477 = VECTOR( '', #9198, 1000.00000000000 );
#8478 = CARTESIAN_POINT( '', ( 0.175000000000000, 0.450000000000000, 1.92500000000000 ) );
#8479 = VECTOR( '', #9199, 1000.00000000000 );
#8480 = COLOUR_RGB( '', 0.689999997600000, 0.689999997600000, 0.689999997600000 );
#8481 = CARTESIAN_POINT( '', ( -1.65000000000000, 0.750000000000000, -3.30000000000000 ) );
#8482 = VECTOR( '', #9200, 1000.00000000000 );
#8483 = COLOUR_RGB( '', 1.00000000000000, 1.00000000000000, 0.000000000000000 );
#8484 = CARTESIAN_POINT( '', ( 6.17500000000000, 3.65000000000000, 1.92500000000000 ) );
#8485 = VECTOR( '', #9201, 1000.00000000000 );
#8486 = COLOUR_RGB( '', 1.00000000000000, 1.00000000000000, 0.000000000000000 );
#8487 = CARTESIAN_POINT( '', ( 8.00000000000000, 0.500000000000000, -1.60000000000000 ) );
#8488 = VECTOR( '', #9202, 1000.00000000000 );
#8489 = COLOUR_RGB( '', 1.00000000000000, 1.00000000000000, 0.000000000000000 );
#8490 = CARTESIAN_POINT( '', ( 6.17500000000000, 0.000000000000000, -1.92500000000000 ) );
#8491 = VECTOR( '', #9203, 1000.00000000000 );
#8492 = COLOUR_RGB( '', 1.00000000000000, 1.00000000000000, 0.000000000000000 );
#8493 = CARTESIAN_POINT( '', ( 0.175000000000000, 0.000000000000000, -1.70000000000000 ) );
#8494 = VECTOR( '', #9204, 1000.00000000000 );
#8495 = COLOUR_RGB( '', 1.00000000000000, 1.00000000000000, 0.000000000000000 );
#8496 = COLOUR_RGB( '', 0.689999997600000, 0.689999997600000, 0.689999997600000 );
#8497 = COLOUR_RGB( '', 0.689999997600000, 0.689999997600000, 0.689999997600000 );
#8498 = COLOUR_RGB( '', 0.689999997600000, 0.689999997600000, 0.689999997600000 );
#8499 = COLOUR_RGB( '', 0.689999997600000, 0.689999997600000, 0.689999997600000 );
#8500 = CARTESIAN_POINT( '', ( 6.97500000000000, 1.35000000000000, 2.05000000000000 ) );
#8501 = VECTOR( '', #9205, 1000.00000000000 );
#8502 = CARTESIAN_POINT( '', ( 6.97500000000000, -1.15000000000000, 1.52000000000000 ) );
#8503 = VECTOR( '', #9206, 1000.00000000000 );
#8504 = AXIS2_PLACEMENT_3D( '', #9207, #9208, #9209 );
#8505 = CARTESIAN_POINT( '', ( 6.97500000000000, 4.62700000000000, -1.65000000000000 ) );
#8506 = VECTOR( '', #9210, 1000.00000000000 );
#8507 = COLOUR_RGB( '', 0.689999997600000, 0.689999997600000, 0.689999997600000 );
#8508 = CARTESIAN_POINT( '', ( -2.35000000000000, 0.750000000000000, 3.30000000000000 ) );
#8509 = VECTOR( '', #9211, 1000.00000000000 );
#8510 = COLOUR_RGB( '', 0.689999997600000, 0.689999997600000, 0.689999997600000 );
#8511 = COLOUR_RGB( '', 0.689999997600000, 0.689999997600000, 0.689999997600000 );
#8512 = COLOUR_RGB( '', 0.689999997600000, 0.689999997600000, 0.689999997600000 );
#8513 = COLOUR_RGB( '', 0.689999997600000, 0.689999997600000, 0.689999997600000 );
#8514 = COLOUR_RGB( '', 0.689999997600000, 0.689999997600000, 0.689999997600000 );
#8515 = COLOUR_RGB( '', 1.00000000000000, 1.00000000000000, 0.000000000000000 );
#8516 = COLOUR_RGB( '', 0.689999997600000, 0.689999997600000, 0.689999997600000 );
#8517 = COLOUR_RGB( '', 0.689999997600000, 0.689999997600000, 0.689999997600000 );
#8518 = COLOUR_RGB( '', 1.00000000000000, 1.00000000000000, 0.000000000000000 );
#8519 = COLOUR_RGB( '', 1.00000000000000, 1.00000000000000, 0.000000000000000 );
#8520 = COLOUR_RGB( '', 0.689999997600000, 0.689999997600000, 0.689999997600000 );
#8521 = COLOUR_RGB( '', 1.00000000000000, 1.00000000000000, 0.000000000000000 );
#8522 = COLOUR_RGB( '', 1.00000000000000, 1.00000000000000, 0.000000000000000 );
#8523 = COLOUR_RGB( '', 0.689999997600000, 0.689999997600000, 0.689999997600000 );
#8524 = COLOUR_RGB( '', 1.00000000000000, 1.00000000000000, 0.000000000000000 );
#8525 = COLOUR_RGB( '', 0.689999997600000, 0.689999997600000, 0.689999997600000 );
#8526 = COLOUR_RGB( '', 0.689999997600000, 0.689999997600000, 0.689999997600000 );
#8527 = COLOUR_RGB( '', 0.689999997600000, 0.689999997600000, 0.689999997600000 );
#8528 = COLOUR_RGB( '', 0.689999997600000, 0.689999997600000, 0.689999997600000 );
#8529 = COLOUR_RGB( '', 0.689999997600000, 0.689999997600000, 0.689999997600000 );
#8530 = COLOUR_RGB( '', 0.689999997600000, 0.689999997600000, 0.689999997600000 );
#8531 = COLOUR_RGB( '', 0.689999997600000, 0.689999997600000, 0.689999997600000 );
#8532 = DIRECTION( '', ( 0.000000000000000, 0.000000000000000, -1.00000000000000 ) );
#8533 = DIRECTION( '', ( -1.00000000000000, -0.000000000000000, -0.000000000000000 ) );
#8534 = DIRECTION( '', ( 0.000000000000000, 0.000000000000000, -1.00000000000000 ) );
#8535 = DIRECTION( '', ( -1.00000000000000, -0.000000000000000, -0.000000000000000 ) );
#8536 = DIRECTION( '', ( 0.000000000000000, 1.00000000000000, 0.000000000000000 ) );
#8537 = DIRECTION( '', ( -1.00000000000000, -0.000000000000000, -0.000000000000000 ) );
#8538 = DIRECTION( '', ( 0.000000000000000, 1.00000000000000, 0.000000000000000 ) );
#8539 = DIRECTION( '', ( -1.00000000000000, -0.000000000000000, -0.000000000000000 ) );
#8540 = DIRECTION( '', ( -1.00000000000000, 0.000000000000000, -8.13151629364126E-16 ) );
#8541 = DIRECTION( '', ( -0.000000000000000, -1.00000000000000, -0.000000000000000 ) );
#8542 = DIRECTION( '', ( -1.00000000000000, 0.000000000000000, -8.13151629364126E-16 ) );
#8543 = DIRECTION( '', ( -0.000000000000000, -1.00000000000000, -0.000000000000000 ) );
#8544 = DIRECTION( '', ( -0.000000000000000, -1.00000000000000, -0.000000000000000 ) );
#8545 = DIRECTION( '', ( 0.000000000000000, 0.000000000000000, -1.00000000000000 ) );
#8546 = DIRECTION( '', ( -0.000000000000000, -1.00000000000000, -0.000000000000000 ) );
#8547 = DIRECTION( '', ( 0.000000000000000, 0.000000000000000, -1.00000000000000 ) );
#8548 = DIRECTION( '', ( -0.000000000000000, -1.00000000000000, -0.000000000000000 ) );
#8549 = DIRECTION( '', ( 0.000000000000000, 0.000000000000000, -1.00000000000000 ) );
#8550 = DIRECTION( '', ( -0.000000000000000, -1.00000000000000, -0.000000000000000 ) );
#8551 = DIRECTION( '', ( 0.000000000000000, 0.000000000000000, -1.00000000000000 ) );
#8552 = DIRECTION( '', ( 0.000000000000000, 0.000000000000000, 1.00000000000000 ) );
#8553 = DIRECTION( '', ( -1.00000000000000, 0.000000000000000, 0.000000000000000 ) );
#8554 = DIRECTION( '', ( 0.000000000000000, 0.000000000000000, 1.00000000000000 ) );
#8555 = DIRECTION( '', ( -1.00000000000000, 0.000000000000000, -2.83451548362223E-17 ) );
#8556 = DIRECTION( '', ( 0.000000000000000, -1.00000000000000, 0.000000000000000 ) );
#8557 = DIRECTION( '', ( -1.00000000000000, -0.000000000000000, -0.000000000000000 ) );
#8558 = DIRECTION( '', ( 0.000000000000000, -1.00000000000000, 0.000000000000000 ) );
#8559 = DIRECTION( '', ( -1.00000000000000, -0.000000000000000, -0.000000000000000 ) );
#8560 = DIRECTION( '', ( -0.000000000000000, -1.00000000000000, -0.000000000000000 ) );
#8561 = DIRECTION( '', ( 0.000000000000000, 0.000000000000000, 1.00000000000000 ) );
#8562 = DIRECTION( '', ( -0.000000000000000, -1.00000000000000, -0.000000000000000 ) );
#8563 = DIRECTION( '', ( 0.000000000000000, 0.000000000000000, 1.00000000000000 ) );
#8564 = DIRECTION( '', ( -0.000000000000000, -1.00000000000000, -0.000000000000000 ) );
#8565 = DIRECTION( '', ( 0.000000000000000, 0.000000000000000, 1.00000000000000 ) );
#8566 = CARTESIAN_POINT( '', ( 6.72500000000000, -0.300000000000000, -0.163500000000001 ) );
#8567 = DIRECTION( '', ( 1.00000000000000, 0.000000000000000, 0.000000000000000 ) );
#8568 = DIRECTION( '', ( 0.000000000000000, 0.000000000000000, -1.00000000000000 ) );
#8569 = DIRECTION( '', ( -1.00000000000000, -0.000000000000000, -0.000000000000000 ) );
#8570 = CARTESIAN_POINT( '', ( 6.97500000000000, -0.300000000000000, -0.163500000000001 ) );
#8571 = DIRECTION( '', ( 1.00000000000000, 0.000000000000000, 0.000000000000000 ) );
#8572 = DIRECTION( '', ( 0.000000000000000, 0.000000000000000, -1.00000000000000 ) );
#8573 = DIRECTION( '', ( -1.00000000000000, -0.000000000000000, -0.000000000000000 ) );
#8574 = DIRECTION( '', ( 0.000000000000000, -0.707106781186547, -0.707106781186548 ) );
#8575 = DIRECTION( '', ( -1.00000000000000, -0.000000000000000, -0.000000000000000 ) );
#8576 = DIRECTION( '', ( -1.05020097033108E-17, 0.707106781186547, 0.707106781186548 ) );
#8577 = DIRECTION( '', ( -1.00000000000000, -0.000000000000000, -0.000000000000000 ) );
#8578 = DIRECTION( '', ( -1.00000000000000, 0.000000000000000, 0.000000000000000 ) );
#8579 = DIRECTION( '', ( 0.481918749772156, -0.876215908676647, 0.000000000000000 ) );
#8580 = DIRECTION( '', ( 0.481918749772156, 0.876215908676647, 0.000000000000000 ) );
#8581 = DIRECTION( '', ( 0.000000000000000, 0.000000000000000, -1.00000000000000 ) );
#8582 = DIRECTION( '', ( -0.000000000000000, -1.00000000000000, -0.000000000000000 ) );
#8583 = DIRECTION( '', ( 0.000000000000000, 0.000000000000000, -1.00000000000000 ) );
#8584 = DIRECTION( '', ( -0.000000000000000, -1.00000000000000, -0.000000000000000 ) );
#8585 = DIRECTION( '', ( 0.000000000000000, 0.000000000000000, -1.00000000000000 ) );
#8586 = DIRECTION( '', ( -1.00000000000000, -0.000000000000000, -0.000000000000000 ) );
#8587 = DIRECTION( '', ( 0.000000000000000, 0.000000000000000, -1.00000000000000 ) );
#8588 = DIRECTION( '', ( -1.00000000000000, -0.000000000000000, -0.000000000000000 ) );
#8589 = DIRECTION( '', ( 0.000000000000000, -1.00000000000000, 0.000000000000000 ) );
#8590 = DIRECTION( '', ( -1.00000000000000, -0.000000000000000, -0.000000000000000 ) );
#8591 = DIRECTION( '', ( 0.000000000000000, -1.00000000000000, 0.000000000000000 ) );
#8592 = DIRECTION( '', ( -1.00000000000000, -0.000000000000000, -0.000000000000000 ) );
#8593 = DIRECTION( '', ( 0.000000000000000, -1.00000000000000, 0.000000000000000 ) );
#8594 = DIRECTION( '', ( -1.00000000000000, -0.000000000000000, -0.000000000000000 ) );
#8595 = DIRECTION( '', ( 0.000000000000000, -1.00000000000000, 0.000000000000000 ) );
#8596 = DIRECTION( '', ( -1.00000000000000, -0.000000000000000, -0.000000000000000 ) );
#8597 = DIRECTION( '', ( 0.000000000000000, -0.707106781186547, -0.707106781186547 ) );
#8598 = DIRECTION( '', ( 0.000000000000000, -0.707106781186547, -0.707106781186547 ) );
#8599 = DIRECTION( '', ( -1.00000000000000, -0.000000000000000, -0.000000000000000 ) );
#8600 = DIRECTION( '', ( -1.00000000000000, 0.000000000000000, 0.000000000000000 ) );
#8601 = DIRECTION( '', ( -0.000000000000000, -1.00000000000000, -0.000000000000000 ) );
#8602 = DIRECTION( '', ( -1.00000000000000, 0.000000000000000, 0.000000000000000 ) );
#8603 = DIRECTION( '', ( -0.000000000000000, -1.00000000000000, -0.000000000000000 ) );
#8604 = DIRECTION( '', ( 0.000000000000000, 0.000000000000000, -1.00000000000000 ) );
#8605 = DIRECTION( '', ( -0.000000000000000, -1.00000000000000, -0.000000000000000 ) );
#8606 = DIRECTION( '', ( 0.000000000000000, 0.000000000000000, -1.00000000000000 ) );
#8607 = DIRECTION( '', ( -1.00000000000000, 0.000000000000000, 0.000000000000000 ) );
#8608 = DIRECTION( '', ( 0.000000000000000, 0.000000000000000, 1.00000000000000 ) );
#8609 = DIRECTION( '', ( -1.00000000000000, 0.000000000000000, 0.000000000000000 ) );
#8610 = DIRECTION( '', ( 0.000000000000000, 0.000000000000000, 1.00000000000000 ) );
#8611 = DIRECTION( '', ( 0.000000000000000, 0.707106781186547, -0.707106781186547 ) );
#8612 = DIRECTION( '', ( -1.00000000000000, -0.000000000000000, -0.000000000000000 ) );
#8613 = DIRECTION( '', ( 0.000000000000000, 0.707106781186547, -0.707106781186547 ) );
#8614 = DIRECTION( '', ( -1.00000000000000, -0.000000000000000, -0.000000000000000 ) );
#8615 = DIRECTION( '', ( -0.000000000000000, 0.000000000000000, -1.00000000000000 ) );
#8616 = DIRECTION( '', ( 0.000000000000000, -1.00000000000000, 0.000000000000000 ) );
#8617 = DIRECTION( '', ( -0.000000000000000, -0.000000000000000, -1.00000000000000 ) );
#8618 = DIRECTION( '', ( 0.000000000000000, -1.00000000000000, 0.000000000000000 ) );
#8619 = DIRECTION( '', ( 1.00000000000000, -0.000000000000000, 0.000000000000000 ) );
#8620 = DIRECTION( '', ( -0.000000000000000, -1.00000000000000, -0.000000000000000 ) );
#8621 = DIRECTION( '', ( 1.00000000000000, 0.000000000000000, 0.000000000000000 ) );
#8622 = DIRECTION( '', ( -0.000000000000000, -1.00000000000000, -0.000000000000000 ) );
#8623 = DIRECTION( '', ( 0.000000000000000, 0.000000000000000, 1.00000000000000 ) );
#8624 = DIRECTION( '', ( -1.00000000000000, -0.000000000000000, -0.000000000000000 ) );
#8625 = DIRECTION( '', ( 0.000000000000000, 0.000000000000000, -1.00000000000000 ) );
#8626 = DIRECTION( '', ( 1.00000000000000, 0.000000000000000, 0.000000000000000 ) );
#8627 = DIRECTION( '', ( 1.00000000000000, 0.000000000000000, 3.64437705037144E-17 ) );
#8628 = DIRECTION( '', ( 0.000000000000000, 1.00000000000000, 0.000000000000000 ) );
#8629 = DIRECTION( '', ( 1.00000000000000, 0.000000000000000, 0.000000000000000 ) );
#8630 = DIRECTION( '', ( 0.000000000000000, 1.00000000000000, 0.000000000000000 ) );
#8631 = DIRECTION( '', ( 1.00000000000000, 0.000000000000000, 3.64437705037144E-17 ) );
#8632 = DIRECTION( '', ( 0.000000000000000, 1.00000000000000, 0.000000000000000 ) );
#8633 = DIRECTION( '', ( 1.00000000000000, 0.000000000000000, 2.40933816107890E-16 ) );
#8634 = DIRECTION( '', ( 0.000000000000000, 1.00000000000000, 0.000000000000000 ) );
#8635 = DIRECTION( '', ( 0.000000000000000, 0.000000000000000, 1.00000000000000 ) );
#8636 = DIRECTION( '', ( -0.000000000000000, -1.00000000000000, -0.000000000000000 ) );
#8637 = DIRECTION( '', ( 0.000000000000000, 0.000000000000000, 1.00000000000000 ) );
#8638 = DIRECTION( '', ( -0.000000000000000, -1.00000000000000, -0.000000000000000 ) );
#8639 = DIRECTION( '', ( 0.000000000000000, 1.00000000000000, 0.000000000000000 ) );
#8640 = DIRECTION( '', ( -1.00000000000000, -0.000000000000000, -0.000000000000000 ) );
#8641 = DIRECTION( '', ( 0.000000000000000, 1.00000000000000, 0.000000000000000 ) );
#8642 = DIRECTION( '', ( -1.00000000000000, 0.000000000000000, -5.42101086242753E-16 ) );
#8643 = DIRECTION( '', ( -0.000000000000000, -1.00000000000000, -0.000000000000000 ) );
#8644 = DIRECTION( '', ( -1.00000000000000, 0.000000000000000, -5.42101086242753E-16 ) );
#8645 = DIRECTION( '', ( -0.000000000000000, -1.00000000000000, -0.000000000000000 ) );
#8646 = DIRECTION( '', ( -0.000000000000000, -1.00000000000000, -0.000000000000000 ) );
#8647 = DIRECTION( '', ( -1.00000000000000, 0.000000000000000, 0.000000000000000 ) );
#8648 = DIRECTION( '', ( -0.000000000000000, -1.00000000000000, -0.000000000000000 ) );
#8649 = DIRECTION( '', ( 0.000000000000000, 0.000000000000000, -1.00000000000000 ) );
#8650 = DIRECTION( '', ( -0.000000000000000, -1.00000000000000, -0.000000000000000 ) );
#8651 = DIRECTION( '', ( 0.000000000000000, 0.000000000000000, -1.00000000000000 ) );
#8652 = DIRECTION( '', ( -0.000000000000000, -1.00000000000000, -0.000000000000000 ) );
#8653 = DIRECTION( '', ( 0.000000000000000, 0.707106781186547, 0.707106781186548 ) );
#8654 = DIRECTION( '', ( -1.00000000000000, -0.000000000000000, -0.000000000000000 ) );
#8655 = DIRECTION( '', ( 0.000000000000000, -0.707106781186547, -0.707106781186548 ) );
#8656 = DIRECTION( '', ( -1.00000000000000, -0.000000000000000, -0.000000000000000 ) );
#8657 = DIRECTION( '', ( 0.000000000000000, 0.000000000000000, 1.00000000000000 ) );
#8658 = DIRECTION( '', ( 0.000000000000000, 0.000000000000000, 1.00000000000000 ) );
#8659 = DIRECTION( '', ( 1.00000000000000, -0.000000000000000, 0.000000000000000 ) );
#8660 = DIRECTION( '', ( 0.000000000000000, 0.000000000000000, -1.00000000000000 ) );
#8661 = DIRECTION( '', ( 1.00000000000000, -0.000000000000000, 0.000000000000000 ) );
#8662 = DIRECTION( '', ( 0.000000000000000, 0.000000000000000, -1.00000000000000 ) );
#8663 = DIRECTION( '', ( -1.00000000000000, 0.000000000000000, 0.000000000000000 ) );
#8664 = DIRECTION( '', ( -1.00000000000000, 0.000000000000000, 0.000000000000000 ) );
#8665 = DIRECTION( '', ( 0.000000000000000, 0.000000000000000, 1.00000000000000 ) );
#8666 = DIRECTION( '', ( 0.000000000000000, 0.000000000000000, 1.00000000000000 ) );
#8667 = DIRECTION( '', ( 1.00000000000000, -0.000000000000000, 0.000000000000000 ) );
#8668 = DIRECTION( '', ( 0.000000000000000, 0.000000000000000, 1.00000000000000 ) );
#8669 = DIRECTION( '', ( 1.00000000000000, -0.000000000000000, 0.000000000000000 ) );
#8670 = DIRECTION( '', ( 0.000000000000000, 0.000000000000000, -1.00000000000000 ) );
#8671 = DIRECTION( '', ( 1.00000000000000, -0.000000000000000, 0.000000000000000 ) );
#8672 = DIRECTION( '', ( 0.000000000000000, 0.000000000000000, -1.00000000000000 ) );
#8673 = DIRECTION( '', ( -1.00000000000000, 0.000000000000000, 0.000000000000000 ) );
#8674 = DIRECTION( '', ( 0.000000000000000, 0.000000000000000, 1.00000000000000 ) );
#8675 = DIRECTION( '', ( -1.00000000000000, 0.000000000000000, 0.000000000000000 ) );
#8676 = DIRECTION( '', ( 0.000000000000000, 0.000000000000000, 1.00000000000000 ) );
#8677 = DIRECTION( '', ( 1.00000000000000, -0.000000000000000, 0.000000000000000 ) );
#8678 = DIRECTION( '', ( 0.000000000000000, 0.000000000000000, -1.00000000000000 ) );
#8679 = DIRECTION( '', ( -1.00000000000000, 0.000000000000000, 0.000000000000000 ) );
#8680 = DIRECTION( '', ( 0.000000000000000, 0.000000000000000, 1.00000000000000 ) );
#8681 = DIRECTION( '', ( 1.00000000000000, -0.000000000000000, 0.000000000000000 ) );
#8682 = DIRECTION( '', ( 0.000000000000000, 0.000000000000000, -1.00000000000000 ) );
#8683 = DIRECTION( '', ( -1.00000000000000, 0.000000000000000, 0.000000000000000 ) );
#8684 = DIRECTION( '', ( 0.000000000000000, 0.000000000000000, 1.00000000000000 ) );
#8685 = DIRECTION( '', ( 1.00000000000000, -0.000000000000000, 0.000000000000000 ) );
#8686 = DIRECTION( '', ( -1.00000000000000, 0.000000000000000, 0.000000000000000 ) );
#8687 = DIRECTION( '', ( 1.00000000000000, -0.000000000000000, 0.000000000000000 ) );
#8688 = DIRECTION( '', ( 0.000000000000000, 0.000000000000000, -1.00000000000000 ) );
#8689 = DIRECTION( '', ( 1.00000000000000, -0.000000000000000, 0.000000000000000 ) );
#8690 = DIRECTION( '', ( 0.000000000000000, -0.000000000000000, 1.00000000000000 ) );
#8691 = DIRECTION( '', ( -1.00000000000000, 0.000000000000000, 0.000000000000000 ) );
#8692 = DIRECTION( '', ( -0.000000000000000, 0.000000000000000, -1.00000000000000 ) );
#8693 = DIRECTION( '', ( 1.00000000000000, -0.000000000000000, 0.000000000000000 ) );
#8694 = DIRECTION( '', ( 0.000000000000000, -0.000000000000000, 1.00000000000000 ) );
#8695 = DIRECTION( '', ( -1.00000000000000, 0.000000000000000, 0.000000000000000 ) );
#8696 = DIRECTION( '', ( -0.000000000000000, 0.000000000000000, -1.00000000000000 ) );
#8697 = DIRECTION( '', ( 1.00000000000000, -0.000000000000000, 0.000000000000000 ) );
#8698 = DIRECTION( '', ( 0.000000000000000, -0.000000000000000, 1.00000000000000 ) );
#8699 = DIRECTION( '', ( -1.00000000000000, 0.000000000000000, 0.000000000000000 ) );
#8700 = DIRECTION( '', ( 0.000000000000000, 0.000000000000000, -1.00000000000000 ) );
#8701 = DIRECTION( '', ( -1.00000000000000, 0.000000000000000, 0.000000000000000 ) );
#8702 = DIRECTION( '', ( 1.00000000000000, 0.000000000000000, 0.000000000000000 ) );
#8703 = DIRECTION( '', ( 0.000000000000000, 0.000000000000000, -1.00000000000000 ) );
#8704 = DIRECTION( '', ( 1.00000000000000, 0.000000000000000, 0.000000000000000 ) );
#8705 = DIRECTION( '', ( 0.000000000000000, 0.000000000000000, -1.00000000000000 ) );
#8706 = DIRECTION( '', ( 1.00000000000000, -0.000000000000000, 0.000000000000000 ) );
#8707 = DIRECTION( '', ( 0.000000000000000, -0.000000000000000, 1.00000000000000 ) );
#8708 = DIRECTION( '', ( 1.00000000000000, 0.000000000000000, 0.000000000000000 ) );
#8709 = DIRECTION( '', ( 0.000000000000000, 0.000000000000000, -1.00000000000000 ) );
#8710 = DIRECTION( '', ( 1.00000000000000, -0.000000000000000, 0.000000000000000 ) );
#8711 = DIRECTION( '', ( 0.000000000000000, -0.000000000000000, 1.00000000000000 ) );
#8712 = DIRECTION( '', ( 1.00000000000000, 0.000000000000000, 0.000000000000000 ) );
#8713 = DIRECTION( '', ( 0.000000000000000, 0.000000000000000, -1.00000000000000 ) );
#8714 = DIRECTION( '', ( 1.00000000000000, -0.000000000000000, 0.000000000000000 ) );
#8715 = DIRECTION( '', ( 0.000000000000000, -0.000000000000000, 1.00000000000000 ) );
#8716 = DIRECTION( '', ( 1.00000000000000, 0.000000000000000, 0.000000000000000 ) );
#8717 = DIRECTION( '', ( 0.000000000000000, 0.000000000000000, 1.00000000000000 ) );
#8718 = DIRECTION( '', ( 1.00000000000000, 0.000000000000000, 0.000000000000000 ) );
#8719 = DIRECTION( '', ( -1.00000000000000, 0.000000000000000, 0.000000000000000 ) );
#8720 = DIRECTION( '', ( 0.000000000000000, 0.000000000000000, 1.00000000000000 ) );
#8721 = DIRECTION( '', ( 1.00000000000000, -0.000000000000000, 0.000000000000000 ) );
#8722 = DIRECTION( '', ( 0.000000000000000, 0.000000000000000, 1.00000000000000 ) );
#8723 = DIRECTION( '', ( 0.000000000000000, 0.000000000000000, 1.00000000000000 ) );
#8724 = DIRECTION( '', ( -1.00000000000000, 0.000000000000000, 0.000000000000000 ) );
#8725 = DIRECTION( '', ( 0.000000000000000, -1.00000000000000, 0.000000000000000 ) );
#8726 = DIRECTION( '', ( -1.00000000000000, -0.000000000000000, -0.000000000000000 ) );
#8727 = DIRECTION( '', ( 0.000000000000000, -1.00000000000000, 0.000000000000000 ) );
#8728 = DIRECTION( '', ( -1.00000000000000, -0.000000000000000, -0.000000000000000 ) );
#8729 = DIRECTION( '', ( -0.000000000000000, -1.00000000000000, -0.000000000000000 ) );
#8730 = DIRECTION( '', ( 1.00000000000000, 0.000000000000000, 0.000000000000000 ) );
#8731 = DIRECTION( '', ( -0.000000000000000, -1.00000000000000, -0.000000000000000 ) );
#8732 = DIRECTION( '', ( 0.000000000000000, -0.819231920519040, -0.573462344363329 ) );
#8733 = DIRECTION( '', ( -1.00000000000000, -0.000000000000000, -0.000000000000000 ) );
#8734 = DIRECTION( '', ( 0.000000000000000, 0.819231920519040, 0.573462344363329 ) );
#8735 = DIRECTION( '', ( -1.00000000000000, -0.000000000000000, -0.000000000000000 ) );
#8736 = DIRECTION( '', ( 0.481918749772156, -0.876215908676647, 0.000000000000000 ) );
#8737 = DIRECTION( '', ( 0.000000000000000, 0.000000000000000, 1.00000000000000 ) );
#8738 = DIRECTION( '', ( 0.000000000000000, 0.000000000000000, 1.00000000000000 ) );
#8739 = DIRECTION( '', ( 0.000000000000000, 0.819231920519040, -0.573462344363329 ) );
#8740 = DIRECTION( '', ( -1.00000000000000, -0.000000000000000, -0.000000000000000 ) );
#8741 = DIRECTION( '', ( 0.000000000000000, -0.819231920519040, 0.573462344363329 ) );
#8742 = DIRECTION( '', ( -1.00000000000000, -0.000000000000000, -0.000000000000000 ) );
#8743 = DIRECTION( '', ( 0.000000000000000, 0.000000000000000, 1.00000000000000 ) );
#8744 = DIRECTION( '', ( -1.00000000000000, -0.000000000000000, -0.000000000000000 ) );
#8745 = DIRECTION( '', ( 0.000000000000000, 0.000000000000000, -1.00000000000000 ) );
#8746 = DIRECTION( '', ( 1.00000000000000, 0.000000000000000, 0.000000000000000 ) );
#8747 = DIRECTION( '', ( 1.00000000000000, 0.000000000000000, 0.000000000000000 ) );
#8748 = DIRECTION( '', ( 0.000000000000000, 1.00000000000000, 0.000000000000000 ) );
#8749 = DIRECTION( '', ( 1.00000000000000, 0.000000000000000, 0.000000000000000 ) );
#8750 = DIRECTION( '', ( 0.000000000000000, 1.00000000000000, 0.000000000000000 ) );
#8751 = DIRECTION( '', ( 0.000000000000000, 0.000000000000000, 1.00000000000000 ) );
#8752 = DIRECTION( '', ( -0.000000000000000, -1.00000000000000, -0.000000000000000 ) );
#8753 = DIRECTION( '', ( 0.000000000000000, 0.000000000000000, 1.00000000000000 ) );
#8754 = DIRECTION( '', ( -0.000000000000000, -1.00000000000000, -0.000000000000000 ) );
#8755 = DIRECTION( '', ( 0.000000000000000, 0.000000000000000, 1.00000000000000 ) );
#8756 = DIRECTION( '', ( -1.00000000000000, -0.000000000000000, -0.000000000000000 ) );
#8757 = DIRECTION( '', ( 0.000000000000000, 0.000000000000000, -1.00000000000000 ) );
#8758 = DIRECTION( '', ( 1.00000000000000, 0.000000000000000, 0.000000000000000 ) );
#8759 = DIRECTION( '', ( 0.000000000000000, 1.00000000000000, 0.000000000000000 ) );
#8760 = DIRECTION( '', ( 0.000000000000000, 0.000000000000000, 1.00000000000000 ) );
#8761 = DIRECTION( '', ( 0.000000000000000, 1.00000000000000, 0.000000000000000 ) );
#8762 = DIRECTION( '', ( 0.000000000000000, -1.00000000000000, 0.000000000000000 ) );
#8763 = DIRECTION( '', ( 0.000000000000000, -1.00000000000000, 0.000000000000000 ) );
#8764 = DIRECTION( '', ( -1.00000000000000, -0.000000000000000, -0.000000000000000 ) );
#8765 = DIRECTION( '', ( 0.000000000000000, 1.00000000000000, 0.000000000000000 ) );
#8766 = DIRECTION( '', ( 0.000000000000000, 1.00000000000000, 0.000000000000000 ) );
#8767 = DIRECTION( '', ( -1.00000000000000, -0.000000000000000, -0.000000000000000 ) );
#8768 = DIRECTION( '', ( 0.000000000000000, -0.819231920519040, -0.573462344363329 ) );
#8769 = DIRECTION( '', ( -1.00000000000000, -0.000000000000000, -0.000000000000000 ) );
#8770 = DIRECTION( '', ( 0.000000000000000, 0.819231920519040, 0.573462344363329 ) );
#8771 = DIRECTION( '', ( -1.00000000000000, -0.000000000000000, -0.000000000000000 ) );
#8772 = DIRECTION( '', ( 0.000000000000000, 1.00000000000000, 0.000000000000000 ) );
#8773 = DIRECTION( '', ( -1.00000000000000, -0.000000000000000, -0.000000000000000 ) );
#8774 = DIRECTION( '', ( 0.000000000000000, 1.00000000000000, 0.000000000000000 ) );
#8775 = DIRECTION( '', ( -1.00000000000000, -0.000000000000000, -0.000000000000000 ) );
#8776 = DIRECTION( '', ( 0.000000000000000, 0.000000000000000, -1.00000000000000 ) );
#8777 = DIRECTION( '', ( -1.00000000000000, -0.000000000000000, -0.000000000000000 ) );
#8778 = DIRECTION( '', ( 0.000000000000000, 0.000000000000000, -1.00000000000000 ) );
#8779 = DIRECTION( '', ( -1.00000000000000, -0.000000000000000, -0.000000000000000 ) );
#8780 = DIRECTION( '', ( -0.000000000000000, -1.00000000000000, -0.000000000000000 ) );
#8781 = DIRECTION( '', ( 1.00000000000000, 0.000000000000000, 0.000000000000000 ) );
#8782 = DIRECTION( '', ( 0.000000000000000, 1.00000000000000, 0.000000000000000 ) );
#8783 = DIRECTION( '', ( -1.00000000000000, -0.000000000000000, -0.000000000000000 ) );
#8784 = DIRECTION( '', ( 0.000000000000000, 1.00000000000000, 0.000000000000000 ) );
#8785 = DIRECTION( '', ( -1.00000000000000, -0.000000000000000, -0.000000000000000 ) );
#8786 = DIRECTION( '', ( 0.000000000000000, 0.000000000000000, -1.00000000000000 ) );
#8787 = DIRECTION( '', ( -0.000000000000000, 0.707106781186547, -0.707106781186548 ) );
#8788 = DIRECTION( '', ( 0.000000000000000, 0.000000000000000, -1.00000000000000 ) );
#8789 = DIRECTION( '', ( 0.000000000000000, 0.000000000000000, -1.00000000000000 ) );
#8790 = DIRECTION( '', ( 0.000000000000000, -1.00000000000000, 0.000000000000000 ) );
#8791 = DIRECTION( '', ( 0.000000000000000, -0.819231920519040, 0.573462344363329 ) );
#8792 = DIRECTION( '', ( -0.000000000000000, -0.000000000000000, -1.00000000000000 ) );
#8793 = DIRECTION( '', ( 0.000000000000000, 0.819231920519040, 0.573462344363329 ) );
#8794 = DIRECTION( '', ( 0.000000000000000, -1.00000000000000, 0.000000000000000 ) );
#8795 = DIRECTION( '', ( -1.00000000000000, -0.000000000000000, -0.000000000000000 ) );
#8796 = DIRECTION( '', ( -1.21673017533728E-17, 0.819231920519040, -0.573462344363329 ) );
#8797 = DIRECTION( '', ( -1.00000000000000, 0.000000000000000, 0.000000000000000 ) );
#8798 = DIRECTION( '', ( 0.000000000000000, 0.000000000000000, 1.00000000000000 ) );
#8799 = DIRECTION( '', ( -0.000000000000000, -1.00000000000000, -0.000000000000000 ) );
#8800 = DIRECTION( '', ( 0.000000000000000, 0.000000000000000, -1.00000000000000 ) );
#8801 = DIRECTION( '', ( 0.000000000000000, 1.00000000000000, 0.000000000000000 ) );
#8802 = DIRECTION( '', ( 0.000000000000000, 0.000000000000000, -1.00000000000000 ) );
#8803 = DIRECTION( '', ( 0.000000000000000, 0.000000000000000, -1.00000000000000 ) );
#8804 = DIRECTION( '', ( -0.000000000000000, -1.00000000000000, -0.000000000000000 ) );
#8805 = DIRECTION( '', ( -0.000000000000000, -1.00000000000000, -0.000000000000000 ) );
#8806 = DIRECTION( '', ( -0.000000000000000, -0.000000000000000, -1.00000000000000 ) );
#8807 = DIRECTION( '', ( -1.00000000000000, -0.000000000000000, -0.000000000000000 ) );
#8808 = DIRECTION( '', ( -0.000000000000000, -0.000000000000000, -1.00000000000000 ) );
#8809 = DIRECTION( '', ( -1.00000000000000, -0.000000000000000, -0.000000000000000 ) );
#8810 = DIRECTION( '', ( 1.00000000000000, 0.000000000000000, 0.000000000000000 ) );
#8811 = DIRECTION( '', ( 0.000000000000000, 0.819231920519040, -0.573462344363329 ) );
#8812 = DIRECTION( '', ( -1.00000000000000, -0.000000000000000, -0.000000000000000 ) );
#8813 = DIRECTION( '', ( 0.000000000000000, -0.819231920519040, 0.573462344363329 ) );
#8814 = DIRECTION( '', ( -1.00000000000000, -0.000000000000000, -0.000000000000000 ) );
#8815 = DIRECTION( '', ( 0.000000000000000, -1.00000000000000, 0.000000000000000 ) );
#8816 = DIRECTION( '', ( -1.00000000000000, 0.000000000000000, 0.000000000000000 ) );
#8817 = DIRECTION( '', ( -1.48520845545960E-17, 1.00000000000000, 0.000000000000000 ) );
#8818 = DIRECTION( '', ( 1.00000000000000, 0.000000000000000, 0.000000000000000 ) );
#8819 = DIRECTION( '', ( -0.000000000000000, -1.00000000000000, -0.000000000000000 ) );
#8820 = DIRECTION( '', ( -1.00000000000000, 0.000000000000000, 0.000000000000000 ) );
#8821 = DIRECTION( '', ( -0.000000000000000, -1.00000000000000, -0.000000000000000 ) );
#8822 = DIRECTION( '', ( 0.000000000000000, 0.000000000000000, 1.00000000000000 ) );
#8823 = DIRECTION( '', ( 0.000000000000000, 0.000000000000000, 1.00000000000000 ) );
#8824 = DIRECTION( '', ( -1.00000000000000, -0.000000000000000, -0.000000000000000 ) );
#8825 = DIRECTION( '', ( 0.000000000000000, 0.000000000000000, 1.00000000000000 ) );
#8826 = DIRECTION( '', ( 0.000000000000000, -1.00000000000000, 0.000000000000000 ) );
#8827 = DIRECTION( '', ( 0.000000000000000, 0.000000000000000, 1.00000000000000 ) );
#8828 = DIRECTION( '', ( 0.000000000000000, 0.000000000000000, 1.00000000000000 ) );
#8829 = DIRECTION( '', ( 0.000000000000000, -1.00000000000000, 0.000000000000000 ) );
#8830 = DIRECTION( '', ( 0.000000000000000, 0.000000000000000, 1.00000000000000 ) );
#8831 = DIRECTION( '', ( 0.000000000000000, 1.00000000000000, 0.000000000000000 ) );
#8832 = DIRECTION( '', ( 0.000000000000000, 0.000000000000000, 1.00000000000000 ) );
#8833 = DIRECTION( '', ( 0.000000000000000, 1.00000000000000, 0.000000000000000 ) );
#8834 = DIRECTION( '', ( 0.000000000000000, 0.000000000000000, -1.00000000000000 ) );
#8835 = CARTESIAN_POINT( '', ( -6.97500000000000, -0.300000000000000, -0.936500000000000 ) );
#8836 = DIRECTION( '', ( 1.00000000000000, 0.000000000000000, 0.000000000000000 ) );
#8837 = DIRECTION( '', ( 0.000000000000000, 0.000000000000000, -1.00000000000000 ) );
#8838 = DIRECTION( '', ( 0.000000000000000, 1.00000000000000, 0.000000000000000 ) );
#8839 = DIRECTION( '', ( 0.000000000000000, 0.707106781186547, -0.707106781186547 ) );
#8840 = CARTESIAN_POINT( '', ( -6.97500000000000, -0.300000000000000, 0.336500000000000 ) );
#8841 = DIRECTION( '', ( 1.00000000000000, 0.000000000000000, 0.000000000000000 ) );
#8842 = DIRECTION( '', ( 0.000000000000000, 0.000000000000000, -1.00000000000000 ) );
#8843 = DIRECTION( '', ( 0.000000000000000, -1.00000000000000, 0.000000000000000 ) );
#8844 = DIRECTION( '', ( 0.000000000000000, 0.000000000000000, -1.00000000000000 ) );
#8845 = DIRECTION( '', ( 0.000000000000000, 1.00000000000000, 0.000000000000000 ) );
#8846 = CARTESIAN_POINT( '', ( -6.97500000000000, -0.300000000000000, 1.06350000000000 ) );
#8847 = DIRECTION( '', ( 1.00000000000000, 0.000000000000000, 0.000000000000000 ) );
#8848 = DIRECTION( '', ( 0.000000000000000, 0.000000000000000, -1.00000000000000 ) );
#8849 = DIRECTION( '', ( 0.000000000000000, 0.707106781186547, -0.707106781186547 ) );
#8850 = DIRECTION( '', ( 0.000000000000000, -0.707106781186547, -0.707106781186547 ) );
#8851 = CARTESIAN_POINT( '', ( -6.97500000000000, -0.300000000000000, 2.33650000000000 ) );
#8852 = DIRECTION( '', ( 1.00000000000000, 0.000000000000000, 0.000000000000000 ) );
#8853 = DIRECTION( '', ( 0.000000000000000, 0.000000000000000, -1.00000000000000 ) );
#8854 = DIRECTION( '', ( 0.000000000000000, -1.00000000000000, 0.000000000000000 ) );
#8855 = DIRECTION( '', ( 0.000000000000000, 0.000000000000000, -1.00000000000000 ) );
#8856 = DIRECTION( '', ( 0.707106781186548, 0.000000000000000, -0.707106781186547 ) );
#8857 = DIRECTION( '', ( 1.00000000000000, 0.000000000000000, 0.000000000000000 ) );
#8858 = DIRECTION( '', ( 0.000000000000000, 0.000000000000000, -1.00000000000000 ) );
#8859 = DIRECTION( '', ( 0.000000000000000, 1.00000000000000, 0.000000000000000 ) );
#8860 = DIRECTION( '', ( 0.000000000000000, 0.000000000000000, -1.00000000000000 ) );
#8861 = DIRECTION( '', ( -1.00000000000000, 0.000000000000000, 0.000000000000000 ) );
#8862 = DIRECTION( '', ( 0.000000000000000, 0.000000000000000, 1.00000000000000 ) );
#8863 = DIRECTION( '', ( 1.00000000000000, 0.000000000000000, 0.000000000000000 ) );
#8864 = DIRECTION( '', ( 0.000000000000000, 0.000000000000000, -1.00000000000000 ) );
#8865 = DIRECTION( '', ( 0.000000000000000, 1.00000000000000, 0.000000000000000 ) );
#8866 = DIRECTION( '', ( -0.000000000000000, -0.000000000000000, -1.00000000000000 ) );
#8867 = DIRECTION( '', ( 0.000000000000000, 1.00000000000000, 0.000000000000000 ) );
#8868 = DIRECTION( '', ( 0.000000000000000, 0.707106781186547, 0.707106781186548 ) );
#8869 = DIRECTION( '', ( -1.00000000000000, -0.000000000000000, -0.000000000000000 ) );
#8870 = DIRECTION( '', ( 0.000000000000000, -0.707106781186547, -0.707106781186548 ) );
#8871 = DIRECTION( '', ( 0.000000000000000, -0.000000000000000, 1.00000000000000 ) );
#8872 = DIRECTION( '', ( 0.000000000000000, 1.00000000000000, 0.000000000000000 ) );
#8873 = DIRECTION( '', ( -1.00000000000000, -0.000000000000000, -0.000000000000000 ) );
#8874 = DIRECTION( '', ( 0.000000000000000, 1.00000000000000, 0.000000000000000 ) );
#8875 = DIRECTION( '', ( -1.00000000000000, -0.000000000000000, -0.000000000000000 ) );
#8876 = DIRECTION( '', ( 1.00000000000000, 0.000000000000000, 0.000000000000000 ) );
#8877 = DIRECTION( '', ( 0.000000000000000, -0.000000000000000, 1.00000000000000 ) );
#8878 = DIRECTION( '', ( 1.00000000000000, 0.000000000000000, 0.000000000000000 ) );
#8879 = DIRECTION( '', ( 0.000000000000000, 0.000000000000000, -1.00000000000000 ) );
#8880 = DIRECTION( '', ( 0.000000000000000, 0.000000000000000, 1.00000000000000 ) );
#8881 = DIRECTION( '', ( 0.000000000000000, 0.000000000000000, 1.00000000000000 ) );
#8882 = DIRECTION( '', ( -1.00000000000000, 0.000000000000000, 0.000000000000000 ) );
#8883 = DIRECTION( '', ( 0.000000000000000, 0.000000000000000, -1.00000000000000 ) );
#8884 = DIRECTION( '', ( -0.000000000000000, -1.00000000000000, -0.000000000000000 ) );
#8885 = DIRECTION( '', ( 1.00000000000000, -0.000000000000000, 0.000000000000000 ) );
#8886 = DIRECTION( '', ( -0.000000000000000, -1.00000000000000, -0.000000000000000 ) );
#8887 = DIRECTION( '', ( -1.00000000000000, 0.000000000000000, 0.000000000000000 ) );
#8888 = DIRECTION( '', ( -0.000000000000000, -0.000000000000000, -1.00000000000000 ) );
#8889 = DIRECTION( '', ( -1.00000000000000, 0.000000000000000, 0.000000000000000 ) );
#8890 = DIRECTION( '', ( -0.000000000000000, -0.000000000000000, -1.00000000000000 ) );
#8891 = DIRECTION( '', ( 0.000000000000000, 0.000000000000000, 1.00000000000000 ) );
#8892 = DIRECTION( '', ( -1.00000000000000, -0.000000000000000, -0.000000000000000 ) );
#8893 = DIRECTION( '', ( 0.000000000000000, 0.000000000000000, 1.00000000000000 ) );
#8894 = DIRECTION( '', ( 0.000000000000000, -0.707106781186547, -0.707106781186547 ) );
#8895 = DIRECTION( '', ( 0.000000000000000, -1.00000000000000, 0.000000000000000 ) );
#8896 = DIRECTION( '', ( -1.00000000000000, 0.000000000000000, 0.000000000000000 ) );
#8897 = DIRECTION( '', ( 0.000000000000000, 1.00000000000000, 0.000000000000000 ) );
#8898 = DIRECTION( '', ( -1.00000000000000, 0.000000000000000, 0.000000000000000 ) );
#8899 = DIRECTION( '', ( 0.000000000000000, -1.00000000000000, 0.000000000000000 ) );
#8900 = DIRECTION( '', ( 0.000000000000000, 1.00000000000000, -0.000000000000000 ) );
#8901 = DIRECTION( '', ( 0.000000000000000, 0.000000000000000, 1.00000000000000 ) );
#8902 = DIRECTION( '', ( 1.00000000000000, 0.000000000000000, 0.000000000000000 ) );
#8903 = DIRECTION( '', ( 0.707106781186548, 0.000000000000000, -0.707106781186547 ) );
#8904 = DIRECTION( '', ( -1.00000000000000, 0.000000000000000, -2.83451548362223E-17 ) );
#8905 = DIRECTION( '', ( 0.000000000000000, 0.000000000000000, 1.00000000000000 ) );
#8906 = DIRECTION( '', ( 1.00000000000000, 0.000000000000000, 0.000000000000000 ) );
#8907 = DIRECTION( '', ( 0.000000000000000, 0.000000000000000, 1.00000000000000 ) );
#8908 = DIRECTION( '', ( -1.00000000000000, 0.000000000000000, 0.000000000000000 ) );
#8909 = DIRECTION( '', ( 1.00000000000000, 0.000000000000000, 0.000000000000000 ) );
#8910 = DIRECTION( '', ( 0.000000000000000, 0.000000000000000, 1.00000000000000 ) );
#8911 = DIRECTION( '', ( -1.00000000000000, 0.000000000000000, 0.000000000000000 ) );
#8912 = DIRECTION( '', ( 0.000000000000000, 0.000000000000000, -1.00000000000000 ) );
#8913 = DIRECTION( '', ( 1.00000000000000, 0.000000000000000, 0.000000000000000 ) );
#8914 = DIRECTION( '', ( 0.000000000000000, 0.000000000000000, 1.00000000000000 ) );
#8915 = DIRECTION( '', ( 0.000000000000000, 0.000000000000000, 1.00000000000000 ) );
#8916 = DIRECTION( '', ( -1.00000000000000, 0.000000000000000, 0.000000000000000 ) );
#8917 = DIRECTION( '', ( -1.00000000000000, 0.000000000000000, 0.000000000000000 ) );
#8918 = DIRECTION( '', ( 0.000000000000000, 0.000000000000000, -1.00000000000000 ) );
#8919 = DIRECTION( '', ( 1.00000000000000, 0.000000000000000, 0.000000000000000 ) );
#8920 = DIRECTION( '', ( 0.000000000000000, 0.000000000000000, 1.00000000000000 ) );
#8921 = DIRECTION( '', ( 0.000000000000000, 0.000000000000000, 1.00000000000000 ) );
#8922 = DIRECTION( '', ( -1.00000000000000, 0.000000000000000, 0.000000000000000 ) );
#8923 = DIRECTION( '', ( 0.000000000000000, 0.000000000000000, -1.00000000000000 ) );
#8924 = DIRECTION( '', ( 0.000000000000000, 0.000000000000000, -1.00000000000000 ) );
#8925 = DIRECTION( '', ( 1.00000000000000, 0.000000000000000, 0.000000000000000 ) );
#8926 = DIRECTION( '', ( 0.000000000000000, 0.000000000000000, 1.00000000000000 ) );
#8927 = DIRECTION( '', ( 1.00000000000000, 0.000000000000000, 0.000000000000000 ) );
#8928 = DIRECTION( '', ( 0.000000000000000, 0.000000000000000, 1.00000000000000 ) );
#8929 = DIRECTION( '', ( 0.000000000000000, 0.000000000000000, 1.00000000000000 ) );
#8930 = DIRECTION( '', ( 0.000000000000000, 1.00000000000000, 0.000000000000000 ) );
#8931 = DIRECTION( '', ( 0.000000000000000, 1.00000000000000, 0.000000000000000 ) );
#8932 = DIRECTION( '', ( 0.000000000000000, 0.000000000000000, 1.00000000000000 ) );
#8933 = DIRECTION( '', ( 0.000000000000000, 1.00000000000000, 0.000000000000000 ) );
#8934 = DIRECTION( '', ( 0.000000000000000, 0.000000000000000, -1.00000000000000 ) );
#8935 = DIRECTION( '', ( 0.000000000000000, 1.00000000000000, 0.000000000000000 ) );
#8936 = CARTESIAN_POINT( '', ( 6.72500000000000, -0.300000000000000, -1.43650000000000 ) );
#8937 = DIRECTION( '', ( 1.00000000000000, 0.000000000000000, 0.000000000000000 ) );
#8938 = DIRECTION( '', ( 0.000000000000000, 0.000000000000000, -1.00000000000000 ) );
#8939 = DIRECTION( '', ( 0.000000000000000, 1.00000000000000, 0.000000000000000 ) );
#8940 = DIRECTION( '', ( 0.000000000000000, 0.707106781186547, -0.707106781186547 ) );
#8941 = DIRECTION( '', ( 0.000000000000000, 0.000000000000000, -1.00000000000000 ) );
#8942 = DIRECTION( '', ( 0.000000000000000, -0.707106781186547, -0.707106781186547 ) );
#8943 = DIRECTION( '', ( 0.000000000000000, -1.00000000000000, 0.000000000000000 ) );
#8944 = DIRECTION( '', ( 0.000000000000000, -1.00000000000000, 3.76538565207793E-17 ) );
#8945 = CARTESIAN_POINT( '', ( 6.72500000000000, -0.300000000000000, 0.563500000000000 ) );
#8946 = DIRECTION( '', ( 1.00000000000000, 0.000000000000000, 0.000000000000000 ) );
#8947 = DIRECTION( '', ( 0.000000000000000, 0.000000000000000, -1.00000000000000 ) );
#8948 = DIRECTION( '', ( 0.000000000000000, 0.000000000000000, -1.00000000000000 ) );
#8949 = DIRECTION( '', ( 0.000000000000000, -0.707106781186547, -0.707106781186547 ) );
#8950 = DIRECTION( '', ( 0.000000000000000, -1.00000000000000, 0.000000000000000 ) );
#8951 = CARTESIAN_POINT( '', ( 6.72500000000000, -0.300000000000000, 1.83650000000000 ) );
#8952 = DIRECTION( '', ( 1.00000000000000, 0.000000000000000, 0.000000000000000 ) );
#8953 = DIRECTION( '', ( 0.000000000000000, 0.000000000000000, -1.00000000000000 ) );
#8954 = DIRECTION( '', ( 0.000000000000000, -1.00000000000000, 0.000000000000000 ) );
#8955 = DIRECTION( '', ( 0.000000000000000, 0.000000000000000, -1.00000000000000 ) );
#8956 = DIRECTION( '', ( 0.000000000000000, -1.00000000000000, 0.000000000000000 ) );
#8957 = DIRECTION( '', ( -1.00000000000000, -0.000000000000000, -0.000000000000000 ) );
#8958 = DIRECTION( '', ( 0.000000000000000, -1.00000000000000, 0.000000000000000 ) );
#8959 = CARTESIAN_POINT( '', ( -6.72500000000000, -0.300000000000000, -0.936500000000000 ) );
#8960 = DIRECTION( '', ( 1.00000000000000, 0.000000000000000, 0.000000000000000 ) );
#8961 = DIRECTION( '', ( 0.000000000000000, 0.000000000000000, -1.00000000000000 ) );
#8962 = DIRECTION( '', ( -1.00000000000000, -0.000000000000000, -0.000000000000000 ) );
#8963 = DIRECTION( '', ( 0.000000000000000, 1.00000000000000, 0.000000000000000 ) );
#8964 = CARTESIAN_POINT( '', ( 6.97500000000000, -0.300000000000000, 0.563500000000000 ) );
#8965 = DIRECTION( '', ( 1.00000000000000, 0.000000000000000, 0.000000000000000 ) );
#8966 = DIRECTION( '', ( 0.000000000000000, 0.000000000000000, -1.00000000000000 ) );
#8967 = DIRECTION( '', ( 0.000000000000000, -1.00000000000000, 0.000000000000000 ) );
#8968 = DIRECTION( '', ( 0.000000000000000, 1.00000000000000, 0.000000000000000 ) );
#8969 = DIRECTION( '', ( -0.000000000000000, -1.00000000000000, -0.000000000000000 ) );
#8970 = DIRECTION( '', ( 0.000000000000000, -1.00000000000000, 0.000000000000000 ) );
#8971 = DIRECTION( '', ( 1.00000000000000, 0.000000000000000, 0.000000000000000 ) );
#8972 = DIRECTION( '', ( 0.000000000000000, 1.00000000000000, 0.000000000000000 ) );
#8973 = DIRECTION( '', ( 0.000000000000000, 0.000000000000000, 1.00000000000000 ) );
#8974 = DIRECTION( '', ( -1.00000000000000, -0.000000000000000, -0.000000000000000 ) );
#8975 = DIRECTION( '', ( 0.000000000000000, 0.000000000000000, 1.00000000000000 ) );
#8976 = DIRECTION( '', ( -0.000000000000000, -1.00000000000000, -0.000000000000000 ) );
#8977 = DIRECTION( '', ( -0.000000000000000, -1.00000000000000, -0.000000000000000 ) );
#8978 = DIRECTION( '', ( 0.000000000000000, -0.707106781186547, 0.707106781186548 ) );
#8979 = DIRECTION( '', ( -1.00000000000000, -0.000000000000000, -0.000000000000000 ) );
#8980 = DIRECTION( '', ( -0.000000000000000, 0.707106781186547, -0.707106781186548 ) );
#8981 = DIRECTION( '', ( -1.00000000000000, -0.000000000000000, -0.000000000000000 ) );
#8982 = DIRECTION( '', ( -0.000000000000000, -0.000000000000000, -1.00000000000000 ) );
#8983 = DIRECTION( '', ( -0.000000000000000, -0.000000000000000, -1.00000000000000 ) );
#8984 = DIRECTION( '', ( -1.00000000000000, -0.000000000000000, -0.000000000000000 ) );
#8985 = DIRECTION( '', ( 0.000000000000000, -1.00000000000000, 0.000000000000000 ) );
#8986 = DIRECTION( '', ( -1.00000000000000, -0.000000000000000, -0.000000000000000 ) );
#8987 = DIRECTION( '', ( -0.000000000000000, -1.00000000000000, -0.000000000000000 ) );
#8988 = DIRECTION( '', ( 0.000000000000000, -1.00000000000000, 0.000000000000000 ) );
#8989 = DIRECTION( '', ( 0.000000000000000, 1.00000000000000, 0.000000000000000 ) );
#8990 = DIRECTION( '', ( -1.00000000000000, -0.000000000000000, -0.000000000000000 ) );
#8991 = DIRECTION( '', ( 1.05020097033108E-17, -0.707106781186547, 0.707106781186548 ) );
#8992 = DIRECTION( '', ( -1.00000000000000, -0.000000000000000, -0.000000000000000 ) );
#8993 = DIRECTION( '', ( -1.00000000000000, -0.000000000000000, -0.000000000000000 ) );
#8994 = DIRECTION( '', ( 0.000000000000000, 0.000000000000000, 1.00000000000000 ) );
#8995 = DIRECTION( '', ( 0.000000000000000, -1.00000000000000, 0.000000000000000 ) );
#8996 = DIRECTION( '', ( -0.000000000000000, -0.000000000000000, -1.00000000000000 ) );
#8997 = DIRECTION( '', ( -0.000000000000000, -1.00000000000000, -0.000000000000000 ) );
#8998 = DIRECTION( '', ( -1.00000000000000, 0.000000000000000, 0.000000000000000 ) );
#8999 = DIRECTION( '', ( -0.000000000000000, -1.00000000000000, -0.000000000000000 ) );
#9000 = DIRECTION( '', ( -0.000000000000000, -1.00000000000000, -0.000000000000000 ) );
#9001 = DIRECTION( '', ( -0.000000000000000, -1.00000000000000, -0.000000000000000 ) );
#9002 = DIRECTION( '', ( -0.000000000000000, -1.00000000000000, -0.000000000000000 ) );
#9003 = DIRECTION( '', ( 0.000000000000000, 0.000000000000000, -1.00000000000000 ) );
#9004 = DIRECTION( '', ( 0.000000000000000, -1.00000000000000, 0.000000000000000 ) );
#9005 = DIRECTION( '', ( -0.000000000000000, -0.000000000000000, -1.00000000000000 ) );
#9006 = DIRECTION( '', ( 0.000000000000000, 0.000000000000000, -1.00000000000000 ) );
#9007 = DIRECTION( '', ( -0.000000000000000, -0.000000000000000, -1.00000000000000 ) );
#9008 = DIRECTION( '', ( 0.000000000000000, 0.819231920519040, 0.573462344363329 ) );
#9009 = DIRECTION( '', ( 0.000000000000000, -1.00000000000000, 0.000000000000000 ) );
#9010 = DIRECTION( '', ( 0.000000000000000, 0.000000000000000, -1.00000000000000 ) );
#9011 = DIRECTION( '', ( 0.000000000000000, 1.00000000000000, -0.000000000000000 ) );
#9012 = DIRECTION( '', ( 0.000000000000000, 0.000000000000000, 1.00000000000000 ) );
#9013 = DIRECTION( '', ( 0.000000000000000, 1.00000000000000, -0.000000000000000 ) );
#9014 = DIRECTION( '', ( 0.000000000000000, 1.00000000000000, 0.000000000000000 ) );
#9015 = DIRECTION( '', ( 0.000000000000000, 0.819231920519040, -0.573462344363329 ) );
#9016 = DIRECTION( '', ( 0.000000000000000, 1.00000000000000, 0.000000000000000 ) );
#9017 = DIRECTION( '', ( 0.000000000000000, 0.000000000000000, 1.00000000000000 ) );
#9018 = DIRECTION( '', ( 0.000000000000000, 0.707106781186547, 0.707106781186548 ) );
#9019 = DIRECTION( '', ( -0.000000000000000, -0.000000000000000, -1.00000000000000 ) );
#9020 = DIRECTION( '', ( 0.000000000000000, -0.707106781186547, 0.707106781186548 ) );
#9021 = DIRECTION( '', ( 1.00000000000000, 0.000000000000000, 0.000000000000000 ) );
#9022 = DIRECTION( '', ( 0.000000000000000, -0.000000000000000, 1.00000000000000 ) );
#9023 = DIRECTION( '', ( 1.00000000000000, 0.000000000000000, 0.000000000000000 ) );
#9024 = DIRECTION( '', ( -0.000000000000000, -1.00000000000000, -0.000000000000000 ) );
#9025 = DIRECTION( '', ( 0.000000000000000, 0.000000000000000, -1.00000000000000 ) );
#9026 = DIRECTION( '', ( -1.00000000000000, 0.000000000000000, 0.000000000000000 ) );
#9027 = DIRECTION( '', ( 0.000000000000000, 0.000000000000000, 1.00000000000000 ) );
#9028 = DIRECTION( '', ( -1.00000000000000, -0.000000000000000, -0.000000000000000 ) );
#9029 = DIRECTION( '', ( 0.000000000000000, 0.707106781186547, -0.707106781186547 ) );
#9030 = DIRECTION( '', ( -1.00000000000000, -0.000000000000000, -0.000000000000000 ) );
#9031 = DIRECTION( '', ( -0.000000000000000, -1.00000000000000, -0.000000000000000 ) );
#9032 = DIRECTION( '', ( 0.000000000000000, -0.707106781186547, 0.707106781186548 ) );
#9033 = DIRECTION( '', ( -0.000000000000000, 0.707106781186547, -0.707106781186548 ) );
#9034 = DIRECTION( '', ( 0.000000000000000, -0.819231920519040, 0.573462344363329 ) );
#9035 = DIRECTION( '', ( -1.00000000000000, -0.000000000000000, -0.000000000000000 ) );
#9036 = DIRECTION( '', ( -1.00000000000000, -0.000000000000000, -0.000000000000000 ) );
#9037 = DIRECTION( '', ( 0.000000000000000, -0.707106781186547, -0.707106781186548 ) );
#9038 = DIRECTION( '', ( -1.00000000000000, -0.000000000000000, -0.000000000000000 ) );
#9039 = DIRECTION( '', ( 0.481918749772156, 0.876215908676647, 0.000000000000000 ) );
#9040 = DIRECTION( '', ( 1.00000000000000, 0.000000000000000, 0.000000000000000 ) );
#9041 = DIRECTION( '', ( 0.000000000000000, -1.00000000000000, 0.000000000000000 ) );
#9042 = DIRECTION( '', ( -1.00000000000000, 0.000000000000000, 0.000000000000000 ) );
#9043 = DIRECTION( '', ( 0.000000000000000, 1.00000000000000, 0.000000000000000 ) );
#9044 = DIRECTION( '', ( 0.000000000000000, -1.00000000000000, 0.000000000000000 ) );
#9045 = DIRECTION( '', ( -1.00000000000000, 0.000000000000000, 0.000000000000000 ) );
#9046 = DIRECTION( '', ( 0.000000000000000, -1.00000000000000, 0.000000000000000 ) );
#9047 = DIRECTION( '', ( 0.000000000000000, 1.00000000000000, 0.000000000000000 ) );
#9048 = DIRECTION( '', ( -0.000000000000000, -1.00000000000000, -0.000000000000000 ) );
#9049 = CARTESIAN_POINT( '', ( -6.72500000000000, -0.300000000000000, 0.336500000000000 ) );
#9050 = DIRECTION( '', ( 1.00000000000000, 0.000000000000000, 0.000000000000000 ) );
#9051 = DIRECTION( '', ( 0.000000000000000, 0.000000000000000, -1.00000000000000 ) );
#9052 = DIRECTION( '', ( -1.00000000000000, -0.000000000000000, -0.000000000000000 ) );
#9053 = DIRECTION( '', ( -0.000000000000000, -1.00000000000000, -0.000000000000000 ) );
#9054 = DIRECTION( '', ( -1.00000000000000, 0.000000000000000, 0.000000000000000 ) );
#9055 = DIRECTION( '', ( 0.000000000000000, 0.000000000000000, 1.00000000000000 ) );
#9056 = DIRECTION( '', ( 0.000000000000000, 0.000000000000000, 1.00000000000000 ) );
#9057 = DIRECTION( '', ( -1.00000000000000, -0.000000000000000, -0.000000000000000 ) );
#9058 = DIRECTION( '', ( 0.000000000000000, 0.000000000000000, -1.00000000000000 ) );
#9059 = DIRECTION( '', ( -1.00000000000000, -0.000000000000000, -0.000000000000000 ) );
#9060 = DIRECTION( '', ( -1.00000000000000, 0.000000000000000, 0.000000000000000 ) );
#9061 = DIRECTION( '', ( -0.000000000000000, -0.000000000000000, -1.00000000000000 ) );
#9062 = DIRECTION( '', ( -1.00000000000000, -0.000000000000000, -0.000000000000000 ) );
#9063 = DIRECTION( '', ( 0.000000000000000, -0.707106781186547, -0.707106781186547 ) );
#9064 = DIRECTION( '', ( 0.000000000000000, 0.000000000000000, 1.00000000000000 ) );
#9065 = DIRECTION( '', ( 0.000000000000000, 1.00000000000000, 0.000000000000000 ) );
#9066 = DIRECTION( '', ( -1.00000000000000, -0.000000000000000, -0.000000000000000 ) );
#9067 = DIRECTION( '', ( 0.000000000000000, -1.00000000000000, 0.000000000000000 ) );
#9068 = DIRECTION( '', ( -1.00000000000000, -0.000000000000000, -0.000000000000000 ) );
#9069 = DIRECTION( '', ( 0.000000000000000, 0.000000000000000, -1.00000000000000 ) );
#9070 = DIRECTION( '', ( 0.000000000000000, -1.00000000000000, 0.000000000000000 ) );
#9071 = DIRECTION( '', ( 0.000000000000000, -1.00000000000000, 0.000000000000000 ) );
#9072 = DIRECTION( '', ( 0.000000000000000, 0.000000000000000, -1.00000000000000 ) );
#9073 = DIRECTION( '', ( 0.000000000000000, -1.00000000000000, 0.000000000000000 ) );
#9074 = DIRECTION( '', ( -0.000000000000000, -0.000000000000000, -1.00000000000000 ) );
#9075 = DIRECTION( '', ( 0.000000000000000, 1.00000000000000, 0.000000000000000 ) );
#9076 = DIRECTION( '', ( -1.00000000000000, -0.000000000000000, -0.000000000000000 ) );
#9077 = DIRECTION( '', ( -1.00000000000000, -0.000000000000000, -0.000000000000000 ) );
#9078 = DIRECTION( '', ( -0.000000000000000, -1.00000000000000, -0.000000000000000 ) );
#9079 = DIRECTION( '', ( 0.000000000000000, 1.00000000000000, 0.000000000000000 ) );
#9080 = DIRECTION( '', ( -1.00000000000000, -0.000000000000000, -0.000000000000000 ) );
#9081 = DIRECTION( '', ( -1.00000000000000, -0.000000000000000, -0.000000000000000 ) );
#9082 = DIRECTION( '', ( 0.000000000000000, 0.000000000000000, 1.00000000000000 ) );
#9083 = DIRECTION( '', ( 0.000000000000000, 0.000000000000000, 1.00000000000000 ) );
#9084 = DIRECTION( '', ( 1.00000000000000, 0.000000000000000, 0.000000000000000 ) );
#9085 = DIRECTION( '', ( 0.000000000000000, 0.000000000000000, 1.00000000000000 ) );
#9086 = DIRECTION( '', ( -0.000000000000000, -1.00000000000000, -0.000000000000000 ) );
#9087 = DIRECTION( '', ( 1.00000000000000, 0.000000000000000, 0.000000000000000 ) );
#9088 = DIRECTION( '', ( 0.000000000000000, 0.000000000000000, 1.00000000000000 ) );
#9089 = DIRECTION( '', ( -1.00000000000000, -0.000000000000000, -0.000000000000000 ) );
#9090 = DIRECTION( '', ( 0.000000000000000, 1.00000000000000, 0.000000000000000 ) );
#9091 = DIRECTION( '', ( 0.000000000000000, 1.00000000000000, 0.000000000000000 ) );
#9092 = DIRECTION( '', ( -1.00000000000000, 0.000000000000000, 0.000000000000000 ) );
#9093 = DIRECTION( '', ( 0.000000000000000, 0.000000000000000, -1.00000000000000 ) );
#9094 = DIRECTION( '', ( -1.00000000000000, -0.000000000000000, -0.000000000000000 ) );
#9095 = DIRECTION( '', ( 0.000000000000000, 1.00000000000000, 0.000000000000000 ) );
#9096 = DIRECTION( '', ( -1.00000000000000, -0.000000000000000, -0.000000000000000 ) );
#9097 = DIRECTION( '', ( -0.000000000000000, -0.000000000000000, -1.00000000000000 ) );
#9098 = DIRECTION( '', ( -1.00000000000000, -0.000000000000000, -0.000000000000000 ) );
#9099 = DIRECTION( '', ( -1.00000000000000, 0.000000000000000, 0.000000000000000 ) );
#9100 = DIRECTION( '', ( 0.000000000000000, -1.00000000000000, 0.000000000000000 ) );
#9101 = DIRECTION( '', ( -0.000000000000000, -0.000000000000000, -1.00000000000000 ) );
#9102 = DIRECTION( '', ( 1.00000000000000, 0.000000000000000, 0.000000000000000 ) );
#9103 = DIRECTION( '', ( 0.000000000000000, 1.00000000000000, 0.000000000000000 ) );
#9104 = DIRECTION( '', ( -1.00000000000000, -0.000000000000000, -0.000000000000000 ) );
#9105 = DIRECTION( '', ( 0.000000000000000, 1.00000000000000, 0.000000000000000 ) );
#9106 = DIRECTION( '', ( -1.00000000000000, -0.000000000000000, -0.000000000000000 ) );
#9107 = DIRECTION( '', ( -1.00000000000000, 0.000000000000000, 0.000000000000000 ) );
#9108 = DIRECTION( '', ( -0.000000000000000, -1.00000000000000, -0.000000000000000 ) );
#9109 = DIRECTION( '', ( -1.00000000000000, -0.000000000000000, -0.000000000000000 ) );
#9110 = DIRECTION( '', ( 0.000000000000000, 0.000000000000000, -1.00000000000000 ) );
#9111 = DIRECTION( '', ( 0.000000000000000, 0.000000000000000, -1.00000000000000 ) );
#9112 = DIRECTION( '', ( -0.000000000000000, -1.00000000000000, -0.000000000000000 ) );
#9113 = DIRECTION( '', ( -1.00000000000000, -0.000000000000000, -0.000000000000000 ) );
#9114 = DIRECTION( '', ( 0.000000000000000, 0.000000000000000, -1.00000000000000 ) );
#9115 = DIRECTION( '', ( 1.00000000000000, 0.000000000000000, 0.000000000000000 ) );
#9116 = DIRECTION( '', ( 0.000000000000000, 0.000000000000000, -1.00000000000000 ) );
#9117 = DIRECTION( '', ( 0.000000000000000, -1.00000000000000, 3.76538565207793E-17 ) );
#9118 = DIRECTION( '', ( 0.000000000000000, 1.00000000000000, 0.000000000000000 ) );
#9119 = DIRECTION( '', ( 0.000000000000000, -1.00000000000000, 0.000000000000000 ) );
#9120 = DIRECTION( '', ( -1.00000000000000, 0.000000000000000, 0.000000000000000 ) );
#9121 = DIRECTION( '', ( -1.00000000000000, 0.000000000000000, -2.83451548362223E-17 ) );
#9122 = DIRECTION( '', ( -0.000000000000000, -1.00000000000000, -0.000000000000000 ) );
#9123 = DIRECTION( '', ( -0.000000000000000, -1.00000000000000, -0.000000000000000 ) );
#9124 = DIRECTION( '', ( 1.00000000000000, -0.000000000000000, 0.000000000000000 ) );
#9125 = DIRECTION( '', ( -0.000000000000000, -1.00000000000000, -0.000000000000000 ) );
#9126 = DIRECTION( '', ( 0.000000000000000, -1.00000000000000, 0.000000000000000 ) );
#9127 = DIRECTION( '', ( 0.000000000000000, -0.000000000000000, 1.00000000000000 ) );
#9128 = DIRECTION( '', ( 0.000000000000000, -1.00000000000000, 0.000000000000000 ) );
#9129 = DIRECTION( '', ( -0.000000000000000, 0.707106781186547, -0.707106781186548 ) );
#9130 = DIRECTION( '', ( 0.000000000000000, -1.00000000000000, 0.000000000000000 ) );
#9131 = DIRECTION( '', ( 0.000000000000000, -1.00000000000000, 0.000000000000000 ) );
#9132 = DIRECTION( '', ( -0.000000000000000, -1.00000000000000, -0.000000000000000 ) );
#9133 = DIRECTION( '', ( -0.000000000000000, -1.00000000000000, -0.000000000000000 ) );
#9134 = DIRECTION( '', ( 1.00000000000000, 0.000000000000000, 0.000000000000000 ) );
#9135 = DIRECTION( '', ( -1.00000000000000, -0.000000000000000, -0.000000000000000 ) );
#9136 = DIRECTION( '', ( -1.48520845545960E-17, 1.00000000000000, 0.000000000000000 ) );
#9137 = DIRECTION( '', ( 0.000000000000000, 0.000000000000000, -1.00000000000000 ) );
#9138 = DIRECTION( '', ( -1.00000000000000, -0.000000000000000, -0.000000000000000 ) );
#9139 = DIRECTION( '', ( 0.000000000000000, -1.00000000000000, 0.000000000000000 ) );
#9140 = DIRECTION( '', ( -1.00000000000000, -0.000000000000000, -0.000000000000000 ) );
#9141 = CARTESIAN_POINT( '', ( 6.97500000000000, -0.300000000000000, 1.83650000000000 ) );
#9142 = DIRECTION( '', ( 1.00000000000000, 0.000000000000000, 0.000000000000000 ) );
#9143 = DIRECTION( '', ( 0.000000000000000, 0.000000000000000, -1.00000000000000 ) );
#9144 = DIRECTION( '', ( 1.00000000000000, 0.000000000000000, 0.000000000000000 ) );
#9145 = DIRECTION( '', ( 0.000000000000000, 1.00000000000000, 0.000000000000000 ) );
#9146 = DIRECTION( '', ( -1.00000000000000, -0.000000000000000, -0.000000000000000 ) );
#9147 = DIRECTION( '', ( 0.000000000000000, -1.00000000000000, 0.000000000000000 ) );
#9148 = DIRECTION( '', ( -1.00000000000000, 0.000000000000000, 0.000000000000000 ) );
#9149 = DIRECTION( '', ( 1.21673017533728E-17, -0.819231920519040, -0.573462344363329 ) );
#9150 = DIRECTION( '', ( -0.000000000000000, -1.00000000000000, -0.000000000000000 ) );
#9151 = DIRECTION( '', ( 0.000000000000000, 0.000000000000000, -1.00000000000000 ) );
#9152 = DIRECTION( '', ( 0.000000000000000, 0.000000000000000, 1.00000000000000 ) );
#9153 = DIRECTION( '', ( -1.00000000000000, -0.000000000000000, -0.000000000000000 ) );
#9154 = DIRECTION( '', ( 0.000000000000000, 1.00000000000000, 0.000000000000000 ) );
#9155 = DIRECTION( '', ( 0.000000000000000, 1.00000000000000, 0.000000000000000 ) );
#9156 = DIRECTION( '', ( -1.00000000000000, -0.000000000000000, -0.000000000000000 ) );
#9157 = DIRECTION( '', ( 1.00000000000000, -0.000000000000000, 0.000000000000000 ) );
#9158 = DIRECTION( '', ( 0.000000000000000, 0.000000000000000, -1.00000000000000 ) );
#9159 = DIRECTION( '', ( -0.000000000000000, -1.00000000000000, -0.000000000000000 ) );
#9160 = DIRECTION( '', ( 0.000000000000000, 0.000000000000000, 1.00000000000000 ) );
#9161 = DIRECTION( '', ( 0.000000000000000, -1.00000000000000, 0.000000000000000 ) );
#9162 = DIRECTION( '', ( -1.00000000000000, -0.000000000000000, -0.000000000000000 ) );
#9163 = DIRECTION( '', ( -1.48520845545960E-17, 1.00000000000000, 0.000000000000000 ) );
#9164 = DIRECTION( '', ( 0.000000000000000, 1.00000000000000, 0.000000000000000 ) );
#9165 = DIRECTION( '', ( 0.000000000000000, -1.00000000000000, 0.000000000000000 ) );
#9166 = CARTESIAN_POINT( '', ( -6.72500000000000, -0.300000000000000, 2.33650000000000 ) );
#9167 = DIRECTION( '', ( 1.00000000000000, 0.000000000000000, 0.000000000000000 ) );
#9168 = DIRECTION( '', ( 0.000000000000000, 0.000000000000000, -1.00000000000000 ) );
#9169 = DIRECTION( '', ( 0.000000000000000, 1.00000000000000, 0.000000000000000 ) );
#9170 = DIRECTION( '', ( 0.000000000000000, 0.000000000000000, -1.00000000000000 ) );
#9171 = DIRECTION( '', ( 0.000000000000000, -1.00000000000000, 0.000000000000000 ) );
#9172 = DIRECTION( '', ( -1.00000000000000, -0.000000000000000, -0.000000000000000 ) );
#9173 = DIRECTION( '', ( -1.00000000000000, 0.000000000000000, 0.000000000000000 ) );
#9174 = DIRECTION( '', ( 0.000000000000000, -1.00000000000000, 0.000000000000000 ) );
#9175 = DIRECTION( '', ( 1.00000000000000, -0.000000000000000, 0.000000000000000 ) );
#9176 = DIRECTION( '', ( 0.000000000000000, 1.00000000000000, 0.000000000000000 ) );
#9177 = DIRECTION( '', ( 0.000000000000000, 0.000000000000000, 1.00000000000000 ) );
#9178 = DIRECTION( '', ( -1.00000000000000, 0.000000000000000, 0.000000000000000 ) );
#9179 = DIRECTION( '', ( -1.00000000000000, 0.000000000000000, 0.000000000000000 ) );
#9180 = DIRECTION( '', ( 0.000000000000000, 0.000000000000000, 1.00000000000000 ) );
#9181 = DIRECTION( '', ( -0.000000000000000, -1.00000000000000, -0.000000000000000 ) );
#9182 = DIRECTION( '', ( 0.000000000000000, -0.819231920519040, -0.573462344363329 ) );
#9183 = DIRECTION( '', ( -1.00000000000000, -0.000000000000000, -0.000000000000000 ) );
#9184 = DIRECTION( '', ( -1.00000000000000, -0.000000000000000, -0.000000000000000 ) );
#9185 = DIRECTION( '', ( 0.000000000000000, 0.707106781186547, -0.707106781186547 ) );
#9186 = CARTESIAN_POINT( '', ( -6.72500000000000, -0.300000000000000, 1.06350000000000 ) );
#9187 = DIRECTION( '', ( 1.00000000000000, 0.000000000000000, 0.000000000000000 ) );
#9188 = DIRECTION( '', ( 0.000000000000000, 0.000000000000000, -1.00000000000000 ) );
#9189 = DIRECTION( '', ( 0.000000000000000, 0.000000000000000, -1.00000000000000 ) );
#9190 = DIRECTION( '', ( 0.000000000000000, 0.707106781186547, -0.707106781186547 ) );
#9191 = DIRECTION( '', ( 0.000000000000000, 0.000000000000000, 1.00000000000000 ) );
#9192 = DIRECTION( '', ( 0.000000000000000, 0.000000000000000, 1.00000000000000 ) );
#9193 = DIRECTION( '', ( 0.000000000000000, 1.00000000000000, -0.000000000000000 ) );
#9194 = DIRECTION( '', ( 0.000000000000000, 0.000000000000000, 1.00000000000000 ) );
#9195 = DIRECTION( '', ( -0.000000000000000, -0.000000000000000, -1.00000000000000 ) );
#9196 = DIRECTION( '', ( 0.000000000000000, 0.000000000000000, 1.00000000000000 ) );
#9197 = DIRECTION( '', ( -0.000000000000000, -0.000000000000000, -1.00000000000000 ) );
#9198 = DIRECTION( '', ( 1.00000000000000, 0.000000000000000, 0.000000000000000 ) );
#9199 = DIRECTION( '', ( 0.000000000000000, 0.000000000000000, -1.00000000000000 ) );
#9200 = DIRECTION( '', ( -1.00000000000000, 0.000000000000000, 0.000000000000000 ) );
#9201 = DIRECTION( '', ( -0.000000000000000, -0.000000000000000, -1.00000000000000 ) );
#9202 = DIRECTION( '', ( -1.00000000000000, 0.000000000000000, 0.000000000000000 ) );
#9203 = DIRECTION( '', ( 0.000000000000000, 1.00000000000000, 0.000000000000000 ) );
#9204 = DIRECTION( '', ( -1.48520845545960E-17, 1.00000000000000, 0.000000000000000 ) );
#9205 = DIRECTION( '', ( 0.000000000000000, 0.000000000000000, -1.00000000000000 ) );
#9206 = DIRECTION( '', ( 0.000000000000000, -0.707106781186547, -0.707106781186547 ) );
#9207 = CARTESIAN_POINT( '', ( 6.97500000000000, -0.300000000000000, -1.43650000000000 ) );
#9208 = DIRECTION( '', ( 1.00000000000000, 0.000000000000000, 0.000000000000000 ) );
#9209 = DIRECTION( '', ( 0.000000000000000, 0.000000000000000, -1.00000000000000 ) );
#9210 = DIRECTION( '', ( 0.000000000000000, 0.000000000000000, 1.00000000000000 ) );
#9211 = DIRECTION( '', ( 0.000000000000000, 0.000000000000000, 1.00000000000000 ) );
ENDSEC;
END-ISO-10303-21;
