ISO-10303-21;
HEADER;
/* Generated by software containing ST-Developer
 * from STEP Tools, Inc. (www.steptools.com) 
 */

FILE_DESCRIPTION(
/* description */ (''),
/* implementation_level */ '2;1');

FILE_NAME(
/* name */ 
'/Users/arthuradmiraal/Documents/TU Delft/LOBSTER/Scout/DreamCrusher-i
nterposer-external/Libraries/Footprints/LOBSTER.3dshapes/Screw_DIN933_
M3x0_5mm.step',
/* time_stamp */ '2020-12-23T12:59:53+01:00',
/* author */ (''),
/* organization */ (''),
/* preprocessor_version */ 'ST-DEVELOPER v18.1',
/* originating_system */ 'Autodesk Translation Framework v9.7.0.1280',
/* authorisation */ '');

FILE_SCHEMA (('AUTOMOTIVE_DESIGN { 1 0 10303 214 3 1 1 }'));
ENDSEC;

DATA;
#10=MECHANICAL_DESIGN_GEOMETRIC_PRESENTATION_REPRESENTATION('',(#13),#5673);
#11=SHAPE_REPRESENTATION_RELATIONSHIP('SRR','None',#5680,#12);
#12=ADVANCED_BREP_SHAPE_REPRESENTATION('',(#14),#5672);
#13=STYLED_ITEM('',(#5689),#14);
#14=MANIFOLD_SOLID_BREP('Body1',#1449);
#15=FACE_BOUND('',#205,.T.);
#16=FACE_BOUND('',#219,.T.);
#17=TOROIDAL_SURFACE('',#1541,1.6,0.1);
#18=(
BOUNDED_CURVE()
B_SPLINE_CURVE(2,(#5555,#5556,#5557),.UNSPECIFIED.,.F.,.F.)
B_SPLINE_CURVE_WITH_KNOTS((3,3),(0.00150136828460067,1.6124120093164),
 .UNSPECIFIED.)
CURVE()
GEOMETRIC_REPRESENTATION_ITEM()
RATIONAL_B_SPLINE_CURVE((1.00007075032021,1.03799156647159,1.))
REPRESENTATION_ITEM('')
);
#19=(
BOUNDED_CURVE()
B_SPLINE_CURVE(2,(#5560,#5561,#5562),.UNSPECIFIED.,.F.,.F.)
B_SPLINE_CURVE_WITH_KNOTS((3,3),(1.61241200931641,3.22332265034821),
 .UNSPECIFIED.)
CURVE()
GEOMETRIC_REPRESENTATION_ITEM()
RATIONAL_B_SPLINE_CURVE((1.,1.03799156647159,1.00007075032021))
REPRESENTATION_ITEM('')
);
#20=(
BOUNDED_CURVE()
B_SPLINE_CURVE(2,(#5568,#5569,#5570),.UNSPECIFIED.,.F.,.F.)
B_SPLINE_CURVE_WITH_KNOTS((3,3),(1.6124120093164,3.22332265034821),
 .UNSPECIFIED.)
CURVE()
GEOMETRIC_REPRESENTATION_ITEM()
RATIONAL_B_SPLINE_CURVE((1.,1.0379915664716,1.00007075032021))
REPRESENTATION_ITEM('')
);
#21=(
BOUNDED_CURVE()
B_SPLINE_CURVE(2,(#5571,#5572,#5573),.UNSPECIFIED.,.F.,.F.)
B_SPLINE_CURVE_WITH_KNOTS((3,3),(0.00150136828460157,1.6124120093164),
 .UNSPECIFIED.)
CURVE()
GEOMETRIC_REPRESENTATION_ITEM()
RATIONAL_B_SPLINE_CURVE((1.00007075032021,1.03799156647161,1.))
REPRESENTATION_ITEM('')
);
#22=(
BOUNDED_CURVE()
B_SPLINE_CURVE(2,(#5608,#5609,#5610),.UNSPECIFIED.,.F.,.F.)
B_SPLINE_CURVE_WITH_KNOTS((3,3),(0.00150136828460079,1.6124120093164),
 .UNSPECIFIED.)
CURVE()
GEOMETRIC_REPRESENTATION_ITEM()
RATIONAL_B_SPLINE_CURVE((1.00007075032021,1.03799156647162,1.))
REPRESENTATION_ITEM('')
);
#23=(
BOUNDED_CURVE()
B_SPLINE_CURVE(2,(#5613,#5614,#5615),.UNSPECIFIED.,.F.,.F.)
B_SPLINE_CURVE_WITH_KNOTS((3,3),(1.6124120093164,3.22332265034821),
 .UNSPECIFIED.)
CURVE()
GEOMETRIC_REPRESENTATION_ITEM()
RATIONAL_B_SPLINE_CURVE((1.,1.03799156647161,1.00007075032021))
REPRESENTATION_ITEM('')
);
#24=(
BOUNDED_CURVE()
B_SPLINE_CURVE(2,(#5619,#5620,#5621),.UNSPECIFIED.,.F.,.F.)
B_SPLINE_CURVE_WITH_KNOTS((3,3),(0.00150136828459911,1.6124120093164),
 .UNSPECIFIED.)
CURVE()
GEOMETRIC_REPRESENTATION_ITEM()
RATIONAL_B_SPLINE_CURVE((1.00007075032021,1.03799156647162,1.))
REPRESENTATION_ITEM('')
);
#25=(
BOUNDED_CURVE()
B_SPLINE_CURVE(2,(#5623,#5624,#5625),.UNSPECIFIED.,.F.,.F.)
B_SPLINE_CURVE_WITH_KNOTS((3,3),(1.6124120093164,3.22332265034821),
 .UNSPECIFIED.)
CURVE()
GEOMETRIC_REPRESENTATION_ITEM()
RATIONAL_B_SPLINE_CURVE((1.,1.03799156647161,1.00007075032021))
REPRESENTATION_ITEM('')
);
#26=(
BOUNDED_CURVE()
B_SPLINE_CURVE(2,(#5628,#5629,#5630),.UNSPECIFIED.,.F.,.F.)
B_SPLINE_CURVE_WITH_KNOTS((3,3),(1.6124120093164,3.22332265034821),
 .UNSPECIFIED.)
CURVE()
GEOMETRIC_REPRESENTATION_ITEM()
RATIONAL_B_SPLINE_CURVE((1.,1.0379915664716,1.00007075032021))
REPRESENTATION_ITEM('')
);
#27=(
BOUNDED_CURVE()
B_SPLINE_CURVE(2,(#5631,#5632,#5633),.UNSPECIFIED.,.F.,.F.)
B_SPLINE_CURVE_WITH_KNOTS((3,3),(0.00150136828460084,1.61241200931641),
 .UNSPECIFIED.)
CURVE()
GEOMETRIC_REPRESENTATION_ITEM()
RATIONAL_B_SPLINE_CURVE((1.00007075032021,1.03799156647159,1.))
REPRESENTATION_ITEM('')
);
#28=(
BOUNDED_CURVE()
B_SPLINE_CURVE(2,(#5637,#5638,#5639),.UNSPECIFIED.,.F.,.F.)
B_SPLINE_CURVE_WITH_KNOTS((3,3),(1.6124120093164,3.22332265034821),
 .UNSPECIFIED.)
CURVE()
GEOMETRIC_REPRESENTATION_ITEM()
RATIONAL_B_SPLINE_CURVE((1.,1.03799156647158,1.00007075032021))
REPRESENTATION_ITEM('')
);
#29=(
BOUNDED_CURVE()
B_SPLINE_CURVE(2,(#5640,#5641,#5642),.UNSPECIFIED.,.F.,.F.)
B_SPLINE_CURVE_WITH_KNOTS((3,3),(0.00150136828459913,1.6124120093164),
 .UNSPECIFIED.)
CURVE()
GEOMETRIC_REPRESENTATION_ITEM()
RATIONAL_B_SPLINE_CURVE((1.00007075032021,1.03799156647161,1.))
REPRESENTATION_ITEM('')
);
#30=CONICAL_SURFACE('',#1528,2.963125,1.0471975511966);
#31=CONICAL_SURFACE('',#1530,2.963125,1.0471975511966);
#32=CONICAL_SURFACE('',#1532,1.3646875,0.785398163397447);
#33=CONICAL_SURFACE('',#1536,1.3646875,0.785398163397448);
#34=CONICAL_SURFACE('',#1547,2.45,0.785398163397448);
#35=CONICAL_SURFACE('',#1551,2.963125,1.0471975511966);
#36=CONICAL_SURFACE('',#1553,2.963125,1.0471975511966);
#37=CONICAL_SURFACE('',#1555,2.963125,1.0471975511966);
#38=CONICAL_SURFACE('',#1557,2.963125,1.0471975511966);
#39=B_SPLINE_SURFACE_WITH_KNOTS('',3,3,((#3970,#3971,#3972,#3973,#3974,
#3975,#3976,#3977,#3978,#3979,#3980,#3981,#3982,#3983,#3984,#3985,#3986,
#3987,#3988,#3989,#3990,#3991,#3992,#3993,#3994,#3995,#3996,#3997,#3998,
#3999,#4000,#4001,#4002,#4003,#4004,#4005,#4006,#4007,#4008,#4009,#4010,
#4011,#4012,#4013,#4014,#4015,#4016,#4017,#4018,#4019,#4020,#4021,#4022,
#4023,#4024,#4025,#4026,#4027,#4028,#4029,#4030,#4031,#4032,#4033,#4034,
#4035,#4036,#4037,#4038,#4039,#4040,#4041,#4042,#4043,#4044,#4045,#4046,
#4047,#4048,#4049,#4050,#4051,#4052,#4053,#4054,#4055,#4056,#4057,#4058,
#4059,#4060,#4061,#4062,#4063,#4064,#4065,#4066,#4067,#4068,#4069,#4070,
#4071,#4072,#4073,#4074,#4075,#4076,#4077,#4078,#4079,#4080,#4081,#4082,
#4083,#4084,#4085,#4086,#4087,#4088,#4089,#4090,#4091,#4092,#4093,#4094,
#4095,#4096,#4097,#4098,#4099,#4100,#4101,#4102,#4103,#4104,#4105,#4106,
#4107,#4108,#4109,#4110,#4111,#4112,#4113,#4114,#4115,#4116,#4117,#4118,
#4119,#4120,#4121,#4122,#4123,#4124,#4125,#4126,#4127,#4128,#4129,#4130,
#4131,#4132,#4133,#4134,#4135,#4136,#4137,#4138,#4139,#4140,#4141),(#4142,
#4143,#4144,#4145,#4146,#4147,#4148,#4149,#4150,#4151,#4152,#4153,#4154,
#4155,#4156,#4157,#4158,#4159,#4160,#4161,#4162,#4163,#4164,#4165,#4166,
#4167,#4168,#4169,#4170,#4171,#4172,#4173,#4174,#4175,#4176,#4177,#4178,
#4179,#4180,#4181,#4182,#4183,#4184,#4185,#4186,#4187,#4188,#4189,#4190,
#4191,#4192,#4193,#4194,#4195,#4196,#4197,#4198,#4199,#4200,#4201,#4202,
#4203,#4204,#4205,#4206,#4207,#4208,#4209,#4210,#4211,#4212,#4213,#4214,
#4215,#4216,#4217,#4218,#4219,#4220,#4221,#4222,#4223,#4224,#4225,#4226,
#4227,#4228,#4229,#4230,#4231,#4232,#4233,#4234,#4235,#4236,#4237,#4238,
#4239,#4240,#4241,#4242,#4243,#4244,#4245,#4246,#4247,#4248,#4249,#4250,
#4251,#4252,#4253,#4254,#4255,#4256,#4257,#4258,#4259,#4260,#4261,#4262,
#4263,#4264,#4265,#4266,#4267,#4268,#4269,#4270,#4271,#4272,#4273,#4274,
#4275,#4276,#4277,#4278,#4279,#4280,#4281,#4282,#4283,#4284,#4285,#4286,
#4287,#4288,#4289,#4290,#4291,#4292,#4293,#4294,#4295,#4296,#4297,#4298,
#4299,#4300,#4301,#4302,#4303,#4304,#4305,#4306,#4307,#4308,#4309,#4310,
#4311,#4312,#4313),(#4314,#4315,#4316,#4317,#4318,#4319,#4320,#4321,#4322,
#4323,#4324,#4325,#4326,#4327,#4328,#4329,#4330,#4331,#4332,#4333,#4334,
#4335,#4336,#4337,#4338,#4339,#4340,#4341,#4342,#4343,#4344,#4345,#4346,
#4347,#4348,#4349,#4350,#4351,#4352,#4353,#4354,#4355,#4356,#4357,#4358,
#4359,#4360,#4361,#4362,#4363,#4364,#4365,#4366,#4367,#4368,#4369,#4370,
#4371,#4372,#4373,#4374,#4375,#4376,#4377,#4378,#4379,#4380,#4381,#4382,
#4383,#4384,#4385,#4386,#4387,#4388,#4389,#4390,#4391,#4392,#4393,#4394,
#4395,#4396,#4397,#4398,#4399,#4400,#4401,#4402,#4403,#4404,#4405,#4406,
#4407,#4408,#4409,#4410,#4411,#4412,#4413,#4414,#4415,#4416,#4417,#4418,
#4419,#4420,#4421,#4422,#4423,#4424,#4425,#4426,#4427,#4428,#4429,#4430,
#4431,#4432,#4433,#4434,#4435,#4436,#4437,#4438,#4439,#4440,#4441,#4442,
#4443,#4444,#4445,#4446,#4447,#4448,#4449,#4450,#4451,#4452,#4453,#4454,
#4455,#4456,#4457,#4458,#4459,#4460,#4461,#4462,#4463,#4464,#4465,#4466,
#4467,#4468,#4469,#4470,#4471,#4472,#4473,#4474,#4475,#4476,#4477,#4478,
#4479,#4480,#4481,#4482,#4483,#4484,#4485),(#4486,#4487,#4488,#4489,#4490,
#4491,#4492,#4493,#4494,#4495,#4496,#4497,#4498,#4499,#4500,#4501,#4502,
#4503,#4504,#4505,#4506,#4507,#4508,#4509,#4510,#4511,#4512,#4513,#4514,
#4515,#4516,#4517,#4518,#4519,#4520,#4521,#4522,#4523,#4524,#4525,#4526,
#4527,#4528,#4529,#4530,#4531,#4532,#4533,#4534,#4535,#4536,#4537,#4538,
#4539,#4540,#4541,#4542,#4543,#4544,#4545,#4546,#4547,#4548,#4549,#4550,
#4551,#4552,#4553,#4554,#4555,#4556,#4557,#4558,#4559,#4560,#4561,#4562,
#4563,#4564,#4565,#4566,#4567,#4568,#4569,#4570,#4571,#4572,#4573,#4574,
#4575,#4576,#4577,#4578,#4579,#4580,#4581,#4582,#4583,#4584,#4585,#4586,
#4587,#4588,#4589,#4590,#4591,#4592,#4593,#4594,#4595,#4596,#4597,#4598,
#4599,#4600,#4601,#4602,#4603,#4604,#4605,#4606,#4607,#4608,#4609,#4610,
#4611,#4612,#4613,#4614,#4615,#4616,#4617,#4618,#4619,#4620,#4621,#4622,
#4623,#4624,#4625,#4626,#4627,#4628,#4629,#4630,#4631,#4632,#4633,#4634,
#4635,#4636,#4637,#4638,#4639,#4640,#4641,#4642,#4643,#4644,#4645,#4646,
#4647,#4648,#4649,#4650,#4651,#4652,#4653,#4654,#4655,#4656,#4657)),
 .UNSPECIFIED.,.F.,.F.,.F.,(4,4),(4,1,1,1,1,1,1,1,1,1,1,1,1,1,1,1,1,1,1,
1,1,1,1,1,1,1,1,1,1,1,1,1,1,1,1,1,1,1,1,1,1,1,1,1,1,1,1,1,1,1,1,1,1,1,1,
1,1,1,1,1,1,1,1,1,1,1,1,1,1,1,1,1,1,1,1,1,1,1,1,1,1,1,1,1,1,1,1,1,1,1,1,
1,1,1,1,1,1,1,1,1,1,1,1,1,1,1,1,1,1,1,1,1,1,1,1,1,1,1,1,1,1,1,1,1,1,1,1,
1,1,1,1,1,1,1,1,1,1,1,1,1,1,1,1,1,1,1,1,1,1,1,1,1,1,1,1,1,1,1,1,1,1,1,1,
1,1,1,1,1,1,4),(0.,0.0329955678841871),(8.30203615430844,9.3007170681965,
10.2993979820846,11.2980788959726,12.2967598098607,13.2954407237487,14.2941216376368,
15.2928025515248,16.2914834654129,17.290164379301,18.288845293189,19.2875262070771,
20.2862071209651,21.2848880348532,22.2835689487412,23.2822498626293,24.2809307765174,
25.2796116904054,26.2782926042935,27.2769735181815,28.2756544320696,29.2743353459577,
30.2730162598457,31.2716971737338,32.2703780876218,33.2690590015099,34.2677399153979,
35.266420829286,36.2651017431741,37.2637826570621,38.2624635709502,39.2611444848382,
40.2598253987263,41.2585063126143,42.2571872265024,43.2558681403905,44.2545490542785,
45.2532299681666,46.2519108820546,47.2505917959427,48.2492727098307,49.2479536237188,
50.2466345376069,51.2453154514949,52.243996365383,53.242677279271,54.2413581931591,
55.2400391070472,56.2387200209352,57.2374009348233,58.2360818487113,59.2347627625994,
60.2334436764874,61.2321245903755,62.2308055042636,63.2294864181516,64.2281673320397,
65.2268482459277,66.2255291598158,67.2242100737039,68.2228909875919,69.22157190148,
70.220252815368,71.2189337292561,72.2176146431441,73.2162955570322,74.2149764709202,
75.2136573848083,76.2123382986964,77.2110192125844,78.2097001264725,79.2083810403605,
80.2070619542486,81.2057428681367,82.2044237820247,83.2031046959128,84.2017856098008,
85.2004665236889,86.199147437577,87.197828351465,88.1965092653531,89.1951901792411,
90.1938710931292,91.1925520070172,92.1912329209053,93.1899138347934,94.1885947486814,
95.1872756625695,96.1859565764575,97.1846374903456,98.1833184042336,99.1819993181217,
100.18068023201,101.179361145898,102.178042059786,103.176722973674,104.175403887562,
105.17408480145,106.172765715338,107.171446629226,108.170127543114,109.168808457002,
110.16748937089,111.166170284778,112.164851198666,113.163532112555,114.162213026443,
115.160893940331,116.159574854219,117.158255768107,118.156936681995,119.155617595883,
120.154298509771,121.152979423659,122.151660337547,123.150341251435,124.149022165323,
125.147703079211,126.146383993099,127.145064906987,128.143745820875,129.142426734763,
130.141107648651,131.13978856254,132.138469476428,133.137150390316,134.135831304204,
135.134512218092,136.13319313198,137.131874045868,138.130554959756,139.129235873644,
140.127916787532,141.12659770142,142.125278615308,143.123959529196,144.122640443084,
145.121321356972,146.12000227086,147.118683184748,148.117364098637,149.116045012525,
150.114725926413,151.113406840301,152.112087754189,153.110768668077,154.109449581965,
155.108130495853,156.106811409741,157.105492323629,158.104173237517,159.102854151405,
160.101535065293,161.100215979181,162.098896893069,163.097577806957,164.096258720845,
165.094939634734,166.093620548622,167.09230146251,168.090982376398,169.089663290286,
170.088344204174,171.087025118062,172.08570603195,173.084386945838,174.083067859726,
175.081748773614,176.080429687502,177.07911060139),.UNSPECIFIED.);
#40=B_SPLINE_SURFACE_WITH_KNOTS('',3,3,((#4789,#4790,#4791,#4792,#4793,
#4794,#4795,#4796,#4797,#4798,#4799,#4800,#4801,#4802,#4803,#4804,#4805,
#4806,#4807,#4808,#4809,#4810,#4811,#4812,#4813,#4814,#4815,#4816,#4817,
#4818,#4819,#4820,#4821,#4822,#4823,#4824,#4825,#4826,#4827,#4828,#4829,
#4830,#4831,#4832,#4833,#4834,#4835,#4836,#4837,#4838,#4839,#4840,#4841,
#4842,#4843,#4844,#4845,#4846,#4847,#4848,#4849,#4850,#4851,#4852,#4853,
#4854,#4855,#4856,#4857,#4858,#4859,#4860,#4861,#4862,#4863,#4864,#4865,
#4866,#4867,#4868,#4869,#4870,#4871,#4872,#4873,#4874,#4875,#4876,#4877,
#4878,#4879,#4880,#4881,#4882,#4883,#4884,#4885,#4886,#4887,#4888,#4889,
#4890,#4891,#4892,#4893,#4894,#4895,#4896,#4897,#4898,#4899,#4900,#4901,
#4902,#4903,#4904,#4905,#4906,#4907,#4908,#4909,#4910,#4911,#4912,#4913,
#4914,#4915,#4916,#4917,#4918,#4919,#4920,#4921,#4922,#4923,#4924,#4925,
#4926,#4927,#4928,#4929,#4930,#4931,#4932,#4933,#4934,#4935,#4936,#4937,
#4938,#4939,#4940,#4941,#4942,#4943,#4944,#4945,#4946,#4947,#4948,#4949,
#4950,#4951,#4952,#4953,#4954,#4955,#4956,#4957,#4958,#4959,#4960),(#4961,
#4962,#4963,#4964,#4965,#4966,#4967,#4968,#4969,#4970,#4971,#4972,#4973,
#4974,#4975,#4976,#4977,#4978,#4979,#4980,#4981,#4982,#4983,#4984,#4985,
#4986,#4987,#4988,#4989,#4990,#4991,#4992,#4993,#4994,#4995,#4996,#4997,
#4998,#4999,#5000,#5001,#5002,#5003,#5004,#5005,#5006,#5007,#5008,#5009,
#5010,#5011,#5012,#5013,#5014,#5015,#5016,#5017,#5018,#5019,#5020,#5021,
#5022,#5023,#5024,#5025,#5026,#5027,#5028,#5029,#5030,#5031,#5032,#5033,
#5034,#5035,#5036,#5037,#5038,#5039,#5040,#5041,#5042,#5043,#5044,#5045,
#5046,#5047,#5048,#5049,#5050,#5051,#5052,#5053,#5054,#5055,#5056,#5057,
#5058,#5059,#5060,#5061,#5062,#5063,#5064,#5065,#5066,#5067,#5068,#5069,
#5070,#5071,#5072,#5073,#5074,#5075,#5076,#5077,#5078,#5079,#5080,#5081,
#5082,#5083,#5084,#5085,#5086,#5087,#5088,#5089,#5090,#5091,#5092,#5093,
#5094,#5095,#5096,#5097,#5098,#5099,#5100,#5101,#5102,#5103,#5104,#5105,
#5106,#5107,#5108,#5109,#5110,#5111,#5112,#5113,#5114,#5115,#5116,#5117,
#5118,#5119,#5120,#5121,#5122,#5123,#5124,#5125,#5126,#5127,#5128,#5129,
#5130,#5131,#5132),(#5133,#5134,#5135,#5136,#5137,#5138,#5139,#5140,#5141,
#5142,#5143,#5144,#5145,#5146,#5147,#5148,#5149,#5150,#5151,#5152,#5153,
#5154,#5155,#5156,#5157,#5158,#5159,#5160,#5161,#5162,#5163,#5164,#5165,
#5166,#5167,#5168,#5169,#5170,#5171,#5172,#5173,#5174,#5175,#5176,#5177,
#5178,#5179,#5180,#5181,#5182,#5183,#5184,#5185,#5186,#5187,#5188,#5189,
#5190,#5191,#5192,#5193,#5194,#5195,#5196,#5197,#5198,#5199,#5200,#5201,
#5202,#5203,#5204,#5205,#5206,#5207,#5208,#5209,#5210,#5211,#5212,#5213,
#5214,#5215,#5216,#5217,#5218,#5219,#5220,#5221,#5222,#5223,#5224,#5225,
#5226,#5227,#5228,#5229,#5230,#5231,#5232,#5233,#5234,#5235,#5236,#5237,
#5238,#5239,#5240,#5241,#5242,#5243,#5244,#5245,#5246,#5247,#5248,#5249,
#5250,#5251,#5252,#5253,#5254,#5255,#5256,#5257,#5258,#5259,#5260,#5261,
#5262,#5263,#5264,#5265,#5266,#5267,#5268,#5269,#5270,#5271,#5272,#5273,
#5274,#5275,#5276,#5277,#5278,#5279,#5280,#5281,#5282,#5283,#5284,#5285,
#5286,#5287,#5288,#5289,#5290,#5291,#5292,#5293,#5294,#5295,#5296,#5297,
#5298,#5299,#5300,#5301,#5302,#5303,#5304),(#5305,#5306,#5307,#5308,#5309,
#5310,#5311,#5312,#5313,#5314,#5315,#5316,#5317,#5318,#5319,#5320,#5321,
#5322,#5323,#5324,#5325,#5326,#5327,#5328,#5329,#5330,#5331,#5332,#5333,
#5334,#5335,#5336,#5337,#5338,#5339,#5340,#5341,#5342,#5343,#5344,#5345,
#5346,#5347,#5348,#5349,#5350,#5351,#5352,#5353,#5354,#5355,#5356,#5357,
#5358,#5359,#5360,#5361,#5362,#5363,#5364,#5365,#5366,#5367,#5368,#5369,
#5370,#5371,#5372,#5373,#5374,#5375,#5376,#5377,#5378,#5379,#5380,#5381,
#5382,#5383,#5384,#5385,#5386,#5387,#5388,#5389,#5390,#5391,#5392,#5393,
#5394,#5395,#5396,#5397,#5398,#5399,#5400,#5401,#5402,#5403,#5404,#5405,
#5406,#5407,#5408,#5409,#5410,#5411,#5412,#5413,#5414,#5415,#5416,#5417,
#5418,#5419,#5420,#5421,#5422,#5423,#5424,#5425,#5426,#5427,#5428,#5429,
#5430,#5431,#5432,#5433,#5434,#5435,#5436,#5437,#5438,#5439,#5440,#5441,
#5442,#5443,#5444,#5445,#5446,#5447,#5448,#5449,#5450,#5451,#5452,#5453,
#5454,#5455,#5456,#5457,#5458,#5459,#5460,#5461,#5462,#5463,#5464,#5465,
#5466,#5467,#5468,#5469,#5470,#5471,#5472,#5473,#5474,#5475,#5476)),
 .UNSPECIFIED.,.F.,.F.,.F.,(4,4),(4,1,1,1,1,1,1,1,1,1,1,1,1,1,1,1,1,1,1,
1,1,1,1,1,1,1,1,1,1,1,1,1,1,1,1,1,1,1,1,1,1,1,1,1,1,1,1,1,1,1,1,1,1,1,1,
1,1,1,1,1,1,1,1,1,1,1,1,1,1,1,1,1,1,1,1,1,1,1,1,1,1,1,1,1,1,1,1,1,1,1,1,
1,1,1,1,1,1,1,1,1,1,1,1,1,1,1,1,1,1,1,1,1,1,1,1,1,1,1,1,1,1,1,1,1,1,1,1,
1,1,1,1,1,1,1,1,1,1,1,1,1,1,1,1,1,1,1,1,1,1,1,1,1,1,1,1,1,1,1,1,1,1,1,1,
1,1,1,1,1,1,4),(0.,0.0329955678841871),(11.6159397475005,12.6146206613886,
13.6133015752766,14.6119824891647,15.6106634030527,16.6093443169408,17.6080252308288,
18.6067061447169,19.605387058605,20.604067972493,21.6027488863811,22.6014298002691,
23.6001107141572,24.5987916280452,25.5974725419333,26.5961534558214,27.5948343697094,
28.5935152835975,29.5921961974855,30.5908771113736,31.5895580252616,32.5882389391497,
33.5869198530378,34.5856007669258,35.5842816808139,36.5829625947019,37.58164350859,
38.580324422478,39.5790053363661,40.5776862502542,41.5763671641422,42.5750480780303,
43.5737289919183,44.5724099058064,45.5710908196945,46.5697717335825,47.5684526474706,
48.5671335613586,49.5658144752467,50.5644953891347,51.5631763030228,52.5618572169109,
53.5605381307989,54.559219044687,55.557899958575,56.5565808724631,57.5552617863511,
58.5539427002392,59.5526236141273,60.5513045280153,61.5499854419034,62.5486663557914,
63.5473472696795,64.5460281835675,65.5447090974556,66.5433900113437,67.5420709252317,
68.5407518391198,69.5394327530078,70.5381136668959,71.5367945807839,72.535475494672,
73.5341564085601,74.5328373224481,75.5315182363362,76.5301991502242,77.5288800641123,
78.5275609780004,79.5262418918884,80.5249228057765,81.5236037196645,82.5222846335526,
83.5209655474406,84.5196464613287,85.5183273752168,86.5170082891048,87.5156892029929,
88.5143701168809,89.513051030769,90.511731944657,91.5104128585451,92.5090937724332,
93.5077746863212,94.5064556002093,95.5051365140973,96.5038174279854,97.5024983418734,
98.5011792557615,99.4998601696496,100.498541083538,101.497221997426,102.495902911314,
103.494583825202,104.49326473909,105.491945652978,106.490626566866,107.489307480754,
108.487988394642,109.48666930853,110.485350222418,111.484031136306,112.482712050194,
113.481392964082,114.48007387797,115.478754791858,116.477435705747,117.476116619635,
118.474797533523,119.473478447411,120.472159361299,121.470840275187,122.469521189075,
123.468202102963,124.466883016851,125.465563930739,126.464244844627,127.462925758515,
128.461606672403,129.460287586291,130.458968500179,131.457649414067,132.456330327955,
133.455011241844,134.453692155732,135.45237306962,136.451053983508,137.449734897396,
138.448415811284,139.447096725172,140.44577763906,141.444458552948,142.443139466836,
143.441820380724,144.440501294612,145.4391822085,146.437863122388,147.436544036276,
148.435224950164,149.433905864052,150.432586777941,151.431267691829,152.429948605717,
153.428629519605,154.427310433493,155.425991347381,156.424672261269,157.423353175157,
158.422034089045,159.420715002933,160.419395916821,161.418076830709,162.416757744597,
163.415438658485,164.414119572373,165.412800486261,166.411481400149,167.410162314037,
168.408843227926,169.407524141814,170.406205055702,171.40488596959,172.403566883478,
173.402247797366,174.400928711254,175.399609625142,176.39829053903,177.396971452918,
178.395652366806,179.394333280694,180.393014194582),.UNSPECIFIED.);
#41=PLANE('',#1518);
#42=PLANE('',#1521);
#43=PLANE('',#1525);
#44=PLANE('',#1549);
#45=PLANE('',#1550);
#46=PLANE('',#1559);
#47=PLANE('',#1560);
#48=PLANE('',#1561);
#49=PLANE('',#1562);
#50=PLANE('',#1563);
#51=PLANE('',#1564);
#52=PLANE('',#1565);
#53=PLANE('',#1566);
#54=FACE_OUTER_BOUND('',#136,.T.);
#55=FACE_OUTER_BOUND('',#137,.T.);
#56=FACE_OUTER_BOUND('',#138,.T.);
#57=FACE_OUTER_BOUND('',#139,.T.);
#58=FACE_OUTER_BOUND('',#140,.T.);
#59=FACE_OUTER_BOUND('',#141,.T.);
#60=FACE_OUTER_BOUND('',#142,.T.);
#61=FACE_OUTER_BOUND('',#143,.T.);
#62=FACE_OUTER_BOUND('',#144,.T.);
#63=FACE_OUTER_BOUND('',#145,.T.);
#64=FACE_OUTER_BOUND('',#146,.T.);
#65=FACE_OUTER_BOUND('',#147,.T.);
#66=FACE_OUTER_BOUND('',#148,.T.);
#67=FACE_OUTER_BOUND('',#149,.T.);
#68=FACE_OUTER_BOUND('',#150,.T.);
#69=FACE_OUTER_BOUND('',#151,.T.);
#70=FACE_OUTER_BOUND('',#152,.T.);
#71=FACE_OUTER_BOUND('',#153,.T.);
#72=FACE_OUTER_BOUND('',#154,.T.);
#73=FACE_OUTER_BOUND('',#155,.T.);
#74=FACE_OUTER_BOUND('',#156,.T.);
#75=FACE_OUTER_BOUND('',#157,.T.);
#76=FACE_OUTER_BOUND('',#158,.T.);
#77=FACE_OUTER_BOUND('',#159,.T.);
#78=FACE_OUTER_BOUND('',#160,.T.);
#79=FACE_OUTER_BOUND('',#161,.T.);
#80=FACE_OUTER_BOUND('',#162,.T.);
#81=FACE_OUTER_BOUND('',#163,.T.);
#82=FACE_OUTER_BOUND('',#164,.T.);
#83=FACE_OUTER_BOUND('',#165,.T.);
#84=FACE_OUTER_BOUND('',#166,.T.);
#85=FACE_OUTER_BOUND('',#167,.T.);
#86=FACE_OUTER_BOUND('',#168,.T.);
#87=FACE_OUTER_BOUND('',#169,.T.);
#88=FACE_OUTER_BOUND('',#170,.T.);
#89=FACE_OUTER_BOUND('',#171,.T.);
#90=FACE_OUTER_BOUND('',#172,.T.);
#91=FACE_OUTER_BOUND('',#173,.T.);
#92=FACE_OUTER_BOUND('',#174,.T.);
#93=FACE_OUTER_BOUND('',#175,.T.);
#94=FACE_OUTER_BOUND('',#176,.T.);
#95=FACE_OUTER_BOUND('',#177,.T.);
#96=FACE_OUTER_BOUND('',#178,.T.);
#97=FACE_OUTER_BOUND('',#179,.T.);
#98=FACE_OUTER_BOUND('',#180,.T.);
#99=FACE_OUTER_BOUND('',#181,.T.);
#100=FACE_OUTER_BOUND('',#182,.T.);
#101=FACE_OUTER_BOUND('',#183,.T.);
#102=FACE_OUTER_BOUND('',#184,.T.);
#103=FACE_OUTER_BOUND('',#185,.T.);
#104=FACE_OUTER_BOUND('',#186,.T.);
#105=FACE_OUTER_BOUND('',#187,.T.);
#106=FACE_OUTER_BOUND('',#188,.T.);
#107=FACE_OUTER_BOUND('',#189,.T.);
#108=FACE_OUTER_BOUND('',#190,.T.);
#109=FACE_OUTER_BOUND('',#191,.T.);
#110=FACE_OUTER_BOUND('',#192,.T.);
#111=FACE_OUTER_BOUND('',#193,.T.);
#112=FACE_OUTER_BOUND('',#194,.T.);
#113=FACE_OUTER_BOUND('',#195,.T.);
#114=FACE_OUTER_BOUND('',#196,.T.);
#115=FACE_OUTER_BOUND('',#197,.T.);
#116=FACE_OUTER_BOUND('',#198,.T.);
#117=FACE_OUTER_BOUND('',#199,.T.);
#118=FACE_OUTER_BOUND('',#200,.T.);
#119=FACE_OUTER_BOUND('',#201,.T.);
#120=FACE_OUTER_BOUND('',#202,.T.);
#121=FACE_OUTER_BOUND('',#203,.T.);
#122=FACE_OUTER_BOUND('',#204,.T.);
#123=FACE_OUTER_BOUND('',#206,.T.);
#124=FACE_OUTER_BOUND('',#207,.T.);
#125=FACE_OUTER_BOUND('',#208,.T.);
#126=FACE_OUTER_BOUND('',#209,.T.);
#127=FACE_OUTER_BOUND('',#210,.T.);
#128=FACE_OUTER_BOUND('',#211,.T.);
#129=FACE_OUTER_BOUND('',#212,.T.);
#130=FACE_OUTER_BOUND('',#213,.T.);
#131=FACE_OUTER_BOUND('',#214,.T.);
#132=FACE_OUTER_BOUND('',#215,.T.);
#133=FACE_OUTER_BOUND('',#216,.T.);
#134=FACE_OUTER_BOUND('',#217,.T.);
#135=FACE_OUTER_BOUND('',#218,.T.);
#136=EDGE_LOOP('',(#866,#867,#868,#869));
#137=EDGE_LOOP('',(#870,#871,#872,#873));
#138=EDGE_LOOP('',(#874,#875,#876,#877));
#139=EDGE_LOOP('',(#878,#879,#880,#881));
#140=EDGE_LOOP('',(#882,#883,#884,#885));
#141=EDGE_LOOP('',(#886,#887,#888,#889));
#142=EDGE_LOOP('',(#890,#891,#892,#893));
#143=EDGE_LOOP('',(#894,#895,#896,#897));
#144=EDGE_LOOP('',(#898,#899,#900,#901));
#145=EDGE_LOOP('',(#902,#903,#904,#905));
#146=EDGE_LOOP('',(#906,#907,#908,#909));
#147=EDGE_LOOP('',(#910,#911,#912,#913));
#148=EDGE_LOOP('',(#914,#915,#916,#917));
#149=EDGE_LOOP('',(#918,#919,#920,#921));
#150=EDGE_LOOP('',(#922,#923,#924,#925));
#151=EDGE_LOOP('',(#926,#927,#928,#929));
#152=EDGE_LOOP('',(#930,#931,#932,#933));
#153=EDGE_LOOP('',(#934,#935,#936,#937));
#154=EDGE_LOOP('',(#938,#939,#940,#941));
#155=EDGE_LOOP('',(#942,#943,#944,#945));
#156=EDGE_LOOP('',(#946,#947,#948,#949));
#157=EDGE_LOOP('',(#950,#951,#952,#953));
#158=EDGE_LOOP('',(#954,#955,#956,#957));
#159=EDGE_LOOP('',(#958,#959,#960,#961));
#160=EDGE_LOOP('',(#962,#963,#964,#965));
#161=EDGE_LOOP('',(#966,#967,#968,#969));
#162=EDGE_LOOP('',(#970,#971,#972,#973));
#163=EDGE_LOOP('',(#974,#975,#976,#977));
#164=EDGE_LOOP('',(#978,#979,#980,#981));
#165=EDGE_LOOP('',(#982,#983,#984,#985));
#166=EDGE_LOOP('',(#986,#987,#988,#989));
#167=EDGE_LOOP('',(#990,#991,#992,#993));
#168=EDGE_LOOP('',(#994,#995,#996,#997));
#169=EDGE_LOOP('',(#998,#999,#1000,#1001));
#170=EDGE_LOOP('',(#1002,#1003,#1004,#1005));
#171=EDGE_LOOP('',(#1006,#1007,#1008,#1009));
#172=EDGE_LOOP('',(#1010,#1011,#1012,#1013));
#173=EDGE_LOOP('',(#1014,#1015,#1016,#1017));
#174=EDGE_LOOP('',(#1018,#1019,#1020,#1021));
#175=EDGE_LOOP('',(#1022,#1023,#1024,#1025));
#176=EDGE_LOOP('',(#1026,#1027,#1028,#1029));
#177=EDGE_LOOP('',(#1030,#1031,#1032,#1033));
#178=EDGE_LOOP('',(#1034,#1035,#1036,#1037));
#179=EDGE_LOOP('',(#1038,#1039,#1040,#1041));
#180=EDGE_LOOP('',(#1042,#1043,#1044,#1045));
#181=EDGE_LOOP('',(#1046,#1047,#1048,#1049));
#182=EDGE_LOOP('',(#1050,#1051,#1052,#1053));
#183=EDGE_LOOP('',(#1054,#1055,#1056,#1057));
#184=EDGE_LOOP('',(#1058,#1059,#1060,#1061));
#185=EDGE_LOOP('',(#1062,#1063,#1064,#1065));
#186=EDGE_LOOP('',(#1066,#1067,#1068,#1069));
#187=EDGE_LOOP('',(#1070,#1071,#1072,#1073));
#188=EDGE_LOOP('',(#1074,#1075,#1076,#1077));
#189=EDGE_LOOP('',(#1078,#1079,#1080,#1081,#1082));
#190=EDGE_LOOP('',(#1083,#1084,#1085,#1086,#1087,#1088,#1089,#1090,#1091,
#1092,#1093,#1094,#1095,#1096,#1097,#1098,#1099,#1100,#1101,#1102,#1103,
#1104,#1105,#1106,#1107,#1108,#1109,#1110,#1111,#1112,#1113,#1114,#1115,
#1116,#1117,#1118,#1119,#1120,#1121,#1122,#1123,#1124,#1125,#1126,#1127,
#1128,#1129,#1130,#1131,#1132,#1133,#1134,#1135,#1136,#1137,#1138,#1139,
#1140));
#191=EDGE_LOOP('',(#1141,#1142,#1143,#1144));
#192=EDGE_LOOP('',(#1145,#1146,#1147,#1148));
#193=EDGE_LOOP('',(#1149,#1150,#1151,#1152,#1153,#1154,#1155,#1156,#1157,
#1158,#1159,#1160,#1161,#1162,#1163,#1164,#1165,#1166,#1167,#1168,#1169,
#1170,#1171,#1172,#1173,#1174,#1175,#1176,#1177,#1178,#1179,#1180,#1181,
#1182,#1183,#1184,#1185,#1186,#1187,#1188,#1189,#1190,#1191,#1192,#1193,
#1194,#1195,#1196,#1197,#1198,#1199,#1200,#1201,#1202,#1203,#1204,#1205,
#1206));
#194=EDGE_LOOP('',(#1207,#1208,#1209,#1210,#1211));
#195=EDGE_LOOP('',(#1212,#1213,#1214));
#196=EDGE_LOOP('',(#1215,#1216,#1217));
#197=EDGE_LOOP('',(#1218,#1219,#1220,#1221,#1222,#1223));
#198=EDGE_LOOP('',(#1224,#1225,#1226,#1227));
#199=EDGE_LOOP('',(#1228,#1229,#1230,#1231,#1232,#1233));
#200=EDGE_LOOP('',(#1234,#1235,#1236,#1237,#1238));
#201=EDGE_LOOP('',(#1239,#1240,#1241,#1242,#1243));
#202=EDGE_LOOP('',(#1244,#1245,#1246,#1247));
#203=EDGE_LOOP('',(#1248,#1249,#1250,#1251));
#204=EDGE_LOOP('',(#1252));
#205=EDGE_LOOP('',(#1253));
#206=EDGE_LOOP('',(#1254));
#207=EDGE_LOOP('',(#1255,#1256,#1257));
#208=EDGE_LOOP('',(#1258,#1259,#1260));
#209=EDGE_LOOP('',(#1261,#1262,#1263));
#210=EDGE_LOOP('',(#1264,#1265,#1266));
#211=EDGE_LOOP('',(#1267,#1268,#1269,#1270,#1271));
#212=EDGE_LOOP('',(#1272,#1273,#1274,#1275,#1276));
#213=EDGE_LOOP('',(#1277,#1278,#1279,#1280,#1281));
#214=EDGE_LOOP('',(#1282,#1283,#1284,#1285,#1286));
#215=EDGE_LOOP('',(#1287,#1288,#1289,#1290,#1291));
#216=EDGE_LOOP('',(#1292,#1293,#1294,#1295,#1296));
#217=EDGE_LOOP('',(#1297,#1298,#1299,#1300,#1301,#1302));
#218=EDGE_LOOP('',(#1303,#1304,#1305,#1306,#1307,#1308));
#219=EDGE_LOOP('',(#1309));
#220=CIRCLE('',#1464,1.4635);
#221=CIRCLE('',#1492,1.17775);
#222=CIRCLE('',#1519,1.4635);
#223=CIRCLE('',#1520,1.4635);
#224=CIRCLE('',#1522,1.229375);
#225=CIRCLE('',#1523,1.17775);
#226=CIRCLE('',#1526,1.229375);
#227=CIRCLE('',#1527,1.229375);
#228=CIRCLE('',#1529,2.75);
#229=CIRCLE('',#1531,2.75);
#230=CIRCLE('',#1533,1.229375);
#231=CIRCLE('',#1534,1.4635);
#232=CIRCLE('',#1537,1.5);
#233=CIRCLE('',#1539,1.5);
#234=CIRCLE('',#1540,1.5);
#235=CIRCLE('',#1542,0.1);
#236=CIRCLE('',#1543,1.6);
#237=CIRCLE('',#1545,2.3);
#238=CIRCLE('',#1546,2.3);
#239=CIRCLE('',#1548,2.6);
#240=CIRCLE('',#1552,2.75);
#241=CIRCLE('',#1554,2.75);
#242=CIRCLE('',#1556,2.75);
#243=CIRCLE('',#1558,2.75);
#244=B_SPLINE_CURVE_WITH_KNOTS('',3,(#1853,#1854,#1855,#1856,#1857,#1858,
#1859,#1860,#1861,#1862),.UNSPECIFIED.,.F.,.F.,(4,3,3,4),(-4.09202352044852,
-3.99472365555223,-2.99604274166417,-2.07317267331971),.UNSPECIFIED.);
#245=B_SPLINE_CURVE_WITH_KNOTS('',3,(#1865,#1866,#1867,#1868,#1869,#1870,
#1871),.UNSPECIFIED.,.F.,.F.,(4,3,4),(0.,0.998680913888046,1.12274180646102),
 .UNSPECIFIED.);
#246=B_SPLINE_CURVE_WITH_KNOTS('',3,(#1876,#1877,#1878,#1879,#1880,#1881,
#1882,#1883,#1884,#1885,#1886,#1887,#1888,#1889,#1890,#1891,#1892,#1893,
#1894,#1895,#1896,#1897),.UNSPECIFIED.,.F.,.F.,(4,3,3,3,3,3,3,4),(-10.3752088276281,
-9.98680913888058,-8.98812822499252,-7.98944731110446,-6.9907663972164,
-5.99208548332835,-4.99340456944029,-4.09202352044852),.UNSPECIFIED.);
#247=B_SPLINE_CURVE_WITH_KNOTS('',3,(#1898,#1899,#1900,#1901,#1902,#1903,
#1904,#1905,#1906,#1907,#1908,#1909,#1910,#1911,#1912,#1913,#1914,#1915,
#1916,#1917,#1918,#1919),.UNSPECIFIED.,.F.,.F.,(4,3,3,3,3,3,3,4),(1.12274180646102,
1.99736182777611,2.99604274166417,3.99472365555224,4.9934045694403,5.99208548332836,
6.99076639721643,7.4059271136406),.UNSPECIFIED.);
#248=B_SPLINE_CURVE_WITH_KNOTS('',3,(#1924,#1925,#1926,#1927,#1928,#1929,
#1930,#1931,#1932,#1933,#1934,#1935,#1936,#1937,#1938,#1939,#1940,#1941,
#1942,#1943,#1944,#1945),.UNSPECIFIED.,.F.,.F.,(4,3,3,3,3,3,3,4),(-16.6583941348077,
-15.9788946222089,-14.9802137083209,-13.9815327944328,-12.9828518805447,
-11.9841709666567,-10.9854900527686,-10.3752088276281),.UNSPECIFIED.);
#249=B_SPLINE_CURVE_WITH_KNOTS('',3,(#1946,#1947,#1948,#1949,#1950,#1951,
#1952,#1953,#1954,#1955,#1956,#1957,#1958,#1959,#1960,#1961,#1962,#1963,
#1964,#1965,#1966,#1967),.UNSPECIFIED.,.F.,.F.,(4,3,3,3,3,3,3,4),(7.4059271136406,
7.98944731110448,8.98812822499254,9.98680913888059,10.9854900527686,11.9841709666567,
12.9828518805448,13.6891124208202),.UNSPECIFIED.);
#250=B_SPLINE_CURVE_WITH_KNOTS('',3,(#1972,#1973,#1974,#1975,#1976,#1977,
#1978,#1979,#1980,#1981,#1982,#1983,#1984,#1985,#1986,#1987,#1988,#1989,
#1990,#1991,#1992,#1993),.UNSPECIFIED.,.F.,.F.,(4,3,3,3,3,3,3,4),(-22.9415794419873,
-21.9709801055373,-20.9722991916492,-19.9736182777612,-18.9749373638731,
-17.976256449985,-16.977575536097,-16.6583941348077),.UNSPECIFIED.);
#251=B_SPLINE_CURVE_WITH_KNOTS('',3,(#1994,#1995,#1996,#1997,#1998,#1999,
#2000,#2001,#2002,#2003,#2004,#2005,#2006,#2007,#2008,#2009,#2010,#2011,
#2012,#2013,#2014,#2015),.UNSPECIFIED.,.F.,.F.,(4,3,3,3,3,3,3,4),(13.6891124208202,
13.9815327944328,14.9802137083209,15.9788946222089,16.977575536097,17.976256449985,
18.9749373638731,19.9722977279998),.UNSPECIFIED.);
#252=B_SPLINE_CURVE_WITH_KNOTS('',3,(#2020,#2021,#2022,#2023,#2024,#2025,
#2026,#2027,#2028,#2029,#2030,#2031,#2032,#2033,#2034,#2035,#2036,#2037,
#2038,#2039,#2040,#2041,#2042,#2043,#2044),.UNSPECIFIED.,.F.,.F.,(4,3,3,
3,3,3,3,3,4),(-29.2247647491669,-28.9617465027537,-27.9630655888656,-26.9643846749776,
-25.9657037610895,-24.9670228472014,-23.9683419333134,-22.9696610194253,
-22.9415794419873),.UNSPECIFIED.);
#253=B_SPLINE_CURVE_WITH_KNOTS('',3,(#2045,#2046,#2047,#2048,#2049,#2050,
#2051,#2052,#2053,#2054,#2055,#2056,#2057,#2058,#2059,#2060,#2061,#2062,
#2063,#2064,#2065,#2066),.UNSPECIFIED.,.F.,.F.,(4,3,3,3,3,3,3,4),(19.9722977279998,
20.9722991916492,21.9709801055373,22.9696610194253,23.9683419333134,24.9670228472014,
25.9657037610895,26.2554830351794),.UNSPECIFIED.);
#254=B_SPLINE_CURVE_WITH_KNOTS('',3,(#2071,#2072,#2073,#2074,#2075,#2076,
#2077,#2078,#2079,#2080,#2081,#2082,#2083,#2084,#2085,#2086,#2087,#2088,
#2089,#2090,#2091,#2092),.UNSPECIFIED.,.F.,.F.,(4,3,3,3,3,3,3,4),(-35.5079500563465,
-34.953831986082,-33.955151072194,-32.9564701583059,-31.9577892444178,-30.9591083305298,
-29.9604274166417,-29.2247647491669),.UNSPECIFIED.);
#255=B_SPLINE_CURVE_WITH_KNOTS('',3,(#2093,#2094,#2095,#2096,#2097,#2098,
#2099,#2100,#2101,#2102,#2103,#2104,#2105,#2106,#2107,#2108,#2109,#2110,
#2111,#2112,#2113,#2114),.UNSPECIFIED.,.F.,.F.,(4,3,3,3,3,3,3,4),(26.2554830351794,
26.9643846749775,27.9630655888656,28.9617465027537,29.9604274166417,30.9591083305298,
31.9577892444178,32.5386683423589),.UNSPECIFIED.);
#256=B_SPLINE_CURVE_WITH_KNOTS('',3,(#2119,#2120,#2121,#2122,#2123,#2124,
#2125,#2126,#2127,#2128,#2129,#2130,#2131,#2132,#2133,#2134,#2135,#2136,
#2137,#2138,#2139,#2140),.UNSPECIFIED.,.F.,.F.,(4,3,3,3,3,3,3,4),(-41.791135363526,
-40.9459174694104,-39.9472365555223,-38.9485556416343,-37.9498747277462,
-36.9511938138581,-35.9525128999701,-35.5079500563465),.UNSPECIFIED.);
#257=B_SPLINE_CURVE_WITH_KNOTS('',3,(#2141,#2142,#2143,#2144,#2145,#2146,
#2147,#2148,#2149,#2150,#2151,#2152,#2153,#2154,#2155,#2156,#2157,#2158,
#2159,#2160,#2161,#2162),.UNSPECIFIED.,.F.,.F.,(4,3,3,3,3,3,3,4),(32.5386683423589,
32.9564701583059,33.955151072194,34.953831986082,35.9525128999701,36.9511938138581,
37.9498747277462,38.8218536495385),.UNSPECIFIED.);
#258=B_SPLINE_CURVE_WITH_KNOTS('',3,(#2167,#2168,#2169,#2170,#2171,#2172,
#2173,#2174,#2175,#2176,#2177,#2178,#2179,#2180,#2181,#2182,#2183,#2184,
#2185,#2186,#2187,#2188,#2189,#2190,#2191),.UNSPECIFIED.,.F.,.F.,(4,3,3,
3,3,3,3,3,4),(-48.0743206707056,-47.9366838666268,-46.9380029527387,-45.9393220388507,
-44.9406411249626,-43.9419602110745,-42.9432792971865,-41.9445983832984,
-41.791135363526),.UNSPECIFIED.);
#259=B_SPLINE_CURVE_WITH_KNOTS('',3,(#2192,#2193,#2194,#2195,#2196,#2197,
#2198,#2199,#2200,#2201,#2202,#2203,#2204,#2205,#2206,#2207,#2208,#2209,
#2210,#2211,#2212,#2213,#2214,#2215,#2216),.UNSPECIFIED.,.F.,.F.,(4,3,3,
3,3,3,3,3,4),(38.8218536495385,38.9485556416343,39.9472365555223,40.9459174694104,
41.9445983832984,42.9432792971865,43.9419602110745,44.9406411249626,45.1050389567181),
 .UNSPECIFIED.);
#260=B_SPLINE_CURVE_WITH_KNOTS('',3,(#2221,#2222,#2223,#2224,#2225,#2226,
#2227,#2228,#2229,#2230,#2231,#2232,#2233,#2234,#2235,#2236,#2237,#2238,
#2239,#2240,#2241,#2242),.UNSPECIFIED.,.F.,.F.,(4,3,3,3,3,3,3,4),(-54.3575059778852,
-53.9287693499551,-52.9300884360671,-51.931407522179,-50.9327266082909,
-49.9340456944029,-48.9353647805148,-48.0743206707056),.UNSPECIFIED.);
#261=B_SPLINE_CURVE_WITH_KNOTS('',3,(#2243,#2244,#2245,#2246,#2247,#2248,
#2249,#2250,#2251,#2252,#2253,#2254,#2255,#2256,#2257,#2258,#2259,#2260,
#2261,#2262,#2263,#2264),.UNSPECIFIED.,.F.,.F.,(4,3,3,3,3,3,3,4),(45.1050389567181,
45.9393220388507,46.9380029527387,47.9366838666268,48.9353647805148,49.9340456944029,
50.932726608291,51.3882242638977),.UNSPECIFIED.);
#262=B_SPLINE_CURVE_WITH_KNOTS('',3,(#2269,#2270,#2271,#2272,#2273,#2274,
#2275,#2276,#2277,#2278,#2279,#2280,#2281,#2282,#2283,#2284,#2285,#2286,
#2287,#2288,#2289,#2290),.UNSPECIFIED.,.F.,.F.,(4,3,3,3,3,3,3,4),(-60.6406912850648,
-59.9208548332834,-58.9221739193954,-57.9234930055073,-56.9248120916193,
-55.9261311777312,-54.9274502638432,-54.3575059778852),.UNSPECIFIED.);
#263=B_SPLINE_CURVE_WITH_KNOTS('',3,(#2291,#2292,#2293,#2294,#2295,#2296,
#2297,#2298,#2299,#2300,#2301,#2302,#2303,#2304,#2305,#2306,#2307,#2308,
#2309,#2310,#2311,#2312),.UNSPECIFIED.,.F.,.F.,(4,3,3,3,3,3,3,4),(51.3882242638977,
51.931407522179,52.9300884360671,53.9287693499551,54.9274502638432,55.9261311777312,
56.9248120916193,57.6714095710773),.UNSPECIFIED.);
#264=B_SPLINE_CURVE_WITH_KNOTS('',3,(#2317,#2318,#2319,#2320,#2321,#2322,
#2323,#2324,#2325,#2326,#2327,#2328,#2329,#2330,#2331,#2332,#2333,#2334,
#2335,#2336,#2337,#2338,#2339,#2340,#2341),.UNSPECIFIED.,.F.,.F.,(4,3,3,
3,3,3,3,3,4),(-66.9238765922444,-66.9116212304998,-65.9129403166118,-64.9142594027237,
-63.9155784888357,-62.9168975749476,-61.9182166610596,-60.9195357471715,
-60.6406912850648),.UNSPECIFIED.);
#265=B_SPLINE_CURVE_WITH_KNOTS('',3,(#2342,#2343,#2344,#2345,#2346,#2347,
#2348,#2349,#2350,#2351,#2352,#2353,#2354,#2355,#2356,#2357,#2358,#2359,
#2360,#2361,#2362,#2363,#2364,#2365,#2366),.UNSPECIFIED.,.F.,.F.,(4,3,3,
3,3,3,3,3,4),(57.6714095710773,57.9234930055074,58.9221739193954,59.9208548332835,
60.9195357471715,61.9182166610596,62.9168975749476,63.9155784888357,63.9545948782569),
 .UNSPECIFIED.);
#266=B_SPLINE_CURVE_WITH_KNOTS('',3,(#2371,#2372,#2373,#2374,#2375,#2376,
#2377,#2378,#2379,#2380,#2381,#2382,#2383,#2384,#2385,#2386,#2387,#2388,
#2389,#2390,#2391,#2392),.UNSPECIFIED.,.F.,.F.,(4,3,3,3,3,3,3,4),(-73.207061899424,
-72.9037067138282,-71.9050257999401,-70.9063448860521,-69.907663972164,
-68.908983058276,-67.9103021443879,-66.9238765922444),.UNSPECIFIED.);
#267=B_SPLINE_CURVE_WITH_KNOTS('',3,(#2393,#2394,#2395,#2396,#2397,#2398,
#2399,#2400,#2401,#2402,#2403,#2404,#2405,#2406,#2407,#2408,#2409,#2410,
#2411,#2412,#2413,#2414),.UNSPECIFIED.,.F.,.F.,(4,3,3,3,3,3,3,4),(63.9545948782569,
64.9142594027238,65.9129403166118,66.9116212304999,67.9103021443879,68.908983058276,
69.907663972164,70.2377801854365),.UNSPECIFIED.);
#268=B_SPLINE_CURVE_WITH_KNOTS('',3,(#2419,#2420,#2421,#2422,#2423,#2424,
#2425,#2426,#2427,#2428,#2429,#2430,#2431,#2432,#2433,#2434,#2435,#2436,
#2437,#2438,#2439,#2440),.UNSPECIFIED.,.F.,.F.,(4,3,3,3,3,3,3,4),(-79.4902472066036,
-78.8957921971566,-77.8971112832685,-76.8984303693804,-75.8997494554924,
-74.9010685416043,-73.9023876277163,-73.207061899424),.UNSPECIFIED.);
#269=B_SPLINE_CURVE_WITH_KNOTS('',3,(#2441,#2442,#2443,#2444,#2445,#2446,
#2447,#2448,#2449,#2450,#2451,#2452,#2453,#2454,#2455,#2456,#2457,#2458,
#2459,#2460,#2461,#2462),.UNSPECIFIED.,.F.,.F.,(4,3,3,3,3,3,3,4),(70.2377801854365,
70.9063448860521,71.9050257999402,72.9037067138282,73.9023876277163,74.9010685416043,
75.8997494554924,76.5209654926161),.UNSPECIFIED.);
#270=B_SPLINE_CURVE_WITH_KNOTS('',3,(#2467,#2468,#2469,#2470,#2471,#2472,
#2473,#2474,#2475,#2476,#2477,#2478,#2479,#2480,#2481,#2482,#2483,#2484,
#2485,#2486,#2487,#2488),.UNSPECIFIED.,.F.,.F.,(4,3,3,3,3,3,3,4),(-85.7734325137832,
-84.8878776804849,-83.8891967665968,-82.8905158527088,-81.8918349388207,
-80.8931540249327,-79.8944731110446,-79.4902472066036),.UNSPECIFIED.);
#271=B_SPLINE_CURVE_WITH_KNOTS('',3,(#2489,#2490,#2491,#2492,#2493,#2494,
#2495,#2496,#2497,#2498,#2499,#2500,#2501,#2502,#2503,#2504,#2505,#2506,
#2507,#2508,#2509,#2510),.UNSPECIFIED.,.F.,.F.,(4,3,3,3,3,3,3,4),(76.5209654926161,
76.8984303693805,77.8971112832685,78.8957921971566,79.8944731110446,80.8931540249327,
81.8918349388208,82.8041507997957),.UNSPECIFIED.);
#272=B_SPLINE_CURVE_WITH_KNOTS('',3,(#2515,#2516,#2517,#2518,#2519,#2520,
#2521,#2522,#2523,#2524,#2525,#2526,#2527,#2528,#2529,#2530,#2531,#2532,
#2533,#2534,#2535,#2536,#2537,#2538,#2539),.UNSPECIFIED.,.F.,.F.,(4,3,3,
3,3,3,3,3,4),(-92.0566178209628,-91.8786440777013,-90.8799631638132,-89.8812822499252,
-88.8826013360371,-87.883920422149,-86.885239508261,-85.886558594373,-85.7734325137832),
 .UNSPECIFIED.);
#273=B_SPLINE_CURVE_WITH_KNOTS('',3,(#2540,#2541,#2542,#2543,#2544,#2545,
#2546,#2547,#2548,#2549,#2550,#2551,#2552,#2553,#2554,#2555,#2556,#2557,
#2558,#2559,#2560,#2561,#2562,#2563,#2564),.UNSPECIFIED.,.F.,.F.,(4,3,3,
3,3,3,3,3,4),(82.8041507997957,82.8905158527088,83.8891967665969,84.8878776804849,
85.886558594373,86.885239508261,87.8839204221491,88.8826013360371,89.0873361069753),
 .UNSPECIFIED.);
#274=B_SPLINE_CURVE_WITH_KNOTS('',3,(#2569,#2570,#2571,#2572,#2573,#2574,
#2575,#2576,#2577,#2578,#2579,#2580,#2581,#2582,#2583,#2584,#2585,#2586,
#2587,#2588,#2589,#2590),.UNSPECIFIED.,.F.,.F.,(4,3,3,3,3,3,3,4),(-98.3398031281424,
-97.8707295610296,-96.8720486471416,-95.8733677332535,-94.8746868193655,
-93.8760059054774,-92.8773249915893,-92.0566178209628),.UNSPECIFIED.);
#275=B_SPLINE_CURVE_WITH_KNOTS('',3,(#2591,#2592,#2593,#2594,#2595,#2596,
#2597,#2598,#2599,#2600,#2601,#2602,#2603,#2604,#2605,#2606,#2607,#2608,
#2609,#2610,#2611,#2612),.UNSPECIFIED.,.F.,.F.,(4,3,3,3,3,3,3,4),(89.0873361069753,
89.8812822499252,90.8799631638132,91.8786440777013,92.8773249915894,93.8760059054774,
94.8746868193655,95.3705214141549),.UNSPECIFIED.);
#276=B_SPLINE_CURVE_WITH_KNOTS('',3,(#2617,#2618,#2619,#2620,#2621,#2622,
#2623,#2624,#2625,#2626,#2627,#2628,#2629,#2630,#2631,#2632,#2633,#2634,
#2635,#2636,#2637,#2638),.UNSPECIFIED.,.F.,.F.,(4,3,3,3,3,3,3,4),(-104.622988435322,
-103.862815044358,-102.86413413047,-101.865453216582,-100.866772302694,
-99.8680913888058,-98.8694104749177,-98.3398031281424),.UNSPECIFIED.);
#277=B_SPLINE_CURVE_WITH_KNOTS('',3,(#2639,#2640,#2641,#2642,#2643,#2644,
#2645,#2646,#2647,#2648,#2649,#2650,#2651,#2652,#2653,#2654,#2655,#2656,
#2657,#2658,#2659,#2660),.UNSPECIFIED.,.F.,.F.,(4,3,3,3,3,3,3,4),(95.3705214141549,
95.8733677332535,96.8720486471416,97.8707295610297,98.8694104749177,99.8680913888058,
100.866772302694,101.653706721334),.UNSPECIFIED.);
#278=B_SPLINE_CURVE_WITH_KNOTS('',3,(#2665,#2666,#2667,#2668,#2669,#2670,
#2671,#2672,#2673,#2674,#2675,#2676,#2677,#2678,#2679,#2680,#2681,#2682,
#2683,#2684,#2685,#2686,#2687,#2688,#2689),.UNSPECIFIED.,.F.,.F.,(4,3,3,
3,3,3,3,3,4),(-110.906173742502,-110.853581441574,-109.854900527686,-108.856219613798,
-107.85753869991,-106.858857786022,-105.860176872134,-104.861495958246,
-104.622988435322),.UNSPECIFIED.);
#279=B_SPLINE_CURVE_WITH_KNOTS('',3,(#2690,#2691,#2692,#2693,#2694,#2695,
#2696,#2697,#2698,#2699,#2700,#2701,#2702,#2703,#2704,#2705,#2706,#2707,
#2708,#2709,#2710,#2711,#2712,#2713,#2714),.UNSPECIFIED.,.F.,.F.,(4,3,3,
3,3,3,3,3,4),(101.653706721334,101.865453216582,102.86413413047,103.862815044358,
104.861495958246,105.860176872134,106.858857786022,107.85753869991,107.936892028514),
 .UNSPECIFIED.);
#280=B_SPLINE_CURVE_WITH_KNOTS('',3,(#2719,#2720,#2721,#2722,#2723,#2724,
#2725,#2726,#2727,#2728,#2729,#2730,#2731,#2732,#2733,#2734,#2735,#2736,
#2737,#2738,#2739,#2740),.UNSPECIFIED.,.F.,.F.,(4,3,3,3,3,3,3,4),(-117.189359049681,
-116.845666924903,-115.846986011015,-114.848305097127,-113.849624183239,
-112.850943269351,-111.852262355462,-110.906173742502),.UNSPECIFIED.);
#281=B_SPLINE_CURVE_WITH_KNOTS('',3,(#2741,#2742,#2743,#2744,#2745,#2746,
#2747,#2748,#2749,#2750,#2751,#2752,#2753,#2754,#2755,#2756,#2757,#2758,
#2759,#2760,#2761,#2762),.UNSPECIFIED.,.F.,.F.,(4,3,3,3,3,3,3,4),(107.936892028514,
108.856219613798,109.854900527686,110.853581441574,111.852262355462,112.850943269351,
113.849624183239,114.220077335694),.UNSPECIFIED.);
#282=B_SPLINE_CURVE_WITH_KNOTS('',3,(#2767,#2768,#2769,#2770,#2771,#2772,
#2773,#2774,#2775,#2776,#2777,#2778,#2779,#2780,#2781,#2782,#2783,#2784,
#2785,#2786,#2787,#2788),.UNSPECIFIED.,.F.,.F.,(4,3,3,3,3,3,3,4),(-123.472544356861,
-122.837752408231,-121.839071494343,-120.840390580455,-119.841709666567,
-118.843028752679,-117.844347838791,-117.189359049681),.UNSPECIFIED.);
#283=B_SPLINE_CURVE_WITH_KNOTS('',3,(#2789,#2790,#2791,#2792,#2793,#2794,
#2795,#2796,#2797,#2798,#2799,#2800,#2801,#2802,#2803,#2804,#2805,#2806,
#2807,#2808,#2809,#2810),.UNSPECIFIED.,.F.,.F.,(4,3,3,3,3,3,3,4),(114.220077335694,
114.848305097127,115.846986011015,116.845666924903,117.844347838791,118.843028752679,
119.841709666567,120.503262642873),.UNSPECIFIED.);
#284=B_SPLINE_CURVE_WITH_KNOTS('',3,(#2815,#2816,#2817,#2818,#2819,#2820,
#2821,#2822,#2823,#2824,#2825,#2826,#2827,#2828,#2829,#2830,#2831,#2832,
#2833,#2834,#2835,#2836),.UNSPECIFIED.,.F.,.F.,(4,3,3,3,3,3,3,4),(-129.75572966404,
-128.829837891559,-127.831156977671,-126.832476063783,-125.833795149895,
-124.835114236007,-123.836433322119,-123.472544356861),.UNSPECIFIED.);
#285=B_SPLINE_CURVE_WITH_KNOTS('',3,(#2837,#2838,#2839,#2840,#2841,#2842,
#2843,#2844,#2845,#2846,#2847,#2848,#2849,#2850,#2851,#2852,#2853,#2854,
#2855,#2856,#2857,#2858),.UNSPECIFIED.,.F.,.F.,(4,3,3,3,3,3,3,4),(120.503262642873,
120.840390580455,121.839071494343,122.837752408231,123.836433322119,124.835114236007,
125.833795149895,126.786447950053),.UNSPECIFIED.);
#286=B_SPLINE_CURVE_WITH_KNOTS('',3,(#2863,#2864,#2865,#2866,#2867,#2868,
#2869,#2870,#2871,#2872,#2873,#2874,#2875,#2876,#2877,#2878,#2879,#2880,
#2881,#2882,#2883,#2884,#2885,#2886,#2887),.UNSPECIFIED.,.F.,.F.,(4,3,3,
3,3,3,3,3,4),(-136.03891497122,-135.820604288776,-134.821923374888,-133.823242461,
-132.824561547112,-131.825880633224,-130.827199719336,-129.828518805448,
-129.75572966404),.UNSPECIFIED.);
#287=B_SPLINE_CURVE_WITH_KNOTS('',3,(#2888,#2889,#2890,#2891,#2892,#2893,
#2894,#2895,#2896,#2897,#2898,#2899,#2900,#2901,#2902,#2903,#2904,#2905,
#2906,#2907,#2908,#2909,#2910,#2911,#2912),.UNSPECIFIED.,.F.,.F.,(4,3,3,
3,3,3,3,3,4),(126.786447950053,126.832476063783,127.831156977671,128.829837891559,
129.828518805448,130.827199719336,131.825880633224,132.824561547112,133.069633257232),
 .UNSPECIFIED.);
#288=B_SPLINE_CURVE_WITH_KNOTS('',3,(#2917,#2918,#2919,#2920,#2921,#2922,
#2923,#2924,#2925,#2926,#2927,#2928,#2929,#2930,#2931,#2932,#2933,#2934,
#2935,#2936,#2937,#2938),.UNSPECIFIED.,.F.,.F.,(4,3,3,3,3,3,3,4),(-142.322100278399,
-141.812689772104,-140.814008858216,-139.815327944328,-138.81664703044,
-137.817966116552,-136.819285202664,-136.03891497122),.UNSPECIFIED.);
#289=B_SPLINE_CURVE_WITH_KNOTS('',3,(#2939,#2940,#2941,#2942,#2943,#2944,
#2945,#2946,#2947,#2948,#2949,#2950,#2951,#2952,#2953,#2954,#2955,#2956,
#2957,#2958,#2959,#2960),.UNSPECIFIED.,.F.,.F.,(4,3,3,3,3,3,3,4),(133.069633257232,
133.823242461,134.821923374888,135.820604288776,136.819285202664,137.817966116552,
138.81664703044,139.352818564412),.UNSPECIFIED.);
#290=B_SPLINE_CURVE_WITH_KNOTS('',3,(#2965,#2966,#2967,#2968,#2969,#2970,
#2971,#2972,#2973,#2974,#2975,#2976,#2977,#2978,#2979,#2980,#2981,#2982,
#2983,#2984,#2985,#2986),.UNSPECIFIED.,.F.,.F.,(4,3,3,3,3,3,3,4),(-148.605285585579,
-147.804775255433,-146.806094341544,-145.807413427656,-144.808732513768,
-143.81005159988,-142.811370685992,-142.322100278399),.UNSPECIFIED.);
#291=B_SPLINE_CURVE_WITH_KNOTS('',3,(#2987,#2988,#2989,#2990,#2991,#2992,
#2993,#2994,#2995,#2996,#2997,#2998,#2999,#3000,#3001,#3002,#3003,#3004,
#3005,#3006,#3007,#3008),.UNSPECIFIED.,.F.,.F.,(4,3,3,3,3,3,3,4),(139.352818564412,
139.815327944328,140.814008858216,141.812689772104,142.811370685992,143.81005159988,
144.808732513768,145.636003871592),.UNSPECIFIED.);
#292=B_SPLINE_CURVE_WITH_KNOTS('',3,(#3013,#3014,#3015,#3016,#3017,#3018,
#3019,#3020,#3021,#3022,#3023,#3024,#3025,#3026,#3027,#3028,#3029,#3030,
#3031,#3032,#3033,#3034,#3035,#3036,#3037),.UNSPECIFIED.,.F.,.F.,(4,3,3,
3,3,3,3,3,4),(-154.888470892759,-154.795541652649,-153.796860738761,-152.798179824873,
-151.799498910985,-150.800817997097,-149.802137083209,-148.803456169321,
-148.605285585579),.UNSPECIFIED.);
#293=B_SPLINE_CURVE_WITH_KNOTS('',3,(#3038,#3039,#3040,#3041,#3042,#3043,
#3044,#3045,#3046,#3047,#3048,#3049,#3050,#3051,#3052,#3053,#3054,#3055,
#3056,#3057,#3058,#3059,#3060,#3061,#3062),.UNSPECIFIED.,.F.,.F.,(4,3,3,
3,3,3,3,3,4),(145.636003871592,145.807413427656,146.806094341545,147.804775255433,
148.803456169321,149.802137083209,150.800817997097,151.799498910985,151.919189178771),
 .UNSPECIFIED.);
#294=B_SPLINE_CURVE_WITH_KNOTS('',3,(#3067,#3068,#3069,#3070,#3071,#3072,
#3073,#3074,#3075,#3076,#3077,#3078,#3079,#3080,#3081,#3082,#3083,#3084,
#3085,#3086,#3087,#3088),.UNSPECIFIED.,.F.,.F.,(4,3,3,3,3,3,3,4),(-161.171656199938,
-160.787627135977,-159.788946222089,-158.790265308201,-157.791584394313,
-156.792903480425,-155.794222566537,-154.888470892759),.UNSPECIFIED.);
#295=B_SPLINE_CURVE_WITH_KNOTS('',3,(#3089,#3090,#3091,#3092,#3093,#3094,
#3095,#3096,#3097,#3098,#3099,#3100,#3101,#3102,#3103,#3104,#3105,#3106,
#3107,#3108,#3109,#3110),.UNSPECIFIED.,.F.,.F.,(4,3,3,3,3,3,3,4),(151.919189178771,
152.798179824873,153.796860738761,154.795541652649,155.794222566537,156.792903480425,
157.791584394313,158.202374485951),.UNSPECIFIED.);
#296=B_SPLINE_CURVE_WITH_KNOTS('',3,(#3115,#3116,#3117,#3118,#3119,#3120,
#3121,#3122,#3123,#3124,#3125,#3126,#3127,#3128,#3129,#3130,#3131,#3132,
#3133,#3134,#3135,#3136),.UNSPECIFIED.,.F.,.F.,(4,3,3,3,3,3,3,4),(-167.454841507118,
-166.779712619306,-165.781031705418,-164.782350791529,-163.783669877641,
-162.784988963753,-161.786308049865,-161.171656199938),.UNSPECIFIED.);
#297=B_SPLINE_CURVE_WITH_KNOTS('',3,(#3137,#3138,#3139,#3140,#3141,#3142,
#3143,#3144,#3145,#3146,#3147,#3148,#3149,#3150,#3151,#3152,#3153,#3154,
#3155,#3156,#3157,#3158),.UNSPECIFIED.,.F.,.F.,(4,3,3,3,3,3,3,4),(158.202374485951,
158.790265308201,159.788946222089,160.787627135977,161.786308049865,162.784988963753,
163.783669877641,164.48555979313),.UNSPECIFIED.);
#298=B_SPLINE_CURVE_WITH_KNOTS('',3,(#3164,#3165,#3166,#3167,#3168,#3169,
#3170,#3171,#3172),.UNSPECIFIED.,.F.,.F.,(4,1,1,1,1,1,4),(172.787595947439,
173.402247797366,174.400928711254,175.399609625142,176.39829053903,177.396971452918,
178.319841521263),.UNSPECIFIED.);
#299=B_SPLINE_CURVE_WITH_KNOTS('',3,(#3175,#3176,#3177,#3178,#3179,#3180,
#3181,#3182),.UNSPECIFIED.,.F.,.F.,(4,1,1,1,1,4),(172.787595947439,173.084386945838,
174.083067859726,175.081748773614,176.080429687502,177.07911060139),
 .UNSPECIFIED.);
#300=B_SPLINE_CURVE_WITH_KNOTS('',3,(#3187,#3188,#3189,#3190,#3191,#3192,
#3193,#3194,#3195,#3196),.UNSPECIFIED.,.F.,.F.,(4,1,1,1,1,1,1,4),(166.504410640259,
167.410162314037,168.408843227926,169.407524141814,170.406205055702,171.40488596959,
172.403566883478,172.787595947439),.UNSPECIFIED.);
#301=B_SPLINE_CURVE_WITH_KNOTS('',3,(#3197,#3198,#3199,#3200,#3201,#3202,
#3203,#3204,#3205,#3206),.UNSPECIFIED.,.F.,.F.,(4,1,1,1,1,1,1,4),(166.504410640259,
167.09230146251,168.090982376398,169.089663290286,170.088344204174,171.087025118062,
172.08570603195,172.787595947439),.UNSPECIFIED.);
#302=B_SPLINE_CURVE_WITH_KNOTS('',3,(#3211,#3212,#3213,#3214,#3215,#3216,
#3217,#3218,#3219,#3220,#3221),.UNSPECIFIED.,.F.,.F.,(4,1,1,1,1,1,1,1,4),
(160.22122533308,160.419395916821,161.418076830709,162.416757744597,163.415438658485,
164.414119572373,165.412800486261,166.411481400149,166.504410640259),
 .UNSPECIFIED.);
#303=B_SPLINE_CURVE_WITH_KNOTS('',3,(#3222,#3223,#3224,#3225,#3226,#3227,
#3228,#3229,#3230,#3231),.UNSPECIFIED.,.F.,.F.,(4,1,1,1,1,1,1,4),(160.22122533308,
161.100215979181,162.098896893069,163.097577806957,164.096258720845,165.094939634734,
166.093620548622,166.504410640259),.UNSPECIFIED.);
#304=B_SPLINE_CURVE_WITH_KNOTS('',3,(#3236,#3237,#3238,#3239,#3240,#3241,
#3242,#3243,#3244,#3245),.UNSPECIFIED.,.F.,.F.,(4,1,1,1,1,1,1,4),(153.9380400259,
154.427310433493,155.425991347381,156.424672261269,157.423353175157,158.422034089045,
159.420715002933,160.22122533308),.UNSPECIFIED.);
#305=B_SPLINE_CURVE_WITH_KNOTS('',3,(#3246,#3247,#3248,#3249,#3250,#3251,
#3252,#3253,#3254,#3255,#3256),.UNSPECIFIED.,.F.,.F.,(4,1,1,1,1,1,1,1,4),
(153.9380400259,154.109449581965,155.108130495853,156.106811409741,157.105492323629,
158.104173237517,159.102854151405,160.101535065293,160.22122533308),
 .UNSPECIFIED.);
#306=B_SPLINE_CURVE_WITH_KNOTS('',3,(#3261,#3262,#3263,#3264,#3265,#3266,
#3267,#3268,#3269,#3270),.UNSPECIFIED.,.F.,.F.,(4,1,1,1,1,1,1,4),(147.65485471872,
148.435224950164,149.433905864052,150.432586777941,151.431267691829,152.429948605717,
153.428629519605,153.9380400259),.UNSPECIFIED.);
#307=B_SPLINE_CURVE_WITH_KNOTS('',3,(#3271,#3272,#3273,#3274,#3275,#3276,
#3277,#3278,#3279,#3280),.UNSPECIFIED.,.F.,.F.,(4,1,1,1,1,1,1,4),(147.65485471872,
148.117364098637,149.116045012525,150.114725926413,151.113406840301,152.112087754189,
153.110768668077,153.9380400259),.UNSPECIFIED.);
#308=B_SPLINE_CURVE_WITH_KNOTS('',3,(#3285,#3286,#3287,#3288,#3289,#3290,
#3291,#3292,#3293,#3294,#3295),.UNSPECIFIED.,.F.,.F.,(4,1,1,1,1,1,1,1,4),
(141.371669411541,141.444458552948,142.443139466836,143.441820380724,144.440501294612,
145.4391822085,146.437863122388,147.436544036276,147.65485471872),
 .UNSPECIFIED.);
#309=B_SPLINE_CURVE_WITH_KNOTS('',3,(#3296,#3297,#3298,#3299,#3300,#3301,
#3302,#3303,#3304,#3305),.UNSPECIFIED.,.F.,.F.,(4,1,1,1,1,1,1,4),(141.371669411541,
142.125278615308,143.123959529196,144.122640443084,145.121321356972,146.12000227086,
147.118683184748,147.65485471872),.UNSPECIFIED.);
#310=B_SPLINE_CURVE_WITH_KNOTS('',3,(#3310,#3311,#3312,#3313,#3314,#3315,
#3316,#3317,#3318,#3319),.UNSPECIFIED.,.F.,.F.,(4,1,1,1,1,1,1,4),(135.088484104361,
135.45237306962,136.451053983508,137.449734897396,138.448415811284,139.447096725172,
140.44577763906,141.371669411541),.UNSPECIFIED.);
#311=B_SPLINE_CURVE_WITH_KNOTS('',3,(#3320,#3321,#3322,#3323,#3324,#3325,
#3326,#3327,#3328,#3329,#3330),.UNSPECIFIED.,.F.,.F.,(4,1,1,1,1,1,1,1,4),
(135.088484104361,135.134512218092,136.13319313198,137.131874045868,138.130554959756,
139.129235873644,140.127916787532,141.12659770142,141.371669411541),
 .UNSPECIFIED.);
#312=B_SPLINE_CURVE_WITH_KNOTS('',3,(#3335,#3336,#3337,#3338,#3339,#3340,
#3341,#3342,#3343,#3344),.UNSPECIFIED.,.F.,.F.,(4,1,1,1,1,1,1,4),(128.805298797182,
129.460287586291,130.458968500179,131.457649414067,132.456330327955,133.455011241844,
134.453692155732,135.088484104361),.UNSPECIFIED.);
#313=B_SPLINE_CURVE_WITH_KNOTS('',3,(#3345,#3346,#3347,#3348,#3349,#3350,
#3351,#3352,#3353,#3354),.UNSPECIFIED.,.F.,.F.,(4,1,1,1,1,1,1,4),(128.805298797182,
129.142426734763,130.141107648651,131.13978856254,132.138469476428,133.137150390316,
134.135831304204,135.088484104361),.UNSPECIFIED.);
#314=B_SPLINE_CURVE_WITH_KNOTS('',3,(#3359,#3360,#3361,#3362,#3363,#3364,
#3365,#3366,#3367,#3368),.UNSPECIFIED.,.F.,.F.,(4,1,1,1,1,1,1,4),(122.522113490002,
123.468202102963,124.466883016851,125.465563930739,126.464244844627,127.462925758515,
128.461606672403,128.805298797182),.UNSPECIFIED.);
#315=B_SPLINE_CURVE_WITH_KNOTS('',3,(#3369,#3370,#3371,#3372,#3373,#3374,
#3375,#3376,#3377,#3378),.UNSPECIFIED.,.F.,.F.,(4,1,1,1,1,1,1,4),(122.522113490002,
123.150341251435,124.149022165323,125.147703079211,126.146383993099,127.145064906987,
128.143745820875,128.805298797182),.UNSPECIFIED.);
#316=B_SPLINE_CURVE_WITH_KNOTS('',3,(#3383,#3384,#3385,#3386,#3387,#3388,
#3389,#3390,#3391,#3392,#3393),.UNSPECIFIED.,.F.,.F.,(4,1,1,1,1,1,1,1,4),
(116.238928182822,116.477435705747,117.476116619635,118.474797533523,119.473478447411,
120.472159361299,121.470840275187,122.469521189075,122.522113490002),
 .UNSPECIFIED.);
#317=B_SPLINE_CURVE_WITH_KNOTS('',3,(#3394,#3395,#3396,#3397,#3398,#3399,
#3400,#3401,#3402,#3403),.UNSPECIFIED.,.F.,.F.,(4,1,1,1,1,1,1,4),(116.238928182822,
117.158255768107,118.156936681995,119.155617595883,120.154298509771,121.152979423659,
122.151660337547,122.522113490002),.UNSPECIFIED.);
#318=B_SPLINE_CURVE_WITH_KNOTS('',3,(#3408,#3409,#3410,#3411,#3412,#3413,
#3414,#3415,#3416,#3417),.UNSPECIFIED.,.F.,.F.,(4,1,1,1,1,1,1,4),(109.955742875643,
110.485350222418,111.484031136306,112.482712050194,113.481392964082,114.48007387797,
115.478754791858,116.238928182822),.UNSPECIFIED.);
#319=B_SPLINE_CURVE_WITH_KNOTS('',3,(#3418,#3419,#3420,#3421,#3422,#3423,
#3424,#3425,#3426,#3427,#3428),.UNSPECIFIED.,.F.,.F.,(4,1,1,1,1,1,1,1,4),
(109.955742875643,110.16748937089,111.166170284778,112.164851198666,113.163532112555,
114.162213026443,115.160893940331,116.159574854219,116.238928182822),
 .UNSPECIFIED.);
#320=B_SPLINE_CURVE_WITH_KNOTS('',3,(#3433,#3434,#3435,#3436,#3437,#3438,
#3439,#3440,#3441,#3442),.UNSPECIFIED.,.F.,.F.,(4,1,1,1,1,1,1,4),(103.672557568463,
104.49326473909,105.491945652978,106.490626566866,107.489307480754,108.487988394642,
109.48666930853,109.955742875643),.UNSPECIFIED.);
#321=B_SPLINE_CURVE_WITH_KNOTS('',3,(#3443,#3444,#3445,#3446,#3447,#3448,
#3449,#3450,#3451,#3452),.UNSPECIFIED.,.F.,.F.,(4,1,1,1,1,1,1,4),(103.672557568463,
104.175403887562,105.17408480145,106.172765715338,107.171446629226,108.170127543114,
109.168808457002,109.955742875643),.UNSPECIFIED.);
#322=B_SPLINE_CURVE_WITH_KNOTS('',3,(#3457,#3458,#3459,#3460,#3461,#3462,
#3463,#3464,#3465,#3466,#3467),.UNSPECIFIED.,.F.,.F.,(4,1,1,1,1,1,1,1,4),
(97.3893722612837,97.5024983418734,98.5011792557615,99.4998601696496,100.498541083538,
101.497221997426,102.495902911314,103.494583825202,103.672557568463),
 .UNSPECIFIED.);
#323=B_SPLINE_CURVE_WITH_KNOTS('',3,(#3468,#3469,#3470,#3471,#3472,#3473,
#3474,#3475,#3476,#3477),.UNSPECIFIED.,.F.,.F.,(4,1,1,1,1,1,1,4),(97.3893722612837,
98.1833184042336,99.1819993181217,100.18068023201,101.179361145898,102.178042059786,
103.176722973674,103.672557568463),.UNSPECIFIED.);
#324=B_SPLINE_CURVE_WITH_KNOTS('',3,(#3482,#3483,#3484,#3485,#3486,#3487,
#3488,#3489,#3490,#3491),.UNSPECIFIED.,.F.,.F.,(4,1,1,1,1,1,1,4),(91.1061869541041,
91.5104128585451,92.5090937724332,93.5077746863212,94.5064556002093,95.5051365140973,
96.5038174279854,97.3893722612837),.UNSPECIFIED.);
#325=B_SPLINE_CURVE_WITH_KNOTS('',3,(#3492,#3493,#3494,#3495,#3496,#3497,
#3498,#3499,#3500,#3501,#3502),.UNSPECIFIED.,.F.,.F.,(4,1,1,1,1,1,1,1,4),
(91.1061869541041,91.1925520070172,92.1912329209053,93.1899138347934,94.1885947486814,
95.1872756625695,96.1859565764575,97.1846374903456,97.3893722612837),
 .UNSPECIFIED.);
#326=B_SPLINE_CURVE_WITH_KNOTS('',3,(#3507,#3508,#3509,#3510,#3511,#3512,
#3513,#3514,#3515,#3516),.UNSPECIFIED.,.F.,.F.,(4,1,1,1,1,1,1,4),(84.8230016469245,
85.5183273752168,86.5170082891048,87.5156892029929,88.5143701168809,89.513051030769,
90.511731944657,91.1061869541041),.UNSPECIFIED.);
#327=B_SPLINE_CURVE_WITH_KNOTS('',3,(#3517,#3518,#3519,#3520,#3521,#3522,
#3523,#3524,#3525,#3526),.UNSPECIFIED.,.F.,.F.,(4,1,1,1,1,1,1,4),(84.8230016469245,
85.2004665236889,86.199147437577,87.197828351465,88.1965092653531,89.1951901792411,
90.1938710931292,91.1061869541041),.UNSPECIFIED.);
#328=B_SPLINE_CURVE_WITH_KNOTS('',3,(#3531,#3532,#3533,#3534,#3535,#3536,
#3537,#3538,#3539,#3540),.UNSPECIFIED.,.F.,.F.,(4,1,1,1,1,1,1,4),(78.5398163397449,
79.5262418918884,80.5249228057765,81.5236037196645,82.5222846335526,83.5209655474406,
84.5196464613287,84.8230016469245),.UNSPECIFIED.);
#329=B_SPLINE_CURVE_WITH_KNOTS('',3,(#3541,#3542,#3543,#3544,#3545,#3546,
#3547,#3548,#3549,#3550),.UNSPECIFIED.,.F.,.F.,(4,1,1,1,1,1,1,4),(78.5398163397449,
79.2083810403605,80.2070619542486,81.2057428681367,82.2044237820247,83.2031046959128,
84.2017856098008,84.8230016469245),.UNSPECIFIED.);
#330=B_SPLINE_CURVE_WITH_KNOTS('',3,(#3555,#3556,#3557,#3558,#3559,#3560,
#3561,#3562,#3563,#3564,#3565),.UNSPECIFIED.,.F.,.F.,(4,1,1,1,1,1,1,1,4),
(72.2566310325653,72.535475494672,73.5341564085601,74.5328373224481,75.5315182363362,
76.5301991502242,77.5288800641123,78.5275609780004,78.5398163397449),
 .UNSPECIFIED.);
#331=B_SPLINE_CURVE_WITH_KNOTS('',3,(#3566,#3567,#3568,#3569,#3570,#3571,
#3572,#3573,#3574,#3575),.UNSPECIFIED.,.F.,.F.,(4,1,1,1,1,1,1,4),(72.2566310325653,
73.2162955570322,74.2149764709202,75.2136573848083,76.2123382986964,77.2110192125844,
78.2097001264725,78.5398163397449),.UNSPECIFIED.);
#332=B_SPLINE_CURVE_WITH_KNOTS('',3,(#3580,#3581,#3582,#3583,#3584,#3585,
#3586,#3587,#3588,#3589),.UNSPECIFIED.,.F.,.F.,(4,1,1,1,1,1,1,4),(65.9734457253857,
66.5433900113437,67.5420709252317,68.5407518391198,69.5394327530078,70.5381136668959,
71.5367945807839,72.2566310325653),.UNSPECIFIED.);
#333=B_SPLINE_CURVE_WITH_KNOTS('',3,(#3590,#3591,#3592,#3593,#3594,#3595,
#3596,#3597,#3598,#3599,#3600),.UNSPECIFIED.,.F.,.F.,(4,1,1,1,1,1,1,1,4),
(65.9734457253857,66.2255291598158,67.2242100737039,68.2228909875919,69.22157190148,
70.220252815368,71.2189337292561,72.2176146431441,72.2566310325653),
 .UNSPECIFIED.);
#334=B_SPLINE_CURVE_WITH_KNOTS('',3,(#3605,#3606,#3607,#3608,#3609,#3610,
#3611,#3612,#3613,#3614),.UNSPECIFIED.,.F.,.F.,(4,1,1,1,1,1,1,4),(59.6902604182062,
60.5513045280153,61.5499854419034,62.5486663557914,63.5473472696795,64.5460281835675,
65.5447090974556,65.9734457253857),.UNSPECIFIED.);
#335=B_SPLINE_CURVE_WITH_KNOTS('',3,(#3615,#3616,#3617,#3618,#3619,#3620,
#3621,#3622,#3623,#3624),.UNSPECIFIED.,.F.,.F.,(4,1,1,1,1,1,1,4),(59.6902604182062,
60.2334436764874,61.2321245903755,62.2308055042636,63.2294864181516,64.2281673320397,
65.2268482459277,65.9734457253857),.UNSPECIFIED.);
#336=B_SPLINE_CURVE_WITH_KNOTS('',3,(#3629,#3630,#3631,#3632,#3633,#3634,
#3635,#3636,#3637,#3638,#3639),.UNSPECIFIED.,.F.,.F.,(4,1,1,1,1,1,1,1,4),
(53.4070751110266,53.5605381307989,54.559219044687,55.557899958575,56.5565808724631,
57.5552617863511,58.5539427002392,59.5526236141273,59.6902604182062),
 .UNSPECIFIED.);
#337=B_SPLINE_CURVE_WITH_KNOTS('',3,(#3640,#3641,#3642,#3643,#3644,#3645,
#3646,#3647,#3648,#3649),.UNSPECIFIED.,.F.,.F.,(4,1,1,1,1,1,1,4),(53.4070751110266,
54.2413581931591,55.2400391070472,56.2387200209352,57.2374009348233,58.2360818487113,
59.2347627625994,59.6902604182062),.UNSPECIFIED.);
#338=B_SPLINE_CURVE_WITH_KNOTS('',3,(#3654,#3655,#3656,#3657,#3658,#3659,
#3660,#3661,#3662,#3663),.UNSPECIFIED.,.F.,.F.,(4,1,1,1,1,1,1,4),(47.123889803847,
47.5684526474706,48.5671335613586,49.5658144752467,50.5644953891347,51.5631763030228,
52.5618572169109,53.4070751110266),.UNSPECIFIED.);
#339=B_SPLINE_CURVE_WITH_KNOTS('',3,(#3664,#3665,#3666,#3667,#3668,#3669,
#3670,#3671,#3672,#3673,#3674),.UNSPECIFIED.,.F.,.F.,(4,1,1,1,1,1,1,1,4),
(47.123889803847,47.2505917959427,48.2492727098307,49.2479536237188,50.2466345376069,
51.2453154514949,52.243996365383,53.242677279271,53.4070751110266),
 .UNSPECIFIED.);
#340=B_SPLINE_CURVE_WITH_KNOTS('',3,(#3679,#3680,#3681,#3682,#3683,#3684,
#3685,#3686,#3687,#3688),.UNSPECIFIED.,.F.,.F.,(4,1,1,1,1,1,1,4),(40.8407044966674,
41.5763671641422,42.5750480780303,43.5737289919183,44.5724099058064,45.5710908196945,
46.5697717335825,47.123889803847),.UNSPECIFIED.);
#341=B_SPLINE_CURVE_WITH_KNOTS('',3,(#3689,#3690,#3691,#3692,#3693,#3694,
#3695,#3696,#3697,#3698),.UNSPECIFIED.,.F.,.F.,(4,1,1,1,1,1,1,4),(40.8407044966674,
41.2585063126143,42.2571872265024,43.2558681403905,44.2545490542785,45.2532299681666,
46.2519108820546,47.123889803847),.UNSPECIFIED.);
#342=B_SPLINE_CURVE_WITH_KNOTS('',3,(#3703,#3704,#3705,#3706,#3707,#3708,
#3709,#3710,#3711,#3712,#3713),.UNSPECIFIED.,.F.,.F.,(4,1,1,1,1,1,1,1,4),
(34.5575191894878,34.5856007669258,35.5842816808139,36.5829625947019,37.58164350859,
38.580324422478,39.5790053363661,40.5776862502542,40.8407044966674),
 .UNSPECIFIED.);
#343=B_SPLINE_CURVE_WITH_KNOTS('',3,(#3714,#3715,#3716,#3717,#3718,#3719,
#3720,#3721,#3722,#3723),.UNSPECIFIED.,.F.,.F.,(4,1,1,1,1,1,1,4),(34.5575191894878,
35.266420829286,36.2651017431741,37.2637826570621,38.2624635709502,39.2611444848382,
40.2598253987263,40.8407044966674),.UNSPECIFIED.);
#344=B_SPLINE_CURVE_WITH_KNOTS('',3,(#3728,#3729,#3730,#3731,#3732,#3733,
#3734,#3735,#3736,#3737),.UNSPECIFIED.,.F.,.F.,(4,1,1,1,1,1,1,4),(28.2743338823082,
28.5935152835975,29.5921961974855,30.5908771113736,31.5895580252616,32.5882389391497,
33.5869198530378,34.5575191894878),.UNSPECIFIED.);
#345=B_SPLINE_CURVE_WITH_KNOTS('',3,(#3738,#3739,#3740,#3741,#3742,#3743,
#3744,#3745,#3746,#3747,#3748),.UNSPECIFIED.,.F.,.F.,(4,1,1,1,1,1,1,1,4),
(28.2743338823082,28.2756544320696,29.2743353459577,30.2730162598457,31.2716971737338,
32.2703780876218,33.2690590015099,34.2677399153979,34.5575191894878),
 .UNSPECIFIED.);
#346=B_SPLINE_CURVE_WITH_KNOTS('',3,(#3753,#3754,#3755,#3756,#3757,#3758,
#3759,#3760,#3761,#3762),.UNSPECIFIED.,.F.,.F.,(4,1,1,1,1,1,1,4),(21.9911485751286,
22.6014298002691,23.6001107141572,24.5987916280452,25.5974725419333,26.5961534558214,
27.5948343697094,28.2743338823082),.UNSPECIFIED.);
#347=B_SPLINE_CURVE_WITH_KNOTS('',3,(#3763,#3764,#3765,#3766,#3767,#3768,
#3769,#3770,#3771,#3772),.UNSPECIFIED.,.F.,.F.,(4,1,1,1,1,1,1,4),(21.9911485751286,
22.2835689487412,23.2822498626293,24.2809307765174,25.2796116904054,26.2782926042935,
27.2769735181815,28.2743338823082),.UNSPECIFIED.);
#348=B_SPLINE_CURVE_WITH_KNOTS('',3,(#3777,#3778,#3779,#3780,#3781,#3782,
#3783,#3784,#3785,#3786),.UNSPECIFIED.,.F.,.F.,(4,1,1,1,1,1,1,4),(15.707963267949,
16.6093443169408,17.6080252308288,18.6067061447169,19.605387058605,20.604067972493,
21.6027488863811,21.9911485751286),.UNSPECIFIED.);
#349=B_SPLINE_CURVE_WITH_KNOTS('',3,(#3787,#3788,#3789,#3790,#3791,#3792,
#3793,#3794,#3795,#3796),.UNSPECIFIED.,.F.,.F.,(4,1,1,1,1,1,1,4),(15.707963267949,
16.2914834654129,17.290164379301,18.288845293189,19.2875262070771,20.2862071209651,
21.2848880348532,21.9911485751286),.UNSPECIFIED.);
#350=B_SPLINE_CURVE_WITH_KNOTS('',3,(#3799,#3800,#3801,#3802,#3803,#3804,
#3805,#3806,#3807,#3808,#3809,#3810,#3811,#3812,#3813,#3814,#3815,#3816,
#3817,#3818,#3819,#3820,#3821,#3822,#3823,#3824,#3825,#3826,#3827,#3828,
#3829,#3830,#3831,#3832,#3833,#3834,#3835,#3836,#3837,#3838,#3839,#3840,
#3841,#3842,#3843,#3844,#3845,#3846,#3847,#3848,#3849,#3850,#3851,#3852,
#3853,#3854,#3855,#3856,#3857,#3858,#3859,#3860,#3861,#3862,#3863,#3864,
#3865,#3866,#3867,#3868,#3869,#3870,#3871,#3872,#3873,#3874,#3875,#3876,
#3877,#3878,#3879,#3880,#3881,#3882,#3883),.UNSPECIFIED.,.F.,.F.,(4,3,3,
3,3,3,3,3,3,3,3,3,3,3,3,3,3,3,3,3,3,3,3,3,3,3,3,3,4),(-0.276631791712729,
-0.267557776960659,-0.252942648715998,-0.247088883004578,-0.242095628402919,
-0.226822267857048,-0.216039969053883,-0.211843078758814,-0.208629323300991,
-0.19285807981388,-0.176808638939331,-0.16774744856243,-0.162465809071249,
-0.159576559529107,-0.143048800699987,-0.140563877431727,-0.124618978126574,
-0.116198676019355,-0.111144874936933,-0.108000340400946,-0.0914515991609957,
-0.0745402832423661,-0.0650235623471967,-0.0590685562828404,-0.0560624969066783,
-0.0530530657940644,-0.0355840648283622,-0.0177920324141811,0.),
 .UNSPECIFIED.);
#351=B_SPLINE_CURVE_WITH_KNOTS('',3,(#3888,#3889,#3890,#3891,#3892,#3893,
#3894,#3895,#3896,#3897,#3898,#3899,#3900,#3901,#3902,#3903,#3904,#3905,
#3906,#3907,#3908,#3909,#3910,#3911,#3912,#3913,#3914,#3915,#3916,#3917,
#3918,#3919,#3920,#3921,#3922,#3923,#3924,#3925,#3926,#3927,#3928,#3929,
#3930,#3931,#3932,#3933,#3934,#3935,#3936,#3937,#3938,#3939,#3940,#3941,
#3942,#3943,#3944,#3945,#3946,#3947,#3948,#3949,#3950,#3951,#3952,#3953,
#3954,#3955,#3956,#3957,#3958,#3959,#3960,#3961,#3962,#3963,#3964,#3965,
#3966,#3967,#3968,#3969),.UNSPECIFIED.,.F.,.F.,(4,3,3,3,3,3,3,3,3,3,3,3,
3,3,3,3,3,3,3,3,3,3,3,3,3,3,3,4),(-0.275362278356885,-0.264291076388347,
-0.246942628342433,-0.237725713281349,-0.23411033450758,-0.216908790458545,
-0.205483128153856,-0.200550386151304,-0.196719051936944,-0.179967110787854,
-0.163637903387802,-0.154104300546109,-0.147667313931752,-0.144091956559895,
-0.128241250628866,-0.125503492021032,-0.109252533279565,-0.101476422873606,
-0.0974090222407347,-0.0934366106693692,-0.0776733171405177,-0.0619708878985877,
-0.053605380223152,-0.0483987525022938,-0.0447386044807533,-0.0296305797220801,
-0.0148152898610401,0.),.UNSPECIFIED.);
#352=B_SPLINE_CURVE_WITH_KNOTS('',3,(#4658,#4659,#4660,#4661,#4662,#4663,
#4664,#4665,#4666,#4667),.UNSPECIFIED.,.F.,.F.,(4,3,3,4),(164.48555979313,
164.78235079153,165.781031705418,166.703901773762),.UNSPECIFIED.);
#353=B_SPLINE_CURVE_WITH_KNOTS('',3,(#4669,#4670,#4671,#4672,#4673,#4674,
#4675,#4676,#4677,#4678,#4679,#4680,#4681,#4682,#4683,#4684,#4685,#4686,
#4687,#4688,#4689,#4690,#4691,#4692,#4693,#4694,#4695,#4696,#4697,#4698,
#4699,#4700,#4701,#4702,#4703,#4704,#4705,#4706,#4707,#4708,#4709,#4710,
#4711,#4712,#4713,#4714,#4715,#4716,#4717,#4718,#4719,#4720,#4721,#4722,
#4723,#4724,#4725,#4726,#4727,#4728,#4729,#4730,#4731,#4732,#4733,#4734,
#4735),.UNSPECIFIED.,.F.,.F.,(4,3,3,3,3,3,3,3,3,3,3,3,3,3,3,3,3,3,3,3,3,
3,4),(0.0455009965834532,0.0466979618968053,0.0620054117802567,0.0776876881108582,
0.0921621963587274,0.095303178158434,0.098229324062932,0.114468984600678,
0.130612722452741,0.135585721102335,0.145337366500778,0.148253165625027,
0.164408044190238,0.180953798958561,0.192754858883352,0.198246899660223,
0.20109827652409,0.218139878860227,0.232445478734392,0.236258729417691,
0.240360579146261,0.257861428751574,0.275362278356888),.UNSPECIFIED.);
#354=B_SPLINE_CURVE_WITH_KNOTS('',3,(#4737,#4738,#4739,#4740,#4741,#4742,
#4743,#4744,#4745,#4746,#4747,#4748,#4749,#4750,#4751,#4752),
 .UNSPECIFIED.,.F.,.F.,(4,3,3,3,3,4),(-0.27663179171272,-0.267557776960646,
-0.252903254627462,-0.245474699891725,-0.242442575302282,-0.231018892053211),
 .UNSPECIFIED.);
#355=B_SPLINE_CURVE_WITH_KNOTS('',3,(#4753,#4754,#4755,#4756,#4757,#4758,
#4759,#4760,#4761),.UNSPECIFIED.,.F.,.F.,(4,1,1,1,1,1,4),(10.3752088276282,
11.2980788959726,12.2967598098607,13.2954407237487,14.2941216376368,15.2928025515248,
15.707963267949),.UNSPECIFIED.);
#356=B_SPLINE_CURVE_WITH_KNOTS('',3,(#4766,#4767,#4768,#4769,#4770,#4771,
#4772,#4773,#4774,#4775,#4776,#4777,#4778),.UNSPECIFIED.,.F.,.F.,(4,3,3,
3,4),(-0.0455009954629707,-0.0303817893059223,-0.0151908946529611,-0.000860043720515846,
0.),.UNSPECIFIED.);
#357=B_SPLINE_CURVE_WITH_KNOTS('',3,(#4781,#4782,#4783,#4784,#4785,#4786,
#4787,#4788),.UNSPECIFIED.,.F.,.F.,(4,1,1,1,1,4),(11.6159397475005,12.6146206613886,
13.6133015752766,14.6119824891647,15.6106634030527,15.707963267949),
 .UNSPECIFIED.);
#358=B_SPLINE_CURVE_WITH_KNOTS('',3,(#5477,#5478,#5479,#5480,#5481,#5482,
#5483,#5484,#5485,#5486,#5487,#5488,#5489,#5490,#5491,#5492,#5493,#5494,
#5495,#5496,#5497,#5498,#5499,#5500,#5501,#5502,#5503,#5504,#5505,#5506,
#5507,#5508,#5509,#5510,#5511,#5512,#5513,#5514,#5515,#5516,#5517,#5518,
#5519,#5520,#5521,#5522,#5523,#5524,#5525,#5526,#5527,#5528,#5529,#5530,
#5531,#5532,#5533,#5534,#5535,#5536,#5537,#5538,#5539,#5540),
 .UNSPECIFIED.,.F.,.F.,(4,3,3,3,3,3,3,3,3,3,3,3,3,3,3,3,3,3,3,3,3,4),(0.,
0.011124189333856,0.0285714729692939,0.0438366251376668,0.0509211411837613,
0.0554934837499851,0.0584784708255905,0.0755106591380773,0.0924167453895574,
0.106985731621237,0.109886821703707,0.126232927579877,0.142066503754947,
0.150692690316277,0.158465523864184,0.161598908367467,0.164415663097817,
0.180349040975249,0.196320380172388,0.211431672712509,0.227003751561621,
0.231018892053096),.UNSPECIFIED.);
#359=B_SPLINE_CURVE_WITH_KNOTS('',3,(#5541,#5542,#5543,#5544,#5545,#5546,
#5547),.UNSPECIFIED.,.F.,.F.,(4,3,4),(-168.777074447082,-167.778393533194,
-167.454841507118),.UNSPECIFIED.);
#360=LINE('',#1851,#430);
#361=LINE('',#1875,#431);
#362=LINE('',#1923,#432);
#363=LINE('',#1971,#433);
#364=LINE('',#2019,#434);
#365=LINE('',#2070,#435);
#366=LINE('',#2118,#436);
#367=LINE('',#2166,#437);
#368=LINE('',#2220,#438);
#369=LINE('',#2268,#439);
#370=LINE('',#2316,#440);
#371=LINE('',#2370,#441);
#372=LINE('',#2418,#442);
#373=LINE('',#2466,#443);
#374=LINE('',#2514,#444);
#375=LINE('',#2568,#445);
#376=LINE('',#2616,#446);
#377=LINE('',#2664,#447);
#378=LINE('',#2718,#448);
#379=LINE('',#2766,#449);
#380=LINE('',#2814,#450);
#381=LINE('',#2862,#451);
#382=LINE('',#2916,#452);
#383=LINE('',#2964,#453);
#384=LINE('',#3012,#454);
#385=LINE('',#3066,#455);
#386=LINE('',#3114,#456);
#387=LINE('',#3162,#457);
#388=LINE('',#3186,#458);
#389=LINE('',#3210,#459);
#390=LINE('',#3235,#460);
#391=LINE('',#3260,#461);
#392=LINE('',#3284,#462);
#393=LINE('',#3309,#463);
#394=LINE('',#3334,#464);
#395=LINE('',#3358,#465);
#396=LINE('',#3382,#466);
#397=LINE('',#3407,#467);
#398=LINE('',#3432,#468);
#399=LINE('',#3456,#469);
#400=LINE('',#3481,#470);
#401=LINE('',#3506,#471);
#402=LINE('',#3530,#472);
#403=LINE('',#3554,#473);
#404=LINE('',#3579,#474);
#405=LINE('',#3604,#475);
#406=LINE('',#3628,#476);
#407=LINE('',#3653,#477);
#408=LINE('',#3678,#478);
#409=LINE('',#3702,#479);
#410=LINE('',#3727,#480);
#411=LINE('',#3752,#481);
#412=LINE('',#3776,#482);
#413=LINE('',#5576,#483);
#414=LINE('',#5583,#484);
#415=LINE('',#5586,#485);
#416=LINE('',#5598,#486);
#417=LINE('',#5603,#487);
#418=LINE('',#5646,#488);
#419=LINE('',#5648,#489);
#420=LINE('',#5649,#490);
#421=LINE('',#5652,#491);
#422=LINE('',#5653,#492);
#423=LINE('',#5656,#493);
#424=LINE('',#5657,#494);
#425=LINE('',#5660,#495);
#426=LINE('',#5662,#496);
#427=LINE('',#5663,#497);
#428=LINE('',#5665,#498);
#429=LINE('',#5667,#499);
#430=VECTOR('',#1571,1.5);
#431=VECTOR('',#1576,1.5);
#432=VECTOR('',#1579,1.5);
#433=VECTOR('',#1582,1.5);
#434=VECTOR('',#1585,1.5);
#435=VECTOR('',#1588,1.5);
#436=VECTOR('',#1591,1.5);
#437=VECTOR('',#1594,1.5);
#438=VECTOR('',#1597,1.5);
#439=VECTOR('',#1600,1.5);
#440=VECTOR('',#1603,1.5);
#441=VECTOR('',#1606,1.5);
#442=VECTOR('',#1609,1.5);
#443=VECTOR('',#1612,1.5);
#444=VECTOR('',#1615,1.5);
#445=VECTOR('',#1618,1.5);
#446=VECTOR('',#1621,1.5);
#447=VECTOR('',#1624,1.5);
#448=VECTOR('',#1627,1.5);
#449=VECTOR('',#1630,1.5);
#450=VECTOR('',#1633,1.5);
#451=VECTOR('',#1636,1.5);
#452=VECTOR('',#1639,1.5);
#453=VECTOR('',#1642,1.5);
#454=VECTOR('',#1645,1.5);
#455=VECTOR('',#1648,1.5);
#456=VECTOR('',#1651,1.5);
#457=VECTOR('',#1654,1.17775);
#458=VECTOR('',#1659,1.17775);
#459=VECTOR('',#1662,1.17775);
#460=VECTOR('',#1665,1.17775);
#461=VECTOR('',#1668,1.17775);
#462=VECTOR('',#1671,1.17775);
#463=VECTOR('',#1674,1.17775);
#464=VECTOR('',#1677,1.17775);
#465=VECTOR('',#1680,1.17775);
#466=VECTOR('',#1683,1.17775);
#467=VECTOR('',#1686,1.17775);
#468=VECTOR('',#1689,1.17775);
#469=VECTOR('',#1692,1.17775);
#470=VECTOR('',#1695,1.17775);
#471=VECTOR('',#1698,1.17775);
#472=VECTOR('',#1701,1.17775);
#473=VECTOR('',#1704,1.17775);
#474=VECTOR('',#1707,1.17775);
#475=VECTOR('',#1710,1.17775);
#476=VECTOR('',#1713,1.17775);
#477=VECTOR('',#1716,1.17775);
#478=VECTOR('',#1719,1.17775);
#479=VECTOR('',#1722,1.17775);
#480=VECTOR('',#1725,1.17775);
#481=VECTOR('',#1728,1.17775);
#482=VECTOR('',#1731,1.17775);
#483=VECTOR('',#1762,1.3646875);
#484=VECTOR('',#1773,1.3646875);
#485=VECTOR('',#1776,1.5);
#486=VECTOR('',#1791,2.3);
#487=VECTOR('',#1798,2.45);
#488=VECTOR('',#1821,1.);
#489=VECTOR('',#1822,1.);
#490=VECTOR('',#1823,1.);
#491=VECTOR('',#1826,1.);
#492=VECTOR('',#1827,1.);
#493=VECTOR('',#1830,1.);
#494=VECTOR('',#1831,1.);
#495=VECTOR('',#1834,1.);
#496=VECTOR('',#1835,1.);
#497=VECTOR('',#1836,1.);
#498=VECTOR('',#1839,1.);
#499=VECTOR('',#1842,1.);
#500=VERTEX_POINT('',#1849);
#501=VERTEX_POINT('',#1850);
#502=VERTEX_POINT('',#1852);
#503=VERTEX_POINT('',#1863);
#504=VERTEX_POINT('',#1873);
#505=VERTEX_POINT('',#1874);
#506=VERTEX_POINT('',#1921);
#507=VERTEX_POINT('',#1922);
#508=VERTEX_POINT('',#1969);
#509=VERTEX_POINT('',#1970);
#510=VERTEX_POINT('',#2017);
#511=VERTEX_POINT('',#2018);
#512=VERTEX_POINT('',#2068);
#513=VERTEX_POINT('',#2069);
#514=VERTEX_POINT('',#2116);
#515=VERTEX_POINT('',#2117);
#516=VERTEX_POINT('',#2164);
#517=VERTEX_POINT('',#2165);
#518=VERTEX_POINT('',#2218);
#519=VERTEX_POINT('',#2219);
#520=VERTEX_POINT('',#2266);
#521=VERTEX_POINT('',#2267);
#522=VERTEX_POINT('',#2314);
#523=VERTEX_POINT('',#2315);
#524=VERTEX_POINT('',#2368);
#525=VERTEX_POINT('',#2369);
#526=VERTEX_POINT('',#2416);
#527=VERTEX_POINT('',#2417);
#528=VERTEX_POINT('',#2464);
#529=VERTEX_POINT('',#2465);
#530=VERTEX_POINT('',#2512);
#531=VERTEX_POINT('',#2513);
#532=VERTEX_POINT('',#2566);
#533=VERTEX_POINT('',#2567);
#534=VERTEX_POINT('',#2614);
#535=VERTEX_POINT('',#2615);
#536=VERTEX_POINT('',#2662);
#537=VERTEX_POINT('',#2663);
#538=VERTEX_POINT('',#2716);
#539=VERTEX_POINT('',#2717);
#540=VERTEX_POINT('',#2764);
#541=VERTEX_POINT('',#2765);
#542=VERTEX_POINT('',#2812);
#543=VERTEX_POINT('',#2813);
#544=VERTEX_POINT('',#2860);
#545=VERTEX_POINT('',#2861);
#546=VERTEX_POINT('',#2914);
#547=VERTEX_POINT('',#2915);
#548=VERTEX_POINT('',#2962);
#549=VERTEX_POINT('',#2963);
#550=VERTEX_POINT('',#3010);
#551=VERTEX_POINT('',#3011);
#552=VERTEX_POINT('',#3064);
#553=VERTEX_POINT('',#3065);
#554=VERTEX_POINT('',#3112);
#555=VERTEX_POINT('',#3113);
#556=VERTEX_POINT('',#3160);
#557=VERTEX_POINT('',#3161);
#558=VERTEX_POINT('',#3163);
#559=VERTEX_POINT('',#3173);
#560=VERTEX_POINT('',#3184);
#561=VERTEX_POINT('',#3185);
#562=VERTEX_POINT('',#3208);
#563=VERTEX_POINT('',#3209);
#564=VERTEX_POINT('',#3233);
#565=VERTEX_POINT('',#3234);
#566=VERTEX_POINT('',#3258);
#567=VERTEX_POINT('',#3259);
#568=VERTEX_POINT('',#3282);
#569=VERTEX_POINT('',#3283);
#570=VERTEX_POINT('',#3307);
#571=VERTEX_POINT('',#3308);
#572=VERTEX_POINT('',#3332);
#573=VERTEX_POINT('',#3333);
#574=VERTEX_POINT('',#3356);
#575=VERTEX_POINT('',#3357);
#576=VERTEX_POINT('',#3380);
#577=VERTEX_POINT('',#3381);
#578=VERTEX_POINT('',#3405);
#579=VERTEX_POINT('',#3406);
#580=VERTEX_POINT('',#3430);
#581=VERTEX_POINT('',#3431);
#582=VERTEX_POINT('',#3454);
#583=VERTEX_POINT('',#3455);
#584=VERTEX_POINT('',#3479);
#585=VERTEX_POINT('',#3480);
#586=VERTEX_POINT('',#3504);
#587=VERTEX_POINT('',#3505);
#588=VERTEX_POINT('',#3528);
#589=VERTEX_POINT('',#3529);
#590=VERTEX_POINT('',#3552);
#591=VERTEX_POINT('',#3553);
#592=VERTEX_POINT('',#3577);
#593=VERTEX_POINT('',#3578);
#594=VERTEX_POINT('',#3602);
#595=VERTEX_POINT('',#3603);
#596=VERTEX_POINT('',#3626);
#597=VERTEX_POINT('',#3627);
#598=VERTEX_POINT('',#3651);
#599=VERTEX_POINT('',#3652);
#600=VERTEX_POINT('',#3676);
#601=VERTEX_POINT('',#3677);
#602=VERTEX_POINT('',#3700);
#603=VERTEX_POINT('',#3701);
#604=VERTEX_POINT('',#3725);
#605=VERTEX_POINT('',#3726);
#606=VERTEX_POINT('',#3750);
#607=VERTEX_POINT('',#3751);
#608=VERTEX_POINT('',#3774);
#609=VERTEX_POINT('',#3775);
#610=VERTEX_POINT('',#3798);
#611=VERTEX_POINT('',#3884);
#612=VERTEX_POINT('',#3886);
#613=VERTEX_POINT('',#4668);
#614=VERTEX_POINT('',#4736);
#615=VERTEX_POINT('',#4763);
#616=VERTEX_POINT('',#4765);
#617=VERTEX_POINT('',#5549);
#618=VERTEX_POINT('',#5553);
#619=VERTEX_POINT('',#5554);
#620=VERTEX_POINT('',#5558);
#621=VERTEX_POINT('',#5564);
#622=VERTEX_POINT('',#5565);
#623=VERTEX_POINT('',#5567);
#624=VERTEX_POINT('',#5575);
#625=VERTEX_POINT('',#5581);
#626=VERTEX_POINT('',#5585);
#627=VERTEX_POINT('',#5587);
#628=VERTEX_POINT('',#5591);
#629=VERTEX_POINT('',#5595);
#630=VERTEX_POINT('',#5597);
#631=VERTEX_POINT('',#5601);
#632=VERTEX_POINT('',#5607);
#633=VERTEX_POINT('',#5611);
#634=VERTEX_POINT('',#5617);
#635=VERTEX_POINT('',#5618);
#636=VERTEX_POINT('',#5627);
#637=VERTEX_POINT('',#5636);
#638=VERTEX_POINT('',#5645);
#639=VERTEX_POINT('',#5647);
#640=VERTEX_POINT('',#5651);
#641=VERTEX_POINT('',#5655);
#642=VERTEX_POINT('',#5659);
#643=VERTEX_POINT('',#5661);
#644=EDGE_CURVE('',#500,#501,#360,.T.);
#645=EDGE_CURVE('',#500,#502,#244,.T.);
#646=EDGE_CURVE('',#502,#503,#220,.T.);
#647=EDGE_CURVE('',#503,#501,#245,.T.);
#648=EDGE_CURVE('',#504,#505,#361,.T.);
#649=EDGE_CURVE('',#504,#500,#246,.T.);
#650=EDGE_CURVE('',#501,#505,#247,.T.);
#651=EDGE_CURVE('',#506,#507,#362,.T.);
#652=EDGE_CURVE('',#506,#504,#248,.T.);
#653=EDGE_CURVE('',#505,#507,#249,.T.);
#654=EDGE_CURVE('',#508,#509,#363,.T.);
#655=EDGE_CURVE('',#508,#506,#250,.T.);
#656=EDGE_CURVE('',#507,#509,#251,.T.);
#657=EDGE_CURVE('',#510,#511,#364,.T.);
#658=EDGE_CURVE('',#510,#508,#252,.T.);
#659=EDGE_CURVE('',#509,#511,#253,.T.);
#660=EDGE_CURVE('',#512,#513,#365,.T.);
#661=EDGE_CURVE('',#512,#510,#254,.T.);
#662=EDGE_CURVE('',#511,#513,#255,.T.);
#663=EDGE_CURVE('',#514,#515,#366,.T.);
#664=EDGE_CURVE('',#514,#512,#256,.T.);
#665=EDGE_CURVE('',#513,#515,#257,.T.);
#666=EDGE_CURVE('',#516,#517,#367,.T.);
#667=EDGE_CURVE('',#516,#514,#258,.T.);
#668=EDGE_CURVE('',#515,#517,#259,.T.);
#669=EDGE_CURVE('',#518,#519,#368,.T.);
#670=EDGE_CURVE('',#518,#516,#260,.T.);
#671=EDGE_CURVE('',#517,#519,#261,.T.);
#672=EDGE_CURVE('',#520,#521,#369,.T.);
#673=EDGE_CURVE('',#520,#518,#262,.T.);
#674=EDGE_CURVE('',#519,#521,#263,.T.);
#675=EDGE_CURVE('',#522,#523,#370,.T.);
#676=EDGE_CURVE('',#522,#520,#264,.T.);
#677=EDGE_CURVE('',#521,#523,#265,.T.);
#678=EDGE_CURVE('',#524,#525,#371,.T.);
#679=EDGE_CURVE('',#524,#522,#266,.T.);
#680=EDGE_CURVE('',#523,#525,#267,.T.);
#681=EDGE_CURVE('',#526,#527,#372,.T.);
#682=EDGE_CURVE('',#526,#524,#268,.T.);
#683=EDGE_CURVE('',#525,#527,#269,.T.);
#684=EDGE_CURVE('',#528,#529,#373,.T.);
#685=EDGE_CURVE('',#528,#526,#270,.T.);
#686=EDGE_CURVE('',#527,#529,#271,.T.);
#687=EDGE_CURVE('',#530,#531,#374,.T.);
#688=EDGE_CURVE('',#530,#528,#272,.T.);
#689=EDGE_CURVE('',#529,#531,#273,.T.);
#690=EDGE_CURVE('',#532,#533,#375,.T.);
#691=EDGE_CURVE('',#532,#530,#274,.T.);
#692=EDGE_CURVE('',#531,#533,#275,.T.);
#693=EDGE_CURVE('',#534,#535,#376,.T.);
#694=EDGE_CURVE('',#534,#532,#276,.T.);
#695=EDGE_CURVE('',#533,#535,#277,.T.);
#696=EDGE_CURVE('',#536,#537,#377,.T.);
#697=EDGE_CURVE('',#536,#534,#278,.T.);
#698=EDGE_CURVE('',#535,#537,#279,.T.);
#699=EDGE_CURVE('',#538,#539,#378,.T.);
#700=EDGE_CURVE('',#538,#536,#280,.T.);
#701=EDGE_CURVE('',#537,#539,#281,.T.);
#702=EDGE_CURVE('',#540,#541,#379,.T.);
#703=EDGE_CURVE('',#540,#538,#282,.T.);
#704=EDGE_CURVE('',#539,#541,#283,.T.);
#705=EDGE_CURVE('',#542,#543,#380,.T.);
#706=EDGE_CURVE('',#542,#540,#284,.T.);
#707=EDGE_CURVE('',#541,#543,#285,.T.);
#708=EDGE_CURVE('',#544,#545,#381,.T.);
#709=EDGE_CURVE('',#544,#542,#286,.T.);
#710=EDGE_CURVE('',#543,#545,#287,.T.);
#711=EDGE_CURVE('',#546,#547,#382,.T.);
#712=EDGE_CURVE('',#546,#544,#288,.T.);
#713=EDGE_CURVE('',#545,#547,#289,.T.);
#714=EDGE_CURVE('',#548,#549,#383,.T.);
#715=EDGE_CURVE('',#548,#546,#290,.T.);
#716=EDGE_CURVE('',#547,#549,#291,.T.);
#717=EDGE_CURVE('',#550,#551,#384,.T.);
#718=EDGE_CURVE('',#550,#548,#292,.T.);
#719=EDGE_CURVE('',#549,#551,#293,.T.);
#720=EDGE_CURVE('',#552,#553,#385,.T.);
#721=EDGE_CURVE('',#552,#550,#294,.T.);
#722=EDGE_CURVE('',#551,#553,#295,.T.);
#723=EDGE_CURVE('',#554,#555,#386,.T.);
#724=EDGE_CURVE('',#554,#552,#296,.T.);
#725=EDGE_CURVE('',#553,#555,#297,.T.);
#726=EDGE_CURVE('',#556,#557,#387,.T.);
#727=EDGE_CURVE('',#556,#558,#298,.T.);
#728=EDGE_CURVE('',#559,#558,#221,.T.);
#729=EDGE_CURVE('',#557,#559,#299,.T.);
#730=EDGE_CURVE('',#560,#561,#388,.T.);
#731=EDGE_CURVE('',#560,#556,#300,.T.);
#732=EDGE_CURVE('',#561,#557,#301,.T.);
#733=EDGE_CURVE('',#562,#563,#389,.T.);
#734=EDGE_CURVE('',#562,#560,#302,.T.);
#735=EDGE_CURVE('',#563,#561,#303,.T.);
#736=EDGE_CURVE('',#564,#565,#390,.T.);
#737=EDGE_CURVE('',#564,#562,#304,.T.);
#738=EDGE_CURVE('',#565,#563,#305,.T.);
#739=EDGE_CURVE('',#566,#567,#391,.T.);
#740=EDGE_CURVE('',#566,#564,#306,.T.);
#741=EDGE_CURVE('',#567,#565,#307,.T.);
#742=EDGE_CURVE('',#568,#569,#392,.T.);
#743=EDGE_CURVE('',#568,#566,#308,.T.);
#744=EDGE_CURVE('',#569,#567,#309,.T.);
#745=EDGE_CURVE('',#570,#571,#393,.T.);
#746=EDGE_CURVE('',#570,#568,#310,.T.);
#747=EDGE_CURVE('',#571,#569,#311,.T.);
#748=EDGE_CURVE('',#572,#573,#394,.T.);
#749=EDGE_CURVE('',#572,#570,#312,.T.);
#750=EDGE_CURVE('',#573,#571,#313,.T.);
#751=EDGE_CURVE('',#574,#575,#395,.T.);
#752=EDGE_CURVE('',#574,#572,#314,.T.);
#753=EDGE_CURVE('',#575,#573,#315,.T.);
#754=EDGE_CURVE('',#576,#577,#396,.T.);
#755=EDGE_CURVE('',#576,#574,#316,.T.);
#756=EDGE_CURVE('',#577,#575,#317,.T.);
#757=EDGE_CURVE('',#578,#579,#397,.T.);
#758=EDGE_CURVE('',#578,#576,#318,.T.);
#759=EDGE_CURVE('',#579,#577,#319,.T.);
#760=EDGE_CURVE('',#580,#581,#398,.T.);
#761=EDGE_CURVE('',#580,#578,#320,.T.);
#762=EDGE_CURVE('',#581,#579,#321,.T.);
#763=EDGE_CURVE('',#582,#583,#399,.T.);
#764=EDGE_CURVE('',#582,#580,#322,.T.);
#765=EDGE_CURVE('',#583,#581,#323,.T.);
#766=EDGE_CURVE('',#584,#585,#400,.T.);
#767=EDGE_CURVE('',#584,#582,#324,.T.);
#768=EDGE_CURVE('',#585,#583,#325,.T.);
#769=EDGE_CURVE('',#586,#587,#401,.T.);
#770=EDGE_CURVE('',#586,#584,#326,.T.);
#771=EDGE_CURVE('',#587,#585,#327,.T.);
#772=EDGE_CURVE('',#588,#589,#402,.T.);
#773=EDGE_CURVE('',#588,#586,#328,.T.);
#774=EDGE_CURVE('',#589,#587,#329,.T.);
#775=EDGE_CURVE('',#590,#591,#403,.T.);
#776=EDGE_CURVE('',#590,#588,#330,.T.);
#777=EDGE_CURVE('',#591,#589,#331,.T.);
#778=EDGE_CURVE('',#592,#593,#404,.T.);
#779=EDGE_CURVE('',#592,#590,#332,.T.);
#780=EDGE_CURVE('',#593,#591,#333,.T.);
#781=EDGE_CURVE('',#594,#595,#405,.T.);
#782=EDGE_CURVE('',#594,#592,#334,.T.);
#783=EDGE_CURVE('',#595,#593,#335,.T.);
#784=EDGE_CURVE('',#596,#597,#406,.T.);
#785=EDGE_CURVE('',#596,#594,#336,.T.);
#786=EDGE_CURVE('',#597,#595,#337,.T.);
#787=EDGE_CURVE('',#598,#599,#407,.T.);
#788=EDGE_CURVE('',#598,#596,#338,.T.);
#789=EDGE_CURVE('',#599,#597,#339,.T.);
#790=EDGE_CURVE('',#600,#601,#408,.T.);
#791=EDGE_CURVE('',#600,#598,#340,.T.);
#792=EDGE_CURVE('',#601,#599,#341,.T.);
#793=EDGE_CURVE('',#602,#603,#409,.T.);
#794=EDGE_CURVE('',#602,#600,#342,.T.);
#795=EDGE_CURVE('',#603,#601,#343,.T.);
#796=EDGE_CURVE('',#604,#605,#410,.T.);
#797=EDGE_CURVE('',#604,#602,#344,.T.);
#798=EDGE_CURVE('',#605,#603,#345,.T.);
#799=EDGE_CURVE('',#606,#607,#411,.T.);
#800=EDGE_CURVE('',#606,#604,#346,.T.);
#801=EDGE_CURVE('',#607,#605,#347,.T.);
#802=EDGE_CURVE('',#608,#609,#412,.T.);
#803=EDGE_CURVE('',#608,#606,#348,.T.);
#804=EDGE_CURVE('',#609,#607,#349,.T.);
#805=EDGE_CURVE('',#558,#610,#350,.T.);
#806=EDGE_CURVE('',#611,#610,#222,.F.);
#807=EDGE_CURVE('',#612,#611,#223,.F.);
#808=EDGE_CURVE('',#612,#559,#351,.T.);
#809=EDGE_CURVE('',#555,#612,#352,.T.);
#810=EDGE_CURVE('',#613,#503,#353,.T.);
#811=EDGE_CURVE('',#614,#613,#354,.T.);
#812=EDGE_CURVE('',#614,#609,#355,.T.);
#813=EDGE_CURVE('',#613,#615,#224,.T.);
#814=EDGE_CURVE('',#615,#616,#356,.T.);
#815=EDGE_CURVE('',#616,#614,#225,.T.);
#816=EDGE_CURVE('',#616,#608,#357,.T.);
#817=EDGE_CURVE('',#502,#615,#358,.T.);
#818=EDGE_CURVE('',#610,#554,#359,.T.);
#819=EDGE_CURVE('',#615,#617,#226,.T.);
#820=EDGE_CURVE('',#617,#613,#227,.T.);
#821=EDGE_CURVE('',#618,#619,#18,.T.);
#822=EDGE_CURVE('',#619,#620,#228,.T.);
#823=EDGE_CURVE('',#620,#618,#19,.T.);
#824=EDGE_CURVE('',#621,#622,#229,.T.);
#825=EDGE_CURVE('',#622,#623,#20,.T.);
#826=EDGE_CURVE('',#623,#621,#21,.T.);
#827=EDGE_CURVE('',#611,#624,#413,.T.);
#828=EDGE_CURVE('',#624,#624,#230,.T.);
#829=EDGE_CURVE('',#610,#612,#231,.F.);
#830=EDGE_CURVE('',#625,#625,#232,.T.);
#831=EDGE_CURVE('',#625,#617,#414,.T.);
#832=EDGE_CURVE('',#625,#626,#415,.T.);
#833=EDGE_CURVE('',#626,#627,#233,.T.);
#834=EDGE_CURVE('',#627,#626,#234,.T.);
#835=EDGE_CURVE('',#627,#628,#235,.T.);
#836=EDGE_CURVE('',#628,#628,#236,.T.);
#837=EDGE_CURVE('',#629,#629,#237,.T.);
#838=EDGE_CURVE('',#629,#630,#416,.T.);
#839=EDGE_CURVE('',#630,#630,#238,.T.);
#840=EDGE_CURVE('',#631,#631,#239,.T.);
#841=EDGE_CURVE('',#631,#630,#417,.T.);
#842=EDGE_CURVE('',#632,#622,#22,.T.);
#843=EDGE_CURVE('',#622,#633,#240,.T.);
#844=EDGE_CURVE('',#633,#632,#23,.T.);
#845=EDGE_CURVE('',#634,#635,#24,.T.);
#846=EDGE_CURVE('',#635,#621,#241,.T.);
#847=EDGE_CURVE('',#621,#634,#25,.T.);
#848=EDGE_CURVE('',#635,#636,#26,.T.);
#849=EDGE_CURVE('',#636,#620,#27,.T.);
#850=EDGE_CURVE('',#620,#635,#242,.T.);
#851=EDGE_CURVE('',#619,#637,#28,.T.);
#852=EDGE_CURVE('',#637,#633,#29,.T.);
#853=EDGE_CURVE('',#633,#619,#243,.T.);
#854=EDGE_CURVE('',#638,#623,#418,.T.);
#855=EDGE_CURVE('',#638,#639,#419,.T.);
#856=EDGE_CURVE('',#639,#634,#420,.T.);
#857=EDGE_CURVE('',#640,#632,#421,.T.);
#858=EDGE_CURVE('',#640,#638,#422,.T.);
#859=EDGE_CURVE('',#641,#637,#423,.T.);
#860=EDGE_CURVE('',#641,#640,#424,.T.);
#861=EDGE_CURVE('',#642,#636,#425,.T.);
#862=EDGE_CURVE('',#642,#643,#426,.T.);
#863=EDGE_CURVE('',#643,#618,#427,.T.);
#864=EDGE_CURVE('',#639,#642,#428,.T.);
#865=EDGE_CURVE('',#643,#641,#429,.T.);
#866=ORIENTED_EDGE('',*,*,#644,.F.);
#867=ORIENTED_EDGE('',*,*,#645,.T.);
#868=ORIENTED_EDGE('',*,*,#646,.T.);
#869=ORIENTED_EDGE('',*,*,#647,.T.);
#870=ORIENTED_EDGE('',*,*,#648,.F.);
#871=ORIENTED_EDGE('',*,*,#649,.T.);
#872=ORIENTED_EDGE('',*,*,#644,.T.);
#873=ORIENTED_EDGE('',*,*,#650,.T.);
#874=ORIENTED_EDGE('',*,*,#651,.F.);
#875=ORIENTED_EDGE('',*,*,#652,.T.);
#876=ORIENTED_EDGE('',*,*,#648,.T.);
#877=ORIENTED_EDGE('',*,*,#653,.T.);
#878=ORIENTED_EDGE('',*,*,#654,.F.);
#879=ORIENTED_EDGE('',*,*,#655,.T.);
#880=ORIENTED_EDGE('',*,*,#651,.T.);
#881=ORIENTED_EDGE('',*,*,#656,.T.);
#882=ORIENTED_EDGE('',*,*,#657,.F.);
#883=ORIENTED_EDGE('',*,*,#658,.T.);
#884=ORIENTED_EDGE('',*,*,#654,.T.);
#885=ORIENTED_EDGE('',*,*,#659,.T.);
#886=ORIENTED_EDGE('',*,*,#660,.F.);
#887=ORIENTED_EDGE('',*,*,#661,.T.);
#888=ORIENTED_EDGE('',*,*,#657,.T.);
#889=ORIENTED_EDGE('',*,*,#662,.T.);
#890=ORIENTED_EDGE('',*,*,#663,.F.);
#891=ORIENTED_EDGE('',*,*,#664,.T.);
#892=ORIENTED_EDGE('',*,*,#660,.T.);
#893=ORIENTED_EDGE('',*,*,#665,.T.);
#894=ORIENTED_EDGE('',*,*,#666,.F.);
#895=ORIENTED_EDGE('',*,*,#667,.T.);
#896=ORIENTED_EDGE('',*,*,#663,.T.);
#897=ORIENTED_EDGE('',*,*,#668,.T.);
#898=ORIENTED_EDGE('',*,*,#669,.F.);
#899=ORIENTED_EDGE('',*,*,#670,.T.);
#900=ORIENTED_EDGE('',*,*,#666,.T.);
#901=ORIENTED_EDGE('',*,*,#671,.T.);
#902=ORIENTED_EDGE('',*,*,#672,.F.);
#903=ORIENTED_EDGE('',*,*,#673,.T.);
#904=ORIENTED_EDGE('',*,*,#669,.T.);
#905=ORIENTED_EDGE('',*,*,#674,.T.);
#906=ORIENTED_EDGE('',*,*,#675,.F.);
#907=ORIENTED_EDGE('',*,*,#676,.T.);
#908=ORIENTED_EDGE('',*,*,#672,.T.);
#909=ORIENTED_EDGE('',*,*,#677,.T.);
#910=ORIENTED_EDGE('',*,*,#678,.F.);
#911=ORIENTED_EDGE('',*,*,#679,.T.);
#912=ORIENTED_EDGE('',*,*,#675,.T.);
#913=ORIENTED_EDGE('',*,*,#680,.T.);
#914=ORIENTED_EDGE('',*,*,#681,.F.);
#915=ORIENTED_EDGE('',*,*,#682,.T.);
#916=ORIENTED_EDGE('',*,*,#678,.T.);
#917=ORIENTED_EDGE('',*,*,#683,.T.);
#918=ORIENTED_EDGE('',*,*,#684,.F.);
#919=ORIENTED_EDGE('',*,*,#685,.T.);
#920=ORIENTED_EDGE('',*,*,#681,.T.);
#921=ORIENTED_EDGE('',*,*,#686,.T.);
#922=ORIENTED_EDGE('',*,*,#687,.F.);
#923=ORIENTED_EDGE('',*,*,#688,.T.);
#924=ORIENTED_EDGE('',*,*,#684,.T.);
#925=ORIENTED_EDGE('',*,*,#689,.T.);
#926=ORIENTED_EDGE('',*,*,#690,.F.);
#927=ORIENTED_EDGE('',*,*,#691,.T.);
#928=ORIENTED_EDGE('',*,*,#687,.T.);
#929=ORIENTED_EDGE('',*,*,#692,.T.);
#930=ORIENTED_EDGE('',*,*,#693,.F.);
#931=ORIENTED_EDGE('',*,*,#694,.T.);
#932=ORIENTED_EDGE('',*,*,#690,.T.);
#933=ORIENTED_EDGE('',*,*,#695,.T.);
#934=ORIENTED_EDGE('',*,*,#696,.F.);
#935=ORIENTED_EDGE('',*,*,#697,.T.);
#936=ORIENTED_EDGE('',*,*,#693,.T.);
#937=ORIENTED_EDGE('',*,*,#698,.T.);
#938=ORIENTED_EDGE('',*,*,#699,.F.);
#939=ORIENTED_EDGE('',*,*,#700,.T.);
#940=ORIENTED_EDGE('',*,*,#696,.T.);
#941=ORIENTED_EDGE('',*,*,#701,.T.);
#942=ORIENTED_EDGE('',*,*,#702,.F.);
#943=ORIENTED_EDGE('',*,*,#703,.T.);
#944=ORIENTED_EDGE('',*,*,#699,.T.);
#945=ORIENTED_EDGE('',*,*,#704,.T.);
#946=ORIENTED_EDGE('',*,*,#705,.F.);
#947=ORIENTED_EDGE('',*,*,#706,.T.);
#948=ORIENTED_EDGE('',*,*,#702,.T.);
#949=ORIENTED_EDGE('',*,*,#707,.T.);
#950=ORIENTED_EDGE('',*,*,#708,.F.);
#951=ORIENTED_EDGE('',*,*,#709,.T.);
#952=ORIENTED_EDGE('',*,*,#705,.T.);
#953=ORIENTED_EDGE('',*,*,#710,.T.);
#954=ORIENTED_EDGE('',*,*,#711,.F.);
#955=ORIENTED_EDGE('',*,*,#712,.T.);
#956=ORIENTED_EDGE('',*,*,#708,.T.);
#957=ORIENTED_EDGE('',*,*,#713,.T.);
#958=ORIENTED_EDGE('',*,*,#714,.F.);
#959=ORIENTED_EDGE('',*,*,#715,.T.);
#960=ORIENTED_EDGE('',*,*,#711,.T.);
#961=ORIENTED_EDGE('',*,*,#716,.T.);
#962=ORIENTED_EDGE('',*,*,#717,.F.);
#963=ORIENTED_EDGE('',*,*,#718,.T.);
#964=ORIENTED_EDGE('',*,*,#714,.T.);
#965=ORIENTED_EDGE('',*,*,#719,.T.);
#966=ORIENTED_EDGE('',*,*,#720,.F.);
#967=ORIENTED_EDGE('',*,*,#721,.T.);
#968=ORIENTED_EDGE('',*,*,#717,.T.);
#969=ORIENTED_EDGE('',*,*,#722,.T.);
#970=ORIENTED_EDGE('',*,*,#723,.F.);
#971=ORIENTED_EDGE('',*,*,#724,.T.);
#972=ORIENTED_EDGE('',*,*,#720,.T.);
#973=ORIENTED_EDGE('',*,*,#725,.T.);
#974=ORIENTED_EDGE('',*,*,#726,.F.);
#975=ORIENTED_EDGE('',*,*,#727,.T.);
#976=ORIENTED_EDGE('',*,*,#728,.F.);
#977=ORIENTED_EDGE('',*,*,#729,.F.);
#978=ORIENTED_EDGE('',*,*,#730,.F.);
#979=ORIENTED_EDGE('',*,*,#731,.T.);
#980=ORIENTED_EDGE('',*,*,#726,.T.);
#981=ORIENTED_EDGE('',*,*,#732,.F.);
#982=ORIENTED_EDGE('',*,*,#733,.F.);
#983=ORIENTED_EDGE('',*,*,#734,.T.);
#984=ORIENTED_EDGE('',*,*,#730,.T.);
#985=ORIENTED_EDGE('',*,*,#735,.F.);
#986=ORIENTED_EDGE('',*,*,#736,.F.);
#987=ORIENTED_EDGE('',*,*,#737,.T.);
#988=ORIENTED_EDGE('',*,*,#733,.T.);
#989=ORIENTED_EDGE('',*,*,#738,.F.);
#990=ORIENTED_EDGE('',*,*,#739,.F.);
#991=ORIENTED_EDGE('',*,*,#740,.T.);
#992=ORIENTED_EDGE('',*,*,#736,.T.);
#993=ORIENTED_EDGE('',*,*,#741,.F.);
#994=ORIENTED_EDGE('',*,*,#742,.F.);
#995=ORIENTED_EDGE('',*,*,#743,.T.);
#996=ORIENTED_EDGE('',*,*,#739,.T.);
#997=ORIENTED_EDGE('',*,*,#744,.F.);
#998=ORIENTED_EDGE('',*,*,#745,.F.);
#999=ORIENTED_EDGE('',*,*,#746,.T.);
#1000=ORIENTED_EDGE('',*,*,#742,.T.);
#1001=ORIENTED_EDGE('',*,*,#747,.F.);
#1002=ORIENTED_EDGE('',*,*,#748,.F.);
#1003=ORIENTED_EDGE('',*,*,#749,.T.);
#1004=ORIENTED_EDGE('',*,*,#745,.T.);
#1005=ORIENTED_EDGE('',*,*,#750,.F.);
#1006=ORIENTED_EDGE('',*,*,#751,.F.);
#1007=ORIENTED_EDGE('',*,*,#752,.T.);
#1008=ORIENTED_EDGE('',*,*,#748,.T.);
#1009=ORIENTED_EDGE('',*,*,#753,.F.);
#1010=ORIENTED_EDGE('',*,*,#754,.F.);
#1011=ORIENTED_EDGE('',*,*,#755,.T.);
#1012=ORIENTED_EDGE('',*,*,#751,.T.);
#1013=ORIENTED_EDGE('',*,*,#756,.F.);
#1014=ORIENTED_EDGE('',*,*,#757,.F.);
#1015=ORIENTED_EDGE('',*,*,#758,.T.);
#1016=ORIENTED_EDGE('',*,*,#754,.T.);
#1017=ORIENTED_EDGE('',*,*,#759,.F.);
#1018=ORIENTED_EDGE('',*,*,#760,.F.);
#1019=ORIENTED_EDGE('',*,*,#761,.T.);
#1020=ORIENTED_EDGE('',*,*,#757,.T.);
#1021=ORIENTED_EDGE('',*,*,#762,.F.);
#1022=ORIENTED_EDGE('',*,*,#763,.F.);
#1023=ORIENTED_EDGE('',*,*,#764,.T.);
#1024=ORIENTED_EDGE('',*,*,#760,.T.);
#1025=ORIENTED_EDGE('',*,*,#765,.F.);
#1026=ORIENTED_EDGE('',*,*,#766,.F.);
#1027=ORIENTED_EDGE('',*,*,#767,.T.);
#1028=ORIENTED_EDGE('',*,*,#763,.T.);
#1029=ORIENTED_EDGE('',*,*,#768,.F.);
#1030=ORIENTED_EDGE('',*,*,#769,.F.);
#1031=ORIENTED_EDGE('',*,*,#770,.T.);
#1032=ORIENTED_EDGE('',*,*,#766,.T.);
#1033=ORIENTED_EDGE('',*,*,#771,.F.);
#1034=ORIENTED_EDGE('',*,*,#772,.F.);
#1035=ORIENTED_EDGE('',*,*,#773,.T.);
#1036=ORIENTED_EDGE('',*,*,#769,.T.);
#1037=ORIENTED_EDGE('',*,*,#774,.F.);
#1038=ORIENTED_EDGE('',*,*,#775,.F.);
#1039=ORIENTED_EDGE('',*,*,#776,.T.);
#1040=ORIENTED_EDGE('',*,*,#772,.T.);
#1041=ORIENTED_EDGE('',*,*,#777,.F.);
#1042=ORIENTED_EDGE('',*,*,#778,.F.);
#1043=ORIENTED_EDGE('',*,*,#779,.T.);
#1044=ORIENTED_EDGE('',*,*,#775,.T.);
#1045=ORIENTED_EDGE('',*,*,#780,.F.);
#1046=ORIENTED_EDGE('',*,*,#781,.F.);
#1047=ORIENTED_EDGE('',*,*,#782,.T.);
#1048=ORIENTED_EDGE('',*,*,#778,.T.);
#1049=ORIENTED_EDGE('',*,*,#783,.F.);
#1050=ORIENTED_EDGE('',*,*,#784,.F.);
#1051=ORIENTED_EDGE('',*,*,#785,.T.);
#1052=ORIENTED_EDGE('',*,*,#781,.T.);
#1053=ORIENTED_EDGE('',*,*,#786,.F.);
#1054=ORIENTED_EDGE('',*,*,#787,.F.);
#1055=ORIENTED_EDGE('',*,*,#788,.T.);
#1056=ORIENTED_EDGE('',*,*,#784,.T.);
#1057=ORIENTED_EDGE('',*,*,#789,.F.);
#1058=ORIENTED_EDGE('',*,*,#790,.F.);
#1059=ORIENTED_EDGE('',*,*,#791,.T.);
#1060=ORIENTED_EDGE('',*,*,#787,.T.);
#1061=ORIENTED_EDGE('',*,*,#792,.F.);
#1062=ORIENTED_EDGE('',*,*,#793,.F.);
#1063=ORIENTED_EDGE('',*,*,#794,.T.);
#1064=ORIENTED_EDGE('',*,*,#790,.T.);
#1065=ORIENTED_EDGE('',*,*,#795,.F.);
#1066=ORIENTED_EDGE('',*,*,#796,.F.);
#1067=ORIENTED_EDGE('',*,*,#797,.T.);
#1068=ORIENTED_EDGE('',*,*,#793,.T.);
#1069=ORIENTED_EDGE('',*,*,#798,.F.);
#1070=ORIENTED_EDGE('',*,*,#799,.F.);
#1071=ORIENTED_EDGE('',*,*,#800,.T.);
#1072=ORIENTED_EDGE('',*,*,#796,.T.);
#1073=ORIENTED_EDGE('',*,*,#801,.F.);
#1074=ORIENTED_EDGE('',*,*,#802,.F.);
#1075=ORIENTED_EDGE('',*,*,#803,.T.);
#1076=ORIENTED_EDGE('',*,*,#799,.T.);
#1077=ORIENTED_EDGE('',*,*,#804,.F.);
#1078=ORIENTED_EDGE('',*,*,#728,.T.);
#1079=ORIENTED_EDGE('',*,*,#805,.T.);
#1080=ORIENTED_EDGE('',*,*,#806,.F.);
#1081=ORIENTED_EDGE('',*,*,#807,.F.);
#1082=ORIENTED_EDGE('',*,*,#808,.T.);
#1083=ORIENTED_EDGE('',*,*,#808,.F.);
#1084=ORIENTED_EDGE('',*,*,#809,.F.);
#1085=ORIENTED_EDGE('',*,*,#725,.F.);
#1086=ORIENTED_EDGE('',*,*,#722,.F.);
#1087=ORIENTED_EDGE('',*,*,#719,.F.);
#1088=ORIENTED_EDGE('',*,*,#716,.F.);
#1089=ORIENTED_EDGE('',*,*,#713,.F.);
#1090=ORIENTED_EDGE('',*,*,#710,.F.);
#1091=ORIENTED_EDGE('',*,*,#707,.F.);
#1092=ORIENTED_EDGE('',*,*,#704,.F.);
#1093=ORIENTED_EDGE('',*,*,#701,.F.);
#1094=ORIENTED_EDGE('',*,*,#698,.F.);
#1095=ORIENTED_EDGE('',*,*,#695,.F.);
#1096=ORIENTED_EDGE('',*,*,#692,.F.);
#1097=ORIENTED_EDGE('',*,*,#689,.F.);
#1098=ORIENTED_EDGE('',*,*,#686,.F.);
#1099=ORIENTED_EDGE('',*,*,#683,.F.);
#1100=ORIENTED_EDGE('',*,*,#680,.F.);
#1101=ORIENTED_EDGE('',*,*,#677,.F.);
#1102=ORIENTED_EDGE('',*,*,#674,.F.);
#1103=ORIENTED_EDGE('',*,*,#671,.F.);
#1104=ORIENTED_EDGE('',*,*,#668,.F.);
#1105=ORIENTED_EDGE('',*,*,#665,.F.);
#1106=ORIENTED_EDGE('',*,*,#662,.F.);
#1107=ORIENTED_EDGE('',*,*,#659,.F.);
#1108=ORIENTED_EDGE('',*,*,#656,.F.);
#1109=ORIENTED_EDGE('',*,*,#653,.F.);
#1110=ORIENTED_EDGE('',*,*,#650,.F.);
#1111=ORIENTED_EDGE('',*,*,#647,.F.);
#1112=ORIENTED_EDGE('',*,*,#810,.F.);
#1113=ORIENTED_EDGE('',*,*,#811,.F.);
#1114=ORIENTED_EDGE('',*,*,#812,.T.);
#1115=ORIENTED_EDGE('',*,*,#804,.T.);
#1116=ORIENTED_EDGE('',*,*,#801,.T.);
#1117=ORIENTED_EDGE('',*,*,#798,.T.);
#1118=ORIENTED_EDGE('',*,*,#795,.T.);
#1119=ORIENTED_EDGE('',*,*,#792,.T.);
#1120=ORIENTED_EDGE('',*,*,#789,.T.);
#1121=ORIENTED_EDGE('',*,*,#786,.T.);
#1122=ORIENTED_EDGE('',*,*,#783,.T.);
#1123=ORIENTED_EDGE('',*,*,#780,.T.);
#1124=ORIENTED_EDGE('',*,*,#777,.T.);
#1125=ORIENTED_EDGE('',*,*,#774,.T.);
#1126=ORIENTED_EDGE('',*,*,#771,.T.);
#1127=ORIENTED_EDGE('',*,*,#768,.T.);
#1128=ORIENTED_EDGE('',*,*,#765,.T.);
#1129=ORIENTED_EDGE('',*,*,#762,.T.);
#1130=ORIENTED_EDGE('',*,*,#759,.T.);
#1131=ORIENTED_EDGE('',*,*,#756,.T.);
#1132=ORIENTED_EDGE('',*,*,#753,.T.);
#1133=ORIENTED_EDGE('',*,*,#750,.T.);
#1134=ORIENTED_EDGE('',*,*,#747,.T.);
#1135=ORIENTED_EDGE('',*,*,#744,.T.);
#1136=ORIENTED_EDGE('',*,*,#741,.T.);
#1137=ORIENTED_EDGE('',*,*,#738,.T.);
#1138=ORIENTED_EDGE('',*,*,#735,.T.);
#1139=ORIENTED_EDGE('',*,*,#732,.T.);
#1140=ORIENTED_EDGE('',*,*,#729,.T.);
#1141=ORIENTED_EDGE('',*,*,#813,.T.);
#1142=ORIENTED_EDGE('',*,*,#814,.T.);
#1143=ORIENTED_EDGE('',*,*,#815,.T.);
#1144=ORIENTED_EDGE('',*,*,#811,.T.);
#1145=ORIENTED_EDGE('',*,*,#802,.T.);
#1146=ORIENTED_EDGE('',*,*,#812,.F.);
#1147=ORIENTED_EDGE('',*,*,#815,.F.);
#1148=ORIENTED_EDGE('',*,*,#816,.T.);
#1149=ORIENTED_EDGE('',*,*,#805,.F.);
#1150=ORIENTED_EDGE('',*,*,#727,.F.);
#1151=ORIENTED_EDGE('',*,*,#731,.F.);
#1152=ORIENTED_EDGE('',*,*,#734,.F.);
#1153=ORIENTED_EDGE('',*,*,#737,.F.);
#1154=ORIENTED_EDGE('',*,*,#740,.F.);
#1155=ORIENTED_EDGE('',*,*,#743,.F.);
#1156=ORIENTED_EDGE('',*,*,#746,.F.);
#1157=ORIENTED_EDGE('',*,*,#749,.F.);
#1158=ORIENTED_EDGE('',*,*,#752,.F.);
#1159=ORIENTED_EDGE('',*,*,#755,.F.);
#1160=ORIENTED_EDGE('',*,*,#758,.F.);
#1161=ORIENTED_EDGE('',*,*,#761,.F.);
#1162=ORIENTED_EDGE('',*,*,#764,.F.);
#1163=ORIENTED_EDGE('',*,*,#767,.F.);
#1164=ORIENTED_EDGE('',*,*,#770,.F.);
#1165=ORIENTED_EDGE('',*,*,#773,.F.);
#1166=ORIENTED_EDGE('',*,*,#776,.F.);
#1167=ORIENTED_EDGE('',*,*,#779,.F.);
#1168=ORIENTED_EDGE('',*,*,#782,.F.);
#1169=ORIENTED_EDGE('',*,*,#785,.F.);
#1170=ORIENTED_EDGE('',*,*,#788,.F.);
#1171=ORIENTED_EDGE('',*,*,#791,.F.);
#1172=ORIENTED_EDGE('',*,*,#794,.F.);
#1173=ORIENTED_EDGE('',*,*,#797,.F.);
#1174=ORIENTED_EDGE('',*,*,#800,.F.);
#1175=ORIENTED_EDGE('',*,*,#803,.F.);
#1176=ORIENTED_EDGE('',*,*,#816,.F.);
#1177=ORIENTED_EDGE('',*,*,#814,.F.);
#1178=ORIENTED_EDGE('',*,*,#817,.F.);
#1179=ORIENTED_EDGE('',*,*,#645,.F.);
#1180=ORIENTED_EDGE('',*,*,#649,.F.);
#1181=ORIENTED_EDGE('',*,*,#652,.F.);
#1182=ORIENTED_EDGE('',*,*,#655,.F.);
#1183=ORIENTED_EDGE('',*,*,#658,.F.);
#1184=ORIENTED_EDGE('',*,*,#661,.F.);
#1185=ORIENTED_EDGE('',*,*,#664,.F.);
#1186=ORIENTED_EDGE('',*,*,#667,.F.);
#1187=ORIENTED_EDGE('',*,*,#670,.F.);
#1188=ORIENTED_EDGE('',*,*,#673,.F.);
#1189=ORIENTED_EDGE('',*,*,#676,.F.);
#1190=ORIENTED_EDGE('',*,*,#679,.F.);
#1191=ORIENTED_EDGE('',*,*,#682,.F.);
#1192=ORIENTED_EDGE('',*,*,#685,.F.);
#1193=ORIENTED_EDGE('',*,*,#688,.F.);
#1194=ORIENTED_EDGE('',*,*,#691,.F.);
#1195=ORIENTED_EDGE('',*,*,#694,.F.);
#1196=ORIENTED_EDGE('',*,*,#697,.F.);
#1197=ORIENTED_EDGE('',*,*,#700,.F.);
#1198=ORIENTED_EDGE('',*,*,#703,.F.);
#1199=ORIENTED_EDGE('',*,*,#706,.F.);
#1200=ORIENTED_EDGE('',*,*,#709,.F.);
#1201=ORIENTED_EDGE('',*,*,#712,.F.);
#1202=ORIENTED_EDGE('',*,*,#715,.F.);
#1203=ORIENTED_EDGE('',*,*,#718,.F.);
#1204=ORIENTED_EDGE('',*,*,#721,.F.);
#1205=ORIENTED_EDGE('',*,*,#724,.F.);
#1206=ORIENTED_EDGE('',*,*,#818,.F.);
#1207=ORIENTED_EDGE('',*,*,#810,.T.);
#1208=ORIENTED_EDGE('',*,*,#646,.F.);
#1209=ORIENTED_EDGE('',*,*,#817,.T.);
#1210=ORIENTED_EDGE('',*,*,#819,.T.);
#1211=ORIENTED_EDGE('',*,*,#820,.T.);
#1212=ORIENTED_EDGE('',*,*,#821,.T.);
#1213=ORIENTED_EDGE('',*,*,#822,.T.);
#1214=ORIENTED_EDGE('',*,*,#823,.T.);
#1215=ORIENTED_EDGE('',*,*,#824,.T.);
#1216=ORIENTED_EDGE('',*,*,#825,.T.);
#1217=ORIENTED_EDGE('',*,*,#826,.T.);
#1218=ORIENTED_EDGE('',*,*,#807,.T.);
#1219=ORIENTED_EDGE('',*,*,#827,.T.);
#1220=ORIENTED_EDGE('',*,*,#828,.F.);
#1221=ORIENTED_EDGE('',*,*,#827,.F.);
#1222=ORIENTED_EDGE('',*,*,#806,.T.);
#1223=ORIENTED_EDGE('',*,*,#829,.T.);
#1224=ORIENTED_EDGE('',*,*,#723,.T.);
#1225=ORIENTED_EDGE('',*,*,#809,.T.);
#1226=ORIENTED_EDGE('',*,*,#829,.F.);
#1227=ORIENTED_EDGE('',*,*,#818,.T.);
#1228=ORIENTED_EDGE('',*,*,#830,.T.);
#1229=ORIENTED_EDGE('',*,*,#831,.T.);
#1230=ORIENTED_EDGE('',*,*,#819,.F.);
#1231=ORIENTED_EDGE('',*,*,#813,.F.);
#1232=ORIENTED_EDGE('',*,*,#820,.F.);
#1233=ORIENTED_EDGE('',*,*,#831,.F.);
#1234=ORIENTED_EDGE('',*,*,#830,.F.);
#1235=ORIENTED_EDGE('',*,*,#832,.T.);
#1236=ORIENTED_EDGE('',*,*,#833,.T.);
#1237=ORIENTED_EDGE('',*,*,#834,.T.);
#1238=ORIENTED_EDGE('',*,*,#832,.F.);
#1239=ORIENTED_EDGE('',*,*,#833,.F.);
#1240=ORIENTED_EDGE('',*,*,#834,.F.);
#1241=ORIENTED_EDGE('',*,*,#835,.T.);
#1242=ORIENTED_EDGE('',*,*,#836,.T.);
#1243=ORIENTED_EDGE('',*,*,#835,.F.);
#1244=ORIENTED_EDGE('',*,*,#837,.F.);
#1245=ORIENTED_EDGE('',*,*,#838,.T.);
#1246=ORIENTED_EDGE('',*,*,#839,.T.);
#1247=ORIENTED_EDGE('',*,*,#838,.F.);
#1248=ORIENTED_EDGE('',*,*,#840,.F.);
#1249=ORIENTED_EDGE('',*,*,#841,.T.);
#1250=ORIENTED_EDGE('',*,*,#839,.F.);
#1251=ORIENTED_EDGE('',*,*,#841,.F.);
#1252=ORIENTED_EDGE('',*,*,#837,.T.);
#1253=ORIENTED_EDGE('',*,*,#836,.F.);
#1254=ORIENTED_EDGE('',*,*,#828,.T.);
#1255=ORIENTED_EDGE('',*,*,#842,.T.);
#1256=ORIENTED_EDGE('',*,*,#843,.T.);
#1257=ORIENTED_EDGE('',*,*,#844,.T.);
#1258=ORIENTED_EDGE('',*,*,#845,.T.);
#1259=ORIENTED_EDGE('',*,*,#846,.T.);
#1260=ORIENTED_EDGE('',*,*,#847,.T.);
#1261=ORIENTED_EDGE('',*,*,#848,.T.);
#1262=ORIENTED_EDGE('',*,*,#849,.T.);
#1263=ORIENTED_EDGE('',*,*,#850,.T.);
#1264=ORIENTED_EDGE('',*,*,#851,.T.);
#1265=ORIENTED_EDGE('',*,*,#852,.T.);
#1266=ORIENTED_EDGE('',*,*,#853,.T.);
#1267=ORIENTED_EDGE('',*,*,#847,.F.);
#1268=ORIENTED_EDGE('',*,*,#826,.F.);
#1269=ORIENTED_EDGE('',*,*,#854,.F.);
#1270=ORIENTED_EDGE('',*,*,#855,.T.);
#1271=ORIENTED_EDGE('',*,*,#856,.T.);
#1272=ORIENTED_EDGE('',*,*,#825,.F.);
#1273=ORIENTED_EDGE('',*,*,#842,.F.);
#1274=ORIENTED_EDGE('',*,*,#857,.F.);
#1275=ORIENTED_EDGE('',*,*,#858,.T.);
#1276=ORIENTED_EDGE('',*,*,#854,.T.);
#1277=ORIENTED_EDGE('',*,*,#844,.F.);
#1278=ORIENTED_EDGE('',*,*,#852,.F.);
#1279=ORIENTED_EDGE('',*,*,#859,.F.);
#1280=ORIENTED_EDGE('',*,*,#860,.T.);
#1281=ORIENTED_EDGE('',*,*,#857,.T.);
#1282=ORIENTED_EDGE('',*,*,#849,.F.);
#1283=ORIENTED_EDGE('',*,*,#861,.F.);
#1284=ORIENTED_EDGE('',*,*,#862,.T.);
#1285=ORIENTED_EDGE('',*,*,#863,.T.);
#1286=ORIENTED_EDGE('',*,*,#823,.F.);
#1287=ORIENTED_EDGE('',*,*,#845,.F.);
#1288=ORIENTED_EDGE('',*,*,#856,.F.);
#1289=ORIENTED_EDGE('',*,*,#864,.T.);
#1290=ORIENTED_EDGE('',*,*,#861,.T.);
#1291=ORIENTED_EDGE('',*,*,#848,.F.);
#1292=ORIENTED_EDGE('',*,*,#821,.F.);
#1293=ORIENTED_EDGE('',*,*,#863,.F.);
#1294=ORIENTED_EDGE('',*,*,#865,.T.);
#1295=ORIENTED_EDGE('',*,*,#859,.T.);
#1296=ORIENTED_EDGE('',*,*,#851,.F.);
#1297=ORIENTED_EDGE('',*,*,#843,.F.);
#1298=ORIENTED_EDGE('',*,*,#824,.F.);
#1299=ORIENTED_EDGE('',*,*,#846,.F.);
#1300=ORIENTED_EDGE('',*,*,#850,.F.);
#1301=ORIENTED_EDGE('',*,*,#822,.F.);
#1302=ORIENTED_EDGE('',*,*,#853,.F.);
#1303=ORIENTED_EDGE('',*,*,#865,.F.);
#1304=ORIENTED_EDGE('',*,*,#862,.F.);
#1305=ORIENTED_EDGE('',*,*,#864,.F.);
#1306=ORIENTED_EDGE('',*,*,#855,.F.);
#1307=ORIENTED_EDGE('',*,*,#858,.F.);
#1308=ORIENTED_EDGE('',*,*,#860,.F.);
#1309=ORIENTED_EDGE('',*,*,#840,.T.);
#1310=CYLINDRICAL_SURFACE('',#1463,1.4635);
#1311=CYLINDRICAL_SURFACE('',#1465,1.4635);
#1312=CYLINDRICAL_SURFACE('',#1466,1.4635);
#1313=CYLINDRICAL_SURFACE('',#1467,1.4635);
#1314=CYLINDRICAL_SURFACE('',#1468,1.4635);
#1315=CYLINDRICAL_SURFACE('',#1469,1.4635);
#1316=CYLINDRICAL_SURFACE('',#1470,1.4635);
#1317=CYLINDRICAL_SURFACE('',#1471,1.4635);
#1318=CYLINDRICAL_SURFACE('',#1472,1.4635);
#1319=CYLINDRICAL_SURFACE('',#1473,1.4635);
#1320=CYLINDRICAL_SURFACE('',#1474,1.4635);
#1321=CYLINDRICAL_SURFACE('',#1475,1.4635);
#1322=CYLINDRICAL_SURFACE('',#1476,1.4635);
#1323=CYLINDRICAL_SURFACE('',#1477,1.4635);
#1324=CYLINDRICAL_SURFACE('',#1478,1.4635);
#1325=CYLINDRICAL_SURFACE('',#1479,1.4635);
#1326=CYLINDRICAL_SURFACE('',#1480,1.4635);
#1327=CYLINDRICAL_SURFACE('',#1481,1.4635);
#1328=CYLINDRICAL_SURFACE('',#1482,1.4635);
#1329=CYLINDRICAL_SURFACE('',#1483,1.4635);
#1330=CYLINDRICAL_SURFACE('',#1484,1.4635);
#1331=CYLINDRICAL_SURFACE('',#1485,1.4635);
#1332=CYLINDRICAL_SURFACE('',#1486,1.4635);
#1333=CYLINDRICAL_SURFACE('',#1487,1.4635);
#1334=CYLINDRICAL_SURFACE('',#1488,1.4635);
#1335=CYLINDRICAL_SURFACE('',#1489,1.4635);
#1336=CYLINDRICAL_SURFACE('',#1490,1.4635);
#1337=CYLINDRICAL_SURFACE('',#1491,1.17775);
#1338=CYLINDRICAL_SURFACE('',#1493,1.17775);
#1339=CYLINDRICAL_SURFACE('',#1494,1.17775);
#1340=CYLINDRICAL_SURFACE('',#1495,1.17775);
#1341=CYLINDRICAL_SURFACE('',#1496,1.17775);
#1342=CYLINDRICAL_SURFACE('',#1497,1.17775);
#1343=CYLINDRICAL_SURFACE('',#1498,1.17775);
#1344=CYLINDRICAL_SURFACE('',#1499,1.17775);
#1345=CYLINDRICAL_SURFACE('',#1500,1.17775);
#1346=CYLINDRICAL_SURFACE('',#1501,1.17775);
#1347=CYLINDRICAL_SURFACE('',#1502,1.17775);
#1348=CYLINDRICAL_SURFACE('',#1503,1.17775);
#1349=CYLINDRICAL_SURFACE('',#1504,1.17775);
#1350=CYLINDRICAL_SURFACE('',#1505,1.17775);
#1351=CYLINDRICAL_SURFACE('',#1506,1.17775);
#1352=CYLINDRICAL_SURFACE('',#1507,1.17775);
#1353=CYLINDRICAL_SURFACE('',#1508,1.17775);
#1354=CYLINDRICAL_SURFACE('',#1509,1.17775);
#1355=CYLINDRICAL_SURFACE('',#1510,1.17775);
#1356=CYLINDRICAL_SURFACE('',#1511,1.17775);
#1357=CYLINDRICAL_SURFACE('',#1512,1.17775);
#1358=CYLINDRICAL_SURFACE('',#1513,1.17775);
#1359=CYLINDRICAL_SURFACE('',#1514,1.17775);
#1360=CYLINDRICAL_SURFACE('',#1515,1.17775);
#1361=CYLINDRICAL_SURFACE('',#1516,1.17775);
#1362=CYLINDRICAL_SURFACE('',#1517,1.17775);
#1363=CYLINDRICAL_SURFACE('',#1524,1.17775);
#1364=CYLINDRICAL_SURFACE('',#1535,1.4635);
#1365=CYLINDRICAL_SURFACE('',#1538,1.5);
#1366=CYLINDRICAL_SURFACE('',#1544,2.3);
#1367=ADVANCED_FACE('',(#54),#1310,.T.);
#1368=ADVANCED_FACE('',(#55),#1311,.T.);
#1369=ADVANCED_FACE('',(#56),#1312,.T.);
#1370=ADVANCED_FACE('',(#57),#1313,.T.);
#1371=ADVANCED_FACE('',(#58),#1314,.T.);
#1372=ADVANCED_FACE('',(#59),#1315,.T.);
#1373=ADVANCED_FACE('',(#60),#1316,.T.);
#1374=ADVANCED_FACE('',(#61),#1317,.T.);
#1375=ADVANCED_FACE('',(#62),#1318,.T.);
#1376=ADVANCED_FACE('',(#63),#1319,.T.);
#1377=ADVANCED_FACE('',(#64),#1320,.T.);
#1378=ADVANCED_FACE('',(#65),#1321,.T.);
#1379=ADVANCED_FACE('',(#66),#1322,.T.);
#1380=ADVANCED_FACE('',(#67),#1323,.T.);
#1381=ADVANCED_FACE('',(#68),#1324,.T.);
#1382=ADVANCED_FACE('',(#69),#1325,.T.);
#1383=ADVANCED_FACE('',(#70),#1326,.T.);
#1384=ADVANCED_FACE('',(#71),#1327,.T.);
#1385=ADVANCED_FACE('',(#72),#1328,.T.);
#1386=ADVANCED_FACE('',(#73),#1329,.T.);
#1387=ADVANCED_FACE('',(#74),#1330,.T.);
#1388=ADVANCED_FACE('',(#75),#1331,.T.);
#1389=ADVANCED_FACE('',(#76),#1332,.T.);
#1390=ADVANCED_FACE('',(#77),#1333,.T.);
#1391=ADVANCED_FACE('',(#78),#1334,.T.);
#1392=ADVANCED_FACE('',(#79),#1335,.T.);
#1393=ADVANCED_FACE('',(#80),#1336,.T.);
#1394=ADVANCED_FACE('',(#81),#1337,.T.);
#1395=ADVANCED_FACE('',(#82),#1338,.T.);
#1396=ADVANCED_FACE('',(#83),#1339,.T.);
#1397=ADVANCED_FACE('',(#84),#1340,.T.);
#1398=ADVANCED_FACE('',(#85),#1341,.T.);
#1399=ADVANCED_FACE('',(#86),#1342,.T.);
#1400=ADVANCED_FACE('',(#87),#1343,.T.);
#1401=ADVANCED_FACE('',(#88),#1344,.T.);
#1402=ADVANCED_FACE('',(#89),#1345,.T.);
#1403=ADVANCED_FACE('',(#90),#1346,.T.);
#1404=ADVANCED_FACE('',(#91),#1347,.T.);
#1405=ADVANCED_FACE('',(#92),#1348,.T.);
#1406=ADVANCED_FACE('',(#93),#1349,.T.);
#1407=ADVANCED_FACE('',(#94),#1350,.T.);
#1408=ADVANCED_FACE('',(#95),#1351,.T.);
#1409=ADVANCED_FACE('',(#96),#1352,.T.);
#1410=ADVANCED_FACE('',(#97),#1353,.T.);
#1411=ADVANCED_FACE('',(#98),#1354,.T.);
#1412=ADVANCED_FACE('',(#99),#1355,.T.);
#1413=ADVANCED_FACE('',(#100),#1356,.T.);
#1414=ADVANCED_FACE('',(#101),#1357,.T.);
#1415=ADVANCED_FACE('',(#102),#1358,.T.);
#1416=ADVANCED_FACE('',(#103),#1359,.T.);
#1417=ADVANCED_FACE('',(#104),#1360,.T.);
#1418=ADVANCED_FACE('',(#105),#1361,.T.);
#1419=ADVANCED_FACE('',(#106),#1362,.T.);
#1420=ADVANCED_FACE('',(#107),#41,.F.);
#1421=ADVANCED_FACE('',(#108),#39,.F.);
#1422=ADVANCED_FACE('',(#109),#42,.T.);
#1423=ADVANCED_FACE('',(#110),#1363,.T.);
#1424=ADVANCED_FACE('',(#111),#40,.F.);
#1425=ADVANCED_FACE('',(#112),#43,.T.);
#1426=ADVANCED_FACE('',(#113),#30,.T.);
#1427=ADVANCED_FACE('',(#114),#31,.T.);
#1428=ADVANCED_FACE('',(#115),#32,.T.);
#1429=ADVANCED_FACE('',(#116),#1364,.T.);
#1430=ADVANCED_FACE('',(#117),#33,.T.);
#1431=ADVANCED_FACE('',(#118),#1365,.T.);
#1432=ADVANCED_FACE('',(#119),#17,.F.);
#1433=ADVANCED_FACE('',(#120),#1366,.T.);
#1434=ADVANCED_FACE('',(#121),#34,.T.);
#1435=ADVANCED_FACE('',(#122,#15),#44,.T.);
#1436=ADVANCED_FACE('',(#123),#45,.T.);
#1437=ADVANCED_FACE('',(#124),#35,.T.);
#1438=ADVANCED_FACE('',(#125),#36,.T.);
#1439=ADVANCED_FACE('',(#126),#37,.T.);
#1440=ADVANCED_FACE('',(#127),#38,.T.);
#1441=ADVANCED_FACE('',(#128),#46,.T.);
#1442=ADVANCED_FACE('',(#129),#47,.T.);
#1443=ADVANCED_FACE('',(#130),#48,.T.);
#1444=ADVANCED_FACE('',(#131),#49,.T.);
#1445=ADVANCED_FACE('',(#132),#50,.T.);
#1446=ADVANCED_FACE('',(#133),#51,.T.);
#1447=ADVANCED_FACE('',(#134),#52,.T.);
#1448=ADVANCED_FACE('',(#135,#16),#53,.F.);
#1449=CLOSED_SHELL('',(#1367,#1368,#1369,#1370,#1371,#1372,#1373,#1374,
#1375,#1376,#1377,#1378,#1379,#1380,#1381,#1382,#1383,#1384,#1385,#1386,
#1387,#1388,#1389,#1390,#1391,#1392,#1393,#1394,#1395,#1396,#1397,#1398,
#1399,#1400,#1401,#1402,#1403,#1404,#1405,#1406,#1407,#1408,#1409,#1410,
#1411,#1412,#1413,#1414,#1415,#1416,#1417,#1418,#1419,#1420,#1421,#1422,
#1423,#1424,#1425,#1426,#1427,#1428,#1429,#1430,#1431,#1432,#1433,#1434,
#1435,#1436,#1437,#1438,#1439,#1440,#1441,#1442,#1443,#1444,#1445,#1446,
#1447,#1448));
#1450=DERIVED_UNIT_ELEMENT(#1452,1.);
#1451=DERIVED_UNIT_ELEMENT(#5675,-3.);
#1452=(
MASS_UNIT()
NAMED_UNIT(*)
SI_UNIT(.KILO.,.GRAM.)
);
#1453=DERIVED_UNIT((#1450,#1451));
#1454=MEASURE_REPRESENTATION_ITEM('density measure',
POSITIVE_RATIO_MEASURE(7850.),#1453);
#1455=PROPERTY_DEFINITION_REPRESENTATION(#1460,#1457);
#1456=PROPERTY_DEFINITION_REPRESENTATION(#1461,#1458);
#1457=REPRESENTATION('material name',(#1459),#5672);
#1458=REPRESENTATION('density',(#1454),#5672);
#1459=DESCRIPTIVE_REPRESENTATION_ITEM('Steel','Steel');
#1460=PROPERTY_DEFINITION('material property','material name',#5682);
#1461=PROPERTY_DEFINITION('material property','density of part',#5682);
#1462=AXIS2_PLACEMENT_3D('placement',#1847,#1567,#1568);
#1463=AXIS2_PLACEMENT_3D('',#1848,#1569,#1570);
#1464=AXIS2_PLACEMENT_3D('',#1864,#1572,#1573);
#1465=AXIS2_PLACEMENT_3D('',#1872,#1574,#1575);
#1466=AXIS2_PLACEMENT_3D('',#1920,#1577,#1578);
#1467=AXIS2_PLACEMENT_3D('',#1968,#1580,#1581);
#1468=AXIS2_PLACEMENT_3D('',#2016,#1583,#1584);
#1469=AXIS2_PLACEMENT_3D('',#2067,#1586,#1587);
#1470=AXIS2_PLACEMENT_3D('',#2115,#1589,#1590);
#1471=AXIS2_PLACEMENT_3D('',#2163,#1592,#1593);
#1472=AXIS2_PLACEMENT_3D('',#2217,#1595,#1596);
#1473=AXIS2_PLACEMENT_3D('',#2265,#1598,#1599);
#1474=AXIS2_PLACEMENT_3D('',#2313,#1601,#1602);
#1475=AXIS2_PLACEMENT_3D('',#2367,#1604,#1605);
#1476=AXIS2_PLACEMENT_3D('',#2415,#1607,#1608);
#1477=AXIS2_PLACEMENT_3D('',#2463,#1610,#1611);
#1478=AXIS2_PLACEMENT_3D('',#2511,#1613,#1614);
#1479=AXIS2_PLACEMENT_3D('',#2565,#1616,#1617);
#1480=AXIS2_PLACEMENT_3D('',#2613,#1619,#1620);
#1481=AXIS2_PLACEMENT_3D('',#2661,#1622,#1623);
#1482=AXIS2_PLACEMENT_3D('',#2715,#1625,#1626);
#1483=AXIS2_PLACEMENT_3D('',#2763,#1628,#1629);
#1484=AXIS2_PLACEMENT_3D('',#2811,#1631,#1632);
#1485=AXIS2_PLACEMENT_3D('',#2859,#1634,#1635);
#1486=AXIS2_PLACEMENT_3D('',#2913,#1637,#1638);
#1487=AXIS2_PLACEMENT_3D('',#2961,#1640,#1641);
#1488=AXIS2_PLACEMENT_3D('',#3009,#1643,#1644);
#1489=AXIS2_PLACEMENT_3D('',#3063,#1646,#1647);
#1490=AXIS2_PLACEMENT_3D('',#3111,#1649,#1650);
#1491=AXIS2_PLACEMENT_3D('',#3159,#1652,#1653);
#1492=AXIS2_PLACEMENT_3D('',#3174,#1655,#1656);
#1493=AXIS2_PLACEMENT_3D('',#3183,#1657,#1658);
#1494=AXIS2_PLACEMENT_3D('',#3207,#1660,#1661);
#1495=AXIS2_PLACEMENT_3D('',#3232,#1663,#1664);
#1496=AXIS2_PLACEMENT_3D('',#3257,#1666,#1667);
#1497=AXIS2_PLACEMENT_3D('',#3281,#1669,#1670);
#1498=AXIS2_PLACEMENT_3D('',#3306,#1672,#1673);
#1499=AXIS2_PLACEMENT_3D('',#3331,#1675,#1676);
#1500=AXIS2_PLACEMENT_3D('',#3355,#1678,#1679);
#1501=AXIS2_PLACEMENT_3D('',#3379,#1681,#1682);
#1502=AXIS2_PLACEMENT_3D('',#3404,#1684,#1685);
#1503=AXIS2_PLACEMENT_3D('',#3429,#1687,#1688);
#1504=AXIS2_PLACEMENT_3D('',#3453,#1690,#1691);
#1505=AXIS2_PLACEMENT_3D('',#3478,#1693,#1694);
#1506=AXIS2_PLACEMENT_3D('',#3503,#1696,#1697);
#1507=AXIS2_PLACEMENT_3D('',#3527,#1699,#1700);
#1508=AXIS2_PLACEMENT_3D('',#3551,#1702,#1703);
#1509=AXIS2_PLACEMENT_3D('',#3576,#1705,#1706);
#1510=AXIS2_PLACEMENT_3D('',#3601,#1708,#1709);
#1511=AXIS2_PLACEMENT_3D('',#3625,#1711,#1712);
#1512=AXIS2_PLACEMENT_3D('',#3650,#1714,#1715);
#1513=AXIS2_PLACEMENT_3D('',#3675,#1717,#1718);
#1514=AXIS2_PLACEMENT_3D('',#3699,#1720,#1721);
#1515=AXIS2_PLACEMENT_3D('',#3724,#1723,#1724);
#1516=AXIS2_PLACEMENT_3D('',#3749,#1726,#1727);
#1517=AXIS2_PLACEMENT_3D('',#3773,#1729,#1730);
#1518=AXIS2_PLACEMENT_3D('',#3797,#1732,#1733);
#1519=AXIS2_PLACEMENT_3D('',#3885,#1734,#1735);
#1520=AXIS2_PLACEMENT_3D('',#3887,#1736,#1737);
#1521=AXIS2_PLACEMENT_3D('',#4762,#1738,#1739);
#1522=AXIS2_PLACEMENT_3D('',#4764,#1740,#1741);
#1523=AXIS2_PLACEMENT_3D('',#4779,#1742,#1743);
#1524=AXIS2_PLACEMENT_3D('',#4780,#1744,#1745);
#1525=AXIS2_PLACEMENT_3D('',#5548,#1746,#1747);
#1526=AXIS2_PLACEMENT_3D('',#5550,#1748,#1749);
#1527=AXIS2_PLACEMENT_3D('',#5551,#1750,#1751);
#1528=AXIS2_PLACEMENT_3D('',#5552,#1752,#1753);
#1529=AXIS2_PLACEMENT_3D('',#5559,#1754,#1755);
#1530=AXIS2_PLACEMENT_3D('',#5563,#1756,#1757);
#1531=AXIS2_PLACEMENT_3D('',#5566,#1758,#1759);
#1532=AXIS2_PLACEMENT_3D('',#5574,#1760,#1761);
#1533=AXIS2_PLACEMENT_3D('',#5577,#1763,#1764);
#1534=AXIS2_PLACEMENT_3D('',#5578,#1765,#1766);
#1535=AXIS2_PLACEMENT_3D('',#5579,#1767,#1768);
#1536=AXIS2_PLACEMENT_3D('',#5580,#1769,#1770);
#1537=AXIS2_PLACEMENT_3D('',#5582,#1771,#1772);
#1538=AXIS2_PLACEMENT_3D('',#5584,#1774,#1775);
#1539=AXIS2_PLACEMENT_3D('',#5588,#1777,#1778);
#1540=AXIS2_PLACEMENT_3D('',#5589,#1779,#1780);
#1541=AXIS2_PLACEMENT_3D('',#5590,#1781,#1782);
#1542=AXIS2_PLACEMENT_3D('',#5592,#1783,#1784);
#1543=AXIS2_PLACEMENT_3D('',#5593,#1785,#1786);
#1544=AXIS2_PLACEMENT_3D('',#5594,#1787,#1788);
#1545=AXIS2_PLACEMENT_3D('',#5596,#1789,#1790);
#1546=AXIS2_PLACEMENT_3D('',#5599,#1792,#1793);
#1547=AXIS2_PLACEMENT_3D('',#5600,#1794,#1795);
#1548=AXIS2_PLACEMENT_3D('',#5602,#1796,#1797);
#1549=AXIS2_PLACEMENT_3D('',#5604,#1799,#1800);
#1550=AXIS2_PLACEMENT_3D('',#5605,#1801,#1802);
#1551=AXIS2_PLACEMENT_3D('',#5606,#1803,#1804);
#1552=AXIS2_PLACEMENT_3D('',#5612,#1805,#1806);
#1553=AXIS2_PLACEMENT_3D('',#5616,#1807,#1808);
#1554=AXIS2_PLACEMENT_3D('',#5622,#1809,#1810);
#1555=AXIS2_PLACEMENT_3D('',#5626,#1811,#1812);
#1556=AXIS2_PLACEMENT_3D('',#5634,#1813,#1814);
#1557=AXIS2_PLACEMENT_3D('',#5635,#1815,#1816);
#1558=AXIS2_PLACEMENT_3D('',#5643,#1817,#1818);
#1559=AXIS2_PLACEMENT_3D('',#5644,#1819,#1820);
#1560=AXIS2_PLACEMENT_3D('',#5650,#1824,#1825);
#1561=AXIS2_PLACEMENT_3D('',#5654,#1828,#1829);
#1562=AXIS2_PLACEMENT_3D('',#5658,#1832,#1833);
#1563=AXIS2_PLACEMENT_3D('',#5664,#1837,#1838);
#1564=AXIS2_PLACEMENT_3D('',#5666,#1840,#1841);
#1565=AXIS2_PLACEMENT_3D('',#5668,#1843,#1844);
#1566=AXIS2_PLACEMENT_3D('',#5669,#1845,#1846);
#1567=DIRECTION('axis',(0.,0.,1.));
#1568=DIRECTION('refdir',(1.,0.,0.));
#1569=DIRECTION('center_axis',(1.,0.,0.));
#1570=DIRECTION('ref_axis',(0.,1.,0.));
#1571=DIRECTION('',(-1.,0.,0.));
#1572=DIRECTION('center_axis',(1.,0.,0.));
#1573=DIRECTION('ref_axis',(0.,1.,0.));
#1574=DIRECTION('center_axis',(1.,0.,0.));
#1575=DIRECTION('ref_axis',(0.,1.,0.));
#1576=DIRECTION('',(-1.,0.,0.));
#1577=DIRECTION('center_axis',(1.,0.,0.));
#1578=DIRECTION('ref_axis',(0.,1.,0.));
#1579=DIRECTION('',(-1.,0.,0.));
#1580=DIRECTION('center_axis',(1.,0.,0.));
#1581=DIRECTION('ref_axis',(0.,1.,0.));
#1582=DIRECTION('',(-1.,0.,0.));
#1583=DIRECTION('center_axis',(1.,0.,0.));
#1584=DIRECTION('ref_axis',(0.,1.,0.));
#1585=DIRECTION('',(-1.,0.,0.));
#1586=DIRECTION('center_axis',(1.,0.,0.));
#1587=DIRECTION('ref_axis',(0.,1.,0.));
#1588=DIRECTION('',(-1.,0.,0.));
#1589=DIRECTION('center_axis',(1.,0.,0.));
#1590=DIRECTION('ref_axis',(0.,1.,0.));
#1591=DIRECTION('',(-1.,0.,0.));
#1592=DIRECTION('center_axis',(1.,0.,0.));
#1593=DIRECTION('ref_axis',(0.,1.,0.));
#1594=DIRECTION('',(-1.,0.,0.));
#1595=DIRECTION('center_axis',(1.,0.,0.));
#1596=DIRECTION('ref_axis',(0.,1.,0.));
#1597=DIRECTION('',(-1.,0.,0.));
#1598=DIRECTION('center_axis',(1.,0.,0.));
#1599=DIRECTION('ref_axis',(0.,1.,0.));
#1600=DIRECTION('',(-1.,0.,0.));
#1601=DIRECTION('center_axis',(1.,0.,0.));
#1602=DIRECTION('ref_axis',(0.,1.,0.));
#1603=DIRECTION('',(-1.,0.,0.));
#1604=DIRECTION('center_axis',(1.,0.,0.));
#1605=DIRECTION('ref_axis',(0.,1.,0.));
#1606=DIRECTION('',(-1.,0.,0.));
#1607=DIRECTION('center_axis',(1.,0.,0.));
#1608=DIRECTION('ref_axis',(0.,1.,0.));
#1609=DIRECTION('',(-1.,0.,0.));
#1610=DIRECTION('center_axis',(1.,0.,0.));
#1611=DIRECTION('ref_axis',(0.,1.,0.));
#1612=DIRECTION('',(-1.,0.,0.));
#1613=DIRECTION('center_axis',(1.,0.,0.));
#1614=DIRECTION('ref_axis',(0.,1.,0.));
#1615=DIRECTION('',(-1.,0.,0.));
#1616=DIRECTION('center_axis',(1.,0.,0.));
#1617=DIRECTION('ref_axis',(0.,1.,0.));
#1618=DIRECTION('',(-1.,0.,0.));
#1619=DIRECTION('center_axis',(1.,0.,0.));
#1620=DIRECTION('ref_axis',(0.,1.,0.));
#1621=DIRECTION('',(-1.,0.,0.));
#1622=DIRECTION('center_axis',(1.,0.,0.));
#1623=DIRECTION('ref_axis',(0.,1.,0.));
#1624=DIRECTION('',(-1.,0.,0.));
#1625=DIRECTION('center_axis',(1.,0.,0.));
#1626=DIRECTION('ref_axis',(0.,1.,0.));
#1627=DIRECTION('',(-1.,0.,0.));
#1628=DIRECTION('center_axis',(1.,0.,0.));
#1629=DIRECTION('ref_axis',(0.,1.,0.));
#1630=DIRECTION('',(-1.,0.,0.));
#1631=DIRECTION('center_axis',(1.,0.,0.));
#1632=DIRECTION('ref_axis',(0.,1.,0.));
#1633=DIRECTION('',(-1.,0.,0.));
#1634=DIRECTION('center_axis',(1.,0.,0.));
#1635=DIRECTION('ref_axis',(0.,1.,0.));
#1636=DIRECTION('',(-1.,0.,0.));
#1637=DIRECTION('center_axis',(1.,0.,0.));
#1638=DIRECTION('ref_axis',(0.,1.,0.));
#1639=DIRECTION('',(-1.,0.,0.));
#1640=DIRECTION('center_axis',(1.,0.,0.));
#1641=DIRECTION('ref_axis',(0.,1.,0.));
#1642=DIRECTION('',(-1.,0.,0.));
#1643=DIRECTION('center_axis',(1.,0.,0.));
#1644=DIRECTION('ref_axis',(0.,1.,0.));
#1645=DIRECTION('',(-1.,0.,0.));
#1646=DIRECTION('center_axis',(1.,0.,0.));
#1647=DIRECTION('ref_axis',(0.,1.,0.));
#1648=DIRECTION('',(-1.,0.,0.));
#1649=DIRECTION('center_axis',(1.,0.,0.));
#1650=DIRECTION('ref_axis',(0.,1.,0.));
#1651=DIRECTION('',(-1.,0.,0.));
#1652=DIRECTION('center_axis',(1.,0.,0.));
#1653=DIRECTION('ref_axis',(0.,0.930298073248974,-0.366804436872357));
#1654=DIRECTION('',(1.,0.,0.));
#1655=DIRECTION('center_axis',(1.,0.,0.));
#1656=DIRECTION('ref_axis',(0.,1.,-6.59159353986479E-14));
#1657=DIRECTION('center_axis',(1.,0.,0.));
#1658=DIRECTION('ref_axis',(0.,1.,-6.59159353986479E-14));
#1659=DIRECTION('',(1.,0.,0.));
#1660=DIRECTION('center_axis',(1.,0.,0.));
#1661=DIRECTION('ref_axis',(0.,1.,-6.59159353986479E-14));
#1662=DIRECTION('',(1.,0.,0.));
#1663=DIRECTION('center_axis',(1.,0.,0.));
#1664=DIRECTION('ref_axis',(0.,1.,-6.59159353986479E-14));
#1665=DIRECTION('',(1.,0.,0.));
#1666=DIRECTION('center_axis',(1.,0.,0.));
#1667=DIRECTION('ref_axis',(0.,1.,-6.59159353986479E-14));
#1668=DIRECTION('',(1.,0.,0.));
#1669=DIRECTION('center_axis',(1.,0.,0.));
#1670=DIRECTION('ref_axis',(0.,1.,-6.59159353986479E-14));
#1671=DIRECTION('',(1.,0.,0.));
#1672=DIRECTION('center_axis',(1.,0.,0.));
#1673=DIRECTION('ref_axis',(0.,1.,-6.59159353986479E-14));
#1674=DIRECTION('',(1.,0.,0.));
#1675=DIRECTION('center_axis',(1.,0.,0.));
#1676=DIRECTION('ref_axis',(0.,1.,-6.59159353986479E-14));
#1677=DIRECTION('',(1.,0.,0.));
#1678=DIRECTION('center_axis',(1.,0.,0.));
#1679=DIRECTION('ref_axis',(0.,1.,-6.59159353986479E-14));
#1680=DIRECTION('',(1.,0.,0.));
#1681=DIRECTION('center_axis',(1.,0.,0.));
#1682=DIRECTION('ref_axis',(0.,1.,-6.59159353986479E-14));
#1683=DIRECTION('',(1.,0.,0.));
#1684=DIRECTION('center_axis',(1.,0.,0.));
#1685=DIRECTION('ref_axis',(0.,1.,-6.59159353986479E-14));
#1686=DIRECTION('',(1.,0.,0.));
#1687=DIRECTION('center_axis',(1.,0.,0.));
#1688=DIRECTION('ref_axis',(0.,1.,-6.59159353986479E-14));
#1689=DIRECTION('',(1.,0.,0.));
#1690=DIRECTION('center_axis',(1.,0.,0.));
#1691=DIRECTION('ref_axis',(0.,1.,-6.59159353986479E-14));
#1692=DIRECTION('',(1.,0.,0.));
#1693=DIRECTION('center_axis',(1.,0.,0.));
#1694=DIRECTION('ref_axis',(0.,1.,-6.59159353986479E-14));
#1695=DIRECTION('',(1.,0.,0.));
#1696=DIRECTION('center_axis',(1.,0.,0.));
#1697=DIRECTION('ref_axis',(0.,1.,-6.59159353986479E-14));
#1698=DIRECTION('',(1.,0.,0.));
#1699=DIRECTION('center_axis',(1.,0.,0.));
#1700=DIRECTION('ref_axis',(0.,1.,-6.59159353986479E-14));
#1701=DIRECTION('',(1.,0.,0.));
#1702=DIRECTION('center_axis',(1.,0.,0.));
#1703=DIRECTION('ref_axis',(0.,1.,-6.59159353986479E-14));
#1704=DIRECTION('',(1.,0.,0.));
#1705=DIRECTION('center_axis',(1.,0.,0.));
#1706=DIRECTION('ref_axis',(0.,1.,-6.59159353986479E-14));
#1707=DIRECTION('',(1.,0.,0.));
#1708=DIRECTION('center_axis',(1.,0.,0.));
#1709=DIRECTION('ref_axis',(0.,1.,-6.59159353986479E-14));
#1710=DIRECTION('',(1.,0.,0.));
#1711=DIRECTION('center_axis',(1.,0.,0.));
#1712=DIRECTION('ref_axis',(0.,1.,-6.59159353986479E-14));
#1713=DIRECTION('',(1.,0.,0.));
#1714=DIRECTION('center_axis',(1.,0.,0.));
#1715=DIRECTION('ref_axis',(0.,1.,-6.59159353986479E-14));
#1716=DIRECTION('',(1.,0.,0.));
#1717=DIRECTION('center_axis',(1.,0.,0.));
#1718=DIRECTION('ref_axis',(0.,1.,-6.59159353986479E-14));
#1719=DIRECTION('',(1.,0.,0.));
#1720=DIRECTION('center_axis',(1.,0.,0.));
#1721=DIRECTION('ref_axis',(0.,1.,-6.59159353986479E-14));
#1722=DIRECTION('',(1.,0.,0.));
#1723=DIRECTION('center_axis',(1.,0.,0.));
#1724=DIRECTION('ref_axis',(0.,1.,-6.59159353986479E-14));
#1725=DIRECTION('',(1.,0.,0.));
#1726=DIRECTION('center_axis',(1.,0.,0.));
#1727=DIRECTION('ref_axis',(0.,1.,-6.59159353986479E-14));
#1728=DIRECTION('',(1.,0.,0.));
#1729=DIRECTION('center_axis',(1.,0.,0.));
#1730=DIRECTION('ref_axis',(0.,1.,-6.59159353986479E-14));
#1731=DIRECTION('',(1.,0.,0.));
#1732=DIRECTION('center_axis',(1.,0.,0.));
#1733=DIRECTION('ref_axis',(0.,0.,-1.));
#1734=DIRECTION('center_axis',(-1.,0.,0.));
#1735=DIRECTION('ref_axis',(0.,1.,0.));
#1736=DIRECTION('center_axis',(-1.,0.,0.));
#1737=DIRECTION('ref_axis',(0.,1.,0.));
#1738=DIRECTION('center_axis',(1.,0.,0.));
#1739=DIRECTION('ref_axis',(0.,0.,-1.));
#1740=DIRECTION('center_axis',(1.,0.,0.));
#1741=DIRECTION('ref_axis',(0.,1.,0.));
#1742=DIRECTION('center_axis',(-1.,0.,0.));
#1743=DIRECTION('ref_axis',(0.,1.,-6.59159353986479E-14));
#1744=DIRECTION('center_axis',(1.,0.,0.));
#1745=DIRECTION('ref_axis',(0.,1.,-6.59159353986479E-14));
#1746=DIRECTION('center_axis',(-1.,0.,0.));
#1747=DIRECTION('ref_axis',(0.,-1.,0.));
#1748=DIRECTION('center_axis',(1.,0.,0.));
#1749=DIRECTION('ref_axis',(0.,1.,0.));
#1750=DIRECTION('center_axis',(1.,0.,0.));
#1751=DIRECTION('ref_axis',(0.,1.,0.));
#1752=DIRECTION('center_axis',(1.,-6.12303176911189E-17,0.));
#1753=DIRECTION('ref_axis',(6.12303176911189E-17,1.,0.));
#1754=DIRECTION('center_axis',(1.,-6.12303176911189E-17,0.));
#1755=DIRECTION('ref_axis',(6.12303176911189E-17,1.,0.));
#1756=DIRECTION('center_axis',(1.,-6.12303176911189E-17,0.));
#1757=DIRECTION('ref_axis',(-6.12303176911189E-17,-1.,-7.6571373978539E-16));
#1758=DIRECTION('center_axis',(1.,-6.12303176911189E-17,0.));
#1759=DIRECTION('ref_axis',(6.12303176911189E-17,1.,0.));
#1760=DIRECTION('center_axis',(-1.,0.,0.));
#1761=DIRECTION('ref_axis',(0.,1.,0.));
#1762=DIRECTION('',(0.707106781186548,0.707106781186547,-8.65956056235492E-17));
#1763=DIRECTION('center_axis',(1.,0.,0.));
#1764=DIRECTION('ref_axis',(0.,1.,0.));
#1765=DIRECTION('center_axis',(-1.,0.,0.));
#1766=DIRECTION('ref_axis',(0.,1.,0.));
#1767=DIRECTION('center_axis',(1.,0.,0.));
#1768=DIRECTION('ref_axis',(0.,1.,0.));
#1769=DIRECTION('center_axis',(-1.,0.,0.));
#1770=DIRECTION('ref_axis',(0.,1.,0.));
#1771=DIRECTION('center_axis',(1.,0.,0.));
#1772=DIRECTION('ref_axis',(0.,1.,0.));
#1773=DIRECTION('',(0.707106781186548,0.707106781186547,-8.65956056235493E-17));
#1774=DIRECTION('center_axis',(1.,0.,0.));
#1775=DIRECTION('ref_axis',(0.,1.,0.));
#1776=DIRECTION('',(-1.,0.,0.));
#1777=DIRECTION('center_axis',(1.,0.,0.));
#1778=DIRECTION('ref_axis',(0.,1.,0.));
#1779=DIRECTION('center_axis',(1.,0.,0.));
#1780=DIRECTION('ref_axis',(0.,1.,0.));
#1781=DIRECTION('center_axis',(1.,0.,0.));
#1782=DIRECTION('ref_axis',(0.,0.,-1.));
#1783=DIRECTION('center_axis',(0.,1.,1.22464679914735E-16));
#1784=DIRECTION('ref_axis',(0.,-1.22464679914735E-16,1.));
#1785=DIRECTION('center_axis',(1.,0.,0.));
#1786=DIRECTION('ref_axis',(0.,1.,0.));
#1787=DIRECTION('center_axis',(1.,0.,0.));
#1788=DIRECTION('ref_axis',(0.,1.,0.));
#1789=DIRECTION('center_axis',(1.,0.,0.));
#1790=DIRECTION('ref_axis',(0.,1.,0.));
#1791=DIRECTION('',(-1.,0.,0.));
#1792=DIRECTION('center_axis',(1.,0.,0.));
#1793=DIRECTION('ref_axis',(0.,1.,0.));
#1794=DIRECTION('center_axis',(-1.,0.,0.));
#1795=DIRECTION('ref_axis',(0.,1.,0.));
#1796=DIRECTION('center_axis',(-1.,6.12303176911189E-17,0.));
#1797=DIRECTION('ref_axis',(6.12303176911189E-17,1.,0.));
#1798=DIRECTION('',(0.707106781186548,0.707106781186547,-8.65956056235493E-17));
#1799=DIRECTION('center_axis',(1.,0.,0.));
#1800=DIRECTION('ref_axis',(0.,1.,0.));
#1801=DIRECTION('center_axis',(1.,0.,0.));
#1802=DIRECTION('ref_axis',(0.,1.,0.));
#1803=DIRECTION('center_axis',(1.,-6.12303176911189E-17,0.));
#1804=DIRECTION('ref_axis',(6.12303176911189E-17,1.,0.));
#1805=DIRECTION('center_axis',(1.,-6.12303176911189E-17,0.));
#1806=DIRECTION('ref_axis',(6.12303176911189E-17,1.,0.));
#1807=DIRECTION('center_axis',(1.,-6.12303176911189E-17,0.));
#1808=DIRECTION('ref_axis',(6.12303176911189E-17,1.,0.));
#1809=DIRECTION('center_axis',(1.,-6.12303176911189E-17,0.));
#1810=DIRECTION('ref_axis',(6.12303176911189E-17,1.,0.));
#1811=DIRECTION('center_axis',(1.,-6.12303176911189E-17,0.));
#1812=DIRECTION('ref_axis',(6.12303176911189E-17,1.,0.));
#1813=DIRECTION('center_axis',(1.,-6.12303176911189E-17,0.));
#1814=DIRECTION('ref_axis',(6.12303176911189E-17,1.,0.));
#1815=DIRECTION('center_axis',(1.,-6.12303176911189E-17,0.));
#1816=DIRECTION('ref_axis',(6.12303176911189E-17,1.,0.));
#1817=DIRECTION('center_axis',(1.,-6.12303176911189E-17,0.));
#1818=DIRECTION('ref_axis',(6.12303176911189E-17,1.,0.));
#1819=DIRECTION('center_axis',(-5.30270106023007E-17,-0.866025403784439,
0.5));
#1820=DIRECTION('ref_axis',(3.06151588455594E-17,0.5,0.866025403784439));
#1821=DIRECTION('',(-1.,6.12303176911189E-17,0.));
#1822=DIRECTION('',(3.06151588455594E-17,0.5,0.866025403784439));
#1823=DIRECTION('',(-1.,6.12303176911189E-17,0.));
#1824=DIRECTION('center_axis',(-5.30270106023007E-17,-0.866025403784438,
-0.5));
#1825=DIRECTION('ref_axis',(-3.06151588455594E-17,-0.5,0.866025403784438));
#1826=DIRECTION('',(-1.,6.12303176911189E-17,0.));
#1827=DIRECTION('',(-3.06151588455594E-17,-0.5,0.866025403784438));
#1828=DIRECTION('center_axis',(0.,0.,-1.));
#1829=DIRECTION('ref_axis',(-6.12303176911189E-17,-1.,0.));
#1830=DIRECTION('',(-1.,6.12303176911189E-17,0.));
#1831=DIRECTION('',(-6.12303176911189E-17,-1.,0.));
#1832=DIRECTION('center_axis',(5.30270106023007E-17,0.866025403784439,0.5));
#1833=DIRECTION('ref_axis',(3.06151588455594E-17,0.5,-0.866025403784439));
#1834=DIRECTION('',(-1.,6.12303176911189E-17,0.));
#1835=DIRECTION('',(3.06151588455594E-17,0.5,-0.866025403784439));
#1836=DIRECTION('',(-1.,6.12303176911189E-17,0.));
#1837=DIRECTION('center_axis',(-1.71263441738812E-32,-2.79703663473973E-16,
1.));
#1838=DIRECTION('ref_axis',(6.12303176911189E-17,1.,2.79703663473973E-16));
#1839=DIRECTION('',(6.12303176911189E-17,1.,2.79703663473973E-16));
#1840=DIRECTION('center_axis',(5.30270106023007E-17,0.866025403784439,-0.5));
#1841=DIRECTION('ref_axis',(-3.06151588455594E-17,-0.5,-0.866025403784439));
#1842=DIRECTION('',(-3.06151588455594E-17,-0.5,-0.866025403784439));
#1843=DIRECTION('center_axis',(-1.,6.12303176911189E-17,0.));
#1844=DIRECTION('ref_axis',(0.,0.,1.));
#1845=DIRECTION('center_axis',(-1.,6.12303176911189E-17,0.));
#1846=DIRECTION('ref_axis',(0.,0.,1.));
#1847=CARTESIAN_POINT('',(0.,0.,0.));
#1848=CARTESIAN_POINT('Origin',(7.5146875,0.,0.));
#1849=CARTESIAN_POINT('',(1.06065504584291,-1.46532461838045,0.000919233835700202));
#1850=CARTESIAN_POINT('',(0.989344954157097,-1.46481156474852,0.00161939784560303));
#1851=CARTESIAN_POINT('',(7.5146875,-1.4635,-1.79227059055215E-16));
#1852=CARTESIAN_POINT('',(0.9,0.634007094575212,1.31904027763685));
#1853=CARTESIAN_POINT('Ctrl Pts',(1.06065504584291,-1.46532461838045,0.000919233835700202));
#1854=CARTESIAN_POINT('Ctrl Pts',(1.05807408676617,-1.46564144840947,0.0482134356358112));
#1855=CARTESIAN_POINT('Ctrl Pts',(1.05549312768943,-1.46355127946734,0.0954773270090545));
#1856=CARTESIAN_POINT('Ctrl Pts',(1.0529121686127,-1.45896249606995,0.142494959812857));
#1857=CARTESIAN_POINT('Ctrl Pts',(1.02642133460989,-1.41186345434127,0.625081575399658));
#1858=CARTESIAN_POINT('Ctrl Pts',(0.999930500607091,-1.10153872204189,1.08172518010569));
#1859=CARTESIAN_POINT('Ctrl Pts',(0.973439666604288,-0.67020474891534,1.30358408350469));
#1860=CARTESIAN_POINT('Ctrl Pts',(0.948959777736192,-0.27161375981869,1.50860146042196));
#1861=CARTESIAN_POINT('Ctrl Pts',(0.924479888868096,0.230311923237117,1.51312666756763));
#1862=CARTESIAN_POINT('Ctrl Pts',(0.9,0.635548237722547,1.32095394144337));
#1863=CARTESIAN_POINT('',(0.9,-0.634007094575194,1.31904027763686));
#1864=CARTESIAN_POINT('Origin',(0.9,0.,0.));
#1865=CARTESIAN_POINT('Ctrl Pts',(0.899999999999999,-0.634007094575195,
1.31904027763686));
#1866=CARTESIAN_POINT('Ctrl Pts',(0.926490834002801,-1.07310721121704,1.10798334942957));
#1867=CARTESIAN_POINT('Ctrl Pts',(0.952981668005604,-1.39471414820852,0.662257059492041));
#1868=CARTESIAN_POINT('Ctrl Pts',(0.979472502008407,-1.45448297979547,0.181816850426792));
#1869=CARTESIAN_POINT('Ctrl Pts',(0.982763319391304,-1.46190774829921,0.122134282816152));
#1870=CARTESIAN_POINT('Ctrl Pts',(0.986054136774201,-1.46529188616351,0.0619160172977325));
#1871=CARTESIAN_POINT('Ctrl Pts',(0.989344954157097,-1.46481156474852,0.00161939784560303));
#1872=CARTESIAN_POINT('Origin',(7.5146875,0.,0.));
#1873=CARTESIAN_POINT('',(1.56065504584291,-1.46156601785788,0.00083484103453442));
#1874=CARTESIAN_POINT('',(1.48934495415709,-1.46136182434222,0.000663590231138325));
#1875=CARTESIAN_POINT('',(7.5146875,-1.4635,-1.79227059055215E-16));
#1876=CARTESIAN_POINT('Ctrl Pts',(1.56065504584291,-1.46156601785788,0.00083484103453442));
#1877=CARTESIAN_POINT('Ctrl Pts',(1.55035242411632,-1.46254785775641,0.190886606240848));
#1878=CARTESIAN_POINT('Ctrl Pts',(1.54004980238973,-1.42815043305276,0.380596433758745));
#1879=CARTESIAN_POINT('Ctrl Pts',(1.52974718066314,-1.35672399683483,0.555153684126859));
#1880=CARTESIAN_POINT('Ctrl Pts',(1.50325634666034,-1.17306726212445,1.00398770581612));
#1881=CARTESIAN_POINT('Ctrl Pts',(1.47676551265754,-0.744595612795441,1.35264144373668));
#1882=CARTESIAN_POINT('Ctrl Pts',(1.45027467865474,-0.267799068225277,1.44123842526367));
#1883=CARTESIAN_POINT('Ctrl Pts',(1.42378384465193,0.208997476344886,1.52983540679065));
#1884=CARTESIAN_POINT('Ctrl Pts',(1.39729301064913,0.734118916156204,1.35837563192407));
#1885=CARTESIAN_POINT('Ctrl Pts',(1.37080217664633,1.06674692394216,1.00546570937836));
#1886=CARTESIAN_POINT('Ctrl Pts',(1.34431134264352,1.39937493172813,0.652555786832633));
#1887=CARTESIAN_POINT('Ctrl Pts',(1.31782050864072,1.53950950748873,0.118195716607769));
#1888=CARTESIAN_POINT('Ctrl Pts',(1.29132967463792,1.42289387463347,-0.352519941260788));
#1889=CARTESIAN_POINT('Ctrl Pts',(1.26483884063512,1.30627824177821,-0.823235599129339));
#1890=CARTESIAN_POINT('Ctrl Pts',(1.23834800663231,0.932912400307097,-1.23030684464158));
#1891=CARTESIAN_POINT('Ctrl Pts',(1.21185717262951,0.474003679746447,-1.38713793715692));
#1892=CARTESIAN_POINT('Ctrl Pts',(1.18536633862671,0.0150949591857928,-1.54396902967225));
#1893=CARTESIAN_POINT('Ctrl Pts',(1.15887550462391,-0.529356640464398,-1.45055996919068));
#1894=CARTESIAN_POINT('Ctrl Pts',(1.1323846706211,-0.909645764710503,-1.1495906257161));
#1895=CARTESIAN_POINT('Ctrl Pts',(1.10847479569504,-1.25288393514733,-0.877944238203495));
#1896=CARTESIAN_POINT('Ctrl Pts',(1.08456492076897,-1.4623895209452,-0.437211870202827));
#1897=CARTESIAN_POINT('Ctrl Pts',(1.06065504584291,-1.46532461838045,0.000919233835700202));
#1898=CARTESIAN_POINT('Ctrl Pts',(0.989344954157097,-1.46481156474852,0.00161939784560303));
#1899=CARTESIAN_POINT('Ctrl Pts',(1.012544970777,-1.46142533466823,-0.423467263202161));
#1900=CARTESIAN_POINT('Ctrl Pts',(1.03574498739691,-1.26596988930236,-0.852448228077327));
#1901=CARTESIAN_POINT('Ctrl Pts',(1.05894500401681,-0.940174172617577,-1.12507406391729));
#1902=CARTESIAN_POINT('Ctrl Pts',(1.08543583801962,-0.568165807670311,-1.43637064100316));
#1903=CARTESIAN_POINT('Ctrl Pts',(1.11192667202242,-0.0262183515933576,
-1.54380966698192));
#1904=CARTESIAN_POINT('Ctrl Pts',(1.13841750602522,0.436767909161734,-1.39919257636162));
#1905=CARTESIAN_POINT('Ctrl Pts',(1.16490834002803,0.899754169916829,-1.25457548574133));
#1906=CARTESIAN_POINT('Ctrl Pts',(1.19139917403083,1.28377923535006,-0.857902278521965));
#1907=CARTESIAN_POINT('Ctrl Pts',(1.21789000803363,1.41292486164798,-0.39053776410114));
#1908=CARTESIAN_POINT('Ctrl Pts',(1.24438084203643,1.54207048794591,0.0768267503196826));
#1909=CARTESIAN_POINT('Ctrl Pts',(1.27087167603924,1.41633667510852,0.61488257194197));
#1910=CARTESIAN_POINT('Ctrl Pts',(1.29736251004204,1.09328324718595,0.976599096501446));
#1911=CARTESIAN_POINT('Ctrl Pts',(1.32385334404484,0.770229819263367,1.33831562106092));
#1912=CARTESIAN_POINT('Ctrl Pts',(1.35034417804764,0.249856776255591,1.52369284855759));
#1913=CARTESIAN_POINT('Ctrl Pts',(1.37683501205045,-0.229146233109818,1.44786851713065));
#1914=CARTESIAN_POINT('Ctrl Pts',(1.40332584605325,-0.708149242475225,1.37204418570372));
#1915=CARTESIAN_POINT('Ctrl Pts',(1.42981668005605,-1.14578221819827,1.03501829535319));
#1916=CARTESIAN_POINT('Ctrl Pts',(1.45630751405885,-1.34137959376015,0.591268238011273));
#1917=CARTESIAN_POINT('Ctrl Pts',(1.4673199940916,-1.42269119733612,0.406797313257035));
#1918=CARTESIAN_POINT('Ctrl Pts',(1.47833247412435,-1.462175652731,0.203882954791885));
#1919=CARTESIAN_POINT('Ctrl Pts',(1.48934495415709,-1.46136182434222,0.000663590231138325));
#1920=CARTESIAN_POINT('Origin',(7.5146875,0.,0.));
#1921=CARTESIAN_POINT('',(2.0606550458429,-1.46229510418794,-0.00119213996013168));
#1922=CARTESIAN_POINT('',(1.9893449541571,-1.46264227307941,-0.00127825913988469));
#1923=CARTESIAN_POINT('',(7.5146875,-1.4635,-1.79227059055215E-16));
#1924=CARTESIAN_POINT('Ctrl Pts',(2.0606550458429,-1.46229510418794,-0.00119213996013168));
#1925=CARTESIAN_POINT('Ctrl Pts',(2.04263076146647,-1.45975681248499,0.330883505581733));
#1926=CARTESIAN_POINT('Ctrl Pts',(2.02460647709003,-1.34766359894231,0.664509649134302));
#1927=CARTESIAN_POINT('Ctrl Pts',(2.00658219271359,-1.14031340382614,0.921183911663057));
#1928=CARTESIAN_POINT('Ctrl Pts',(1.98009135871079,-0.835564572496572,1.29842581150401));
#1929=CARTESIAN_POINT('Ctrl Pts',(1.95360052470798,-0.3250504984882,1.50944343873099));
#1930=CARTESIAN_POINT('Ctrl Pts',(1.92710969070518,0.157113135121461,1.45746685718069));
#1931=CARTESIAN_POINT('Ctrl Pts',(1.90061885670238,0.639276768731122,1.40549027563039));
#1932=CARTESIAN_POINT('Ctrl Pts',(1.87412802269958,1.09308996194207,1.09051948530281));
#1933=CARTESIAN_POINT('Ctrl Pts',(1.84763718869678,1.31043926134128,0.656995885287603));
#1934=CARTESIAN_POINT('Ctrl Pts',(1.82114635469397,1.52778856074049,0.223472285272395));
#1935=CARTESIAN_POINT('Ctrl Pts',(1.79465552069117,1.50867396632795,-0.328604124430445));
#1936=CARTESIAN_POINT('Ctrl Pts',(1.76816468668837,1.26186136058917,-0.746056698053674));
#1937=CARTESIAN_POINT('Ctrl Pts',(1.74167385268556,1.01504875485038,-1.1635092716769));
#1938=CARTESIAN_POINT('Ctrl Pts',(1.71518301868276,0.540538137785351,-1.44633800922052));
#1939=CARTESIAN_POINT('Ctrl Pts',(1.68869218467996,0.0559341805113372,-1.4648427449447));
#1940=CARTESIAN_POINT('Ctrl Pts',(1.66220135067716,-0.42866977676268,-1.48334748066888));
#1941=CARTESIAN_POINT('Ctrl Pts',(1.63571051667435,-0.923367074245678,-1.23752821457362));
#1942=CARTESIAN_POINT('Ctrl Pts',(1.60921968267155,-1.20129481294131,-0.840111428796997));
#1943=CARTESIAN_POINT('Ctrl Pts',(1.59303147039534,-1.37113292490779,-0.597255077441563));
#1944=CARTESIAN_POINT('Ctrl Pts',(1.57684325811912,-1.46002328115256,-0.297788014416878));
#1945=CARTESIAN_POINT('Ctrl Pts',(1.56065504584291,-1.46156601785788,0.00083484103453442));
#1946=CARTESIAN_POINT('Ctrl Pts',(1.48934495415709,-1.46136182434222,0.000663590231138325));
#1947=CARTESIAN_POINT('Ctrl Pts',(1.50482330812715,-1.46021796538994,-0.284967007861906));
#1948=CARTESIAN_POINT('Ctrl Pts',(1.52030166209721,-1.3794644350394,-0.571200148613471));
#1949=CARTESIAN_POINT('Ctrl Pts',(1.53578001606726,-1.22334633292742,-0.80767202434358));
#1950=CARTESIAN_POINT('Ctrl Pts',(1.56227085007006,-0.956153921132087,-1.21238800502321));
#1951=CARTESIAN_POINT('Ctrl Pts',(1.58876168407287,-0.4682073221407,-1.47134574204916));
#1952=CARTESIAN_POINT('Ctrl Pts',(1.61525251807567,0.0167192244535481,-1.46581208759857));
#1953=CARTESIAN_POINT('Ctrl Pts',(1.64174335207847,0.501645771047796,-1.46027843314798));
#1954=CARTESIAN_POINT('Ctrl Pts',(1.66823418608128,0.983552265244904,-1.19025338722086));
#1955=CARTESIAN_POINT('Ctrl Pts',(1.69472502008408,1.24144612845028,-0.779555763467345));
#1956=CARTESIAN_POINT('Ctrl Pts',(1.72121585408688,1.49933999165566,-0.368858139713833));
#1957=CARTESIAN_POINT('Ctrl Pts',(1.74770668808968,1.5332212238693,0.182512061866065));
#1958=CARTESIAN_POINT('Ctrl Pts',(1.77419752209249,1.32755016023228,0.621696931417691));
#1959=CARTESIAN_POINT('Ctrl Pts',(1.80068835609529,1.12187909659526,1.06088180096932));
#1960=CARTESIAN_POINT('Ctrl Pts',(1.82717919009809,0.676655737107585,1.38788133849267));
#1961=CARTESIAN_POINT('Ctrl Pts',(1.85367002410089,0.196055379534359,1.45274060051401));
#1962=CARTESIAN_POINT('Ctrl Pts',(1.8801608581037,-0.28454497803887,1.51759986253536));
#1963=CARTESIAN_POINT('Ctrl Pts',(1.9066516921065,-0.800522333697645,1.32031884905469));
#1964=CARTESIAN_POINT('Ctrl Pts',(1.9331425261093,-1.11525615580328,0.951366627439654));
#1965=CARTESIAN_POINT('Ctrl Pts',(1.9518766687919,-1.33783383417092,0.690446055363052));
#1966=CARTESIAN_POINT('Ctrl Pts',(1.9706108114745,-1.45976509548099,0.343668851246618));
#1967=CARTESIAN_POINT('Ctrl Pts',(1.9893449541571,-1.46264227307941,-0.00127825913988469));
#1968=CARTESIAN_POINT('Origin',(7.5146875,0.,0.));
#1969=CARTESIAN_POINT('',(2.56065504584291,-1.46585683527788,-0.000254168755380174));
#1970=CARTESIAN_POINT('',(2.4893449541571,-1.46591067260368,-1.20434931075869E-5));
#1971=CARTESIAN_POINT('',(7.5146875,-1.4635,-1.79227059055215E-16));
#1972=CARTESIAN_POINT('Ctrl Pts',(2.56065504584291,-1.46585683527788,-0.000254168755380174));
#1973=CARTESIAN_POINT('Ctrl Pts',(2.53490909881662,-1.46472709833447,0.47111319350134));
#1974=CARTESIAN_POINT('Ctrl Pts',(2.50916315179033,-1.21689912447359,0.94350099097785));
#1975=CARTESIAN_POINT('Ctrl Pts',(2.48341720476404,-0.827953801957371,1.20970529629931));
#1976=CARTESIAN_POINT('Ctrl Pts',(2.45692637076123,-0.427755434252228,1.48361147873267));
#1977=CARTESIAN_POINT('Ctrl Pts',(2.43043553675843,0.121844079218986,1.5392308930292));
#1978=CARTESIAN_POINT('Ctrl Pts',(2.40394470275563,0.56880489226277,1.35105713800891));
#1979=CARTESIAN_POINT('Ctrl Pts',(2.37745386875283,1.01576570530655,1.16288338298861));
#1980=CARTESIAN_POINT('Ctrl Pts',(2.35096303475003,1.36008781792291,0.730916458651487));
#1981=CARTESIAN_POINT('Ctrl Pts',(2.32447220074722,1.44386917334139,0.253251285400999));
#1982=CARTESIAN_POINT('Ctrl Pts',(2.29798136674442,1.52765052875988,-0.22441388784949));
#1983=CARTESIAN_POINT('Ctrl Pts',(2.27149053274162,1.3508911269805,-0.747777310013342));
#1984=CARTESIAN_POINT('Ctrl Pts',(2.24499969873881,0.994650745759304,-1.0768306759846));
#1985=CARTESIAN_POINT('Ctrl Pts',(2.21850886473601,0.638410364538109,-1.40588404195586));
#1986=CARTESIAN_POINT('Ctrl Pts',(2.19201803073321,0.1026890038751,-1.54062735173453));
#1987=CARTESIAN_POINT('Ctrl Pts',(2.16552719673041,-0.366837852401289,-1.41926895188629));
#1988=CARTESIAN_POINT('Ctrl Pts',(2.13903636272761,-0.836364708677681,-1.29791055203805));
#1989=CARTESIAN_POINT('Ctrl Pts',(2.1125455287248,-1.23969706056745,-0.920450442562895));
#1990=CARTESIAN_POINT('Ctrl Pts',(2.086054694722,-1.39187144218696,-0.459987301597859));
#1991=CARTESIAN_POINT('Ctrl Pts',(2.07758814509563,-1.44050682881566,-0.312821907194654));
#1992=CARTESIAN_POINT('Ctrl Pts',(2.06912159546927,-1.46348741630532,-0.157178079483071));
#1993=CARTESIAN_POINT('Ctrl Pts',(2.0606550458429,-1.46229510418794,-0.00119213996013168));
#1994=CARTESIAN_POINT('Ctrl Pts',(1.9893449541571,-1.46264227307941,-0.00127825913988469));
#1995=CARTESIAN_POINT('Ctrl Pts',(1.9971016454773,-1.46383354074948,-0.14410028747588));
#1996=CARTESIAN_POINT('Ctrl Pts',(2.00485833679751,-1.44461543520021,-0.286608583894448));
#1997=CARTESIAN_POINT('Ctrl Pts',(2.01261502811771,-1.40368140413673,-0.422579258375427));
#1998=CARTESIAN_POINT('Ctrl Pts',(2.03910586212051,-1.26388254181206,-0.886949492826086));
#1999=CARTESIAN_POINT('Ctrl Pts',(2.06559669612331,-0.870794528610234,-1.275066531978));
#2000=CARTESIAN_POINT('Ctrl Pts',(2.09208753012612,-0.404683049525999,-1.40894494916127));
#2001=CARTESIAN_POINT('Ctrl Pts',(2.11857836412892,0.0614284295582334,-1.54282336634454));
#2002=CARTESIAN_POINT('Ctrl Pts',(2.14506919813172,0.600563374524874,-1.42246316155915));
#2003=CARTESIAN_POINT('Ctrl Pts',(2.17156003213453,0.965480952046951,-1.10305985891723));
#2004=CARTESIAN_POINT('Ctrl Pts',(2.19805086613733,1.33039852956903,-0.783656556275309));
#2005=CARTESIAN_POINT('Ctrl Pts',(2.22454170014013,1.52109873964654,-0.265210155776848));
#2006=CARTESIAN_POINT('Ctrl Pts',(2.25103253414293,1.45012867235864,0.214525816454902));
#2007=CARTESIAN_POINT('Ctrl Pts',(2.27752336814574,1.37915860507074,0.694261788686652));
#2008=CARTESIAN_POINT('Ctrl Pts',(2.30401420214854,1.04651826041743,1.13528733265169));
#2009=CARTESIAN_POINT('Ctrl Pts',(2.33050503615134,0.604752596483801,1.33535340938561));
#2010=CARTESIAN_POINT('Ctrl Pts',(2.35699587015414,0.162986932550174,1.53541948611952));
#2011=CARTESIAN_POINT('Ctrl Pts',(2.38348670415695,-0.387904050663765,1.49452609562231));
#2012=CARTESIAN_POINT('Ctrl Pts',(2.40997753815975,-0.795288265858365,1.23142642820896));
#2013=CARTESIAN_POINT('Ctrl Pts',(2.4364333434922,-1.20213379935726,0.968674655902239));
#2014=CARTESIAN_POINT('Ctrl Pts',(2.46288914882465,-1.46585183019194,0.484303862205304));
#2015=CARTESIAN_POINT('Ctrl Pts',(2.4893449541571,-1.46591067260368,-1.20434931075869E-5));
#2016=CARTESIAN_POINT('Origin',(7.5146875,0.,0.));
#2017=CARTESIAN_POINT('',(3.0606550458429,-1.46305281355963,0.00133352125521694));
#2018=CARTESIAN_POINT('',(2.9893449541571,-1.46267806375121,0.00128499041317922));
#2019=CARTESIAN_POINT('',(7.5146875,-1.4635,-1.79227059055215E-16));
#2020=CARTESIAN_POINT('Ctrl Pts',(3.0606550458429,-1.46305281355963,0.00133352125521694));
#2021=CARTESIAN_POINT('Ctrl Pts',(3.05367827016957,-1.46419515118878,0.129703649351368));
#2022=CARTESIAN_POINT('Ctrl Pts',(3.04670149449623,-1.44870456175461,0.25780254716096));
#2023=CARTESIAN_POINT('Ctrl Pts',(3.03972471882289,-1.41549758312088,0.381131201084254));
#2024=CARTESIAN_POINT('Ctrl Pts',(3.01323388482009,-1.2894106054239,0.849410396494947));
#2025=CARTESIAN_POINT('Ctrl Pts',(2.98674305081729,-0.907902418501128,1.24891590173576));
#2026=CARTESIAN_POINT('Ctrl Pts',(2.96025221681449,-0.445928171969757,1.39643920947348));
#2027=CARTESIAN_POINT('Ctrl Pts',(2.93376138281168,0.0160460745616144,1.5439625172112));
#2028=CARTESIAN_POINT('Ctrl Pts',(2.90727054880888,0.558486380701591,1.43950362744583));
#2029=CARTESIAN_POINT('Ctrl Pts',(2.88077971480608,0.932636027304599,1.13096615367095));
#2030=CARTESIAN_POINT('Ctrl Pts',(2.85428888080327,1.30678567390761,0.82242867989607));
#2031=CARTESIAN_POINT('Ctrl Pts',(2.82779804680047,1.51264466097365,0.309812622111685));
#2032=CARTESIAN_POINT('Ctrl Pts',(2.80130721279767,1.45580848781634,-0.171802348863621));
#2033=CARTESIAN_POINT('Ctrl Pts',(2.77481637879487,1.39897231465902,-0.653417319838929));
#2034=CARTESIAN_POINT('Ctrl Pts',(2.74832554479207,1.07944098127836,-1.10403120400516));
#2035=CARTESIAN_POINT('Ctrl Pts',(2.72183471078926,0.643747784150873,-1.31699779459279));
#2036=CARTESIAN_POINT('Ctrl Pts',(2.69534387678646,0.208054587023389,-1.52996438518042));
#2037=CARTESIAN_POINT('Ctrl Pts',(2.66885304278366,-0.343800473850918,-1.50528368218945));
#2038=CARTESIAN_POINT('Ctrl Pts',(2.64236220878085,-0.758743184090642,-1.2542739653733));
#2039=CARTESIAN_POINT('Ctrl Pts',(2.61587137477805,-1.17368589433037,-1.00326424855714));
#2040=CARTESIAN_POINT('Ctrl Pts',(2.58938054077525,-1.45171625393551,-0.525925517915782));
#2041=CARTESIAN_POINT('Ctrl Pts',(2.56288970677245,-1.46533282276855,-0.0411596773100099));
#2042=CARTESIAN_POINT('Ctrl Pts',(2.56214481979593,-1.46571570255208,-0.0275287073946093));
#2043=CARTESIAN_POINT('Ctrl Pts',(2.56139993281942,-1.46588952105693,-0.0138918651640711));
#2044=CARTESIAN_POINT('Ctrl Pts',(2.56065504584291,-1.46585683527788,-0.000254168755380174));
#2045=CARTESIAN_POINT('Ctrl Pts',(2.4893449541571,-1.46591067260368,-1.20434931075869E-5));
#2046=CARTESIAN_POINT('Ctrl Pts',(2.51587081683025,-1.4659696708354,-0.485610461063267));
#2047=CARTESIAN_POINT('Ctrl Pts',(2.54239667950341,-1.20065044436616,-0.971153275871408));
#2048=CARTESIAN_POINT('Ctrl Pts',(2.56892254217656,-0.79203317758163,-1.23352255933079));
#2049=CARTESIAN_POINT('Ctrl Pts',(2.59541337617937,-0.383955509441468,-1.49554537160261));
#2050=CARTESIAN_POINT('Ctrl Pts',(2.62190421018217,0.167041561998012,-1.53498368654845));
#2051=CARTESIAN_POINT('Ctrl Pts',(2.64839504418497,0.608277287881646,-1.33375155342026));
#2052=CARTESIAN_POINT('Ctrl Pts',(2.67488587818778,1.04951301376528,-1.13251942029206));
#2053=CARTESIAN_POINT('Ctrl Pts',(2.70137671219058,1.38098739409307,-0.690616839089823));
#2054=CARTESIAN_POINT('Ctrl Pts',(2.72786754619338,1.45069019118769,-0.210695118231535));
#2055=CARTESIAN_POINT('Ctrl Pts',(2.75435838019618,1.5203929882823,0.269226602626752));
#2056=CARTESIAN_POINT('Ctrl Pts',(2.78084921419899,1.32832420214374,0.787167463141088));
#2057=CARTESIAN_POINT('Ctrl Pts',(2.80734004820179,0.962564310622136,1.10560590206024));
#2058=CARTESIAN_POINT('Ctrl Pts',(2.83383088220459,0.596804419100526,1.42404434097939));
#2059=CARTESIAN_POINT('Ctrl Pts',(2.8603217162074,0.0573534221958667,1.54298035830334));
#2060=CARTESIAN_POINT('Ctrl Pts',(2.8868125502102,-0.408402823111772,1.4078713001447));
#2061=CARTESIAN_POINT('Ctrl Pts',(2.913303384213,-0.874159068419406,1.27276224198605));
#2062=CARTESIAN_POINT('Ctrl Pts',(2.9397942182158,-1.26622056213002,0.883608108344813));
#2063=CARTESIAN_POINT('Ctrl Pts',(2.96628505221861,-1.40479253261802,0.418870390108453));
#2064=CARTESIAN_POINT('Ctrl Pts',(2.9739716861981,-1.44500085587603,0.284021153720814));
#2065=CARTESIAN_POINT('Ctrl Pts',(2.9816583201776,-1.46386688235112,0.142808233052114));
#2066=CARTESIAN_POINT('Ctrl Pts',(2.9893449541571,-1.46267806375121,0.00128499041317922));
#2067=CARTESIAN_POINT('Origin',(7.5146875,0.,0.));
#2068=CARTESIAN_POINT('',(3.56065504584291,-1.46120558687436,-0.000434738489572678));
#2069=CARTESIAN_POINT('',(3.4893449541571,-1.46134882832468,-0.000633347192577188));
#2070=CARTESIAN_POINT('',(7.5146875,-1.4635,-1.79227059055215E-16));
#2071=CARTESIAN_POINT('Ctrl Pts',(3.56065504584291,-1.46120558687436,-0.000434738489572678));
#2072=CARTESIAN_POINT('Ctrl Pts',(3.54595660751972,-1.46048488169252,0.270873054333783));
#2073=CARTESIAN_POINT('Ctrl Pts',(3.53125816919653,-1.38814629166912,0.542537977313018));
#2074=CARTESIAN_POINT('Ctrl Pts',(3.51655973087334,-1.24655897672524,0.771352784275255));
#2075=CARTESIAN_POINT('Ctrl Pts',(3.49006889687054,-0.991377713613509,1.18374319850433));
#2076=CARTESIAN_POINT('Ctrl Pts',(3.46357806286774,-0.511259576714033,1.45694590712044));
#2077=CARTESIAN_POINT('Ctrl Pts',(3.43708722886493,-0.0263810742895841,
1.46567337397666));
#2078=CARTESIAN_POINT('Ctrl Pts',(3.41059639486213,0.458497428134872,1.47440084083289));
#2079=CARTESIAN_POINT('Ctrl Pts',(3.38410556085933,0.9481362960843,1.2186530659292));
#2080=CARTESIAN_POINT('Ctrl Pts',(3.35761472685652,1.21799292645952,0.815712958924146));
#2081=CARTESIAN_POINT('Ctrl Pts',(3.33112389285372,1.48784955683473,0.412772851919089));
#2082=CARTESIAN_POINT('Ctrl Pts',(3.30463305885092,1.53792394963574,-0.137359587187344));
#2083=CARTESIAN_POINT('Ctrl Pts',(3.27814222484812,1.34525257961046,-0.582400117886401));
#2084=CARTESIAN_POINT('Ctrl Pts',(3.25165139084532,1.15258120958519,-1.02744064858546));
#2085=CARTESIAN_POINT('Ctrl Pts',(3.22516055684251,0.717164076733621,-1.36738927087714));
#2086=CARTESIAN_POINT('Ctrl Pts',(3.19866972283971,0.238678336700784,-1.44634956074277));
#2087=CARTESIAN_POINT('Ctrl Pts',(3.17217888883691,-0.239807403332049,-1.52530985060841));
#2088=CARTESIAN_POINT('Ctrl Pts',(3.1456880548341,-0.761361750546154,-1.343281808048));
#2089=CARTESIAN_POINT('Ctrl Pts',(3.1191972208313,-1.08680603991761,-0.983741343977508));
#2090=CARTESIAN_POINT('Ctrl Pts',(3.09968316250183,-1.32653948300642,-0.718891487346625));
#2091=CARTESIAN_POINT('Ctrl Pts',(3.08016910417237,-1.45985769246488,-0.357718035612625));
#2092=CARTESIAN_POINT('Ctrl Pts',(3.0606550458429,-1.46305281355963,0.00133352125521694));
#2093=CARTESIAN_POINT('Ctrl Pts',(2.9893449541571,-1.46267806375121,0.00128499041317922));
#2094=CARTESIAN_POINT('Ctrl Pts',(3.0081491541804,-1.45976979690724,-0.344930449222382));
#2095=CARTESIAN_POINT('Ctrl Pts',(3.02695335420371,-1.33684069808682,-0.693003051100217));
#2096=CARTESIAN_POINT('Ctrl Pts',(3.04575755422701,-1.11273970720585,-0.954308549327282));
#2097=CARTESIAN_POINT('Ctrl Pts',(3.07224838822982,-0.797032464040284,-1.32242846769519));
#2098=CARTESIAN_POINT('Ctrl Pts',(3.09873922223262,-0.280535530443779,-1.51834700159951));
#2099=CARTESIAN_POINT('Ctrl Pts',(3.12523005623542,0.199891698762211,-1.45221822472137));
#2100=CARTESIAN_POINT('Ctrl Pts',(3.15172089023822,0.680318927968199,-1.38608944784323));
#2101=CARTESIAN_POINT('Ctrl Pts',(3.17821172424103,1.12467645278367,-1.05791336018263));
#2102=CARTESIAN_POINT('Ctrl Pts',(3.20470255824383,1.32918715935959,-0.618187640438063));
#2103=CARTESIAN_POINT('Ctrl Pts',(3.23119339224663,1.53369786593551,-0.178461920693494));
#2104=CARTESIAN_POINT('Ctrl Pts',(3.25768422624943,1.49836175427188,0.372813431135045));
#2105=CARTESIAN_POINT('Ctrl Pts',(3.28417506025223,1.23938354793345,0.782830048286202));
#2106=CARTESIAN_POINT('Ctrl Pts',(3.31066589425504,0.980405341595023,1.19284666543736));
#2107=CARTESIAN_POINT('Ctrl Pts',(3.33715672825784,0.497785040581797,1.46160454791114));
#2108=CARTESIAN_POINT('Ctrl Pts',(3.36364756226065,0.0128466160671889,1.4658545043293));
#2109=CARTESIAN_POINT('Ctrl Pts',(3.39013839626345,-0.472091808447414,1.47010446074745));
#2110=CARTESIAN_POINT('Ctrl Pts',(3.41662923026625,-0.959348356463396,1.20984649111));
#2111=CARTESIAN_POINT('Ctrl Pts',(3.44312006426905,-1.22547292866878,0.804431827129231));
#2112=CARTESIAN_POINT('Ctrl Pts',(3.4585283608984,-1.38026331195627,0.568623871825057));
#2113=CARTESIAN_POINT('Ctrl Pts',(3.47393665752775,-1.46024199156919,0.283707597546281));
#2114=CARTESIAN_POINT('Ctrl Pts',(3.4893449541571,-1.46134882832468,-0.000633347192577188));
#2115=CARTESIAN_POINT('Origin',(7.5146875,0.,0.));
#2116=CARTESIAN_POINT('',(4.0606550458429,-1.46465067069145,-0.00114511012799384));
#2117=CARTESIAN_POINT('',(3.9893449541571,-1.46500186663514,-0.00100608306280229));
#2118=CARTESIAN_POINT('',(7.5146875,-1.4635,-1.79227059055215E-16));
#2119=CARTESIAN_POINT('Ctrl Pts',(4.0606550458429,-1.46465067069145,-0.00114511012799384));
#2120=CARTESIAN_POINT('Ctrl Pts',(4.03823494486986,-1.46111287419975,0.410221486585661));
#2121=CARTESIAN_POINT('Ctrl Pts',(4.01581484389683,-1.27978535300115,0.82431873109581));
#2122=CARTESIAN_POINT('Ctrl Pts',(3.99339474292379,-0.972731903662134,1.09667089131677));
#2123=CARTESIAN_POINT('Ctrl Pts',(3.96690390892099,-0.609927919585095,1.41847300431325));
#2124=CARTESIAN_POINT('Ctrl Pts',(3.94041307491818,-0.0715981260368608,
1.54238498417318));
#2125=CARTESIAN_POINT('Ctrl Pts',(3.91392224091538,0.395385790354382,1.41158226010727));
#2126=CARTESIAN_POINT('Ctrl Pts',(3.88743140691258,0.862369706745626,1.28077953604136));
#2127=CARTESIAN_POINT('Ctrl Pts',(3.86094057290977,1.25800774597988,0.895262108049601));
#2128=CARTESIAN_POINT('Ctrl Pts',(3.83444973890697,1.40086497502799,0.431823716351363));
#2129=CARTESIAN_POINT('Ctrl Pts',(3.80795890490417,1.5437222040761,-0.0316146753468754));
#2130=CARTESIAN_POINT('Ctrl Pts',(3.78146807090137,1.43379862293806,-0.572974030751594));
#2131=CARTESIAN_POINT('Ctrl Pts',(3.75497723689857,1.12150388792676,-0.943993341940928));
#2132=CARTESIAN_POINT('Ctrl Pts',(3.72848640289576,0.809209152915459,-1.31501265313026));
#2133=CARTESIAN_POINT('Ctrl Pts',(3.70199556889296,0.294543264030886,-1.51569192010421));
#2134=CARTESIAN_POINT('Ctrl Pts',(3.67550473489016,-0.186474079349942,-1.45400200068447));
#2135=CARTESIAN_POINT('Ctrl Pts',(3.64901390088735,-0.667491422730768,-1.39231208126473));
#2136=CARTESIAN_POINT('Ctrl Pts',(3.62252306688455,-1.11486022060785,-1.06825297545131));
#2137=CARTESIAN_POINT('Ctrl Pts',(3.59603223288175,-1.3234224248844,-0.63043436262358));
#2138=CARTESIAN_POINT('Ctrl Pts',(3.58423983720214,-1.41626389738699,-0.43553939186432));
#2139=CARTESIAN_POINT('Ctrl Pts',(3.57244744152252,-1.4617838007285,-0.218102001744929));
#2140=CARTESIAN_POINT('Ctrl Pts',(3.56065504584291,-1.46120558687436,-0.000434738489572678));
#2141=CARTESIAN_POINT('Ctrl Pts',(3.4893449541571,-1.46134882832468,-0.000633347192577188));
#2142=CARTESIAN_POINT('Ctrl Pts',(3.50042749153055,-1.46214492928276,-0.20514778656738));
#2143=CARTESIAN_POINT('Ctrl Pts',(3.511510028904,-1.42213812035015,-0.409364589694263));
#2144=CARTESIAN_POINT('Ctrl Pts',(3.52259256627746,-1.33981764442859,-0.594796724163676));
#2145=CARTESIAN_POINT('Ctrl Pts',(3.54908340028026,-1.14304519158822,-1.03803925315173));
#2146=CARTESIAN_POINT('Ctrl Pts',(3.57557423428306,-0.704507689512683,-1.37395295280375));
#2147=CARTESIAN_POINT('Ctrl Pts',(3.60206506828587,-0.225313258324914,-1.4484917669851));
#2148=CARTESIAN_POINT('Ctrl Pts',(3.62855590228867,0.253881172862859,-1.52303058116646));
#2149=CARTESIAN_POINT('Ctrl Pts',(3.65504673629147,0.773732533162863,-1.33619450987714));
#2150=CARTESIAN_POINT('Ctrl Pts',(3.68153757029428,1.09584312723753,-0.973664369218439));
#2151=CARTESIAN_POINT('Ctrl Pts',(3.70802840429708,1.41795372131219,-0.61113422855974));
#2152=CARTESIAN_POINT('Ctrl Pts',(3.73451923829988,1.54232354916152,-0.0729100185316507));
#2153=CARTESIAN_POINT('Ctrl Pts',(3.76101007230268,1.41191807631488,0.394184993593889));
#2154=CARTESIAN_POINT('Ctrl Pts',(3.78750090630549,1.28151260346823,0.861280005719435));
#2155=CARTESIAN_POINT('Ctrl Pts',(3.81399174030829,0.896331829925607,1.25724581994244));
#2156=CARTESIAN_POINT('Ctrl Pts',(3.84048257431109,0.433015110151104,1.40049718949396));
#2157=CARTESIAN_POINT('Ctrl Pts',(3.86697340831389,-0.0303016096233997,
1.54374855904549));
#2158=CARTESIAN_POINT('Ctrl Pts',(3.8934642423167,-0.571754275629776,1.43428548392555));
#2159=CARTESIAN_POINT('Ctrl Pts',(3.9199550763195,-0.943039088805916,1.12230643782505));
#2160=CARTESIAN_POINT('Ctrl Pts',(3.9430850355987,-1.26721924141418,0.849907968546804));
#2161=CARTESIAN_POINT('Ctrl Pts',(3.9662149948779,-1.46167071590885,0.423120002220542));
#2162=CARTESIAN_POINT('Ctrl Pts',(3.9893449541571,-1.46500186663514,-0.00100608306280229));
#2163=CARTESIAN_POINT('Origin',(7.5146875,0.,0.));
#2164=CARTESIAN_POINT('',(4.56065504584291,-1.46486239003553,0.00106696681591547));
#2165=CARTESIAN_POINT('',(4.4893449541571,-1.46449874596981,0.00119194019191935));
#2166=CARTESIAN_POINT('',(7.5146875,-1.4635,-1.79227059055215E-16));
#2167=CARTESIAN_POINT('Ctrl Pts',(4.56065504584291,-1.46486239003553,0.00106696681591547));
#2168=CARTESIAN_POINT('Ctrl Pts',(4.55700411622282,-1.46541110196713,0.0680294457616377));
#2169=CARTESIAN_POINT('Ctrl Pts',(4.55335318660273,-1.46121774492663,0.134922816444632));
#2170=CARTESIAN_POINT('Ctrl Pts',(4.54970225698264,-1.45204765474824,0.201126847048907));
#2171=CARTESIAN_POINT('Ctrl Pts',(4.52321142297984,-1.38551026236192,0.681497647790996));
#2172=CARTESIAN_POINT('Ctrl Pts',(4.49672058897704,-1.05695633794772,1.12557586626891));
#2173=CARTESIAN_POINT('Ctrl Pts',(4.47022975497424,-0.617056831619371,1.32971247524251));
#2174=CARTESIAN_POINT('Ctrl Pts',(4.44373892097143,-0.177157325291024,1.5338490842161));
#2175=CARTESIAN_POINT('Ctrl Pts',(4.41724808696863,0.37408776295147,1.49804408368539));
#2176=CARTESIAN_POINT('Ctrl Pts',(4.39075725296583,0.783883944839224,1.23871722410201));
#2177=CARTESIAN_POINT('Ctrl Pts',(4.36426641896303,1.19368012672698,0.979390364518617));
#2178=CARTESIAN_POINT('Ctrl Pts',(4.33777558496022,1.46202740226,0.496541645882541));
#2179=CARTESIAN_POINT('Ctrl Pts',(4.31128475095742,1.46586487957073,0.0115997889975543));
#2180=CARTESIAN_POINT('Ctrl Pts',(4.28479391695462,1.46970235688146,-0.473342067887432));
#2181=CARTESIAN_POINT('Ctrl Pts',(4.25830308295181,1.2090300359699,-0.960377063021329));
#2182=CARTESIAN_POINT('Ctrl Pts',(4.23181224894901,0.803389165141417,-1.22615669863075));
#2183=CARTESIAN_POINT('Ctrl Pts',(4.20532141494621,0.39774829431294,-1.49193633424017));
#2184=CARTESIAN_POINT('Ctrl Pts',(4.17883058094341,-0.152861126432461,-1.53646061032512));
#2185=CARTESIAN_POINT('Ctrl Pts',(4.15233974694061,-0.595936118433993,-1.33931121962355));
#2186=CARTESIAN_POINT('Ctrl Pts',(4.1258489129378,-1.03901111043553,-1.14216182892197));
#2187=CARTESIAN_POINT('Ctrl Pts',(4.099358078935,-1.37455167369319,-0.703338771433854));
#2188=CARTESIAN_POINT('Ctrl Pts',(4.0728672449322,-1.4486828680191,-0.224081119623288));
#2189=CARTESIAN_POINT('Ctrl Pts',(4.06879651190243,-1.46007429122784,-0.150435648409132));
#2190=CARTESIAN_POINT('Ctrl Pts',(4.06472577887267,-1.46529301503453,-0.0758353889361764));
#2191=CARTESIAN_POINT('Ctrl Pts',(4.0606550458429,-1.46465067069145,-0.00114511012799384));
#2192=CARTESIAN_POINT('Ctrl Pts',(3.9893449541571,-1.46500186663514,-0.00100608306280229));
#2193=CARTESIAN_POINT('Ctrl Pts',(3.9927058288807,-1.46548589603361,-0.0626332836317163));
#2194=CARTESIAN_POINT('Ctrl Pts',(3.9960667036043,-1.46193475590644,-0.124204283263684));
#2195=CARTESIAN_POINT('Ctrl Pts',(3.99942757832791,-1.45416010665351,-0.18523727383263));
#2196=CARTESIAN_POINT('Ctrl Pts',(4.02591841233071,-1.39287935097906,-0.666306922308762));
#2197=CARTESIAN_POINT('Ctrl Pts',(4.05240924633352,-1.06920087928429,-1.11395120217997));
#2198=CARTESIAN_POINT('Ctrl Pts',(4.07890008033632,-0.631559816635962,-1.3228857325598));
#2199=CARTESIAN_POINT('Ctrl Pts',(4.10539091433912,-0.193918753987635,-1.53182026293963));
#2200=CARTESIAN_POINT('Ctrl Pts',(4.13188174834192,0.357684899614245,-1.50204504382806));
#2201=CARTESIAN_POINT('Ctrl Pts',(4.15837258234472,0.770292222060952,-1.24721463911866));
#2202=CARTESIAN_POINT('Ctrl Pts',(4.18486341634752,1.18289954450766,-0.992384234409262));
#2203=CARTESIAN_POINT('Ctrl Pts',(4.21135425035033,1.4565105357992,-0.512498644102037));
#2204=CARTESIAN_POINT('Ctrl Pts',(4.23784508435313,1.46565042617607,-0.0276277333382669));
#2205=CARTESIAN_POINT('Ctrl Pts',(4.26433591835594,1.47479031655294,0.457243177425503));
#2206=CARTESIAN_POINT('Ctrl Pts',(4.29082675235874,1.21945910601514,0.947099408645814));
#2207=CARTESIAN_POINT('Ctrl Pts',(4.31731758636154,0.816748672719382,1.21729867699371));
#2208=CARTESIAN_POINT('Ctrl Pts',(4.34380842036434,0.414038239423624,1.4874979453416));
#2209=CARTESIAN_POINT('Ctrl Pts',(4.37029925436714,-0.1360514166301,1.53804025081707));
#2210=CARTESIAN_POINT('Ctrl Pts',(4.39679008836994,-0.581255674731104,1.34574748894151));
#2211=CARTESIAN_POINT('Ctrl Pts',(4.42328092237275,-1.02645993283211,1.15345472706596));
#2212=CARTESIAN_POINT('Ctrl Pts',(4.44977175637555,-1.3667787929804,0.718326897839376));
#2213=CARTESIAN_POINT('Ctrl Pts',(4.47626259037836,-1.44614604445702,0.239908485679016));
#2214=CARTESIAN_POINT('Ctrl Pts',(4.4806233783046,-1.45921108242231,0.161153651640097));
#2215=CARTESIAN_POINT('Ctrl Pts',(4.48498416623085,-1.46520483037659,0.0812257255162956));
#2216=CARTESIAN_POINT('Ctrl Pts',(4.4893449541571,-1.46449874596981,0.00119194019191935));
#2217=CARTESIAN_POINT('Origin',(7.5146875,0.,0.));
#2218=CARTESIAN_POINT('',(5.06065504584291,-1.46128378443204,0.000553838567360354));
#2219=CARTESIAN_POINT('',(4.9893449541571,-1.46116281768237,0.000350158568838149));
#2220=CARTESIAN_POINT('',(7.5146875,-1.4635,-1.79227059055215E-16));
#2221=CARTESIAN_POINT('Ctrl Pts',(5.06065504584291,-1.46128378443204,0.000553838567360354));
#2222=CARTESIAN_POINT('Ctrl Pts',(5.04928245357297,-1.46199634224698,0.210444209404374));
#2223=CARTESIAN_POINT('Ctrl Pts',(5.03790986130303,-1.41978429257611,0.420061286324646));
#2224=CARTESIAN_POINT('Ctrl Pts',(5.02653726903309,-1.33323366383385,0.609411517682318));
#2225=CARTESIAN_POINT('Ctrl Pts',(5.00004643503029,-1.13162630076058,1.0504759142797));
#2226=CARTESIAN_POINT('Ctrl Pts',(4.97355560102749,-0.689441942959729,1.38157429707662));
#2227=CARTESIAN_POINT('Ctrl Pts',(4.94706476702468,-0.209461115527964,1.45086885739045));
#2228=CARTESIAN_POINT('Ctrl Pts',(4.92057393302188,0.270519711903795,1.52016341770427));
#2229=CARTESIAN_POINT('Ctrl Pts',(4.89408309901908,0.788297008966467,1.32765415553501));
#2230=CARTESIAN_POINT('Ctrl Pts',(4.86759226501627,1.10642422123265,0.961623545330193));
#2231=CARTESIAN_POINT('Ctrl Pts',(4.84110143101347,1.42455143349884,0.595592935125374));
#2232=CARTESIAN_POINT('Ctrl Pts',(4.81461059701067,1.54302856096854,0.0560409768850119));
#2233=CARTESIAN_POINT('Ctrl Pts',(4.78811976300787,1.40752339198293,-0.409600172466451));
#2234=CARTESIAN_POINT('Ctrl Pts',(4.76162892900507,1.27201822299733,-0.875241321817911));
#2235=CARTESIAN_POINT('Ctrl Pts',(4.73513809500226,0.882530757556429,-1.26697166228047));
#2236=CARTESIAN_POINT('Ctrl Pts',(4.70864726099946,0.417675348174819,-1.40514828533886));
#2237=CARTESIAN_POINT('Ctrl Pts',(4.68215642699666,-0.0471800612067885,
-1.54332490839725));
#2238=CARTESIAN_POINT('Ctrl Pts',(4.65566559299385,-0.587403414529106,-1.42794781405148));
#2239=CARTESIAN_POINT('Ctrl Pts',(4.62917475899105,-0.955254661011046,-1.11192757537546));
#2240=CARTESIAN_POINT('Ctrl Pts',(4.60633485460834,-1.27240916418076,-0.839460803147776));
#2241=CARTESIAN_POINT('Ctrl Pts',(4.58349495022562,-1.46142969498096,-0.417844591471901));
#2242=CARTESIAN_POINT('Ctrl Pts',(4.56065504584291,-1.46486239003553,0.00106696681591547));
#2243=CARTESIAN_POINT('Ctrl Pts',(4.4893449541571,-1.46449874596981,0.00119194019191935));
#2244=CARTESIAN_POINT('Ctrl Pts',(4.51147500023365,-1.46091552185523,-0.404962036306039));
#2245=CARTESIAN_POINT('Ctrl Pts',(4.53360504631021,-1.28478878343342,-0.813842247955039));
#2246=CARTESIAN_POINT('Ctrl Pts',(4.55573509238676,-0.984665414901481,-1.08596891488495));
#2247=CARTESIAN_POINT('Ctrl Pts',(4.58222592638957,-0.625401891064349,-1.41171890819441));
#2248=CARTESIAN_POINT('Ctrl Pts',(4.60871676039237,-0.0884592005851189,
-1.54150989971921));
#2249=CARTESIAN_POINT('Ctrl Pts',(4.63520759439517,0.379927078996317,-1.41582127334096));
#2250=CARTESIAN_POINT('Ctrl Pts',(4.66169842839798,0.848313358577752,-1.29013264696271));
#2251=CARTESIAN_POINT('Ctrl Pts',(4.68818926240077,1.2481432272614,-0.90896440268142));
#2252=CARTESIAN_POINT('Ctrl Pts',(4.71468009640358,1.39605942853046,-0.447115796422702));
#2253=CARTESIAN_POINT('Ctrl Pts',(4.74117093040638,1.54397562979952,0.0147328098360217));
#2254=CARTESIAN_POINT('Ctrl Pts',(4.76766176440919,1.43997816365399,0.557261778072176));
#2255=CARTESIAN_POINT('Ctrl Pts',(4.79415259841199,1.13175904004782,0.931673729730287));
#2256=CARTESIAN_POINT('Ctrl Pts',(4.82064343241479,0.82353991644164,1.30608568138839));
#2257=CARTESIAN_POINT('Ctrl Pts',(4.84713426641759,0.311099135374823,1.51238061646846));
#2258=CARTESIAN_POINT('Ctrl Pts',(4.87362510042039,-0.170564011946424,1.45595411370971));
#2259=CARTESIAN_POINT('Ctrl Pts',(4.9001159344232,-0.652227159267674,1.39952761095096));
#2260=CARTESIAN_POINT('Ctrl Pts',(4.926606768426,-1.10311267284335,1.08037967035339));
#2261=CARTESIAN_POINT('Ctrl Pts',(4.9530976024288,-1.31644978028322,0.644867768919928));
#2262=CARTESIAN_POINT('Ctrl Pts',(4.9651800530049,-1.41375268348427,0.446231099956794));
#2263=CARTESIAN_POINT('Ctrl Pts',(4.977262503581,-1.46163920840134,0.22338763625726));
#2264=CARTESIAN_POINT('Ctrl Pts',(4.9893449541571,-1.46116281768237,0.000350158568838149));
#2265=CARTESIAN_POINT('Origin',(7.5146875,0.,0.));
#2266=CARTESIAN_POINT('',(5.56065504584291,-1.46282865216187,-0.00130910570787221));
#2267=CARTESIAN_POINT('',(5.48934495415709,-1.46321114871904,-0.00134296511548397));
#2268=CARTESIAN_POINT('',(7.5146875,-1.4635,-1.79227059055215E-16));
#2269=CARTESIAN_POINT('Ctrl Pts',(5.56065504584291,-1.46282865216187,-0.00130910570787221));
#2270=CARTESIAN_POINT('Ctrl Pts',(5.54156079092312,-1.45979653829497,0.350154972208087));
#2271=CARTESIAN_POINT('Ctrl Pts',(5.52246653600333,-1.33268367500679,0.703586820707597));
#2272=CARTESIAN_POINT('Ctrl Pts',(5.50337228108354,-1.10223818987532,0.966418839346622));
#2273=CARTESIAN_POINT('Ctrl Pts',(5.47688144708073,-0.782524583926439,1.33106461398596));
#2274=CARTESIAN_POINT('Ctrl Pts',(5.45039061307793,-0.263916246778192,1.52132374783981));
#2275=CARTESIAN_POINT('Ctrl Pts',(5.42389977907513,0.215759161971838,1.44994564873615));
#2276=CARTESIAN_POINT('Ctrl Pts',(5.39740894507233,0.695434570721878,1.37856754963249));
#2277=CARTESIAN_POINT('Ctrl Pts',(5.37091811106953,1.13617705107371,1.04555221757133));
#2278=CARTESIAN_POINT('Ctrl Pts',(5.34442727706672,1.33586730590283,0.603616551532193));
#2279=CARTESIAN_POINT('Ctrl Pts',(5.31793644306392,1.53555756073194,0.161680885493067));
#2280=CARTESIAN_POINT('Ctrl Pts',(5.29144560906112,1.49419559003836,-0.389175114524017));
#2281=CARTESIAN_POINT('Ctrl Pts',(5.26495477505831,1.23074950517271,-0.796335391515924));
#2282=CARTESIAN_POINT('Ctrl Pts',(5.23846394105551,0.967303420307059,-1.20349566850784));
#2283=CARTESIAN_POINT('Ctrl Pts',(5.21197310705271,0.481773221269344,-1.46696022247456));
#2284=CARTESIAN_POINT('Ctrl Pts',(5.18548227304991,-0.00318267588786662,
-1.46590732000283));
#2285=CARTESIAN_POINT('Ctrl Pts',(5.15899143904711,-0.488138573045067,-1.4648544175311));
#2286=CARTESIAN_POINT('Ctrl Pts',(5.1325006050443,-0.972520168321768,-1.19928405862091));
#2287=CARTESIAN_POINT('Ctrl Pts',(5.1060097710415,-1.23419578178728,-0.790983673966906));
#2288=CARTESIAN_POINT('Ctrl Pts',(5.09089152930864,-1.38353329149152,-0.557967834821648));
#2289=CARTESIAN_POINT('Ctrl Pts',(5.07577328757577,-1.4603365402999,-0.278465516773666));
#2290=CARTESIAN_POINT('Ctrl Pts',(5.06065504584291,-1.46128378443204,0.000553838567360354));
#2291=CARTESIAN_POINT('Ctrl Pts',(4.9893449541571,-1.46116281768237,0.000350158568838149));
#2292=CARTESIAN_POINT('Ctrl Pts',(5.0037533375838,-1.46059471934035,-0.265623161729059));
#2293=CARTESIAN_POINT('Ctrl Pts',(5.01816172101051,-1.39125125111484,-0.531872383172969));
#2294=CARTESIAN_POINT('Ctrl Pts',(5.03257010443721,-1.25491889988608,-0.757676064098772));
#2295=CARTESIAN_POINT('Ctrl Pts',(5.05906093844001,-1.00426221074502,-1.17283213341468));
#2296=CARTESIAN_POINT('Ctrl Pts',(5.08555177244282,-0.527160131158823,-1.45126840977715));
#2297=CARTESIAN_POINT('Ctrl Pts',(5.11204260644562,-0.0424060411203259,
-1.46529730467097));
#2298=CARTESIAN_POINT('Ctrl Pts',(5.13853344044842,0.442348048918167,-1.47932619956478));
#2299=CARTESIAN_POINT('Ctrl Pts',(5.16502427445122,0.934754149408968,-1.22894771298994));
#2300=CARTESIAN_POINT('Ctrl Pts',(5.19151510845403,1.20900063708498,-0.828982462376387));
#2301=CARTESIAN_POINT('Ctrl Pts',(5.21800594245683,1.48324712476099,-0.429017211762828));
#2302=CARTESIAN_POINT('Ctrl Pts',(5.24449677645964,1.53933399962221,0.12053480288944));
#2303=CARTESIAN_POINT('Ctrl Pts',(5.27098761046244,1.35154048314097,0.567655516867901));
#2304=CARTESIAN_POINT('Ctrl Pts',(5.29747844446524,1.16374696665974,1.01477623084636));
#2305=CARTESIAN_POINT('Ctrl Pts',(5.32396927846804,0.732073058836057,1.35946564415101));
#2306=CARTESIAN_POINT('Ctrl Pts',(5.35046011247084,0.254479316516317,1.44365326199364));
#2307=CARTESIAN_POINT('Ctrl Pts',(5.37695094647365,-0.223114425803427,1.52784087983628));
#2308=CARTESIAN_POINT('Ctrl Pts',(5.40344178047645,-0.746628002619232,1.35152670221691));
#2309=CARTESIAN_POINT('Ctrl Pts',(5.42993261447926,-1.07598426934391,0.995566329042898));
#2310=CARTESIAN_POINT('Ctrl Pts',(5.4497367277052,-1.32220561508187,0.729456189454876));
#2311=CARTESIAN_POINT('Ctrl Pts',(5.46954084093115,-1.45991608087819,0.362945159739906));
#2312=CARTESIAN_POINT('Ctrl Pts',(5.48934495415709,-1.46321114871904,-0.00134296511548397));
#2313=CARTESIAN_POINT('Origin',(7.5146875,0.,0.));
#2314=CARTESIAN_POINT('',(6.06065504584291,-1.46590021288443,0.000111584841614701));
#2315=CARTESIAN_POINT('',(5.9893449541571,-1.46580868604482,0.00035078762515337));
#2316=CARTESIAN_POINT('',(7.5146875,-1.4635,-1.79227059055215E-16));
#2317=CARTESIAN_POINT('Ctrl Pts',(6.06065504584291,-1.46590021288443,0.000111584841614701));
#2318=CARTESIAN_POINT('Ctrl Pts',(6.06032996227607,-1.46590672385934,0.00606287463734402));
#2319=CARTESIAN_POINT('Ctrl Pts',(6.06000487870923,-1.46587362292211,0.0120140899647304));
#2320=CARTESIAN_POINT('Ctrl Pts',(6.0596797951424,-1.46580069095679,0.0179648171240185));
#2321=CARTESIAN_POINT('Ctrl Pts',(6.03318896113959,-1.45985751577322,0.502885438937424));
#2322=CARTESIAN_POINT('Ctrl Pts',(6.00669812713678,-1.18941612496109,0.984564377142196));
#2323=CARTESIAN_POINT('Ctrl Pts',(5.98020729313398,-0.778497746927235,1.24210935842739));
#2324=CARTESIAN_POINT('Ctrl Pts',(5.95371645913118,-0.367579368893383,1.49965433971259));
#2325=CARTESIAN_POINT('Ctrl Pts',(5.92722562512838,0.183815996362183,1.5330653640782));
#2326=CARTESIAN_POINT('Ctrl Pts',(5.90073479112558,0.622824945306879,1.32702053027343));
#2327=CARTESIAN_POINT('Ctrl Pts',(5.87424395712278,1.06183389425158,1.12097569646866));
#2328=CARTESIAN_POINT('Ctrl Pts',(5.84775312311997,1.3884564268854,0.675475004493493));
#2329=CARTESIAN_POINT('Ctrl Pts',(5.82126228911717,1.45290730655889,0.194819811137094));
#2330=CARTESIAN_POINT('Ctrl Pts',(5.79477145511437,1.51735818623237,-0.285835382219308));
#2331=CARTESIAN_POINT('Ctrl Pts',(5.76828062111157,1.31963741294552,-0.801645076956952));
#2332=CARTESIAN_POINT('Ctrl Pts',(5.74178978710876,0.950417398605949,-1.11606503784089));
#2333=CARTESIAN_POINT('Ctrl Pts',(5.71529895310596,0.581197384266384,-1.43048499872482));
#2334=CARTESIAN_POINT('Ctrl Pts',(5.68880811910316,0.0404781288741138,-1.54351522575506));
#2335=CARTESIAN_POINT('Ctrl Pts',(5.66231728510035,-0.423772901956201,-1.40332139149637));
#2336=CARTESIAN_POINT('Ctrl Pts',(5.63582645109755,-0.888023932786515,-1.26312755723768));
#2337=CARTESIAN_POINT('Ctrl Pts',(5.60933561709475,-1.27580673905487,-0.869709661690056));
#2338=CARTESIAN_POINT('Ctrl Pts',(5.58284478309195,-1.40928870481429,-0.403484506203822));
#2339=CARTESIAN_POINT('Ctrl Pts',(5.57544820400893,-1.44655857392416,-0.273308490126745));
#2340=CARTESIAN_POINT('Ctrl Pts',(5.56805162492592,-1.46400320807407,-0.13745643683255));
#2341=CARTESIAN_POINT('Ctrl Pts',(5.56065504584291,-1.46282865216187,-0.00130910570787221));
#2342=CARTESIAN_POINT('Ctrl Pts',(5.48934495415709,-1.46321114871904,-0.00134296511548397));
#2343=CARTESIAN_POINT('Ctrl Pts',(5.49603167493395,-1.46432370540568,-0.124342311031163));
#2344=CARTESIAN_POINT('Ctrl Pts',(5.5027183957108,-1.45011252833902,-0.247088239535256));
#2345=CARTESIAN_POINT('Ctrl Pts',(5.50940511648765,-1.41958049418551,-0.365630529260782));
#2346=CARTESIAN_POINT('Ctrl Pts',(5.53589595049046,-1.29862149566889,-0.835260445661828));
#2347=CARTESIAN_POINT('Ctrl Pts',(5.56238678449327,-0.921504542002089,-1.23891370973527));
#2348=CARTESIAN_POINT('Ctrl Pts',(5.58887761849607,-0.461171015073282,-1.39147970098589));
#2349=CARTESIAN_POINT('Ctrl Pts',(5.61536845249887,-0.000837488144483575,
-1.5440456922365));
#2350=CARTESIAN_POINT('Ctrl Pts',(5.64185928650167,0.542712612046323,-1.44552441066429));
#2351=CARTESIAN_POINT('Ctrl Pts',(5.66835012050447,0.920213627886969,-1.14109655264162));
#2352=CARTESIAN_POINT('Ctrl Pts',(5.69484095450727,1.29771464372762,-0.836668694618956));
#2353=CARTESIAN_POINT('Ctrl Pts',(5.72133178851008,1.50916657521811,-0.326334260145833));
#2354=CARTESIAN_POINT('Ctrl Pts',(5.74782262251289,1.45760006343857,0.155873405247285));
#2355=CARTESIAN_POINT('Ctrl Pts',(5.77431345651569,1.40603355165902,0.638081070640403));
#2356=CARTESIAN_POINT('Ctrl Pts',(5.80080429051849,1.09144859660944,1.09216196695351));
#2357=CARTESIAN_POINT('Ctrl Pts',(5.82729512452129,0.658110144000994,1.30987995700464));
#2358=CARTESIAN_POINT('Ctrl Pts',(5.85378595852409,0.224771691392541,1.52759794705578));
#2359=CARTESIAN_POINT('Ctrl Pts',(5.88027679252689,-0.327320258774793,1.50895303084493));
#2360=CARTESIAN_POINT('Ctrl Pts',(5.9067676265297,-0.744982857353262,1.26249554678393));
#2361=CARTESIAN_POINT('Ctrl Pts',(5.9332584605325,-1.16264545593173,1.01603806272294));
#2362=CARTESIAN_POINT('Ctrl Pts',(5.95974929453531,-1.44587870292134,0.541768010811816));
#2363=CARTESIAN_POINT('Ctrl Pts',(5.98624012853811,-1.46479517572074,0.0571800365926647));
#2364=CARTESIAN_POINT('Ctrl Pts',(5.98727507041111,-1.46553420303062,0.0382481907467611));
#2365=CARTESIAN_POINT('Ctrl Pts',(5.9883100122841,-1.46586980295106,0.0193005966288309));
#2366=CARTESIAN_POINT('Ctrl Pts',(5.9893449541571,-1.46580868604482,0.00035078762515337));
#2367=CARTESIAN_POINT('Origin',(7.5146875,0.,0.));
#2368=CARTESIAN_POINT('',(6.56065504584291,-1.46249687884275,0.00124707397019551));
#2369=CARTESIAN_POINT('',(6.4893449541571,-1.46216239595467,0.00114776121287729));
#2370=CARTESIAN_POINT('',(7.5146875,-1.4635,-1.79227059055215E-16));
#2371=CARTESIAN_POINT('Ctrl Pts',(6.56065504584291,-1.46249687884275,0.00124707397019551));
#2372=CARTESIAN_POINT('Ctrl Pts',(6.55260829962622,-1.46369379667979,0.149446993284802));
#2373=CARTESIAN_POINT('Ctrl Pts',(6.54456155340953,-1.44298126455104,0.297320160800585));
#2374=CARTESIAN_POINT('Ctrl Pts',(6.53651480719284,-1.39897668595291,0.4379025375856));
#2375=CARTESIAN_POINT('Ctrl Pts',(6.51002397319004,-1.25410844286246,0.900716239775852));
#2376=CARTESIAN_POINT('Ctrl Pts',(6.48353313918724,-0.856800124239643,1.28451207785594));
#2377=CARTESIAN_POINT('Ctrl Pts',(6.45704230518444,-0.38925263351827,1.4132858124112));
#2378=CARTESIAN_POINT('Ctrl Pts',(6.43055147118163,0.0782948572031102,1.54205954696646));
#2379=CARTESIAN_POINT('Ctrl Pts',(6.40406063717882,0.616081520023058,1.41581117799689));
#2380=CARTESIAN_POINT('Ctrl Pts',(6.37756980317602,0.977484741651993,1.09243671674895));
#2381=CARTESIAN_POINT('Ctrl Pts',(6.35107896917322,1.33888796328093,0.76906225550101));
#2382=CARTESIAN_POINT('Ctrl Pts',(6.32458813517042,1.52390774371885,0.248561701974721));
#2383=CARTESIAN_POINT('Ctrl Pts',(6.29809730116762,1.44769619640311,-0.230369536145019));
#2384=CARTESIAN_POINT('Ctrl Pts',(6.27160646716482,1.37148464908736,-0.709300774264751));
#2385=CARTESIAN_POINT('Ctrl Pts',(6.24511563316202,1.03404177401793,-1.14666269697793));
#2386=CARTESIAN_POINT('Ctrl Pts',(6.21862479915921,0.590114889116758,-1.34188629097491));
#2387=CARTESIAN_POINT('Ctrl Pts',(6.19213396515641,0.146188004215582,-1.5371098849719));
#2388=CARTESIAN_POINT('Ctrl Pts',(6.1656431311536,-0.404222890517352,-1.49019515025269));
#2389=CARTESIAN_POINT('Ctrl Pts',(6.1391522971508,-0.80870585810633,-1.22265663018208));
#2390=CARTESIAN_POINT('Ctrl Pts',(6.11298654671484,-1.20822519314923,-0.958401222163044));
#2391=CARTESIAN_POINT('Ctrl Pts',(6.08682079627888,-1.46537614903758,-0.478903596028765));
#2392=CARTESIAN_POINT('Ctrl Pts',(6.06065504584291,-1.46590021288443,0.000111584841614701));
#2393=CARTESIAN_POINT('Ctrl Pts',(5.9893449541571,-1.46580868604482,0.00035078762515337));
#2394=CARTESIAN_POINT('Ctrl Pts',(6.0148008462869,-1.46430542734665,-0.465747170592395));
#2395=CARTESIAN_POINT('Ctrl Pts',(6.0402567384167,-1.22279437295515,-0.93318510183393));
#2396=CARTESIAN_POINT('Ctrl Pts',(6.06571263054651,-0.841131952036131,-1.20057965277752));
#2397=CARTESIAN_POINT('Ctrl Pts',(6.09220346454931,-0.44395255694294,-1.47884547140136));
#2398=CARTESIAN_POINT('Ctrl Pts',(6.11869429855212,0.105005931852626,-1.54047121212188));
#2399=CARTESIAN_POINT('Ctrl Pts',(6.14518513255493,0.553997633587468,-1.35719603793224));
#2400=CARTESIAN_POINT('Ctrl Pts',(6.17167596655773,1.00298933532232,-1.17392086374261));
#2401=CARTESIAN_POINT('Ctrl Pts',(6.19816680056052,1.35201424999644,-0.745744774642814));
#2402=CARTESIAN_POINT('Ctrl Pts',(6.22465763456332,1.44101367308796,-0.269024269115337));
#2403=CARTESIAN_POINT('Ctrl Pts',(6.25114846856613,1.53001309617948,0.207696236412133));
#2404=CARTESIAN_POINT('Ctrl Pts',(6.27763930256894,1.35898702768841,0.732961158367285));
#2405=CARTESIAN_POINT('Ctrl Pts',(6.30413013657174,1.0063660031188,1.06589020596222));
#2406=CARTESIAN_POINT('Ctrl Pts',(6.33062097057454,0.653744978549191,1.39881925355716));
#2407=CARTESIAN_POINT('Ctrl Pts',(6.35711180457734,0.11952899790104,1.53941242679188));
#2408=CARTESIAN_POINT('Ctrl Pts',(6.38360263858014,-0.351296798216818,1.42319535656989));
#2409=CARTESIAN_POINT('Ctrl Pts',(6.41009347258294,-0.822122594334663,1.30697828634791));
#2410=CARTESIAN_POINT('Ctrl Pts',(6.43658430658575,-1.22955820592222,0.933950972669237));
#2411=CARTESIAN_POINT('Ctrl Pts',(6.46307514058855,-1.38675847257692,0.475179336814671));
#2412=CARTESIAN_POINT('Ctrl Pts',(6.47183174511141,-1.43872137287051,0.32353134486946));
#2413=CARTESIAN_POINT('Ctrl Pts',(6.48058834963425,-1.46334236238529,0.162514518128544));
#2414=CARTESIAN_POINT('Ctrl Pts',(6.4893449541571,-1.46216239595467,0.00114776121287729));
#2415=CARTESIAN_POINT('Origin',(7.5146875,0.,0.));
#2416=CARTESIAN_POINT('',(7.06065504584291,-1.46144167685344,-0.000728313509462813));
#2417=CARTESIAN_POINT('',(6.9893449541571,-1.46166235699659,-0.000901047801040613));
#2418=CARTESIAN_POINT('',(7.5146875,-1.4635,-1.79227059055215E-16));
#2419=CARTESIAN_POINT('Ctrl Pts',(7.06065504584291,-1.46144167685344,-0.000728313509462813));
#2420=CARTESIAN_POINT('Ctrl Pts',(7.04488663697637,-1.46013430548806,0.290211819244938));
#2421=CARTESIAN_POINT('Ctrl Pts',(7.02911822810983,-1.37610888724659,0.581847696903399));
#2422=CARTESIAN_POINT('Ctrl Pts',(7.01334981924329,-1.21443942210207,0.820994086646232));
#2423=CARTESIAN_POINT('Ctrl Pts',(6.98685898524049,-0.942835673067295,1.22275861258328));
#2424=CARTESIAN_POINT('Ctrl Pts',(6.96036815123768,-0.452090902939584,1.47637784680417));
#2425=CARTESIAN_POINT('Ctrl Pts',(6.93387731723488,0.0327451315011941,1.4655450032758));
#2426=CARTESIAN_POINT('Ctrl Pts',(6.90738648323208,0.517581165941965,1.45471215974742));
#2427=CARTESIAN_POINT('Ctrl Pts',(6.88089564922928,0.996508464695803,1.17942723846979));
#2428=CARTESIAN_POINT('Ctrl Pts',(6.85440481522648,1.24989662381211,0.765932653727967));
#2429=CARTESIAN_POINT('Ctrl Pts',(6.82791398122367,1.50328478292843,0.352438068986143));
#2430=CARTESIAN_POINT('Ctrl Pts',(6.80142314722087,1.53113380240721,-0.199266179219869));
#2431=CARTESIAN_POINT('Ctrl Pts',(6.77493231321806,1.32067245076162,-0.636175037283746));
#2432=CARTESIAN_POINT('Ctrl Pts',(6.74844147921526,1.11021109911604,-1.07308389534762));
#2433=CARTESIAN_POINT('Ctrl Pts',(6.72195064521246,0.661439376346082,-1.39519736326935));
#2434=CARTESIAN_POINT('Ctrl Pts',(6.69545981120966,0.180158695338497,-1.45479800823263));
#2435=CARTESIAN_POINT('Ctrl Pts',(6.66896897720686,-0.301121985669087,-1.5143986531959));
#2436=CARTESIAN_POINT('Ctrl Pts',(6.64247814320406,-0.814911624914303,-1.31148647520071));
#2437=CARTESIAN_POINT('Ctrl Pts',(6.61598730920125,-1.12559236075787,-0.939114603052903));
#2438=CARTESIAN_POINT('Ctrl Pts',(6.59754322141514,-1.34190200071662,-0.679852871306476));
#2439=CARTESIAN_POINT('Ctrl Pts',(6.57909913362902,-1.45975340252765,-0.338444553940785));
#2440=CARTESIAN_POINT('Ctrl Pts',(6.56065504584291,-1.46249687884275,0.00124707397019551));
#2441=CARTESIAN_POINT('Ctrl Pts',(6.4893449541571,-1.46216239595467,0.00114776121287729));
#2442=CARTESIAN_POINT('Ctrl Pts',(6.50707918363706,-1.45977268023728,-0.32565871841188));
#2443=CARTESIAN_POINT('Ctrl Pts',(6.52481341311701,-1.35155779494224,-0.653900471216502));
#2444=CARTESIAN_POINT('Ctrl Pts',(6.54254764259697,-1.15031802606618,-0.908659948664359));
#2445=CARTESIAN_POINT('Ctrl Pts',(6.56903847659977,-0.84971239117891,-1.2892116402583));
#2446=CARTESIAN_POINT('Ctrl Pts',(6.59552931060256,-0.341536199682553,-1.50579906541573));
#2447=CARTESIAN_POINT('Ctrl Pts',(6.62202014460537,0.141166947636658,-1.45909778846191));
#2448=CARTESIAN_POINT('Ctrl Pts',(6.64851097860817,0.623870094955876,-1.4123965115081));
#2449=CARTESIAN_POINT('Ctrl Pts',(6.67500181261098,1.08110019809795,-1.10240653244303));
#2450=CARTESIAN_POINT('Ctrl Pts',(6.70149264661378,1.30317693081553,-0.671285595249668));
#2451=CARTESIAN_POINT('Ctrl Pts',(6.72798348061659,1.52525366353311,-0.24016465805631));
#2452=CARTESIAN_POINT('Ctrl Pts',(6.75447431461938,1.51217702582621,0.312087237265322));
#2453=CARTESIAN_POINT('Ctrl Pts',(6.78096514862218,1.26994380933595,0.732213892608425));
#2454=CARTESIAN_POINT('Ctrl Pts',(6.80745598262499,1.02771059284571,1.15234054795152));
#2455=CARTESIAN_POINT('Ctrl Pts',(6.83394681662779,0.556320797572114,1.44034196331608));
#2456=CARTESIAN_POINT('Ctrl Pts',(6.8604376506306,0.0719482173739033,1.46414409038736));
#2457=CARTESIAN_POINT('Ctrl Pts',(6.8869284846334,-0.412424362824314,1.48794621745863));
#2458=CARTESIAN_POINT('Ctrl Pts',(6.9134193186362,-0.909779727947156,1.24754905623662));
#2459=CARTESIAN_POINT('Ctrl Pts',(6.939910152639,-1.19203658040905,0.853195906205716));
#2460=CARTESIAN_POINT('Ctrl Pts',(6.9563884198117,-1.36761066107786,0.607893830555053));
#2461=CARTESIAN_POINT('Ctrl Pts',(6.9728666869844,-1.4599567864965,0.303021644499766));
#2462=CARTESIAN_POINT('Ctrl Pts',(6.9893449541571,-1.46166235699659,-0.000901047801040613));
#2463=CARTESIAN_POINT('Origin',(7.5146875,0.,0.));
#2464=CARTESIAN_POINT('',(7.56065504584291,-1.46516576948248,-0.000923051249563239));
#2465=CARTESIAN_POINT('',(7.48934495415709,-1.46545290530218,-0.000737233974729983));
#2466=CARTESIAN_POINT('',(7.5146875,-1.4635,-1.79227059055215E-16));
#2467=CARTESIAN_POINT('Ctrl Pts',(7.56065504584291,-1.46516576948248,-0.000923051249563239));
#2468=CARTESIAN_POINT('Ctrl Pts',(7.53716497432652,-1.4619957156519,0.429680089249155));
#2469=CARTESIAN_POINT('Ctrl Pts',(7.51367490281013,-1.26066882201587,0.862860678322217));
#2470=CARTESIAN_POINT('Ctrl Pts',(7.49018483129374,-0.927716308062811,1.13500522114129));
#2471=CARTESIAN_POINT('Ctrl Pts',(7.46369399729094,-0.552230444948611,1.44191513853164));
#2472=CARTESIAN_POINT('Ctrl Pts',(7.43720316328813,-0.00934166709572845,
1.54401763730559));
#2473=CARTESIAN_POINT('Ctrl Pts',(7.41071232928533,0.451987642498838,1.3944897171697));
#2474=CARTESIAN_POINT('Ctrl Pts',(7.38422149528252,0.91331695209341,1.24496179703381));
#2475=CARTESIAN_POINT('Ctrl Pts',(7.35773066127972,1.29308679342966,0.843803457988085));
#2476=CARTESIAN_POINT('Ctrl Pts',(7.33123982727692,1.41713920165998,0.374981177370548));
#2477=CARTESIAN_POINT('Ctrl Pts',(7.30474899327412,1.5411916098903,-0.0938411032469817));
#2478=CARTESIAN_POINT('Ctrl Pts',(7.27825815927131,1.40952658501468,-0.630327325436318));
#2479=CARTESIAN_POINT('Ctrl Pts',(7.25176732526851,1.08252415271729,-0.988451242625256));
#2480=CARTESIAN_POINT('Ctrl Pts',(7.22527649126571,0.755521720419889,-1.34657515981419));
#2481=CARTESIAN_POINT('Ctrl Pts',(7.19878565726291,0.233181880700711,-1.52633677200274));
#2482=CARTESIAN_POINT('Ctrl Pts',(7.17229482326011,-0.244956483825885,-1.445299526498));
#2483=CARTESIAN_POINT('Ctrl Pts',(7.14580398925731,-0.723094848352488,-1.36426228099327));
#2484=CARTESIAN_POINT('Ctrl Pts',(7.1193131552545,-1.15703173768651,-1.02242617779525));
#2485=CARTESIAN_POINT('Ctrl Pts',(7.0928223212517,-1.34776881838259,-0.576553217369631));
#2486=CARTESIAN_POINT('Ctrl Pts',(7.08209989611543,-1.42497152435466,-0.39608175928184));
#2487=CARTESIAN_POINT('Ctrl Pts',(7.07137747097917,-1.46233068168007,-0.198565889830373));
#2488=CARTESIAN_POINT('Ctrl Pts',(7.06065504584291,-1.46144167685344,-0.000728313509462813));
#2489=CARTESIAN_POINT('Ctrl Pts',(6.9893449541571,-1.46166235699659,-0.000901047801040613));
#2490=CARTESIAN_POINT('Ctrl Pts',(6.99935752098721,-1.46269870010456,-0.185571331147857));
#2491=CARTESIAN_POINT('Ctrl Pts',(7.00937008781731,-1.43027008159277,-0.369891056490253));
#2492=CARTESIAN_POINT('Ctrl Pts',(7.01938265464741,-1.3627135781967,-0.540283413772662));
#2493=CARTESIAN_POINT('Ctrl Pts',(7.04587348865022,-1.1839753837215,-0.991100444880342));
#2494=CARTESIAN_POINT('Ctrl Pts',(7.07236432265302,-0.759340654970151,-1.34442536825589));
#2495=CARTESIAN_POINT('Ctrl Pts',(7.09885515665582,-0.283541864386332,-1.43822754616223));
#2496=CARTESIAN_POINT('Ctrl Pts',(7.12534599065862,0.192256926197482,-1.53202972406856));
#2497=CARTESIAN_POINT('Ctrl Pts',(7.15183682466142,0.719219778613761,-1.36630915650568));
#2498=CARTESIAN_POINT('Ctrl Pts',(7.17832765866422,1.0556877512146,-1.01706333890027));
#2499=CARTESIAN_POINT('Ctrl Pts',(7.20481849266703,1.39215572381544,-0.667817521294856));
#2500=CARTESIAN_POINT('Ctrl Pts',(7.23130932666983,1.53812881660083,-0.135046453646914));
#2501=CARTESIAN_POINT('Ctrl Pts',(7.25780016067263,1.4266654928954,0.336927343474842));
#2502=CARTESIAN_POINT('Ctrl Pts',(7.28429099467544,1.31520216918997,0.808901140596605));
#2503=CARTESIAN_POINT('Ctrl Pts',(7.31078182867824,0.946302428993704,1.22007766719218));
#2504=CARTESIAN_POINT('Ctrl Pts',(7.33727266268104,0.489139337127491,1.38189622340969));
#2505=CARTESIAN_POINT('Ctrl Pts',(7.36376349668385,0.0319762452612843,1.54371477962721));
#2506=CARTESIAN_POINT('Ctrl Pts',(7.39025433068665,-0.513450198274867,1.45617536546667));
#2507=CARTESIAN_POINT('Ctrl Pts',(7.41674516468945,-0.897013866966817,1.15942252258128));
#2508=CARTESIAN_POINT('Ctrl Pts',(7.440945094512,-1.24740728469927,0.888332606283858));
#2509=CARTESIAN_POINT('Ctrl Pts',(7.46514502433454,-1.4627229169869,0.442649818557714));
#2510=CARTESIAN_POINT('Ctrl Pts',(7.48934495415709,-1.46545290530218,-0.000737233974729983));
#2511=CARTESIAN_POINT('Origin',(7.5146875,0.,0.));
#2512=CARTESIAN_POINT('',(8.06065504584291,-1.46430502390239,0.00124167474716476));
#2513=CARTESIAN_POINT('',(7.9893449541571,-1.46391234291921,0.0013116960318367));
#2514=CARTESIAN_POINT('',(7.5146875,-1.4635,-1.79227059055215E-16));
#2515=CARTESIAN_POINT('Ctrl Pts',(8.06065504584291,-1.46430502390239,0.00124167474716476));
#2516=CARTESIAN_POINT('Ctrl Pts',(8.05593414567947,-1.46508803969722,0.0879142842281243));
#2517=CARTESIAN_POINT('Ctrl Pts',(8.05121324551603,-1.45805594770263,0.174460011803656));
#2518=CARTESIAN_POINT('Ctrl Pts',(8.04649234535259,-1.44275588274043,0.259518521654209));
#2519=CARTESIAN_POINT('Ctrl Pts',(8.02000151134979,-1.35690117979953,0.73681539025287));
#2520=CARTESIAN_POINT('Ctrl Pts',(7.99351067734699,-1.01070661010406,1.16728311876203));
#2521=CARTESIAN_POINT('Ctrl Pts',(7.96701984334418,-0.562932915389875,1.35351428992617));
#2522=CARTESIAN_POINT('Ctrl Pts',(7.94052900934138,-0.115159220675674,1.53974546109032));
#2523=CARTESIAN_POINT('Ctrl Pts',(7.91403817533858,0.43419359905724,1.48174007490942));
#2524=CARTESIAN_POINT('Ctrl Pts',(7.88754734133577,0.833198827534226,1.20609871654823));
#2525=CARTESIAN_POINT('Ctrl Pts',(7.86105650733297,1.2322040560112,0.930457358187037));
#2526=CARTESIAN_POINT('Ctrl Pts',(7.83456567333017,1.48086169323225,0.43718002764556));
#2527=CARTESIAN_POINT('Ctrl Pts',(7.80807483932737,1.46514028296099,-0.047522115995507));
#2528=CARTESIAN_POINT('Ctrl Pts',(7.78158400532457,1.44941887268972,-0.532224259636581));
#2529=CARTESIAN_POINT('Ctrl Pts',(7.75509317132176,1.16931841492615,-1.00835121637724));
#2530=CARTESIAN_POINT('Ctrl Pts',(7.72860233731896,0.753289672125077,-1.25755678604721));
#2531=CARTESIAN_POINT('Ctrl Pts',(7.70211150331616,0.337260929324015,-1.50676235571717));
#2532=CARTESIAN_POINT('Ctrl Pts',(7.67562066931336,-0.214696098514554,-1.52904653831644));
#2533=CARTESIAN_POINT('Ctrl Pts',(7.64912983531055,-0.649460436029652,-1.31419007084054));
#2534=CARTESIAN_POINT('Ctrl Pts',(7.62263900130775,-1.08422477354474,-1.09933360336464));
#2535=CARTESIAN_POINT('Ctrl Pts',(7.59614816730495,-1.40179642073639,-0.647336485813598));
#2536=CARTESIAN_POINT('Ctrl Pts',(7.56965733330214,-1.45654077014446,-0.165479259034706));
#2537=CARTESIAN_POINT('Ctrl Pts',(7.56665657081573,-1.46274196373577,-0.11089664039115));
#2538=CARTESIAN_POINT('Ctrl Pts',(7.56365580832932,-1.46557073115355,-0.0559308765615564));
#2539=CARTESIAN_POINT('Ctrl Pts',(7.56065504584291,-1.46516576948248,-0.000923051249563239));
#2540=CARTESIAN_POINT('Ctrl Pts',(7.48934495415709,-1.46545290530218,-0.000737233974729983));
#2541=CARTESIAN_POINT('Ctrl Pts',(7.49163585833734,-1.46571134165672,-0.042710795863749));
#2542=CARTESIAN_POINT('Ctrl Pts',(7.4939267625176,-1.46406467014925,-0.0846637842884224));
#2543=CARTESIAN_POINT('Ctrl Pts',(7.49621766669785,-1.4604471364747,-0.126446134627891));
#2544=CARTESIAN_POINT('Ctrl Pts',(7.52270850070065,-1.41861584344288,-0.609595677341404));
#2545=CARTESIAN_POINT('Ctrl Pts',(7.54919933470346,-1.1132523635315,-1.06992849115818));
#2546=CARTESIAN_POINT('Ctrl Pts',(7.57569016870627,-0.68439278284214,-1.29634138335282));
#2547=CARTESIAN_POINT('Ctrl Pts',(7.60218100270907,-0.255533202152781,-1.52275427554745));
#2548=CARTESIAN_POINT('Ctrl Pts',(7.62867183671187,0.29682247931457,-1.51524724611993));
#2549=CARTESIAN_POINT('Ctrl Pts',(7.65516267071467,0.719370468352148,-1.2772629301214));
#2550=CARTESIAN_POINT('Ctrl Pts',(7.68165350471747,1.14191845738973,-1.03927861412287));
#2551=CARTESIAN_POINT('Ctrl Pts',(7.70814433872027,1.43465875399754,-0.570817011553351));
#2552=CARTESIAN_POINT('Ctrl Pts',(7.73463517272308,1.46334411488028,-0.0867090816740521));
#2553=CARTESIAN_POINT('Ctrl Pts',(7.76112600672588,1.49202947576301,0.397398848205247));
#2554=CARTESIAN_POINT('Ctrl Pts',(7.78761684072869,1.25665990092062,0.897153105394316));
#2555=CARTESIAN_POINT('Ctrl Pts',(7.81410767473149,0.865173098090445,1.18337228873254));
#2556=CARTESIAN_POINT('Ctrl Pts',(7.8405985087343,0.473686295260262,1.46959147207076));
#2557=CARTESIAN_POINT('Ctrl Pts',(7.86708934273709,-0.0739177355577164,
1.54227558155815));
#2558=CARTESIAN_POINT('Ctrl Pts',(7.8935801767399,-0.526514252035236,1.36809254285055));
#2559=CARTESIAN_POINT('Ctrl Pts',(7.9200710107427,-0.979110768512749,1.19390950414295));
#2560=CARTESIAN_POINT('Ctrl Pts',(7.94656184474551,-1.3366997706498,0.772859317240378));
#2561=CARTESIAN_POINT('Ctrl Pts',(7.97305267874831,-1.43529516454027,0.298030626021563));
#2562=CARTESIAN_POINT('Ctrl Pts',(7.97848343721791,-1.45550773204107,0.200688279752959));
#2563=CARTESIAN_POINT('Ctrl Pts',(7.9839141956875,-1.46483554198935,0.101085777394085));
#2564=CARTESIAN_POINT('Ctrl Pts',(7.9893449541571,-1.46391234291921,0.0013116960318367));
#2565=CARTESIAN_POINT('Origin',(7.5146875,0.,0.));
#2566=CARTESIAN_POINT('',(8.56065504584292,-1.46112268748699,0.0002431550058897));
#2567=CARTESIAN_POINT('',(8.4893449541571,-1.46108628544159,2.83162697895699E-5));
#2568=CARTESIAN_POINT('',(7.5146875,-1.4635,-1.79227059055215E-16));
#2569=CARTESIAN_POINT('Ctrl Pts',(8.56065504584292,-1.46112268748699,0.0002431550058897));
#2570=CARTESIAN_POINT('Ctrl Pts',(8.54821248302962,-1.4614628378241,0.229943893325863));
#2571=CARTESIAN_POINT('Ctrl Pts',(8.53576992021633,-1.41054475044051,0.459501999277311));
#2572=CARTESIAN_POINT('Ctrl Pts',(8.52332735740304,-1.30757404970944,0.662679790540011));
#2573=CARTESIAN_POINT('Ctrl Pts',(8.49683652340024,-1.08834431535716,1.09525539591669));
#2574=CARTESIAN_POINT('Ctrl Pts',(8.47034568939743,-0.633167767032075,1.40825292822223));
#2575=CARTESIAN_POINT('Ctrl Pts',(8.44385485539463,-0.150782994991207,1.45813541507131));
#2576=CARTESIAN_POINT('Ctrl Pts',(8.41736402139183,0.33160177704966,1.50801790192039));
#2577=CARTESIAN_POINT('Ctrl Pts',(8.39087318738903,0.841194772806319,1.29478534331301));
#2578=CARTESIAN_POINT('Ctrl Pts',(8.36438235338623,1.14430266178862,0.916223672738901));
#2579=CARTESIAN_POINT('Ctrl Pts',(8.33789151938342,1.44741055077093,0.537662002164794));
#2580=CARTESIAN_POINT('Ctrl Pts',(8.31140068538061,1.54403333297888,-0.00622878037602408));
#2581=CARTESIAN_POINT('Ctrl Pts',(8.28490985137781,1.38986094143076,-0.466026784368539));
#2582=CARTESIAN_POINT('Ctrl Pts',(8.258419017375,1.23568854988264,-0.925824788361047));
#2583=CARTESIAN_POINT('Ctrl Pts',(8.23192818337221,0.830720984578445,-1.30153001380524));
#2584=CARTESIAN_POINT('Ctrl Pts',(8.20543734936941,0.360671589038319,-1.4208484807059));
#2585=CARTESIAN_POINT('Ctrl Pts',(8.17894651536661,-0.109377806501807,-1.54016694760656));
#2586=CARTESIAN_POINT('Ctrl Pts',(8.1524556813638,-0.644509032277866,-1.40309865596368));
#2587=CARTESIAN_POINT('Ctrl Pts',(8.125964847361,-0.999317227072743,-1.07250150579817));
#2588=CARTESIAN_POINT('Ctrl Pts',(8.10419491352163,-1.29089547355344,-0.800819682348441));
#2589=CARTESIAN_POINT('Ctrl Pts',(8.08242497968227,-1.46069422904158,-0.398439934429386));
#2590=CARTESIAN_POINT('Ctrl Pts',(8.06065504584291,-1.46430502390239,0.00124167474716476));
#2591=CARTESIAN_POINT('Ctrl Pts',(7.9893449541571,-1.46391234291921,0.0013116960318367));
#2592=CARTESIAN_POINT('Ctrl Pts',(8.01040502969031,-1.46033224591099,-0.385604735900813));
#2593=CARTESIAN_POINT('Ctrl Pts',(8.0314651052235,-1.3025943544597,-0.775101425121844));
#2594=CARTESIAN_POINT('Ctrl Pts',(8.05252518075671,-1.02765724856529,-1.04537794259814));
#2595=CARTESIAN_POINT('Ctrl Pts',(8.07901601475951,-0.681822153055948,-1.38535062446394));
#2596=CARTESIAN_POINT('Ctrl Pts',(8.10550684876232,-0.150550176393372,-1.53668879266051));
#2597=CARTESIAN_POINT('Ctrl Pts',(8.13199768276512,0.322523626278084,-1.42999055028064));
#2598=CARTESIAN_POINT('Ctrl Pts',(8.15848851676792,0.79559742894956,-1.32329230790077));
#2599=CARTESIAN_POINT('Ctrl Pts',(8.18497935077072,1.21047305762991,-0.958557654944449));
#2600=CARTESIAN_POINT('Ctrl Pts',(8.21147018477353,1.37689344793083,-0.50304959640641));
#2601=CARTESIAN_POINT('Ctrl Pts',(8.23796101877633,1.54331383823174,-0.0475415378683847));
#2602=CARTESIAN_POINT('Ctrl Pts',(8.26445185277914,1.46127899015324,0.49873992625135));
#2603=CARTESIAN_POINT('Ctrl Pts',(8.29094268678194,1.16840911634219,0.885276567095253));
#2604=CARTESIAN_POINT('Ctrl Pts',(8.31743352078474,0.875539242531139,1.27181320793916));
#2605=CARTESIAN_POINT('Ctrl Pts',(8.34392435478754,0.371834342987533,1.49860502550723));
#2606=CARTESIAN_POINT('Ctrl Pts',(8.37041518879034,-0.111712463194123,1.46164797026049));
#2607=CARTESIAN_POINT('Ctrl Pts',(8.39690602279314,-0.595259269375785,1.42469091501375));
#2608=CARTESIAN_POINT('Ctrl Pts',(8.42339685679595,-1.0586479821955,1.12398498695218));
#2609=CARTESIAN_POINT('Ctrl Pts',(8.44988769079875,-1.28937400972969,0.697430373896262));
#2610=CARTESIAN_POINT('Ctrl Pts',(8.4630401119182,-1.40392706143906,0.485650484264941));
#2611=CARTESIAN_POINT('Ctrl Pts',(8.47619253303765,-1.46112833527538,0.24284866338343));
#2612=CARTESIAN_POINT('Ctrl Pts',(8.4893449541571,-1.46108652533842,2.83134554620321E-5));
#2613=CARTESIAN_POINT('Origin',(7.5146875,0.,0.));
#2614=CARTESIAN_POINT('',(9.06065504584291,-1.46341051763643,-0.00134607347456753));
#2615=CARTESIAN_POINT('',(8.9893449541571,-1.46380814629219,-0.00132380254287863));
#2616=CARTESIAN_POINT('',(7.5146875,-1.4635,-1.79227059055215E-16));
#2617=CARTESIAN_POINT('Ctrl Pts',(9.06065504584291,-1.46341051763643,-0.00134607347456753));
#2618=CARTESIAN_POINT('Ctrl Pts',(9.04049082037977,-1.46000760265644,0.36943726658819));
#2619=CARTESIAN_POINT('Ctrl Pts',(9.02032659491663,-1.31672351915923,0.742560910210982));
#2620=CARTESIAN_POINT('Ctrl Pts',(9.00016236945349,-1.06236979520386,1.01008159002241));
#2621=CARTESIAN_POINT('Ctrl Pts',(8.97367153545069,-0.728211545901749,1.36153798164805));
#2622=CARTESIAN_POINT('Ctrl Pts',(8.94718070144788,-0.202352667105669,1.53072895352838));
#2623=CARTESIAN_POINT('Ctrl Pts',(8.92068986744508,0.274054168802784,1.44006552379588));
#2624=CARTESIAN_POINT('Ctrl Pts',(8.89419903344228,0.750461004711244,1.34940209406339));
#2625=CARTESIAN_POINT('Ctrl Pts',(8.86770819943948,1.17741579773208,0.998884262718059));
#2626=CARTESIAN_POINT('Ctrl Pts',(8.84121736543667,1.35912212134333,0.549255368238567));
#2627=CARTESIAN_POINT('Ctrl Pts',(8.81472653143387,1.54082844495459,0.0996264737590884));
#2628=CARTESIAN_POINT('Ctrl Pts',(8.78823569743107,1.47728629915628,-0.44911348385455));
#2629=CARTESIAN_POINT('Ctrl Pts',(8.76174486342827,1.19763536169467,-0.845318839658833));
#2630=CARTESIAN_POINT('Ctrl Pts',(8.73525402942546,0.917984424233052,-1.24152419546313));
#2631=CARTESIAN_POINT('Ctrl Pts',(8.70876319542265,0.422224695108102,-1.48519494945806));
#2632=CARTESIAN_POINT('Ctrl Pts',(8.68227236141985,-0.0622942679216852,
-1.46458657116873));
#2633=CARTESIAN_POINT('Ctrl Pts',(8.65578152741705,-0.546813230951458,-1.44397819287941));
#2634=CARTESIAN_POINT('Ctrl Pts',(8.62929069341425,-1.02009142788607,-1.15909068230584));
#2635=CARTESIAN_POINT('Ctrl Pts',(8.60279985941145,-1.26508906616363,-0.740570087795152));
#2636=CARTESIAN_POINT('Ctrl Pts',(8.58875158822194,-1.39501299618974,-0.518625742461968));
#2637=CARTESIAN_POINT('Ctrl Pts',(8.57470331703243,-1.46073864086794,-0.2591003832002));
#2638=CARTESIAN_POINT('Ctrl Pts',(8.56065504584292,-1.46112268748699,0.0002431550058897));
#2639=CARTESIAN_POINT('Ctrl Pts',(8.4893449541571,-1.46108652533842,2.83134554620321E-5));
#2640=CARTESIAN_POINT('Ctrl Pts',(8.50268336704046,-1.46104412415641,-0.246225821384404));
#2641=CARTESIAN_POINT('Ctrl Pts',(8.51602177992381,-1.40212821371796,-0.492499013024081));
#2642=CARTESIAN_POINT('Ctrl Pts',(8.52936019280716,-1.28445216485209,-0.706453890644164));
#2643=CARTESIAN_POINT('Ctrl Pts',(8.55585102680996,-1.05074095019162,-1.13138024407841));
#2644=CARTESIAN_POINT('Ctrl Pts',(8.58234186081276,-0.585255178621986,-1.42882965289661));
#2645=CARTESIAN_POINT('Ctrl Pts',(8.60883269481556,-0.101461128447035,-1.46239533054976));
#2646=CARTESIAN_POINT('Ctrl Pts',(8.63532352881837,0.382332921727909,-1.49596100820292));
#2647=CARTESIAN_POINT('Ctrl Pts',(8.66181436282117,0.884435250508166,-1.26564295469103));
#2648=CARTESIAN_POINT('Ctrl Pts',(8.68830519682398,1.17458765882787,-0.877062309718504));
#2649=CARTESIAN_POINT('Ctrl Pts',(8.71479603082678,1.46474006714758,-0.488481664745969));
#2650=CARTESIAN_POINT('Ctrl Pts',(8.74128686482959,1.54294255500673,0.0583615716872288));
#2651=CARTESIAN_POINT('Ctrl Pts',(8.76777769883239,1.37333238490186,0.512691548574067));
#2652=CARTESIAN_POINT('Ctrl Pts',(8.79426853283519,1.20372221479699,0.967021525460899));
#2653=CARTESIAN_POINT('Ctrl Pts',(8.82075936683799,0.786299386728118,1.32883824280139));
#2654=CARTESIAN_POINT('Ctrl Pts',(8.84725020084079,0.31248908064533,1.43221682641873));
#2655=CARTESIAN_POINT('Ctrl Pts',(8.87374103484359,-0.161321225437457,1.53559541003607));
#2656=CARTESIAN_POINT('Ctrl Pts',(8.9002318688464,-0.691519009534153,1.38053585993026));
#2657=CARTESIAN_POINT('Ctrl Pts',(8.9267227028492,-1.03496182852686,1.03814665480935));
#2658=CARTESIAN_POINT('Ctrl Pts',(8.94759678661851,-1.30558577992304,0.76835292356471));
#2659=CARTESIAN_POINT('Ctrl Pts',(8.96847087038781,-1.46025306042181,0.382245694878038));
#2660=CARTESIAN_POINT('Ctrl Pts',(8.9893449541571,-1.46380814629219,-0.00132380254287863));
#2661=CARTESIAN_POINT('Origin',(7.5146875,0.,0.));
#2662=CARTESIAN_POINT('',(9.56065504584292,-1.46572977642046,0.000467613631906071));
#2663=CARTESIAN_POINT('',(9.4893449541571,-1.46551896610869,0.000684162553373009));
#2664=CARTESIAN_POINT('',(7.5146875,-1.4635,-1.79227059055215E-16));
#2665=CARTESIAN_POINT('Ctrl Pts',(9.56065504584292,-1.46572977642046,0.000467613631906071));
#2666=CARTESIAN_POINT('Ctrl Pts',(9.55925999173273,-1.46583639986495,0.0260147561374913));
#2667=CARTESIAN_POINT('Ctrl Pts',(9.55786493762254,-1.46522644381382,0.0515567019935486));
#2668=CARTESIAN_POINT('Ctrl Pts',(9.55646988351235,-1.46388392420651,0.0770600850858265));
#2669=CARTESIAN_POINT('Ctrl Pts',(9.52997904950955,-1.43839067358427,0.561346596320517));
#2670=CARTESIAN_POINT('Ctrl Pts',(9.50348821550673,-1.14874508067651,1.03172790534925));
#2671=CARTESIAN_POINT('Ctrl Pts',(9.47699738150393,-0.727775194204546,1.27249269819682));
#2672=CARTESIAN_POINT('Ctrl Pts',(9.45050654750113,-0.306805307732559,1.5132574910444));
#2673=CARTESIAN_POINT('Ctrl Pts',(9.42401571349833,0.245488872303652,1.5244057677108));
#2674=CARTESIAN_POINT('Ctrl Pts',(9.39752487949553,0.675831756526448,1.30082506015762));
#2675=CARTESIAN_POINT('Ctrl Pts',(9.37103404549273,1.10617464074923,1.07724435260444));
#2676=CARTESIAN_POINT('Ctrl Pts',(9.34454321148992,1.41456622915861,0.6189346608317));
#2677=CARTESIAN_POINT('Ctrl Pts',(9.31805237748712,1.45958178085224,0.136071397684792));
#2678=CARTESIAN_POINT('Ctrl Pts',(9.29156154348432,1.50459733254587,-0.346791865462123));
#2679=CARTESIAN_POINT('Ctrl Pts',(9.26507070948151,1.28623684752376,-0.854208699983207));
#2680=CARTESIAN_POINT('Ctrl Pts',(9.23857987547871,0.904637865777961,-1.15348373723446));
#2681=CARTESIAN_POINT('Ctrl Pts',(9.21208904147591,0.523038884032169,-1.45275877448571));
#2682=CARTESIAN_POINT('Ctrl Pts',(9.18559820747311,-0.0217985944372986,
-1.54389201446714));
#2683=CARTESIAN_POINT('Ctrl Pts',(9.1591073734703,-0.480018535541277,-1.38509082944062));
#2684=CARTESIAN_POINT('Ctrl Pts',(9.1326165394675,-0.938238476645262,-1.22628964441409));
#2685=CARTESIAN_POINT('Ctrl Pts',(9.10612570546469,-1.30984088038376,-0.817554034379602));
#2686=CARTESIAN_POINT('Ctrl Pts',(9.07963487146189,-1.42441327234893,-0.346325323676882));
#2687=CARTESIAN_POINT('Ctrl Pts',(9.07330826292223,-1.45177574320733,-0.233785281149347));
#2688=CARTESIAN_POINT('Ctrl Pts',(9.06698165438257,-1.46447819618483,-0.117680868971327));
#2689=CARTESIAN_POINT('Ctrl Pts',(9.06065504584291,-1.46341051763643,-0.00134607347456753));
#2690=CARTESIAN_POINT('Ctrl Pts',(8.9893449541571,-1.46380814629219,-0.00132380254287863));
#2691=CARTESIAN_POINT('Ctrl Pts',(8.99496170439061,-1.46476474058459,-0.104533796716203));
#2692=CARTESIAN_POINT('Ctrl Pts',(9.00057845462411,-1.45478038841095,-0.207560052032503));
#2693=CARTESIAN_POINT('Ctrl Pts',(9.00619520485761,-1.43317019059743,-0.308087111353976));
#2694=CARTESIAN_POINT('Ctrl Pts',(9.03268603886041,-1.33124787978657,-0.78221281226036));
#2695=CARTESIAN_POINT('Ctrl Pts',(9.05917687286321,-0.970715404276125,-1.2007453539371));
#2696=CARTESIAN_POINT('Ctrl Pts',(9.08566770686602,-0.516908700104212,-1.37175065487722));
#2697=CARTESIAN_POINT('Ctrl Pts',(9.11215854086882,-0.0631019959322982,
-1.54275595581733));
#2698=CARTESIAN_POINT('Ctrl Pts',(9.13864937487162,0.483978936901077,-1.46623401602084));
#2699=CARTESIAN_POINT('Ctrl Pts',(9.16514020887443,0.873449242626586,-1.17727689349386));
#2700=CARTESIAN_POINT('Ctrl Pts',(9.19163104287723,1.26291954835208,-0.88831977096688));
#2701=CARTESIAN_POINT('Ctrl Pts',(9.21812187688003,1.49477922696971,-0.386927465709422));
#2702=CARTESIAN_POINT('Ctrl Pts',(9.24461271088283,1.46270016770535,0.0969674316161185));
#2703=CARTESIAN_POINT('Ctrl Pts',(9.27110354488563,1.430621108441,0.58086232894168));
#2704=CARTESIAN_POINT('Ctrl Pts',(9.29759437888844,1.13460331129463,1.04725981833533));
#2705=CARTESIAN_POINT('Ctrl Pts',(9.32408521289124,0.710397042607296,1.28227551846485));
#2706=CARTESIAN_POINT('Ctrl Pts',(9.35057604689405,0.286190773919965,1.51729121859437));
#2707=CARTESIAN_POINT('Ctrl Pts',(9.37706688089684,-0.266203966308323,1.52092512945977));
#2708=CARTESIAN_POINT('Ctrl Pts',(9.40355771489964,-0.693465472983305,1.29151078244804));
#2709=CARTESIAN_POINT('Ctrl Pts',(9.43004854890245,-1.12072697965828,1.06209643543631));
#2710=CARTESIAN_POINT('Ctrl Pts',(9.45653938290526,-1.42285525277995,0.599633830547448));
#2711=CARTESIAN_POINT('Ctrl Pts',(9.48303021690806,-1.46129783387857,0.116202857543583));
#2712=CARTESIAN_POINT('Ctrl Pts',(9.48513512932441,-1.46435240989767,0.0777903312555942));
#2713=CARTESIAN_POINT('Ctrl Pts',(9.48724004174075,-1.46574218095238,0.0392454191598449));
#2714=CARTESIAN_POINT('Ctrl Pts',(9.4893449541571,-1.46551896610869,0.000684162553373009));
#2715=CARTESIAN_POINT('Origin',(7.5146875,0.,0.));
#2716=CARTESIAN_POINT('',(10.0606550458429,-1.46200598459075,0.00108571662483854));
#2717=CARTESIAN_POINT('',(9.9893449541571,-1.4617279987705,0.000942684026735558));
#2718=CARTESIAN_POINT('',(7.5146875,-1.4635,-1.79227059055215E-16));
#2719=CARTESIAN_POINT('Ctrl Pts',(10.0606550458429,-1.46200598459075,0.00108571662483854));
#2720=CARTESIAN_POINT('Ctrl Pts',(10.0515383290829,-1.46315991434889,0.169133857161145));
#2721=CARTESIAN_POINT('Ctrl Pts',(10.0424216123228,-1.43641809574824,0.336825995527199));
#2722=CARTESIAN_POINT('Ctrl Pts',(10.0333048955628,-1.38017986627638,0.493961473182888));
#2723=CARTESIAN_POINT('Ctrl Pts',(10.00681406156,-1.21676603641158,0.950556754586542));
#2724=CARTESIAN_POINT('Ctrl Pts',(9.98032322755718,-0.804303946350988,1.31801854802543));
#2725=CARTESIAN_POINT('Ctrl Pts',(9.95383239355438,-0.33194384017136,1.42783321408209));
#2726=CARTESIAN_POINT('Ctrl Pts',(9.92734155955158,0.140416266008281,1.53764788013874));
#2727=CARTESIAN_POINT('Ctrl Pts',(9.90085072554877,0.67267438830696,1.38981541881313));
#2728=CARTESIAN_POINT('Ctrl Pts',(9.87435989154597,1.02074323683617,1.05213005123745));
#2729=CARTESIAN_POINT('Ctrl Pts',(9.84786905754317,1.36881208536537,0.714444683661769));
#2730=CARTESIAN_POINT('Ctrl Pts',(9.82137822354037,1.53269166012511,0.186906409836024));
#2731=CARTESIAN_POINT('Ctrl Pts',(9.79488738953756,1.43722872324946,-0.28856194712818));
#2732=CARTESIAN_POINT('Ctrl Pts',(9.76839655553476,1.34176578637382,-0.764030304092383));
#2733=CARTESIAN_POINT('Ctrl Pts',(9.74190572153196,0.986960337862787,-1.18742874419505));
#2734=CARTESIAN_POINT('Ctrl Pts',(9.71541488752916,0.535521966798286,-1.36459174236846));
#2735=CARTESIAN_POINT('Ctrl Pts',(9.68892405352636,0.084083595733779,-1.54175474054187));
#2736=CARTESIAN_POINT('Ctrl Pts',(9.66243321952355,-0.463987697884201,-1.47268229678603));
#2737=CARTESIAN_POINT('Ctrl Pts',(9.63594238552075,-0.857352890524835,-1.18905021818778));
#2738=CARTESIAN_POINT('Ctrl Pts',(9.61084660562813,-1.23000277730756,-0.920354705836866));
#2739=CARTESIAN_POINT('Ctrl Pts',(9.58575082573553,-1.46381171569823,-0.459102707348821));
#2740=CARTESIAN_POINT('Ctrl Pts',(9.56065504584292,-1.46572977642046,0.000467613631906071));
#2741=CARTESIAN_POINT('Ctrl Pts',(9.4893449541571,-1.46551896610869,0.000684162553373009));
#2742=CARTESIAN_POINT('Ctrl Pts',(9.51373087574356,-1.46293296792981,-0.44605736102589));
#2743=CARTESIAN_POINT('Ctrl Pts',(9.53811679733001,-1.24385546617672,-0.894992609736368));
#2744=CARTESIAN_POINT('Ctrl Pts',(9.56250271891646,-0.888862332064928,-1.16568358401223));
#2745=CARTESIAN_POINT('Ctrl Pts',(9.58899355291926,-0.503227360077084,-1.45973971144527));
#2746=CARTESIAN_POINT('Ctrl Pts',(9.61548438692207,0.0427994729741862,-1.5434526251925));
#2747=CARTESIAN_POINT('Ctrl Pts',(9.64197522092487,0.498816709032623,-1.37843257150626));
#2748=CARTESIAN_POINT('Ctrl Pts',(9.66846605492768,0.954833945091073,-1.21341251782002));
#2749=CARTESIAN_POINT('Ctrl Pts',(9.69495688893048,1.32084158415669,-0.799659496700279));
#2750=CARTESIAN_POINT('Ctrl Pts',(9.72144772293328,1.42899284483664,-0.326915757964022));
#2751=CARTESIAN_POINT('Ctrl Pts',(9.74793855693608,1.53714410551659,0.145827980772229));
#2752=CARTESIAN_POINT('Ctrl Pts',(9.77442939093888,1.38743898781089,0.677562437125008));
#2753=CARTESIAN_POINT('Ctrl Pts',(9.80092022494168,1.04853049095498,1.02444046822507));
#2754=CARTESIAN_POINT('Ctrl Pts',(9.82741105894449,0.709621994099056,1.37131849932515));
#2755=CARTESIAN_POINT('Ctrl Pts',(9.8539018929473,0.181510118092912,1.5333401051725));
#2756=CARTESIAN_POINT('Ctrl Pts',(9.8803927269501,-0.293619266765103,1.43620409050518));
#2757=CARTESIAN_POINT('Ctrl Pts',(9.9068835609529,-0.768748651623099,1.33906807583788));
#2758=CARTESIAN_POINT('Ctrl Pts',(9.9333743949557,-1.19089554533296,0.982774440655934));
#2759=CARTESIAN_POINT('Ctrl Pts',(9.9598652289585,-1.36646836722426,0.530715238875776));
#2760=CARTESIAN_POINT('Ctrl Pts',(9.9696918040247,-1.43159578124666,0.363027287632365));
#2761=CARTESIAN_POINT('Ctrl Pts',(9.9795183790909,-1.4627950204921,0.182162156577648));
#2762=CARTESIAN_POINT('Ctrl Pts',(9.9893449541571,-1.4617279987705,0.000942684026735558));
#2763=CARTESIAN_POINT('Origin',(7.5146875,0.,0.));
#2764=CARTESIAN_POINT('',(10.5606550458429,-1.46179222347704,-0.000980162035748994));
#2765=CARTESIAN_POINT('',(10.4893449541571,-1.46208041409414,-0.00111665047354696));
#2766=CARTESIAN_POINT('',(7.5146875,-1.4635,-1.79227059055215E-16));
#2767=CARTESIAN_POINT('Ctrl Pts',(10.5606550458429,-1.46179222347704,-0.000980162035748994));
#2768=CARTESIAN_POINT('Ctrl Pts',(10.543816666433,-1.4598859469,0.309515173774701));
#2769=CARTESIAN_POINT('Ctrl Pts',(10.5269782870231,-1.36314153155793,0.621095602014435));
#2770=CARTESIAN_POINT('Ctrl Pts',(10.5101399076132,-1.18034415905882,0.869299756378332));
#2771=CARTESIAN_POINT('Ctrl Pts',(10.4836490736104,-0.892759782133693,1.25978478418318));
#2772=CARTESIAN_POINT('Ctrl Pts',(10.4571582396076,-0.392186745955799,1.49340794404993));
#2773=CARTESIAN_POINT('Ctrl Pts',(10.4306674056048,0.0918180659382768,1.46303241352714));
#2774=CARTESIAN_POINT('Ctrl Pts',(10.404176571602,0.575822877832353,1.43265688300434));
#2775=CARTESIAN_POINT('Ctrl Pts',(10.3776857375992,1.04325946544262,1.13828266209199));
#2776=CARTESIAN_POINT('Ctrl Pts',(10.3511949035964,1.27976692926458,0.714906292477832));
#2777=CARTESIAN_POINT('Ctrl Pts',(10.3247040695936,1.51627439308653,0.291529922863679));
#2778=CARTESIAN_POINT('Ctrl Pts',(10.2982132355908,1.5218527331202,-0.260848595452267));
#2779=CARTESIAN_POINT('Ctrl Pts',(10.271722401588,1.29394378849616,-0.688914996553205));
#2780=CARTESIAN_POINT('Ctrl Pts',(10.2452315675852,1.0660348438721,-1.11698139765417));
#2781=CARTESIAN_POINT('Ctrl Pts',(10.2187407335824,0.604638614590287,-1.4207356815401));
#2782=CARTESIAN_POINT('Ctrl Pts',(10.1922498995796,0.121345963151428,-1.46087972040498));
#2783=CARTESIAN_POINT('Ctrl Pts',(10.1657590655768,-0.361946688287404,-1.50102375926986));
#2784=CARTESIAN_POINT('Ctrl Pts',(10.139268231574,-0.867135761883289,-1.27755755311373));
#2785=CARTESIAN_POINT('Ctrl Pts',(10.1127773975712,-1.16254751384673,-0.892960065351456));
#2786=CARTESIAN_POINT('Ctrl Pts',(10.0954032803284,-1.3562944684711,-0.640720296571558));
#2787=CARTESIAN_POINT('Ctrl Pts',(10.0780291630857,-1.4598068912729,-0.319170815738146));
#2788=CARTESIAN_POINT('Ctrl Pts',(10.0606550458429,-1.46200598459075,0.00108571662483854));
#2789=CARTESIAN_POINT('Ctrl Pts',(9.9893449541571,-1.4617279987705,0.000942684026735558));
#2790=CARTESIAN_POINT('Ctrl Pts',(10.0060092130937,-1.45991850501098,-0.306375806352512));
#2791=CARTESIAN_POINT('Ctrl Pts',(10.0226734720303,-1.36531577951442,-0.614713333074516));
#2792=CARTESIAN_POINT('Ctrl Pts',(10.0393377309669,-1.18602495226378,-0.861533096292418));
#2793=CARTESIAN_POINT('Ctrl Pts',(10.0658285649697,-0.90100996533929,-1.25389746130207));
#2794=CARTESIAN_POINT('Ctrl Pts',(10.0923193989725,-0.401981241417601,-1.490801422943));
#2795=CARTESIAN_POINT('Ctrl Pts',(10.1188102329753,0.0822125393298891,-1.46360362181037));
#2796=CARTESIAN_POINT('Ctrl Pts',(10.1453010669781,0.566406320077372,-1.43640582067774));
#2797=CARTESIAN_POINT('Ctrl Pts',(10.1717919009809,1.03576515765065,-1.14510625677158));
#2798=CARTESIAN_POINT('Ctrl Pts',(10.1982827349837,1.27504663141047,-0.723291470382667));
#2799=CARTESIAN_POINT('Ctrl Pts',(10.2247735689865,1.51432810517028,-0.301476683993756));
#2800=CARTESIAN_POINT('Ctrl Pts',(10.2512644029893,1.52353221511663,0.250853324877914));
#2801=CARTESIAN_POINT('Ctrl Pts',(10.2777552369921,1.29843806511186,0.680406536173819));
#2802=CARTESIAN_POINT('Ctrl Pts',(10.3042460709949,1.0733439151071,1.10995974746972));
#2803=CARTESIAN_POINT('Ctrl Pts',(10.3307369049977,0.61395150515123,1.41673616118988));
#2804=CARTESIAN_POINT('Ctrl Pts',(10.3572277390005,0.130932769863501,1.46005173647216));
#2805=CARTESIAN_POINT('Ctrl Pts',(10.3837185730033,-0.352085965424234,1.50336731175444));
#2806=CARTESIAN_POINT('Ctrl Pts',(10.4102094070061,-0.858731026043822,1.28322204859885));
#2807=CARTESIAN_POINT('Ctrl Pts',(10.436700241009,-1.15666096974925,0.900571965174477));
#2808=CARTESIAN_POINT('Ctrl Pts',(10.454248478725,-1.35401774131482,0.647094304739656));
#2809=CARTESIAN_POINT('Ctrl Pts',(10.4717967164411,-1.45978839287445,0.322308029046267));
#2810=CARTESIAN_POINT('Ctrl Pts',(10.4893449541571,-1.46208041409414,-0.00111665047354696));
#2811=CARTESIAN_POINT('Origin',(7.5146875,0.,0.));
#2812=CARTESIAN_POINT('',(11.0606550458429,-1.46557692685277,-0.000633000473912182));
#2813=CARTESIAN_POINT('',(10.9893449541571,-1.46577048243115,-0.000411615844049993));
#2814=CARTESIAN_POINT('',(7.5146875,-1.4635,-1.79227059055215E-16));
#2815=CARTESIAN_POINT('Ctrl Pts',(11.0606550458429,-1.46557692685277,-0.000633000473912182));
#2816=CARTESIAN_POINT('Ctrl Pts',(11.0360950037832,-1.46313710780703,0.449251203683471));
#2817=CARTESIAN_POINT('Ctrl Pts',(11.0115349617234,-1.24050114939693,0.901222047027371));
#2818=CARTESIAN_POINT('Ctrl Pts',(10.9869749196637,-0.881191458985787,1.17149306992155));
#2819=CARTESIAN_POINT('Ctrl Pts',(10.9604840856609,-0.493634575283098,1.46301149590151));
#2820=CARTESIAN_POINT('Ctrl Pts',(10.9339932516581,0.0529299893183997,1.54313840833725));
#2821=CARTESIAN_POINT('Ctrl Pts',(10.9075024176553,0.507854179423103,1.37512855133844));
#2822=CARTESIAN_POINT('Ctrl Pts',(10.8810115836525,0.962778369527793,1.20711869433964));
#2823=CARTESIAN_POINT('Ctrl Pts',(10.8545207496497,1.32606218513569,0.79097206790632));
#2824=CARTESIAN_POINT('Ctrl Pts',(10.8280299156469,1.43110795812833,0.317528600988102));
#2825=CARTESIAN_POINT('Ctrl Pts',(10.8015390816441,1.53615373112096,-0.155914865930116));
#2826=CARTESIAN_POINT('Ctrl Pts',(10.7750482476413,1.38296146149832,-0.686655173333227));
#2827=CARTESIAN_POINT('Ctrl Pts',(10.7485574136385,1.04178331518804,-1.03130108332121));
#2828=CARTESIAN_POINT('Ctrl Pts',(10.7220665796357,0.700605168877765,-1.3759469933092));
#2829=CARTESIAN_POINT('Ctrl Pts',(10.6955757456329,0.171441145879848,-1.53449850588205));
#2830=CARTESIAN_POINT('Ctrl Pts',(10.6690849116301,-0.303040381320871,-1.43424576957807));
#2831=CARTESIAN_POINT('Ctrl Pts',(10.6425940776273,-0.777521908521603,-1.33399303327408));
#2832=CARTESIAN_POINT('Ctrl Pts',(10.6161032436244,-1.19732093992513,-0.974936048093237));
#2833=CARTESIAN_POINT('Ctrl Pts',(10.5896124096216,-1.36992259679072,-0.521734107631337));
#2834=CARTESIAN_POINT('Ctrl Pts',(10.5799599550287,-1.43281339348591,-0.356601097803682));
#2835=CARTESIAN_POINT('Ctrl Pts',(10.5703075004358,-1.46288497995042,-0.178968913640937));
#2836=CARTESIAN_POINT('Ctrl Pts',(10.5606550458429,-1.46179222347704,-0.000980162035748994));
#2837=CARTESIAN_POINT('Ctrl Pts',(10.4893449541571,-1.46208041409414,-0.00111665047354696));
#2838=CARTESIAN_POINT('Ctrl Pts',(10.4982875504439,-1.46324842998154,-0.165934131574346));
#2839=CARTESIAN_POINT('Ctrl Pts',(10.5072301467306,-1.43754377061826,-0.33039801568923));
#2840=CARTESIAN_POINT('Ctrl Pts',(10.5161727430174,-1.38339258402098,-0.484891144356391));
#2841=CARTESIAN_POINT('Ctrl Pts',(10.5426635770202,-1.22297942779601,-0.942549266769768));
#2842=CARTESIAN_POINT('Ctrl Pts',(10.569154411023,-0.812938288554812,-1.31271060790338));
#2843=CARTESIAN_POINT('Ctrl Pts',(10.5956452450258,-0.34130919091537,-1.4256235476437));
#2844=CARTESIAN_POINT('Ctrl Pts',(10.6221360790286,0.130319906724079,-1.53853648738401));
#2845=CARTESIAN_POINT('Ctrl Pts',(10.6486269130314,0.663536962761772,-1.394201025731));
#2846=CARTESIAN_POINT('Ctrl Pts',(10.6751177470342,1.01381493161974,-1.05880770106019));
#2847=CARTESIAN_POINT('Ctrl Pts',(10.701608581037,1.36409290047769,-0.723414376389386));
#2848=CARTESIAN_POINT('Ctrl Pts',(10.7280994150398,1.53143178215594,-0.19696318870079));
#2849=CARTESIAN_POINT('Ctrl Pts',(10.7545902490426,1.43909194148382,0.279121563759989));
#2850=CARTESIAN_POINT('Ctrl Pts',(10.7810810830454,1.34675210081171,0.755206316220762));
#2851=CARTESIAN_POINT('Ctrl Pts',(10.8075719170482,0.994733537789234,1.18092463345372));
#2852=CARTESIAN_POINT('Ctrl Pts',(10.834062751051,0.544467808721302,1.36104712213271));
#2853=CARTESIAN_POINT('Ctrl Pts',(10.8605535850538,0.0942020796533646,1.5411696108117));
#2854=CARTESIAN_POINT('Ctrl Pts',(10.8870444190566,-0.454310815460027,1.47569627093672));
#2855=CARTESIAN_POINT('Ctrl Pts',(10.9135352530594,-0.849529339856783,1.19465240305371));
#2856=CARTESIAN_POINT('Ctrl Pts',(10.9388051534253,-1.22653267365924,0.92656154041422));
#2857=CARTESIAN_POINT('Ctrl Pts',(10.9640750537912,-1.46404635134958,0.462313058423323));
#2858=CARTESIAN_POINT('Ctrl Pts',(10.9893449541571,-1.46577048243115,-0.000411615844049993));
#2859=CARTESIAN_POINT('Origin',(7.5146875,0.,0.));
#2860=CARTESIAN_POINT('',(11.5606550458429,-1.46371042406631,0.00133277436388038));
#2861=CARTESIAN_POINT('',(11.4893449541571,-1.46331380522712,0.0013457710274589));
#2862=CARTESIAN_POINT('',(7.5146875,-1.4635,-1.79227059055215E-16));
#2863=CARTESIAN_POINT('Ctrl Pts',(11.5606550458429,-1.46371042406631,0.00133277436388038));
#2864=CARTESIAN_POINT('Ctrl Pts',(11.5548641751361,-1.46469678121212,0.107760517498456));
#2865=CARTESIAN_POINT('Ctrl Pts',(11.5490733044293,-1.45407693432486,0.213993063384004));
#2866=CARTESIAN_POINT('Ctrl Pts',(11.5432824337225,-1.43111696612065,0.317487999054831));
#2867=CARTESIAN_POINT('Ctrl Pts',(11.5167915997197,-1.32608462518195,0.790934446023925));
#2868=CARTESIAN_POINT('Ctrl Pts',(11.4903007657169,-0.962812616170653,1.20709137897577));
#2869=CARTESIAN_POINT('Ctrl Pts',(11.4638099317141,-0.50789319283819,1.37511414251088));
#2870=CARTESIAN_POINT('Ctrl Pts',(11.4373190977113,-0.0529737695057387,
1.54313690604598));
#2871=CARTESIAN_POINT('Ctrl Pts',(11.4108282637085,0.493593068147878,1.46302550016436));
#2872=CARTESIAN_POINT('Ctrl Pts',(11.3843374297057,0.881158222331546,1.17151806963485));
#2873=CARTESIAN_POINT('Ctrl Pts',(11.3578465957029,1.26872337651521,0.880010639105351));
#2874=CARTESIAN_POINT('Ctrl Pts',(11.3313557617001,1.49728684722893,0.377107183927972));
#2875=CARTESIAN_POINT('Ctrl Pts',(11.3048649276973,1.46203212572148,-0.10656670972613));
#2876=CARTESIAN_POINT('Ctrl Pts',(11.2783740936945,1.42677740421402,-0.590240603380246));
#2877=CARTESIAN_POINT('Ctrl Pts',(11.2518832596917,1.12770449048537,-1.05468493551108));
#2878=CARTESIAN_POINT('Ctrl Pts',(11.2253924256889,0.701964691265653,-1.28691101964362));
#2879=CARTESIAN_POINT('Ctrl Pts',(11.1989015916861,0.276224892045949,-1.51913710377614));
#2880=CARTESIAN_POINT('Ctrl Pts',(11.1724107576833,-0.276181792664817,-1.51914493991037));
#2881=CARTESIAN_POINT('Ctrl Pts',(11.1459199236805,-0.701928180173639,-1.28693093448785));
#2882=CARTESIAN_POINT('Ctrl Pts',(11.1194290896777,-1.12767456768246,-1.05471692906532));
#2883=CARTESIAN_POINT('Ctrl Pts',(11.0929382556749,-1.42676065798934,-0.590281082086044));
#2884=CARTESIAN_POINT('Ctrl Pts',(11.0664474216721,-1.46202910174084,-0.106608188834316));
#2885=CARTESIAN_POINT('Ctrl Pts',(11.064516629729,-1.46459965225777,-0.0713555529501892));
#2886=CARTESIAN_POINT('Ctrl Pts',(11.062585837786,-1.46576873364792,-0.0360007247874439));
#2887=CARTESIAN_POINT('Ctrl Pts',(11.0606550458429,-1.46557692685277,-0.000633000473912182));
#2888=CARTESIAN_POINT('Ctrl Pts',(10.9893449541571,-1.46577048243115,-0.000411615844049993));
#2889=CARTESIAN_POINT('Ctrl Pts',(10.990565887794,-1.46585378507982,-0.0227684954224293));
#2890=CARTESIAN_POINT('Ctrl Pts',(10.9917868214309,-1.46538665835004,-0.0451218178094479));
#2891=CARTESIAN_POINT('Ctrl Pts',(10.9930077550678,-1.46435824070244,-0.0674492867741092));
#2892=CARTESIAN_POINT('Ctrl Pts',(11.0194985890706,-1.44204446347123,-0.551892712827827));
#2893=CARTESIAN_POINT('Ctrl Pts',(11.0459894230734,-1.15549275532871,-1.02416516904421));
#2894=CARTESIAN_POINT('Ctrl Pts',(11.0724802570762,-0.736112345975973,-1.2676880836788));
#2895=CARTESIAN_POINT('Ctrl Pts',(11.098971091079,-0.316731936623241,-1.5112109983134));
#2896=CARTESIAN_POINT('Ctrl Pts',(11.1254619250818,0.235477173939699,-1.5259843713662));
#2897=CARTESIAN_POINT('Ctrl Pts',(11.1519527590846,0.667278408191135,-1.30523330840177));
#2898=CARTESIAN_POINT('Ctrl Pts',(11.1784435930874,1.09907964244257,-1.08448224543733));
#2899=CARTESIAN_POINT('Ctrl Pts',(11.2049344270902,1.4104730003825,-0.628206746455659));
#2900=CARTESIAN_POINT('Ctrl Pts',(11.231425261093,1.45865716504733,-0.145649367508314));
#2901=CARTESIAN_POINT('Ctrl Pts',(11.2579160950958,1.50684132971215,0.33690801143903));
#2902=CARTESIAN_POINT('Ctrl Pts',(11.2844069290986,1.29181630110187,0.845747270352045));
#2903=CARTESIAN_POINT('Ctrl Pts',(11.3108977631014,0.912190018283699,1.14752073355693));
#2904=CARTESIAN_POINT('Ctrl Pts',(11.3373885971042,0.532563735465528,1.44929419676182));
#2905=CARTESIAN_POINT('Ctrl Pts',(11.363879431107,-0.0116638015605312,1.54400186425857));
#2906=CARTESIAN_POINT('Ctrl Pts',(11.3903702651099,-0.470916270648894,1.38821191805783));
#2907=CARTESIAN_POINT('Ctrl Pts',(11.4168610991127,-0.93016873973727,1.23242197185708));
#2908=CARTESIAN_POINT('Ctrl Pts',(11.4433519331154,-1.30444614088794,0.826134411958823));
#2909=CARTESIAN_POINT('Ctrl Pts',(11.4698427671182,-1.42210927746683,0.355667915817656));
#2910=CARTESIAN_POINT('Ctrl Pts',(11.4763434961312,-1.45098327085005,0.240217598143199));
#2911=CARTESIAN_POINT('Ctrl Pts',(11.4828442251441,-1.46440423391394,0.120902495129241));
#2912=CARTESIAN_POINT('Ctrl Pts',(11.4893449541571,-1.46331380522712,0.0013457710274589));
#2913=CARTESIAN_POINT('Origin',(7.5146875,0.,0.));
#2914=CARTESIAN_POINT('',(12.0606550458429,-1.46109007809996,-8.12839190750259E-5));
#2915=CARTESIAN_POINT('',(11.9893449541571,-1.46114028953122,-0.000295131120827944));
#2916=CARTESIAN_POINT('',(7.5146875,-1.4635,-1.79227059055215E-16));
#2917=CARTESIAN_POINT('Ctrl Pts',(12.0606550458429,-1.46109007809996,-8.12839190750259E-5));
#2918=CARTESIAN_POINT('Ctrl Pts',(12.0471425124863,-1.46096674449169,0.249385942520067));
#2919=CARTESIAN_POINT('Ctrl Pts',(12.0336299791296,-1.4004196038031,0.498909324522497));
#2920=CARTESIAN_POINT('Ctrl Pts',(12.020117445773,-1.27978721125874,0.714869984035095));
#2921=CARTESIAN_POINT('Ctrl Pts',(11.9936266117702,-1.04329175908041,1.13825306337992));
#2922=CARTESIAN_POINT('Ctrl Pts',(11.9671357777674,-0.575863523350991,1.43264054582291));
#2923=CARTESIAN_POINT('Ctrl Pts',(11.9406449437646,-0.09185957344065,1.46302980799384));
#2924=CARTESIAN_POINT('Ctrl Pts',(11.9141541097618,0.392144376469678,1.49341907016478));
#2925=CARTESIAN_POINT('Ctrl Pts',(11.887663275759,0.892724040560916,1.25981011206368));
#2926=CARTESIAN_POINT('Ctrl Pts',(11.8611724417562,1.18031949578192,0.869333243433208));
#2927=CARTESIAN_POINT('Ctrl Pts',(11.8346816077534,1.46791495100293,0.478856374802714));
#2928=CARTESIAN_POINT('Ctrl Pts',(11.8081907737506,1.54252619735367,-0.068488404357159));
#2929=CARTESIAN_POINT('Ctrl Pts',(11.7816999397478,1.36993739829717,-0.521695241495305));
#2930=CARTESIAN_POINT('Ctrl Pts',(11.755209105745,1.19734859924068,-0.974902078633424));
#2931=CARTESIAN_POINT('Ctrl Pts',(11.7287182717422,0.777559754776942,-1.33397097374985));
#2932=CARTESIAN_POINT('Ctrl Pts',(11.7022274377394,0.303081072027621,-1.43423717147815));
#2933=CARTESIAN_POINT('Ctrl Pts',(11.6757366037366,-0.171397610721727,-1.53450336920647));
#2934=CARTESIAN_POINT('Ctrl Pts',(11.6492457697338,-0.70056613175668,-1.37596686954667));
#2935=CARTESIAN_POINT('Ctrl Pts',(11.6227549357309,-1.04175405584109,-1.03133063922359));
#2936=CARTESIAN_POINT('Ctrl Pts',(11.6020549724349,-1.30835862951524,-0.762031555721394));
#2937=CARTESIAN_POINT('Ctrl Pts',(11.5813550091389,-1.46018460597281,-0.379102308391535));
#2938=CARTESIAN_POINT('Ctrl Pts',(11.5606550458429,-1.46371042406631,0.00133277436388038));
#2939=CARTESIAN_POINT('Ctrl Pts',(11.4893449541571,-1.46331380522712,0.0013457710274589));
#2940=CARTESIAN_POINT('Ctrl Pts',(11.5093350591469,-1.45996067607959,-0.36629783667828));
#2941=CARTESIAN_POINT('Ctrl Pts',(11.5293251641368,-1.31938828105376,-0.736226205822583));
#2942=CARTESIAN_POINT('Ctrl Pts',(11.5493152691267,-1.0689772400261,-1.00308629923126));
#2943=CARTESIAN_POINT('Ctrl Pts',(11.5758061031295,-0.73713319399933,-1.35672858575502));
#2944=CARTESIAN_POINT('Ctrl Pts',(11.6022969371323,-0.212396229938669,-1.52936772641844));
#2945=CARTESIAN_POINT('Ctrl Pts',(11.6287877711351,0.26459547662371,-1.44183344986544));
#2946=CARTESIAN_POINT('Ctrl Pts',(11.6552786051379,0.741587183186061,-1.35429917331245));
#2947=CARTESIAN_POINT('Ctrl Pts',(11.6817694391407,1.17083363225012,-1.00659147954308));
#2948=CARTESIAN_POINT('Ctrl Pts',(11.7082602731435,1.35548747089372,-0.558165011128565));
#2949=CARTESIAN_POINT('Ctrl Pts',(11.7347511071463,1.54014130953734,-0.109738542714029));
#2950=CARTESIAN_POINT('Ctrl Pts',(11.7612419411491,1.48020253776044,0.439406700345679));
#2951=CARTESIAN_POINT('Ctrl Pts',(11.7877327751519,1.20315836853065,0.837439193991525));
#2952=CARTESIAN_POINT('Ctrl Pts',(11.8142236091547,0.926114199300869,1.23547168763736));
#2953=CARTESIAN_POINT('Ctrl Pts',(11.8407144431575,0.431964632618217,1.48239143186937));
#2954=CARTESIAN_POINT('Ctrl Pts',(11.8672052771603,-0.0526791752385576,
1.46496394764617));
#2955=CARTESIAN_POINT('Ctrl Pts',(11.8936961111631,-0.537322983095346,1.44753646342297));
#2956=CARTESIAN_POINT('Ctrl Pts',(11.9201869451659,-1.01246103212624,1.16576175074453));
#2957=CARTESIAN_POINT('Ctrl Pts',(11.9466777791687,-1.26020062356561,0.748858365615778));
#2958=CARTESIAN_POINT('Ctrl Pts',(11.9609001708315,-1.39320698718028,0.525031391039569));
#2959=CARTESIAN_POINT('Ctrl Pts',(11.9751225624943,-1.46066805607086,0.262254949720104));
#2960=CARTESIAN_POINT('Ctrl Pts',(11.9893449541571,-1.46114028953122,-0.000295131120827944));
#2961=CARTESIAN_POINT('Origin',(7.5146875,0.,0.));
#2962=CARTESIAN_POINT('',(12.5606550458429,-1.46400954915731,-0.00129800089045964));
#2963=CARTESIAN_POINT('',(12.4893449541571,-1.46439931846944,-0.00121880308297818));
#2964=CARTESIAN_POINT('',(7.5146875,-1.4635,-1.79227059055215E-16));
#2965=CARTESIAN_POINT('Ctrl Pts',(12.5606550458429,-1.46400954915731,-0.00129800089045964));
#2966=CARTESIAN_POINT('Ctrl Pts',(12.5394208498364,-1.46041215438979,0.388750748421772));
#2967=CARTESIAN_POINT('Ctrl Pts',(12.5181866538299,-1.29976614140528,0.781415503369304));
#2968=CARTESIAN_POINT('Ctrl Pts',(12.4969524578234,-1.02077308545695,1.05210109002585));
#2969=CARTESIAN_POINT('Ctrl Pts',(12.4704616238206,-0.672713816775267,1.38979633127156));
#2970=CARTESIAN_POINT('Ctrl Pts',(12.4439707898178,-0.140459890445,1.53764389587962));
#2971=CARTESIAN_POINT('Ctrl Pts',(12.417479955815,0.331903330701683,1.42784263178384));
#2972=CARTESIAN_POINT('Ctrl Pts',(12.3909891218122,0.804266551848338,1.31804136768806));
#2973=CARTESIAN_POINT('Ctrl Pts',(12.3644982878094,1.21673906781142,0.950591274888471));
#2974=CARTESIAN_POINT('Ctrl Pts',(12.3380074538066,1.38016585182584,0.494000629526889));
#2975=CARTESIAN_POINT('Ctrl Pts',(12.3115166198038,1.54359263584026,0.0374099841653074));
#2976=CARTESIAN_POINT('Ctrl Pts',(12.285025785801,1.45797368790603,-0.508321213758264));
#2977=CARTESIAN_POINT('Ctrl Pts',(12.2585349517982,1.16257284732801,-0.892927082282147));
#2978=CARTESIAN_POINT('Ctrl Pts',(12.2320441177954,0.867172006749981,-1.27753295080603));
#2979=CARTESIAN_POINT('Ctrl Pts',(12.2055532837926,0.361989273528159,-1.50101348993023));
#2980=CARTESIAN_POINT('Ctrl Pts',(12.1790624497898,-0.1213045165824,-1.4608831626171));
#2981=CARTESIAN_POINT('Ctrl Pts',(12.152571615787,-0.604598306692959,-1.42075283530397));
#2982=CARTESIAN_POINT('Ctrl Pts',(12.1260807817842,-1.06600315369226,-1.11701164155352));
#2983=CARTESIAN_POINT('Ctrl Pts',(12.0995899477814,-1.29392424287829,-0.688951706554965));
#2984=CARTESIAN_POINT('Ctrl Pts',(12.0866116471352,-1.40558657932055,-0.479238017269062));
#2985=CARTESIAN_POINT('Ctrl Pts',(12.0736333464891,-1.46120853557982,-0.239685552092856));
#2986=CARTESIAN_POINT('Ctrl Pts',(12.0606550458429,-1.46109007809996,-8.12839190750259E-5));
#2987=CARTESIAN_POINT('Ctrl Pts',(11.9893449541571,-1.46114028953122,-0.000295131120827944));
#2988=CARTESIAN_POINT('Ctrl Pts',(12.0016133964971,-1.46154764499694,-0.226774657527426));
#2989=CARTESIAN_POINT('Ctrl Pts',(12.0138818388371,-1.41210834642493,-0.453085748217999));
#2990=CARTESIAN_POINT('Ctrl Pts',(12.0261502811771,-1.31189582130656,-0.654082424037815));
#2991=CARTESIAN_POINT('Ctrl Pts',(12.0526411151799,-1.09551029376029,-1.08808777098366));
#2992=CARTESIAN_POINT('Ctrl Pts',(12.0791319491827,-0.642398104819908,-1.4040664072963));
#2993=CARTESIAN_POINT('Ctrl Pts',(12.1056227831855,-0.160351153927077,-1.45711426143635));
#2994=CARTESIAN_POINT('Ctrl Pts',(12.1321136171883,0.321695796965781,-1.51016211557639));
#2995=CARTESIAN_POINT('Ctrl Pts',(12.1586044511911,0.832677509811086,-1.30027918754381));
#2996=CARTESIAN_POINT('Ctrl Pts',(12.1850952851939,1.13826380490216,-0.923715309909583));
#2997=CARTESIAN_POINT('Ctrl Pts',(12.2115861191967,1.44385009999319,-0.547151432275397));
#2998=CARTESIAN_POINT('Ctrl Pts',(12.2380769531995,1.54404097733005,-0.00390660503960374));
#2999=CARTESIAN_POINT('Ctrl Pts',(12.2645677872023,1.39289008355759,0.456893508966702));
#3000=CARTESIAN_POINT('Ctrl Pts',(12.2910586212051,1.24173918978511,0.917693622973046));
#3001=CARTESIAN_POINT('Ctrl Pts',(12.3175494552079,0.839246524903275,1.29604902374989));
#3002=CARTESIAN_POINT('Ctrl Pts',(12.3440402892107,0.369990472474525,1.418450391792));
#3003=CARTESIAN_POINT('Ctrl Pts',(12.3705311232135,-0.0992655799542116,
1.5408517598341));
#3004=CARTESIAN_POINT('Ctrl Pts',(12.3970219572163,-0.635285019929857,1.40729909514149));
#3005=CARTESIAN_POINT('Ctrl Pts',(12.4235127912191,-0.992255661980126,1.07903807348132));
#3006=CARTESIAN_POINT('Ctrl Pts',(12.4454568455318,-1.28795730566353,0.80711844696919));
#3007=CARTESIAN_POINT('Ctrl Pts',(12.4674008998444,-1.46079799453754,0.401592480042689));
#3008=CARTESIAN_POINT('Ctrl Pts',(12.4893449541571,-1.46439931846944,-0.00121880308297818));
#3009=CARTESIAN_POINT('Origin',(7.5146875,0.,0.));
#3010=CARTESIAN_POINT('',(13.0606550458429,-1.46538743572376,0.000785435975539771));
#3011=CARTESIAN_POINT('',(12.9893449541571,-1.46508789988313,0.000964212409359597));
#3012=CARTESIAN_POINT('',(7.5146875,-1.4635,-1.79227059055215E-16));
#3013=CARTESIAN_POINT('Ctrl Pts',(13.0606550458429,-1.46538743572376,0.000785435975539771));
#3014=CARTESIAN_POINT('Ctrl Pts',(13.0581900211894,-1.46568023176601,0.0459545459438971));
#3015=CARTESIAN_POINT('Ctrl Pts',(13.0557249965358,-1.46377322062318,0.09109859898714));
#3016=CARTESIAN_POINT('Ctrl Pts',(13.0532599718823,-1.45958571501402,0.136030112388944));
#3017=CARTESIAN_POINT('Ctrl Pts',(13.0267691378795,-1.4145839273771,0.618894760948907));
#3018=CARTESIAN_POINT('Ctrl Pts',(13.0002783038767,-1.10620519767986,1.07721296063357));
#3019=CARTESIAN_POINT('Ctrl Pts',(12.9737874698739,-0.675868622707024,1.30080582019299));
#3020=CARTESIAN_POINT('Ctrl Pts',(12.9472966358711,-0.245532047734166,1.52439867975243));
#3021=CARTESIAN_POINT('Ctrl Pts',(12.9208058018683,0.306762372514314,1.51326619918659));
#3022=CARTESIAN_POINT('Ctrl Pts',(12.8943149678655,0.727739071570523,1.27251337979688));
#3023=CARTESIAN_POINT('Ctrl Pts',(12.8678241338627,1.14871577062673,1.03176056040718));
#3024=CARTESIAN_POINT('Ctrl Pts',(12.8413332998599,1.43837474849068,0.561387402193592));
#3025=CARTESIAN_POINT('Ctrl Pts',(12.8148424658571,1.46388174819628,0.0771015985871966));
#3026=CARTESIAN_POINT('Ctrl Pts',(12.7883516318543,1.48938874790187,-0.407184205019199));
#3027=CARTESIAN_POINT('Ctrl Pts',(12.7618607978515,1.25074376944914,-0.905382654018391));
#3028=CARTESIAN_POINT('Ctrl Pts',(12.7353699638487,0.857386618882903,-1.18902588428652));
#3029=CARTESIAN_POINT('Ctrl Pts',(12.7088791298459,0.46402946831668,-1.47266911455464));
#3030=CARTESIAN_POINT('Ctrl Pts',(12.6823882958431,-0.084039854363033,-1.54175712609168));
#3031=CARTESIAN_POINT('Ctrl Pts',(12.6558974618402,-0.535483248896564,-1.36460694008648));
#3032=CARTESIAN_POINT('Ctrl Pts',(12.6294066278374,-0.986926643430094,-1.18745675408128));
#3033=CARTESIAN_POINT('Ctrl Pts',(12.6029157938346,-1.34174410981746,-0.764068370533832));
#3034=CARTESIAN_POINT('Ctrl Pts',(12.5764249598318,-1.43722053749458,-0.288602719818464));
#3035=CARTESIAN_POINT('Ctrl Pts',(12.5711683218355,-1.45616614779234,-0.194254961449395));
#3036=CARTESIAN_POINT('Ctrl Pts',(12.5659116838392,-1.46490010333779,-0.0978566403332669));
#3037=CARTESIAN_POINT('Ctrl Pts',(12.5606550458429,-1.46400954915731,-0.00129800089045964));
#3038=CARTESIAN_POINT('Ctrl Pts',(12.4893449541571,-1.46439931846944,-0.00121880308297818));
#3039=CARTESIAN_POINT('Ctrl Pts',(12.4938917338472,-1.46514550813329,-0.0846807802994538));
#3040=CARTESIAN_POINT('Ctrl Pts',(12.4984385135374,-1.45862603110847,-0.168026212599392));
#3041=CARTESIAN_POINT('Ctrl Pts',(12.5029852932276,-1.44442833702352,-0.25004248210703));
#3042=CARTESIAN_POINT('Ctrl Pts',(12.5294761272304,-1.36170852589175,-0.72789263740756));
#3043=CARTESIAN_POINT('Ctrl Pts',(12.5559669612332,-1.01834705950328,-1.16062356938087));
#3044=CARTESIAN_POINT('Ctrl Pts',(12.582457795236,-0.571805452912243,-1.34978997967218));
#3045=CARTESIAN_POINT('Ctrl Pts',(12.6089486292388,-0.12526384632123,-1.53895638996348));
#3046=CARTESIAN_POINT('Ctrl Pts',(12.6354394632416,0.424457900472338,-1.48455827857281));
#3047=CARTESIAN_POINT('Ctrl Pts',(12.6619302972444,0.825263887577534,-1.21154198219807));
#3048=CARTESIAN_POINT('Ctrl Pts',(12.6884211312472,1.22606987468273,-0.938525685823342));
#3049=CARTESIAN_POINT('Ctrl Pts',(12.71491196525,1.47796010209955,-0.44689120446455));
#3050=CARTESIAN_POINT('Ctrl Pts',(12.7414027992528,1.46542068214303,0.0379037038282048));
#3051=CARTESIAN_POINT('Ctrl Pts',(12.7678936332556,1.4528812621865,0.522698612120959));
#3052=CARTESIAN_POINT('Ctrl Pts',(12.7943844672584,1.17591219485663,1.00065394734768));
#3053=CARTESIAN_POINT('Ctrl Pts',(12.8208753012612,0.761528231065093,1.25258501795062));
#3054=CARTESIAN_POINT('Ctrl Pts',(12.847366135264,0.347144267273556,1.50451608855357));
#3055=CARTESIAN_POINT('Ctrl Pts',(12.8738569692668,-0.204654592979644,1.53042289453275));
#3056=CARTESIAN_POINT('Ctrl Pts',(12.9003478032696,-0.640819921670338,1.31842491591372));
#3057=CARTESIAN_POINT('Ctrl Pts',(12.9268386372724,-1.07698525036104,1.10642693729468));
#3058=CARTESIAN_POINT('Ctrl Pts',(12.9533294712752,-1.39751704748924,0.656524174077423));
#3059=CARTESIAN_POINT('Ctrl Pts',(12.979820305278,-1.45542319005146,0.175036653826311));
#3060=CARTESIAN_POINT('Ctrl Pts',(12.9829951882377,-1.46236314616093,0.117331165082899));
#3061=CARTESIAN_POINT('Ctrl Pts',(12.9861700711974,-1.46553084481884,0.0591720046093839));
#3062=CARTESIAN_POINT('Ctrl Pts',(12.9893449541571,-1.46508789988313,0.000964212409359597));
#3063=CARTESIAN_POINT('Origin',(7.5146875,0.,0.));
#3064=CARTESIAN_POINT('',(13.5606550458429,-1.46160100239399,0.000856024469139266));
#3065=CARTESIAN_POINT('',(13.4893449541571,-1.46139480653868,0.000682082076071283));
#3066=CARTESIAN_POINT('',(7.5146875,-1.4635,-1.79227059055215E-16));
#3067=CARTESIAN_POINT('Ctrl Pts',(13.5606550458429,-1.46160100239399,0.000856024469139266));
#3068=CARTESIAN_POINT('Ctrl Pts',(13.5504683585395,-1.46260808935082,0.188760733674776));
#3069=CARTESIAN_POINT('Ctrl Pts',(13.5402816712361,-1.42900779339014,0.376320075515402));
#3070=CARTESIAN_POINT('Ctrl Pts',(13.5300949839327,-1.35914119056427,0.549222647555001));
#3071=CARTESIAN_POINT('Ctrl Pts',(13.5036041499299,-1.17745066422562,0.998861789127069));
#3072=CARTESIAN_POINT('Ctrl Pts',(13.4771133159271,-0.75049905325874,1.34938040894575));
#3073=CARTESIAN_POINT('Ctrl Pts',(13.4506224819243,-0.274093188729212,1.44005467371592));
#3074=CARTESIAN_POINT('Ctrl Pts',(13.4241316479215,0.202312675800317,1.5307289384861));
#3075=CARTESIAN_POINT('Ctrl Pts',(13.3976408139187,0.728172793892491,1.36155884820777));
#3076=CARTESIAN_POINT('Ctrl Pts',(13.3711499799159,1.06234017124001,1.01011334866778));
#3077=CARTESIAN_POINT('Ctrl Pts',(13.3446591459131,1.39650754858752,0.65866784912779));
#3078=CARTESIAN_POINT('Ctrl Pts',(13.3181683119103,1.53898218519038,0.124946940326129));
#3079=CARTESIAN_POINT('Ctrl Pts',(13.2916774779075,1.42442360627117,-0.346285763918273));
#3080=CARTESIAN_POINT('Ctrl Pts',(13.2651866439047,1.30986502735195,-0.817518468162675));
#3081=CARTESIAN_POINT('Ctrl Pts',(13.2386958099019,0.938273232910665,-1.22626296784982));
#3082=CARTESIAN_POINT('Ctrl Pts',(13.2122049758991,0.480057563644446,-1.38507676161083));
#3083=CARTESIAN_POINT('Ctrl Pts',(13.1857141418963,0.0218418943782134,-1.54389055537186));
#3084=CARTESIAN_POINT('Ctrl Pts',(13.1592233078935,-0.522997649712954,-1.45277364320673));
#3085=CARTESIAN_POINT('Ctrl Pts',(13.1327324738907,-0.904604998970244,-1.15350963840652));
#3086=CARTESIAN_POINT('Ctrl Pts',(13.1087066645414,-1.25070302738883,-0.882092742899696));
#3087=CARTESIAN_POINT('Ctrl Pts',(13.0846808551922,-1.46253364605516,-0.439463477161508));
#3088=CARTESIAN_POINT('Ctrl Pts',(13.0606550458429,-1.46538743572376,0.000785435975539771));
#3089=CARTESIAN_POINT('Ctrl Pts',(12.9893449541571,-1.46508789988313,0.000964212409359597));
#3090=CARTESIAN_POINT('Ctrl Pts',(13.0126609052002,-1.46183496660436,-0.426506674074028));
#3091=CARTESIAN_POINT('Ctrl Pts',(13.0359768562433,-1.26385087325607,-0.856600392823665));
#3092=CARTESIAN_POINT('Ctrl Pts',(13.0592928072864,-0.935146653764646,-1.12889116263384));
#3093=CARTESIAN_POINT('Ctrl Pts',(13.0857836412892,-0.561683486919339,-1.43825918155793));
#3094=CARTESIAN_POINT('Ctrl Pts',(13.112274475292,-0.0194766652324541,-1.54392294212117));
#3095=CARTESIAN_POINT('Ctrl Pts',(13.1387653092948,0.442824258193131,-1.39742653355961));
#3096=CARTESIAN_POINT('Ctrl Pts',(13.1652561432976,0.905125181618716,-1.25093012499804));
#3097=CARTESIAN_POINT('Ctrl Pts',(13.1917469773004,1.287520206783,-0.852273547311671));
#3098=CARTESIAN_POINT('Ctrl Pts',(13.2182378113032,1.41464731417659,-0.384275539712529));
#3099=CARTESIAN_POINT('Ctrl Pts',(13.244728645306,1.54177442157017,0.083722467886625));
#3100=CARTESIAN_POINT('Ctrl Pts',(13.2712194793088,1.41363361119305,0.621061905398553));
#3101=CARTESIAN_POINT('Ctrl Pts',(13.2977103133116,1.088989080546,0.981324378233095));
#3102=CARTESIAN_POINT('Ctrl Pts',(13.3242011473144,0.76434454989898,1.34158685106762));
#3103=CARTESIAN_POINT('Ctrl Pts',(13.3506919813172,0.243196298982063,1.52477235922477));
#3104=CARTESIAN_POINT('Ctrl Pts',(13.37718281532,-0.235463874386554,1.44687585095787));
#3105=CARTESIAN_POINT('Ctrl Pts',(13.4036736493228,-0.714124047755199,1.36897934269096));
#3106=CARTESIAN_POINT('Ctrl Pts',(13.4301644833256,-1.15029614357554,1.03000081799995));
#3107=CARTESIAN_POINT('Ctrl Pts',(13.4566553173284,-1.34395558062751,0.585388674102163));
#3108=CARTESIAN_POINT('Ctrl Pts',(13.467551862938,-1.42361403488128,0.402505171679079));
#3109=CARTESIAN_POINT('Ctrl Pts',(13.4784484085475,-1.46224066425959,0.201749034539669));
#3110=CARTESIAN_POINT('Ctrl Pts',(13.4893449541571,-1.46139480653868,0.000682082076071282));
#3111=CARTESIAN_POINT('Origin',(7.5146875,0.,0.));
#3112=CARTESIAN_POINT('',(14.0606550458429,-1.4618902789209,-0.00177956577386507));
#3113=CARTESIAN_POINT('',(13.9893449541571,-1.46254734976291,-0.00136112281860839));
#3114=CARTESIAN_POINT('',(7.5146875,-1.4635,-1.79227059055215E-16));
#3115=CARTESIAN_POINT('Ctrl Pts',(14.0606550458429,-1.4618902789209,-0.00177956577386507));
#3116=CARTESIAN_POINT('Ctrl Pts',(14.0427466958897,-1.45948823466099,0.328308014375956));
#3117=CARTESIAN_POINT('Ctrl Pts',(14.0248383459364,-1.34927893444374,0.66033996429151));
#3118=CARTESIAN_POINT('Ctrl Pts',(14.0069299959832,-1.14448476749998,0.916446289145306));
#3119=CARTESIAN_POINT('Ctrl Pts',(13.9804391619804,-0.841544055741754,1.29529024498072));
#3120=CARTESIAN_POINT('Ctrl Pts',(13.9539483279776,-0.33163602506097,1.50799638616987));
#3121=CARTESIAN_POINT('Ctrl Pts',(13.9274574939748,0.150826921106145,1.45799763652246));
#3122=CARTESIAN_POINT('Ctrl Pts',(13.900966659972,0.633289867273232,1.40799888687505));
#3123=CARTESIAN_POINT('Ctrl Pts',(13.8744758259692,1.08830772892667,1.09529524639114));
#3124=CARTESIAN_POINT('Ctrl Pts',(13.8479849919664,1.30750997782136,0.662792604370554));
#3125=CARTESIAN_POINT('Ctrl Pts',(13.8214941579636,1.52671222671606,0.230289962349946));
#3126=CARTESIAN_POINT('Ctrl Pts',(13.7950033239608,1.51009886285196,-0.322011681207323));
#3127=CARTESIAN_POINT('Ctrl Pts',(13.768512489958,1.26513395426807,-0.740574170322012));
#3128=CARTESIAN_POINT('Ctrl Pts',(13.7420216559552,1.02016904568419,-1.15913665943666));
#3129=CARTESIAN_POINT('Ctrl Pts',(13.7155308219524,0.546852592380563,-1.44395999410875));
#3130=CARTESIAN_POINT('Ctrl Pts',(13.6890399879496,0.0623232424953216,-1.46456374342601));
#3131=CARTESIAN_POINT('Ctrl Pts',(13.6625491539468,-0.422206107389961,-1.48516749274327));
#3132=CARTESIAN_POINT('Ctrl Pts',(13.636058319944,-0.917948353856881,-1.24155165670563));
#3133=CARTESIAN_POINT('Ctrl Pts',(13.6095674859411,-1.19760475623511,-0.845363907024067));
#3134=CARTESIAN_POINT('Ctrl Pts',(13.5932633392417,-1.36972312024444,-0.601524728890401));
#3135=CARTESIAN_POINT('Ctrl Pts',(13.5769591925423,-1.45998912475465,-0.299891986454927));
#3136=CARTESIAN_POINT('Ctrl Pts',(13.5606550458429,-1.46160100239399,0.000856024469139266));
#3137=CARTESIAN_POINT('Ctrl Pts',(13.4893449541571,-1.46139480653868,0.000682082076071282));
#3138=CARTESIAN_POINT('Ctrl Pts',(13.5049392425503,-1.46018428077095,-0.287069298537855));
#3139=CARTESIAN_POINT('Ctrl Pts',(13.5205335309436,-1.37812972908717,-0.575457263364492));
#3140=CARTESIAN_POINT('Ctrl Pts',(13.5361278193369,-1.21980172145753,-0.813006419733933));
#3141=CARTESIAN_POINT('Ctrl Pts',(13.5626186533397,-0.950841646951955,-1.21654360656772));
#3142=CARTESIAN_POINT('Ctrl Pts',(13.5891094873425,-0.461774719657182,-1.47337221713076));
#3143=CARTESIAN_POINT('Ctrl Pts',(13.6156003213453,0.0231231023660883,-1.46572505291865));
#3144=CARTESIAN_POINT('Ctrl Pts',(13.6420911553481,0.508020924389373,-1.45807788870655));
#3145=CARTESIAN_POINT('Ctrl Pts',(13.6685819893509,0.988749641141155,-1.18595494971928));
#3146=CARTESIAN_POINT('Ctrl Pts',(13.6950728233537,1.24484445863747,-0.774127007017457));
#3147=CARTESIAN_POINT('Ctrl Pts',(13.7215636573565,1.50093927613377,-0.362299064315653));
#3148=CARTESIAN_POINT('Ctrl Pts',(13.7480544913593,1.53240019437463,0.189233882100701));
#3149=CARTESIAN_POINT('Ctrl Pts',(13.7745453253621,1.32481533681701,0.627504316456496));
#3150=CARTESIAN_POINT('Ctrl Pts',(13.8010361593649,1.11723047925937,1.06577475081232));
#3151=CARTESIAN_POINT('Ctrl Pts',(13.8275269933677,0.670599845903221,1.39078267310756));
#3152=CARTESIAN_POINT('Ctrl Pts',(13.8540178273705,0.189713094196451,1.45356120646396));
#3153=CARTESIAN_POINT('Ctrl Pts',(13.8805086613733,-0.291173657510306,1.51633973982035));
#3154=CARTESIAN_POINT('Ctrl Pts',(13.9069994953761,-0.80631652756768,1.31688888423791));
#3155=CARTESIAN_POINT('Ctrl Pts',(13.9334903293789,-1.1194203180947,0.946526389120586));
#3156=CARTESIAN_POINT('Ctrl Pts',(13.9521085376383,-1.33947498221823,0.686229334492747));
#3157=CARTESIAN_POINT('Ctrl Pts',(13.9707267458977,-1.45973209475053,0.341510180914196));
#3158=CARTESIAN_POINT('Ctrl Pts',(13.9893449541571,-1.46254734976291,-0.00136112281860839));
#3159=CARTESIAN_POINT('Origin',(-0.0243671147361636,0.,0.));
#3160=CARTESIAN_POINT('',(13.7256328852638,-1.17622178378512,0.000688884741099914));
#3161=CARTESIAN_POINT('',(13.8243671147362,-1.17698335577948,-0.00109536207690109));
#3162=CARTESIAN_POINT('',(-0.0243671147361636,-1.17775,7.7488260138988E-14));
#3163=CARTESIAN_POINT('',(14.165875,-0.862706741302011,0.804593732288949));
#3164=CARTESIAN_POINT('Ctrl Pts',(13.7256328852638,-1.17622178378512,0.00068888474109987));
#3165=CARTESIAN_POINT('Ctrl Pts',(13.7419370319632,-1.17492462704462,-0.241337743113938));
#3166=CARTESIAN_POINT('Ctrl Pts',(13.7847320126655,-0.984255944310821,-0.878475921341964));
#3167=CARTESIAN_POINT('Ctrl Pts',(13.8540178273705,0.0591781262711126,-1.39123646427856));
#3168=CARTESIAN_POINT('Ctrl Pts',(13.9334903293789,1.20188079701603,-0.703602677308831));
#3169=CARTESIAN_POINT('Ctrl Pts',(14.0129628313873,1.24198955538488,0.629789725901745));
#3170=CARTESIAN_POINT('Ctrl Pts',(14.090424388261,0.171260910217655,1.36563060937285));
#3171=CARTESIAN_POINT('Ctrl Pts',(14.1413951111319,-0.615059092193171,1.06715326100136));
#3172=CARTESIAN_POINT('Ctrl Pts',(14.165875,-0.862706741302011,0.804593732288949));
#3173=CARTESIAN_POINT('',(14.165875,0.481179932251899,1.07497020205123));
#3174=CARTESIAN_POINT('Origin',(14.165875,0.,0.));
#3175=CARTESIAN_POINT('Ctrl Pts',(13.8243671147362,-1.17698335577948,-0.00109536207690115));
#3176=CARTESIAN_POINT('Ctrl Pts',(13.8322397404796,-1.17794134329327,-0.117769136342266));
#3177=CARTESIAN_POINT('Ctrl Pts',(13.8666032002258,-1.1083623633877,-0.625881425344874));
#3178=CARTESIAN_POINT('Ctrl Pts',(13.9274574939748,-0.378765431431472,-1.33962900619393));
#3179=CARTESIAN_POINT('Ctrl Pts',(14.0069299959832,0.922096894260225,-1.04478245454272));
#3180=CARTESIAN_POINT('Ctrl Pts',(14.0864024979916,1.37596168217584,0.211725399669169));
#3181=CARTESIAN_POINT('Ctrl Pts',(14.1393841659972,0.839030673514213,0.914788463889256));
#3182=CARTESIAN_POINT('Ctrl Pts',(14.165875,0.481179932251899,1.07497020205123));
#3183=CARTESIAN_POINT('Origin',(-0.0243671147361636,0.,0.));
#3184=CARTESIAN_POINT('',(13.2256328852638,-1.17926891180298,0.000632078729253682));
#3185=CARTESIAN_POINT('',(13.3243671147361,-1.17605584789951,0.000548904793483129));
#3186=CARTESIAN_POINT('',(-0.0243671147361636,-1.17775,7.7488260138988E-14));
#3187=CARTESIAN_POINT('Ctrl Pts',(13.2256328852638,-1.17926891180298,0.000632078729253627));
#3188=CARTESIAN_POINT('Ctrl Pts',(13.2496586946131,-1.1769723277359,-0.353657745286581));
#3189=CARTESIAN_POINT('Ctrl Pts',(13.3001753379652,-0.818541314634217,-1.10261489390779));
#3190=CARTESIAN_POINT('Ctrl Pts',(13.37718281532,0.456036258392396,-1.31577044406674));
#3191=CARTESIAN_POINT('Ctrl Pts',(13.4566553173285,1.35315051032934,-0.328960397247749));
#3192=CARTESIAN_POINT('Ctrl Pts',(13.5361278193369,1.00918159350185,0.959573528972591));
#3193=CARTESIAN_POINT('Ctrl Pts',(13.6156003213453,-0.260374444932839,1.36799185591206));
#3194=CARTESIAN_POINT('Ctrl Pts',(13.6787686766543,-1.0796744940851,0.695363119845541));
#3195=CARTESIAN_POINT('Ctrl Pts',(13.7154461979604,-1.1770322358954,0.151904990833975));
#3196=CARTESIAN_POINT('Ctrl Pts',(13.7256328852638,-1.17622178378512,0.00068888474109987));
#3197=CARTESIAN_POINT('Ctrl Pts',(13.3243671147361,-1.17605584789951,0.000548904793483043));
#3198=CARTESIAN_POINT('Ctrl Pts',(13.3399614031294,-1.17508167863206,-0.231018699250317));
#3199=CARTESIAN_POINT('Ctrl Pts',(13.3820465255255,-0.996874130043056,-0.857344859100577));
#3200=CARTESIAN_POINT('Ctrl Pts',(13.4506224819243,0.0219633737923908,-1.39237719495482));
#3201=CARTESIAN_POINT('Ctrl Pts',(13.5300949839327,1.18256107687624,-0.735405295961512));
#3202=CARTESIAN_POINT('Ctrl Pts',(13.6095674859411,1.25851549394117,0.596131282737273));
#3203=CARTESIAN_POINT('Ctrl Pts',(13.6890399879496,0.180238975112631,1.38078057651905));
#3204=CARTESIAN_POINT('Ctrl Pts',(13.7606398642145,-0.940242601032433,0.94695721990034));
#3205=CARTESIAN_POINT('Ctrl Pts',(13.8057489064768,-1.17471778243418,0.27482993889426));
#3206=CARTESIAN_POINT('Ctrl Pts',(13.8243671147362,-1.17698335577948,-0.00109536207690115));
#3207=CARTESIAN_POINT('Origin',(-0.0243671147361636,0.,0.));
#3208=CARTESIAN_POINT('',(12.7256328852638,-1.17816005911856,-0.0010445647752777));
#3209=CARTESIAN_POINT('',(12.8243671147362,-1.17902786066782,0.000775948865899111));
#3210=CARTESIAN_POINT('',(-0.0243671147361636,-1.17775,7.7488260138988E-14));
#3211=CARTESIAN_POINT('Ctrl Pts',(12.7256328852638,-1.17816005911856,-0.00104456477527781));
#3212=CARTESIAN_POINT('Ctrl Pts',(12.7308895232601,-1.17887673160648,-0.0787500226528313));
#3213=CARTESIAN_POINT('Ctrl Pts',(12.7626369952593,-1.13642724500177,-0.547273044054049));
#3214=CARTESIAN_POINT('Ctrl Pts',(12.8208753012612,-0.508689158361537,-1.29632583590175));
#3215=CARTESIAN_POINT('Ctrl Pts',(12.9003478032696,0.814485378268515,-1.12953033418449));
#3216=CARTESIAN_POINT('Ctrl Pts',(12.979820305278,1.39063322255836,0.0732436117850755));
#3217=CARTESIAN_POINT('Ctrl Pts',(13.0592928072864,0.691325000120536,1.20884044216301));
#3218=CARTESIAN_POINT('Ctrl Pts',(13.1387653092948,-0.642049964240841,1.2357169962862));
#3219=CARTESIAN_POINT('Ctrl Pts',(13.194212001954,-1.16147731747909,0.463734409689395));
#3220=CARTESIAN_POINT('Ctrl Pts',(13.2231678606103,-1.17950453909287,0.0369818698226713));
#3221=CARTESIAN_POINT('Ctrl Pts',(13.2256328852638,-1.17926891180298,0.000632078729253627));
#3222=CARTESIAN_POINT('Ctrl Pts',(12.8243671147362,-1.17902786066782,0.000775948865899198));
#3223=CARTESIAN_POINT('Ctrl Pts',(12.8476830657793,-1.17641006622366,-0.34323077238852));
#3224=CARTESIAN_POINT('Ctrl Pts',(12.8974898508252,-0.836059827100516,-1.08259572613912));
#3225=CARTESIAN_POINT('Ctrl Pts',(12.9737874698739,0.420666512992265,-1.32750306736356));
#3226=CARTESIAN_POINT('Ctrl Pts',(13.0532599718823,1.34386242871604,-0.365047752631505));
#3227=CARTESIAN_POINT('Ctrl Pts',(13.1327324738907,1.03449890410726,0.932222194474057));
#3228=CARTESIAN_POINT('Ctrl Pts',(13.2122049758991,-0.223681524695119,1.37447719734136));
#3229=CARTESIAN_POINT('Ctrl Pts',(13.2760831895142,-1.07008101921142,0.716683508337169));
#3230=CARTESIAN_POINT('Ctrl Pts',(13.3134705691266,-1.1767365509612,0.162357311533458));
#3231=CARTESIAN_POINT('Ctrl Pts',(13.3243671147361,-1.17605584789951,0.000548904793483043));
#3232=CARTESIAN_POINT('Origin',(-0.0243671147361636,0.,0.));
#3233=CARTESIAN_POINT('',(12.2256328852638,-1.17581061802681,-6.54131435729016E-5));
#3234=CARTESIAN_POINT('',(12.3243671147362,-1.17847372553972,-0.000980830427644019));
#3235=CARTESIAN_POINT('',(-0.0243671147361636,-1.17775,7.7488260138988E-14));
#3236=CARTESIAN_POINT('Ctrl Pts',(12.2256328852638,-1.17581061802681,-6.54131435728206E-5));
#3237=CARTESIAN_POINT('Ctrl Pts',(12.23861118591,-1.1759059465522,-0.192886681911381));
#3238=CARTESIAN_POINT('Ctrl Pts',(12.278080320559,-1.03977827389544,-0.779160911671096));
#3239=CARTESIAN_POINT('Ctrl Pts',(12.3440402892107,-0.115234777693363,-1.38778465508633));
#3240=CARTESIAN_POINT('Ctrl Pts',(12.4235127912192,1.10440095319561,-0.848247507931877));
#3241=CARTESIAN_POINT('Ctrl Pts',(12.5029852932275,1.31110621304436,0.469282218794091));
#3242=CARTESIAN_POINT('Ctrl Pts',(12.582457795236,0.315295815349421,1.35639738133881));
#3243=CARTESIAN_POINT('Ctrl Pts',(12.6566736592481,-0.884701782039812,1.02306640239659));
#3244=CARTESIAN_POINT('Ctrl Pts',(12.7043986892573,-1.17526505967376,0.312846733142361));
#3245=CARTESIAN_POINT('Ctrl Pts',(12.7256328852638,-1.17816005911856,-0.00104456477527781));
#3246=CARTESIAN_POINT('Ctrl Pts',(12.3243671147362,-1.17847372553972,-0.000980830427644228));
#3247=CARTESIAN_POINT('Ctrl Pts',(12.3289138944263,-1.17907422084318,-0.0681467639204718));
#3248=CARTESIAN_POINT('Ctrl Pts',(12.3599515081193,-1.14325983094216,-0.526000330624522));
#3249=CARTESIAN_POINT('Ctrl Pts',(12.417479955815,-0.54319390658763,-1.28225026578056));
#3250=CARTESIAN_POINT('Ctrl Pts',(12.4969524578235,0.783969989455006,-1.15091980655878));
#3251=CARTESIAN_POINT('Ctrl Pts',(12.5764249598318,1.39209513193571,0.0360071023998408));
#3252=CARTESIAN_POINT('Ctrl Pts',(12.6558974618402,0.723423483733967,1.18990917837511));
#3253=CARTESIAN_POINT('Ctrl Pts',(12.7353699638487,-0.608755076559602,1.25245459841334));
#3254=CARTESIAN_POINT('Ctrl Pts',(12.791526514814,-1.15556488950387,0.484944953498021));
#3255=CARTESIAN_POINT('Ctrl Pts',(12.8211922317765,-1.17938432011301,0.0476186050077141));
#3256=CARTESIAN_POINT('Ctrl Pts',(12.8243671147362,-1.17902786066782,0.000775948865899198));
#3257=CARTESIAN_POINT('Origin',(-0.0243671147361636,0.,0.));
#3258=CARTESIAN_POINT('',(11.7256328852638,-1.17791933853372,0.00107254868956595));
#3259=CARTESIAN_POINT('',(11.8243671147362,-1.17585102562036,-0.000237506441670629));
#3260=CARTESIAN_POINT('',(-0.0243671147361636,-1.17775,7.7488260138988E-14));
#3261=CARTESIAN_POINT('Ctrl Pts',(11.7256328852638,-1.17791933853372,0.00107254868956595));
#3262=CARTESIAN_POINT('Ctrl Pts',(11.7463328485599,-1.1750819403379,-0.30508216174106));
#3263=CARTESIAN_POINT('Ctrl Pts',(11.7935236458587,-0.896537683372218,-1.00761505602309));
#3264=CARTESIAN_POINT('Ctrl Pts',(11.8672052771603,0.287915742822937,-1.3624719546001));
#3265=CARTESIAN_POINT('Ctrl Pts',(11.9466777791687,1.30138956222948,-0.495591070643804));
#3266=CARTESIAN_POINT('Ctrl Pts',(12.0261502811771,1.12125960926146,0.825834239206947));
#3267=CARTESIAN_POINT('Ctrl Pts',(12.1056227831855,-0.087263177312114,1.38982388813813));
#3268=CARTESIAN_POINT('Ctrl Pts',(12.1721169845478,-1.03146203827437,0.795165062766886));
#3269=CARTESIAN_POINT('Ctrl Pts',(12.2121203519072,-1.17571136544249,0.200693060336906));
#3270=CARTESIAN_POINT('Ctrl Pts',(12.2256328852638,-1.17581061802681,-6.54131435728206E-5));
#3271=CARTESIAN_POINT('Ctrl Pts',(11.8243671147362,-1.17585102562036,-0.000237506441670733));
#3272=CARTESIAN_POINT('Ctrl Pts',(11.8366355570762,-1.17617884447911,-0.182496653845443));
#3273=CARTESIAN_POINT('Ctrl Pts',(11.875394833419,-1.05048357874541,-0.757873601020477));
#3274=CARTESIAN_POINT('Ctrl Pts',(11.9406449437646,-0.152327630630076,-1.38420433898903));
#3275=CARTESIAN_POINT('Ctrl Pts',(12.020117445773,1.08130826749811,-0.877495179118149));
#3276=CARTESIAN_POINT('Ctrl Pts',(12.0995899477814,1.32319375936725,0.434031835457193));
#3277=CARTESIAN_POINT('Ctrl Pts',(12.1790624497898,0.351477183901789,1.34747510145974));
#3278=CARTESIAN_POINT('Ctrl Pts',(12.2539881721081,-0.868568896343153,1.04349283344371));
#3279=CARTESIAN_POINT('Ctrl Pts',(12.3024230604235,-1.17557556410424,0.323181102405443));
#3280=CARTESIAN_POINT('Ctrl Pts',(12.3243671147362,-1.17847372553972,-0.000980830427644228));
#3281=CARTESIAN_POINT('Origin',(-0.0243671147361636,0.,0.));
#3282=CARTESIAN_POINT('',(11.2256328852638,-1.17942140457865,-0.000509406428512776));
#3283=CARTESIAN_POINT('',(11.3243671147362,-1.17760015996326,0.00108300774008335));
#3284=CARTESIAN_POINT('',(-0.0243671147361636,-1.17775,7.7488260138988E-14));
#3285=CARTESIAN_POINT('Ctrl Pts',(11.2256328852638,-1.17942140457865,-0.000509406428512819));
#3286=CARTESIAN_POINT('Ctrl Pts',(11.2275636772069,-1.17957576088407,-0.0289715432992078));
#3287=CARTESIAN_POINT('Ctrl Pts',(11.2559853031528,-1.16572675579038,-0.447786862265771));
#3288=CARTESIAN_POINT('Ctrl Pts',(11.3108977631014,-0.666805657143228,-1.22253650972772));
#3289=CARTESIAN_POINT('Ctrl Pts',(11.3903702651098,0.66684034132232,-1.22251759136677));
#3290=CARTESIAN_POINT('Ctrl Pts',(11.4698427671183,1.38887612706318,-0.101234409609859));
#3291=CARTESIAN_POINT('Ctrl Pts',(11.5493152691267,0.837067529250244,1.11289858185273));
#3292=CARTESIAN_POINT('Ctrl Pts',(11.6287877711351,-0.482479637910425,1.30630727664691));
#3293=CARTESIAN_POINT('Ctrl Pts',(11.6875603098475,-1.13107097136604,0.563294400965544));
#3294=CARTESIAN_POINT('Ctrl Pts',(11.719842014557,-1.1787131083516,0.0867201568048585));
#3295=CARTESIAN_POINT('Ctrl Pts',(11.7256328852638,-1.17791933853372,0.00107254868956595));
#3296=CARTESIAN_POINT('Ctrl Pts',(11.3243671147362,-1.17760015996326,0.00108300774008334));
#3297=CARTESIAN_POINT('Ctrl Pts',(11.344357219726,-1.17490173300495,-0.294777777347343));
#3298=CARTESIAN_POINT('Ctrl Pts',(11.3908381587187,-0.911862670335961,-0.986987734049734));
#3299=CARTESIAN_POINT('Ctrl Pts',(11.4638099317141,0.251355858976533,-1.36968813645757));
#3300=CARTESIAN_POINT('Ctrl Pts',(11.5432824337225,1.28766266878566,-0.530235995008505));
#3301=CARTESIAN_POINT('Ctrl Pts',(11.622754935731,1.14295568868271,0.795536078814893));
#3302=CARTESIAN_POINT('Ctrl Pts',(11.7022274377393,-0.0500432566411721,
1.39166124882365));
#3303=CARTESIAN_POINT('Ctrl Pts',(11.7694314974078,-1.02006188301537,0.816403762506184));
#3304=CARTESIAN_POINT('Ctrl Pts',(11.8101447230734,-1.17547099626746,0.211049379592066));
#3305=CARTESIAN_POINT('Ctrl Pts',(11.8243671147362,-1.17585102562036,-0.000237506441670733));
#3306=CARTESIAN_POINT('Origin',(-0.0243671147361636,0.,0.));
#3307=CARTESIAN_POINT('',(10.7256328852638,-1.17637566873938,-0.000788784309861995));
#3308=CARTESIAN_POINT('',(10.8243671147362,-1.17957716821544,-0.000331247393412226));
#3309=CARTESIAN_POINT('',(-0.0243671147361636,-1.17775,7.7488260138988E-14));
#3310=CARTESIAN_POINT('Ctrl Pts',(10.7256328852638,-1.17637566873938,-0.000788784309862147));
#3311=CARTESIAN_POINT('Ctrl Pts',(10.7352853398568,-1.177255063298,-0.144025034534011));
#3312=CARTESIAN_POINT('Ctrl Pts',(10.7714286284525,-1.0866387008088,-0.67929384746604));
#3313=CARTESIAN_POINT('Ctrl Pts',(10.834062751051,-0.28787708816252,-1.36248012247029));
#3314=CARTESIAN_POINT('Ctrl Pts',(10.9135352530594,0.989655391685389,-0.9796976613852));
#3315=CARTESIAN_POINT('Ctrl Pts',(10.9930077550678,1.35949931832988,0.301640357837236));
#3316=CARTESIAN_POINT('Ctrl Pts',(11.0724802570762,0.482442576617128,1.30632096449632));
#3317=CARTESIAN_POINT('Ctrl Pts',(11.1500219671416,-0.805040713092228,1.11757462509135));
#3318=CARTESIAN_POINT('Ctrl Pts',(11.2010728432041,-1.17745796291064,0.361534407337362));
#3319=CARTESIAN_POINT('Ctrl Pts',(11.2256328852638,-1.17942140457865,-0.000509406428512819));
#3320=CARTESIAN_POINT('Ctrl Pts',(10.8243671147362,-1.17957716821544,-0.000331247393412202));
#3321=CARTESIAN_POINT('Ctrl Pts',(10.8255880483731,-1.17964420592945,-0.0183229214101204));
#3322=CARTESIAN_POINT('Ctrl Pts',(10.8532998160128,-1.17111188317498,-0.426618463245891));
#3323=CARTESIAN_POINT('Ctrl Pts',(10.9075024176553,-0.699279342892755,-1.2042565173561));
#3324=CARTESIAN_POINT('Ctrl Pts',(10.9869749196637,0.633889662844523,-1.23992308403792));
#3325=CARTESIAN_POINT('Ctrl Pts',(11.0664474216721,1.3856700399824,-0.13836148050052));
#3326=CARTESIAN_POINT('Ctrl Pts',(11.1459199236805,0.866546580920388,1.09010200535833));
#3327=CARTESIAN_POINT('Ctrl Pts',(11.2253924256889,-0.447352937492553,1.31874967613587));
#3328=CARTESIAN_POINT('Ctrl Pts',(11.2848748227075,-1.1236645141796,0.584596400040796));
#3329=CARTESIAN_POINT('Ctrl Pts',(11.3178663857232,-1.17847768123822,0.0972961487109576));
#3330=CARTESIAN_POINT('Ctrl Pts',(11.3243671147362,-1.17760015996326,0.00108300774008334));
#3331=CARTESIAN_POINT('Origin',(-0.0243671147361636,0.,0.));
#3332=CARTESIAN_POINT('',(10.2256328852639,-1.17654769275829,0.000873729248292855));
#3333=CARTESIAN_POINT('',(10.3243671147362,-1.1766075898185,-0.000898623228663409));
#3334=CARTESIAN_POINT('',(-0.0243671147361636,-1.17775,7.7488260138988E-14));
#3335=CARTESIAN_POINT('Ctrl Pts',(10.2256328852638,-1.17654769275829,0.000873729248292952));
#3336=CARTESIAN_POINT('Ctrl Pts',(10.2430070025066,-1.17477797485251,-0.256852359573361));
#3337=CARTESIAN_POINT('Ctrl Pts',(10.2868719537522,-0.964464178417407,-0.910168070145599));
#3338=CARTESIAN_POINT('Ctrl Pts',(10.3572277390005,0.115274150527537,-1.38778138488587));
#3339=CARTESIAN_POINT('Ctrl Pts',(10.4367002410089,1.22919846013457,-0.654443616836781));
#3340=CARTESIAN_POINT('Ctrl Pts',(10.5161727430174,1.21573097129009,0.679134381003966));
#3341=CARTESIAN_POINT('Ctrl Pts',(10.5956452450258,0.0872237467093202,1.38982636326469));
#3342=CARTESIAN_POINT('Ctrl Pts',(10.6654652924413,-0.974501993756231,0.894306819716453));
#3343=CARTESIAN_POINT('Ctrl Pts',(10.708794505854,-1.17484159478063,0.249081992424491));
#3344=CARTESIAN_POINT('Ctrl Pts',(10.7256328852638,-1.17637566873938,-0.000788784309862147));
#3345=CARTESIAN_POINT('Ctrl Pts',(10.3243671147362,-1.1766075898185,-0.000898623228663322));
#3346=CARTESIAN_POINT('Ctrl Pts',(10.3333097110229,-1.17754754930699,-0.133535308139141));
#3347=CARTESIAN_POINT('Ctrl Pts',(10.3687431413125,-1.09558380075676,-0.657956824591718));
#3348=CARTESIAN_POINT('Ctrl Pts',(10.4306674056048,-0.324231033552515,-1.35428933240747));
#3349=CARTESIAN_POINT('Ctrl Pts',(10.5101399076132,0.963086467810744,-1.00582792490119));
#3350=CARTESIAN_POINT('Ctrl Pts',(10.5896124096217,1.36708380548733,0.265155101337802));
#3351=CARTESIAN_POINT('Ctrl Pts',(10.6690849116301,0.51722416230378,1.29294413062604));
#3352=CARTESIAN_POINT('Ctrl Pts',(10.7473364800016,-0.786676925239058,1.13730374399414));
#3353=CARTESIAN_POINT('Ctrl Pts',(10.7990972143703,-1.17818967564192,0.372045920436028));
#3354=CARTESIAN_POINT('Ctrl Pts',(10.8243671147362,-1.17957716821544,-0.000331247393412202));
#3355=CARTESIAN_POINT('Origin',(-0.0243671147361636,0.,0.));
#3356=CARTESIAN_POINT('',(9.72563288526385,-1.17954441009853,0.000376311551059197));
#3357=CARTESIAN_POINT('',(9.82436711473616,-1.1763239839781,0.000758623923836424));
#3358=CARTESIAN_POINT('',(-0.0243671147361636,-1.17775,7.7488260138988E-14));
#3359=CARTESIAN_POINT('Ctrl Pts',(9.72563288526385,-1.17954441009853,0.000376311551059201));
#3360=CARTESIAN_POINT('Ctrl Pts',(9.75072866515646,-1.17800085286204,-0.369462393973398));
#3361=CARTESIAN_POINT('Ctrl Pts',(9.80231527905188,-0.791226363387661,-1.13248072621596));
#3362=CARTESIAN_POINT('Ctrl Pts',(9.88039272695009,0.508725945291425,-1.29631138797857));
#3363=CARTESIAN_POINT('Ctrl Pts',(9.95986522895851,1.3653138174825,-0.274123114324503));
#3364=CARTESIAN_POINT('Ctrl Pts',(10.0393377309669,0.969668100010785,0.999484405999943));
#3365=CARTESIAN_POINT('Ctrl Pts',(10.1188102329753,-0.315334298767316,1.35638843331714));
#3366=CARTESIAN_POINT('Ctrl Pts',(10.180908617741,-1.09342297858913,0.663190516146592));
#3367=CARTESIAN_POINT('Ctrl Pts',(10.2165161685038,-1.17747631644989,0.136110283752325));
#3368=CARTESIAN_POINT('Ctrl Pts',(10.2256328852638,-1.17654769275829,0.000873729248292952));
#3369=CARTESIAN_POINT('Ctrl Pts',(9.82436711473617,-1.1763239839781,0.000758623923836476));
#3370=CARTESIAN_POINT('Ctrl Pts',(9.84103137367277,-1.17486779588431,-0.2465555899772));
#3371=CARTESIAN_POINT('Ctrl Pts',(9.88418646661218,-0.977711756243374,-0.88914390148849));
#3372=CARTESIAN_POINT('Ctrl Pts',(9.95383239355438,0.0780988537882864,-1.39036898988295));
#3373=CARTESIAN_POINT('Ctrl Pts',(10.0333048955628,1.21124686393917,-0.68709998805757));
#3374=CARTESIAN_POINT('Ctrl Pts',(10.1127773975712,1.23346785571776,0.646360896018808));
#3375=CARTESIAN_POINT('Ctrl Pts',(10.1922498995796,0.124381260243491,1.38699483095339));
#3376=CARTESIAN_POINT('Ctrl Pts',(10.2627798053013,-0.961148842079395,0.915314894417672));
#3377=CARTESIAN_POINT('Ctrl Pts',(10.3068188770201,-1.1747630882869,0.259377028499689));
#3378=CARTESIAN_POINT('Ctrl Pts',(10.3243671147362,-1.1766075898185,-0.000898623228663322));
#3379=CARTESIAN_POINT('Origin',(-0.0243671147361636,0.,0.));
#3380=CARTESIAN_POINT('',(9.22563288526385,-1.17767798916727,-0.00108325113404478));
#3381=CARTESIAN_POINT('',(9.32436711473617,-1.1793747607342,0.000550579055197606));
#3382=CARTESIAN_POINT('',(-0.0243671147361636,-1.17775,7.7488260138988E-14));
#3383=CARTESIAN_POINT('Ctrl Pts',(9.22563288526385,-1.17767798916727,-0.00108325113404476));
#3384=CARTESIAN_POINT('Ctrl Pts',(9.23195949380351,-1.1785372022936,-0.0947035486374957));
#3385=CARTESIAN_POINT('Ctrl Pts',(9.26477693634597,-1.12551207102113,-0.57936991252446));
#3386=CARTESIAN_POINT('Ctrl Pts',(9.32408521289124,-0.455999750506306,-1.31578475806409));
#3387=CARTESIAN_POINT('Ctrl Pts',(9.40355771489965,0.859372317004642,-1.09576663700884));
#3388=CARTESIAN_POINT('Ctrl Pts',(9.48303021690805,1.38654839059836,0.129262765499937));
#3389=CARTESIAN_POINT('Ctrl Pts',(9.56250271891647,0.642015025550588,1.23573541220719));
#3390=CARTESIAN_POINT('Ctrl Pts',(9.64197522092487,-0.691359358879132,1.2088207224009));
#3391=CARTESIAN_POINT('Ctrl Pts',(9.69635194304067,-1.16981833226738,0.431808526359745));
#3392=CARTESIAN_POINT('Ctrl Pts',(9.72423783115366,-1.17963021519709,0.0209353461161164));
#3393=CARTESIAN_POINT('Ctrl Pts',(9.72563288526385,-1.17954441009853,0.000376311551059201));
#3394=CARTESIAN_POINT('Ctrl Pts',(9.32436711473617,-1.1793747607342,0.000550579055197649));
#3395=CARTESIAN_POINT('Ctrl Pts',(9.34875303632262,-1.17729368157113,-0.358964166004921));
#3396=CARTESIAN_POINT('Ctrl Pts',(9.39962979191187,-0.809471088681251,-1.11270896361753));
#3397=CARTESIAN_POINT('Ctrl Pts',(9.47699738150394,0.473857315969594,-1.30945966073541));
#3398=CARTESIAN_POINT('Ctrl Pts',(9.55646988351234,1.35749003939189,-0.310557807731486));
#3399=CARTESIAN_POINT('Ctrl Pts',(9.63594238552075,0.996064957647016,0.973180332281147));
#3400=CARTESIAN_POINT('Ctrl Pts',(9.71541488752917,-0.278927379830712,1.36434045449513));
#3401=CARTESIAN_POINT('Ctrl Pts',(9.77822313060096,-1.08438927184313,0.684527456266943));
#3402=CARTESIAN_POINT('Ctrl Pts',(9.81454053966996,-1.17718266852379,0.146594793241792));
#3403=CARTESIAN_POINT('Ctrl Pts',(9.82436711473617,-1.1763239839781,0.000758623923836476));
#3404=CARTESIAN_POINT('Origin',(-0.0243671147361636,0.,0.));
#3405=CARTESIAN_POINT('',(8.72563288526385,-1.17583686039481,0.000195678721017351));
#3406=CARTESIAN_POINT('',(8.82436711473616,-1.17799798038649,-0.00106532862642936));
#3407=CARTESIAN_POINT('',(-0.0243671147361636,-1.17775,7.7488260138988E-14));
#3408=CARTESIAN_POINT('Ctrl Pts',(8.72563288526385,-1.17583686039481,0.000195678721017292));
#3409=CARTESIAN_POINT('Ctrl Pts',(8.73968115645336,-1.17552779930456,-0.208510745687744));
#3410=CARTESIAN_POINT('Ctrl Pts',(8.78022026164568,-1.0228954753159,-0.811197245182136));
#3411=CARTESIAN_POINT('Ctrl Pts',(8.84725020084079,-0.0591772369753065,
-1.39130275520447));
#3412=CARTESIAN_POINT('Ctrl Pts',(8.9267227028492,1.13770903766132,-0.803021449053105));
#3413=CARTESIAN_POINT('Ctrl Pts',(9.00619520485761,1.29111545149247,0.521772165732298));
#3414=CARTESIAN_POINT('Ctrl Pts',(9.08566770686602,0.260341264652147,1.36800867246334));
#3415=CARTESIAN_POINT('Ctrl Pts',(9.15881360033476,-0.90814581632669,0.992057114294305));
#3416=CARTESIAN_POINT('Ctrl Pts',(9.2054686598007,-1.17493949711556,0.29730423008148));
#3417=CARTESIAN_POINT('Ctrl Pts',(9.22563288526385,-1.17767798916727,-0.00108325113404476));
#3418=CARTESIAN_POINT('Ctrl Pts',(8.82436711473616,-1.17799798038649,-0.00106532862642937));
#3419=CARTESIAN_POINT('Ctrl Pts',(8.82998386496966,-1.17876779858114,-0.0841234568380169));
#3420=CARTESIAN_POINT('Ctrl Pts',(8.86209144920596,-1.13283712695098,-0.558071592874087));
#3421=CARTESIAN_POINT('Ctrl Pts',(8.9206898674451,-0.491044034406444,-1.30311208852694));
#3422=CARTESIAN_POINT('Ctrl Pts',(9.00016236945348,0.829744285329511,-1.11836925027212));
#3423=CARTESIAN_POINT('Ctrl Pts',(9.0796348714619,1.38951074209464,0.0921154525300336));
#3424=CARTESIAN_POINT('Ctrl Pts',(9.15910737347031,0.674850761385822,1.21811403770262));
#3425=CARTESIAN_POINT('Ctrl Pts',(9.23857987547871,-0.658766400152704,1.22688719490466));
#3426=CARTESIAN_POINT('Ctrl Pts',(9.29366645590067,-1.16436042994169,0.452983019646265));
#3427=CARTESIAN_POINT('Ctrl Pts',(9.32226220231982,-1.17955439263182,0.0315827074926861));
#3428=CARTESIAN_POINT('Ctrl Pts',(9.32436711473617,-1.1793747607342,0.000550579055197649));
#3429=CARTESIAN_POINT('Origin',(-0.0243671147361636,0.,0.));
#3430=CARTESIAN_POINT('',(8.22563288526384,-1.17839784209159,0.000999236374100263));
#3431=CARTESIAN_POINT('',(8.32436711473616,-1.17580753515748,2.27878472135622E-5));
#3432=CARTESIAN_POINT('',(-0.0243671147361636,-1.17775,7.7488260138988E-14));
#3433=CARTESIAN_POINT('Ctrl Pts',(8.22563288526385,-1.17839784209159,0.000999236374100414));
#3434=CARTESIAN_POINT('Ctrl Pts',(8.24740281910321,-1.17549205893661,-0.320644094823497));
#3435=CARTESIAN_POINT('Ctrl Pts',(8.29566358694538,-0.872569227771175,-1.03849395239676));
#3436=CARTESIAN_POINT('Ctrl Pts',(8.37041518879035,0.342624591424819,-1.34975319646466));
#3437=CARTESIAN_POINT('Ctrl Pts',(8.44988769079874,1.32031618699098,-0.442708107431053));
#3438=CARTESIAN_POINT('Ctrl Pts',(8.52936019280716,1.08704495690129,0.870378402587666));
#3439=CARTESIAN_POINT('Ctrl Pts',(8.60883269481557,-0.143238235621555,1.385174396916));
#3440=CARTESIAN_POINT('Ctrl Pts',(8.67425692563446,-1.04789379929107,0.763097183015253));
#3441=CARTESIAN_POINT('Ctrl Pts',(8.71319032245055,-1.17611059600091,0.185047092835366));
#3442=CARTESIAN_POINT('Ctrl Pts',(8.72563288526385,-1.17583686039481,0.000195678721017292));
#3443=CARTESIAN_POINT('Ctrl Pts',(8.32436711473616,-1.1758077589459,2.27852218603018E-5));
#3444=CARTESIAN_POINT('Ctrl Pts',(8.33770552761952,-1.17577363664176,-0.198149956361776));
#3445=CARTESIAN_POINT('Ctrl Pts',(8.37753477450568,-1.03419721952859,-0.789950640487619));
#3446=CARTESIAN_POINT('Ctrl Pts',(8.44385485539463,-0.0963842973392158,
-1.38922115813776));
#3447=CARTESIAN_POINT('Ctrl Pts',(8.52332735740304,1.11581457738773,-0.833176564648962));
#3448=CARTESIAN_POINT('Ctrl Pts',(8.60279985941145,1.30461467320485,0.487037897344553));
#3449=CARTESIAN_POINT('Ctrl Pts',(8.68227236141985,0.296853000998275,1.36055270195223));
#3450=CARTESIAN_POINT('Ctrl Pts',(8.75612811319478,-0.892708735906644,1.01265817413598));
#3451=CARTESIAN_POINT('Ctrl Pts',(8.80349303096686,-1.17513702897968,0.307611798525923));
#3452=CARTESIAN_POINT('Ctrl Pts',(8.82436711473616,-1.17799798038649,-0.00106532862642937));
#3453=CARTESIAN_POINT('Origin',(-0.0243671147361636,0.,0.));
#3454=CARTESIAN_POINT('',(7.72563288526385,-1.17909052614144,-0.00074282446819265));
#3455=CARTESIAN_POINT('',(7.82436711473617,-1.17808183250639,0.00105558592519154));
#3456=CARTESIAN_POINT('',(-0.0243671147361636,-1.17775,7.7488260138988E-14));
#3457=CARTESIAN_POINT('Ctrl Pts',(7.72563288526385,-1.17909052614144,-0.000742824468192684));
#3458=CARTESIAN_POINT('Ctrl Pts',(7.72863364775026,-1.17941641859658,-0.0450103108099648));
#3459=CARTESIAN_POINT('Ctrl Pts',(7.75812524423948,-1.15704341520496,-0.479740014233152));
#3460=CARTESIAN_POINT('Ctrl Pts',(7.81410767473149,-0.616963252177906,-1.2484316751339));
#3461=CARTESIAN_POINT('Ctrl Pts',(7.89358017673989,0.715597163681719,-1.19463216152348));
#3462=CARTESIAN_POINT('Ctrl Pts',(7.97305267874831,1.39182876080722,-0.045144242217768));
#3463=CARTESIAN_POINT('Ctrl Pts',(8.05252518075671,0.791507888438755,1.14574890990776));
#3464=CARTESIAN_POINT('Ctrl Pts',(8.13199768276513,-0.534765326676568,1.28578822027583));
#3465=CARTESIAN_POINT('Ctrl Pts',(8.18970025093416,-1.14161363970037,0.531216549533717));
#3466=CARTESIAN_POINT('Ctrl Pts',(8.22091198510041,-1.17902797318305,0.0707489226168062));
#3467=CARTESIAN_POINT('Ctrl Pts',(8.22563288526385,-1.17839784209159,0.000999236374100414));
#3468=CARTESIAN_POINT('Ctrl Pts',(7.82436711473617,-1.17808183250639,0.00105558592519164));
#3469=CARTESIAN_POINT('Ctrl Pts',(7.84542719026937,-1.17520075341419,-0.310314983059215));
#3470=CARTESIAN_POINT('Ctrl Pts',(7.89297809980537,-0.888588125476454,-1.01803757681007));
#3471=CARTESIAN_POINT('Ctrl Pts',(7.96701984334419,0.306385446031479,-1.3584378224458));
#3472=CARTESIAN_POINT('Ctrl Pts',(8.0464923453526,1.30799755059917,-0.477878401497467));
#3473=CARTESIAN_POINT('Ctrl Pts',(8.12596484736099,1.10994519188831,0.840979803559635));
#3474=CARTESIAN_POINT('Ctrl Pts',(8.20543734936942,-0.106122683965765,1.38851119366719));
#3475=CARTESIAN_POINT('Ctrl Pts',(8.27157143849445,-1.03709246094098,0.784378803218777));
#3476=CARTESIAN_POINT('Ctrl Pts',(8.31121469361671,-1.17584140544624,0.195432192210357));
#3477=CARTESIAN_POINT('Ctrl Pts',(8.32436711473616,-1.1758077589459,2.27852218603018E-5));
#3478=CARTESIAN_POINT('Origin',(-0.0243671147361636,0.,0.));
#3479=CARTESIAN_POINT('',(7.22563288526384,-1.17609356673327,-0.000586109488023937));
#3480=CARTESIAN_POINT('',(7.32436711473616,-1.17932159837351,-0.000593288222543176));
#3481=CARTESIAN_POINT('',(-0.0243671147361636,-1.17775,7.7488260138988E-14));
#3482=CARTESIAN_POINT('Ctrl Pts',(7.22563288526384,-1.17609356673327,-0.00058610948802388));
#3483=CARTESIAN_POINT('Ctrl Pts',(7.23635531040011,-1.1768089923804,-0.159795679362954));
#3484=CARTESIAN_POINT('Ctrl Pts',(7.27356856953917,-1.07246627509994,-0.711450052748922));
#3485=CARTESIAN_POINT('Ctrl Pts',(7.33727266268104,-0.232699546453048,-1.37298078030835));
#3486=CARTESIAN_POINT('Ctrl Pts',(7.41674516468945,1.0283576716459,-0.938991906878122));
#3487=CARTESIAN_POINT('Ctrl Pts',(7.49621766669785,1.34622951936833,0.356218167977));
#3488=CARTESIAN_POINT('Ctrl Pts',(7.57569016870627,0.429371444956798,1.32471335173739));
#3489=CARTESIAN_POINT('Ctrl Pts',(7.65216190822826,-0.831807142351367,1.08752022780943));
#3490=CARTESIAN_POINT('Ctrl Pts',(7.70214281374746,-1.17653942884116,0.345784574727148));
#3491=CARTESIAN_POINT('Ctrl Pts',(7.72563288526385,-1.17909052614144,-0.000742824468192684));
#3492=CARTESIAN_POINT('Ctrl Pts',(7.32436711473616,-1.17932159837351,-0.000593288222543236));
#3493=CARTESIAN_POINT('Ctrl Pts',(7.32665801891642,-1.17952957474288,-0.0343714655473127));
#3494=CARTESIAN_POINT('Ctrl Pts',(7.35543975709947,-1.16288098503331,-0.458535051426993));
#3495=CARTESIAN_POINT('Ctrl Pts',(7.41071232928532,-0.650147682052343,-1.23147608605005));
#3496=CARTESIAN_POINT('Ctrl Pts',(7.49018483129375,0.683375182002633,-1.21335226526103));
#3497=CARTESIAN_POINT('Ctrl Pts',(7.56965733330213,1.39012246795387,-0.0823704017291969));
#3498=CARTESIAN_POINT('Ctrl Pts',(7.64912983531057,0.821882255919825,1.12415964898022));
#3499=CARTESIAN_POINT('Ctrl Pts',(7.72860233731895,-0.500168951382948,1.29963701819534));
#3500=CARTESIAN_POINT('Ctrl Pts',(7.78701476379417,-1.13470186711833,0.552493786246021));
#3501=CARTESIAN_POINT('Ctrl Pts',(7.81893635626657,-1.17882477593301,0.0813486671171208));
#3502=CARTESIAN_POINT('Ctrl Pts',(7.82436711473617,-1.17808183250639,0.00105558592519164));
#3503=CARTESIAN_POINT('Origin',(-0.0243671147361636,0.,0.));
#3504=CARTESIAN_POINT('',(6.72563288526384,-1.17694273936252,0.00100358139283901));
#3505=CARTESIAN_POINT('',(6.82436711473616,-1.17627115883344,-0.000725117217375698));
#3506=CARTESIAN_POINT('',(-0.0243671147361636,-1.17775,7.7488260138988E-14));
#3507=CARTESIAN_POINT('Ctrl Pts',(6.72563288526385,-1.17694273936252,0.001003581392839));
#3508=CARTESIAN_POINT('Ctrl Pts',(6.74407697304996,-1.17473492984417,-0.272362878991279));
#3509=CARTESIAN_POINT('Ctrl Pts',(6.78901189483887,-0.943676430524439,-0.941725247648424));
#3510=CARTESIAN_POINT('Ctrl Pts',(6.8604376506306,0.171144058079439,-1.3820039845817));
#3511=CARTESIAN_POINT('Ctrl Pts',(6.93991015263899,1.25458969489322,-0.604342617629551));
#3512=CARTESIAN_POINT('Ctrl Pts',(7.01938265464741,1.18735529238322,0.727607525844229));
#3513=CARTESIAN_POINT('Ctrl Pts',(7.09885515665582,0.0311066567002627,1.39221323004938));
#3514=CARTESIAN_POINT('Ctrl Pts',(7.16760523352796,-0.99382196918392,0.862525235289576));
#3515=CARTESIAN_POINT('Ctrl Pts',(7.2098644763973,-1.17504146107861,0.233547639300146));
#3516=CARTESIAN_POINT('Ctrl Pts',(7.22563288526384,-1.17609356673327,-0.00058610948802388));
#3517=CARTESIAN_POINT('Ctrl Pts',(6.82436711473616,-1.17627115883344,-0.000725117217375611));
#3518=CARTESIAN_POINT('Ctrl Pts',(6.83437968156627,-1.17710515479887,-0.149338322691733));
#3519=CARTESIAN_POINT('Ctrl Pts',(6.87088308239918,-1.08196217844131,-0.690117673625536));
#3520=CARTESIAN_POINT('Ctrl Pts',(6.93387731723488,-0.269354222483242,-1.36626266209014));
#3521=CARTESIAN_POINT('Ctrl Pts',(7.01334981924328,1.00286408862016,-0.966172333875915));
#3522=CARTESIAN_POINT('Ctrl Pts',(7.0928223212517,1.35527914163283,0.320068441503038));
#3523=CARTESIAN_POINT('Ctrl Pts',(7.17229482326011,0.464664172689589,1.3127500011845));
#3524=CARTESIAN_POINT('Ctrl Pts',(7.24947642108825,-0.814171404283407,1.1075004784623));
#3525=CARTESIAN_POINT('Ctrl Pts',(7.30016718491362,-1.17712464330803,0.356221949987281));
#3526=CARTESIAN_POINT('Ctrl Pts',(7.32436711473616,-1.17932159837351,-0.000593288222543236));
#3527=CARTESIAN_POINT('Origin',(-0.0243671147361636,0.,0.));
#3528=CARTESIAN_POINT('',(6.22563288526384,-1.17968156865366,8.97977774058766E-5));
#3529=CARTESIAN_POINT('',(6.32436711473616,-1.17667356462973,0.000923659561676005));
#3530=CARTESIAN_POINT('',(-0.0243671147361636,-1.17775,7.7488260138988E-14));
#3531=CARTESIAN_POINT('Ctrl Pts',(6.22563288526384,-1.17968156865366,8.97977774058244E-5));
#3532=CARTESIAN_POINT('Ctrl Pts',(6.25179863569981,-1.17925982885481,-0.385397137152613));
#3533=CARTESIAN_POINT('Ctrl Pts',(6.30445522013858,-0.762804887427215,-1.16194161903716));
#3534=CARTESIAN_POINT('Ctrl Pts',(6.38360263858015,0.560587190458887,-1.27474205387169));
#3535=CARTESIAN_POINT('Ctrl Pts',(6.46307514058855,1.37525752755425,-0.218842488838332));
#3536=CARTESIAN_POINT('Ctrl Pts',(6.54254764259696,0.928574138943188,1.03777423869621));
#3537=CARTESIAN_POINT('Ctrl Pts',(6.62202014460536,-0.369775520372525,1.34256894294067));
#3538=CARTESIAN_POINT('Ctrl Pts',(6.68304855882767,-1.10636328119882,0.631032577516024));
#3539=CARTESIAN_POINT('Ctrl Pts',(6.71758613904716,-1.17790595766288,0.120267301907208));
#3540=CARTESIAN_POINT('Ctrl Pts',(6.72563288526385,-1.17694273936252,0.001003581392839));
#3541=CARTESIAN_POINT('Ctrl Pts',(6.32436711473616,-1.17667356462973,0.000923659561676005));
#3542=CARTESIAN_POINT('Ctrl Pts',(6.34210134421612,-1.17475044355959,-0.262073492046159));
#3543=CARTESIAN_POINT('Ctrl Pts',(6.38632640769888,-0.957578593702888,-0.92080790240422));
#3544=CARTESIAN_POINT('Ctrl Pts',(6.45704230518443,0.134103348383108,-1.38608861583364));
#3545=CARTESIAN_POINT('Ctrl Pts',(6.53651480719285,1.23796960183493,-0.637696341469719));
#3546=CARTESIAN_POINT('Ctrl Pts',(6.61598730920125,1.20639937281006,0.69557595722875));
#3547=CARTESIAN_POINT('Ctrl Pts',(6.69545981120966,0.0683481297964516,1.39088241492389));
#3548=CARTESIAN_POINT('Ctrl Pts',(6.76491974638796,-0.981111980270548,0.883624930703287));
#3549=CARTESIAN_POINT('Ctrl Pts',(6.80788884756346,-1.17489860286727,0.243856331950556));
#3550=CARTESIAN_POINT('Ctrl Pts',(6.82436711473616,-1.17627115883344,-0.000725117217375611));
#3551=CARTESIAN_POINT('Origin',(-0.0243671147361636,0.,0.));
#3552=CARTESIAN_POINT('',(5.72563288526385,-1.17720973357269,-0.00105350136482708));
#3553=CARTESIAN_POINT('',(5.82436711473616,-1.17960791253111,0.000282295951875931));
#3554=CARTESIAN_POINT('',(-0.0243671147361636,-1.17775,7.7488260138988E-14));
#3555=CARTESIAN_POINT('Ctrl Pts',(5.72563288526385,-1.17720973357269,-0.00105350136482697));
#3556=CARTESIAN_POINT('Ctrl Pts',(5.73302946434686,-1.17815495613887,-0.110617914915964));
#3557=CARTESIAN_POINT('Ctrl Pts',(5.76691687743268,-1.11383736602532,-0.611498392246276));
#3558=CARTESIAN_POINT('Ctrl Pts',(5.82729512452129,-0.402568491121821,-1.33310311378058));
#3559=CARTESIAN_POINT('Ctrl Pts',(5.9067676265297,0.902861170043028,-1.06022026468282));
#3560=CARTESIAN_POINT('Ctrl Pts',(5.98624012853811,1.38020788833193,0.185071572646689));
#3561=CARTESIAN_POINT('Ctrl Pts',(6.06571263054652,0.591660526918572,1.26062013426013));
#3562=CARTESIAN_POINT('Ctrl Pts',(6.14518513255492,-0.73954389692102,1.17995767997944));
#3563=CARTESIAN_POINT('Ctrl Pts',(6.19849188412736,-1.17748946298579,0.399939670827501));
#3564=CARTESIAN_POINT('Ctrl Pts',(6.225307801697,-1.17968680835349,0.00487909163248753));
#3565=CARTESIAN_POINT('Ctrl Pts',(6.22563288526384,-1.17968156865366,8.97977774058244E-5));
#3566=CARTESIAN_POINT('Ctrl Pts',(5.82436711473616,-1.17960791253111,0.000282295951875918));
#3567=CARTESIAN_POINT('Ctrl Pts',(5.84982300686597,-1.17839816676292,-0.37480951839095));
#3568=CARTESIAN_POINT('Ctrl Pts',(5.90176973299857,-0.781784879175277,-1.14244350980385));
#3569=CARTESIAN_POINT('Ctrl Pts',(5.98020729313399,0.526277141385988,-1.28928574390854));
#3570=CARTESIAN_POINT('Ctrl Pts',(6.05967979514239,1.36890937901656,-0.255563047077775));
#3571=CARTESIAN_POINT('Ctrl Pts',(6.1391522971508,0.956010262859365,1.01255604106576));
#3572=CARTESIAN_POINT('Ctrl Pts',(6.21862479915921,-0.333718888917238,1.35198264122401));
#3573=CARTESIAN_POINT('Ctrl Pts',(6.28036307168766,-1.09786817881391,0.652366434999566));
#3574=CARTESIAN_POINT('Ctrl Pts',(6.31561051021332,-1.17762314130459,0.130783378015663));
#3575=CARTESIAN_POINT('Ctrl Pts',(6.32436711473616,-1.17667356462973,0.000923659561676005));
#3576=CARTESIAN_POINT('Origin',(-0.0243671147361636,0.,0.));
#3577=CARTESIAN_POINT('',(5.22563288526384,-1.17596650298247,0.0004457009721429));
#3578=CARTESIAN_POINT('',(5.32436711473616,-1.17751754725237,-0.00108074968549005));
#3579=CARTESIAN_POINT('',(-0.0243671147361636,-1.17775,7.7488260138988E-14));
#3580=CARTESIAN_POINT('Ctrl Pts',(5.22563288526384,-1.17596650298247,0.00044570097214279));
#3581=CARTESIAN_POINT('Ctrl Pts',(5.24075112699671,-1.1752042093189,-0.224094815428877));
#3582=CARTESIAN_POINT('Ctrl Pts',(5.28236020273237,-1.00509541709687,-0.84315458808286));
#3583=CARTESIAN_POINT('Ctrl Pts',(5.35046011247084,-0.0030234236875439,
-1.39255741746069));
#3584=CARTESIAN_POINT('Ctrl Pts',(5.42993261447925,1.16916624201113,-0.756488995661643));
#3585=CARTESIAN_POINT('Ctrl Pts',(5.50940511648766,1.26902424197911,0.573413267447604));
#3586=CARTESIAN_POINT('Ctrl Pts',(5.58887761849607,0.204963176927474,1.37739442358367));
#3587=CARTESIAN_POINT('Ctrl Pts',(5.66095354142146,-0.930555969100222,0.960812441146463));
#3588=CARTESIAN_POINT('Ctrl Pts',(5.70653863034405,-1.17476964330502,0.281786825089235));
#3589=CARTESIAN_POINT('Ctrl Pts',(5.72563288526385,-1.17720973357269,-0.00105350136482697));
#3590=CARTESIAN_POINT('Ctrl Pts',(5.32436711473616,-1.17751754725237,-0.00108074968549004));
#3591=CARTESIAN_POINT('Ctrl Pts',(5.33105383551301,-1.17841287601062,-0.100064336738581));
#3592=CARTESIAN_POINT('Ctrl Pts',(5.36423139029267,-1.12166865696341,-0.590180097137727));
#3593=CARTESIAN_POINT('Ctrl Pts',(5.42389977907514,-0.438095307251053,-1.3218539483452));
#3594=CARTESIAN_POINT('Ctrl Pts',(5.50337228108353,0.87416871153895,-1.08399927248939));
#3595=CARTESIAN_POINT('Ctrl Pts',(5.58284478309196,1.38466583278173,0.148073935984934));
#3596=CARTESIAN_POINT('Ctrl Pts',(5.66231728510034,0.625180152953288,1.24433722734012));
#3597=CARTESIAN_POINT('Ctrl Pts',(5.74178978710877,-0.707705998689145,1.19932380048534));
#3598=CARTESIAN_POINT('Ctrl Pts',(5.79580639698737,-1.17247409662845,0.42107621733917));
#3599=CARTESIAN_POINT('Ctrl Pts',(5.82333217286317,-1.17965709629355,0.0155321337066179));
#3600=CARTESIAN_POINT('Ctrl Pts',(5.82436711473616,-1.17960791253111,0.000282295951875918));
#3601=CARTESIAN_POINT('Origin',(-0.0243671147361636,0.,0.));
#3602=CARTESIAN_POINT('',(4.72563288526384,-1.17884638186836,0.000858640360397881));
#3603=CARTESIAN_POINT('',(4.82436711473616,-1.17586915512498,0.000281789719488723));
#3604=CARTESIAN_POINT('',(-0.0243671147361636,-1.17775,7.7488260138988E-14));
#3605=CARTESIAN_POINT('Ctrl Pts',(4.72563288526384,-1.17884638186836,0.00085864036039795));
#3606=CARTESIAN_POINT('Ctrl Pts',(4.74847278964656,-1.17608392433469,-0.336259971032474));
#3607=CARTESIAN_POINT('Ctrl Pts',(4.79780352803207,-0.847540560690934,-1.06908622945174));
#3608=CARTESIAN_POINT('Ctrl Pts',(4.8736251004204,0.396776041878401,-1.33483859496454));
#3609=CARTESIAN_POINT('Ctrl Pts',(4.9530976024288,1.33709485791467,-0.389104925378406));
#3610=CARTESIAN_POINT('Ctrl Pts',(5.03257010443721,1.05106184757488,0.91350659252578));
#3611=CARTESIAN_POINT('Ctrl Pts',(5.11204260644561,-0.198980267113664,1.37827143745888));
#3612=CARTESIAN_POINT('Ctrl Pts',(5.17639686672117,-1.06344132283976,0.730981110489127));
#3613=CARTESIAN_POINT('Ctrl Pts',(5.21426029299391,-1.17653993309285,0.169354743851059));
#3614=CARTESIAN_POINT('Ctrl Pts',(5.22563288526384,-1.17596650298247,0.00044570097214279));
#3615=CARTESIAN_POINT('Ctrl Pts',(4.82436711473616,-1.17586915512498,0.00028178971948874));
#3616=CARTESIAN_POINT('Ctrl Pts',(4.83877549816286,-1.17541197861503,-0.213759944466264));
#3617=CARTESIAN_POINT('Ctrl Pts',(4.87967471559237,-1.01700814556253,-0.821962826485489));
#3618=CARTESIAN_POINT('Ctrl Pts',(4.94706476702468,-0.0402841614210441,
-1.39197792558998));
#3619=CARTESIAN_POINT('Ctrl Pts',(5.02653726903309,1.14850562645674,-0.787502498401369));
#3620=CARTESIAN_POINT('Ctrl Pts',(5.1060097710415,1.28391317726195,0.539251622384509));
#3621=CARTESIAN_POINT('Ctrl Pts',(5.1854822730499,0.241745883228459,1.37141689027564));
#3622=CARTESIAN_POINT('Ctrl Pts',(5.25826805428147,-0.915802764119369,0.98156599270598));
#3623=CARTESIAN_POINT('Ctrl Pts',(5.30456300151021,-1.17486584506613,0.292079714303869));
#3624=CARTESIAN_POINT('Ctrl Pts',(5.32436711473616,-1.17751754725237,-0.00108074968549004));
#3625=CARTESIAN_POINT('Origin',(-0.0243671147361636,0.,0.));
#3626=CARTESIAN_POINT('',(4.22563288526384,-1.1786760009613,-0.000921526104037453));
#3627=CARTESIAN_POINT('',(4.32436711473616,-1.17855373971025,0.000959212546014498));
#3628=CARTESIAN_POINT('',(-0.0243671147361636,-1.17775,7.7488260138988E-14));
#3629=CARTESIAN_POINT('Ctrl Pts',(4.22563288526385,-1.1786760009613,-0.00092152610403756));
#3630=CARTESIAN_POINT('Ctrl Pts',(4.22970361829361,-1.17919292685816,-0.0610284450424214));
#3631=CARTESIAN_POINT('Ctrl Pts',(4.26026518532618,-1.14766265633544,-0.511745219751382));
#3632=CARTESIAN_POINT('Ctrl Pts',(4.31731758636153,-0.56611714174155,-1.27229583188894));
#3633=CARTESIAN_POINT('Ctrl Pts',(4.39679008836995,0.763189818182412,-1.16480324666369));
#3634=CARTESIAN_POINT('Ctrl Pts',(4.47626259037835,1.39251710062912,0.0110193679976067));
#3635=CARTESIAN_POINT('Ctrl Pts',(4.55573509238676,0.744660584553284,1.17673527856878));
#3636=CARTESIAN_POINT('Ctrl Pts',(4.63520759439517,-0.586181033508083,1.26317738183162));
#3637=CARTESIAN_POINT('Ctrl Pts',(4.69184019202087,-1.15142755211347,0.499182042464836));
#3638=CARTESIAN_POINT('Ctrl Pts',(4.72198195564376,-1.17928795718605,0.054746620940058));
#3639=CARTESIAN_POINT('Ctrl Pts',(4.72563288526384,-1.17884638186836,0.00085864036039795));
#3640=CARTESIAN_POINT('Ctrl Pts',(4.32436711473616,-1.17855373971025,0.000959212546014542));
#3641=CARTESIAN_POINT('Ctrl Pts',(4.34649716081272,-1.17567014408269,-0.325892749066886));
#3642=CARTESIAN_POINT('Ctrl Pts',(4.39511804089207,-0.864264717466188,-1.04882396260397));
#3643=CARTESIAN_POINT('Ctrl Pts',(4.47022975497424,0.360916590517778,-1.34497753649651));
#3644=CARTESIAN_POINT('Ctrl Pts',(4.54970225698264,1.32620451913172,-0.424743372433046));
#3645=CARTESIAN_POINT('Ctrl Pts',(4.62917475899105,1.07512898291125,0.885055381936871));
#3646=CARTESIAN_POINT('Ctrl Pts',(4.70864726099946,-0.16202946581055,1.38310224177403));
#3647=CARTESIAN_POINT('Ctrl Pts',(4.77371137958116,-1.05322415099209,0.752292557533749));
#3648=CARTESIAN_POINT('Ctrl Pts',(4.81228466416006,-1.17625253002711,0.17977095223916));
#3649=CARTESIAN_POINT('Ctrl Pts',(4.82436711473616,-1.17586915512498,0.00028178971948874));
#3650=CARTESIAN_POINT('Origin',(-0.0243671147361636,0.,0.));
#3651=CARTESIAN_POINT('',(3.72563288526384,-1.17590357358475,-0.000349855316772343));
#3652=CARTESIAN_POINT('',(3.82436711473616,-1.17895862550703,-0.000809644227660472));
#3653=CARTESIAN_POINT('',(-0.0243671147361636,-1.17775,7.7488260138988E-14));
#3654=CARTESIAN_POINT('Ctrl Pts',(3.72563288526384,-1.17590357358475,-0.000349855316772243));
#3655=CARTESIAN_POINT('Ctrl Pts',(3.73742528094346,-1.17636889054184,-0.175517343734256));
#3656=CARTESIAN_POINT('Ctrl Pts',(3.77570851062587,-1.05744523691891,-0.743586407353118));
#3657=CARTESIAN_POINT('Ctrl Pts',(3.84048257431109,-0.177143437937441,-1.38124780702515));
#3658=CARTESIAN_POINT('Ctrl Pts',(3.9199550763195,1.0653869699214,-0.896758555207115));
#3659=CARTESIAN_POINT('Ctrl Pts',(3.99942757832791,1.33076960952234,0.410216465280559));
#3660=CARTESIAN_POINT('Ctrl Pts',(4.07890008033632,0.375601791193402,1.34095063162965));
#3661=CARTESIAN_POINT('Ctrl Pts',(4.15430184931496,-0.857488010627906,1.05711978942108));
#3662=CARTESIAN_POINT('Ctrl Pts',(4.20321278429081,-1.1758289631628,0.330125285839604));
#3663=CARTESIAN_POINT('Ctrl Pts',(4.22563288526385,-1.1786760009613,-0.00092152610403756));
#3664=CARTESIAN_POINT('Ctrl Pts',(3.82436711473616,-1.17895862550703,-0.000809644227660455));
#3665=CARTESIAN_POINT('Ctrl Pts',(3.82772798945977,-1.17934814762801,-0.0504040654576177));
#3666=CARTESIAN_POINT('Ctrl Pts',(3.85757969818617,-1.15396502389035,-0.490506186563033));
#3667=CARTESIAN_POINT('Ctrl Pts',(3.91392224091538,-0.599958329715451,-1.25669223026018));
#3668=CARTESIAN_POINT('Ctrl Pts',(3.99339474292379,0.731748953570378,-1.18480750670302));
#3669=CARTESIAN_POINT('Ctrl Pts',(4.07286724493219,1.39231337788255,-0.0262453188294254));
#3670=CARTESIAN_POINT('Ctrl Pts',(4.1523397469406,0.775880853364159,1.15638845565585));
#3671=CARTESIAN_POINT('Ctrl Pts',(4.23181224894901,-0.552171266384244,1.27841004829077));
#3672=CARTESIAN_POINT('Ctrl Pts',(4.28915470488087,-1.14499702034852,0.520429772617316));
#3673=CARTESIAN_POINT('Ctrl Pts',(4.32000632680992,-1.1791219603526,0.0653663124201325));
#3674=CARTESIAN_POINT('Ctrl Pts',(4.32436711473616,-1.17855373971025,0.000959212546014542));
#3675=CARTESIAN_POINT('Origin',(-0.0243671147361636,0.,0.));
#3676=CARTESIAN_POINT('',(3.22563288526384,-1.17739012720865,0.00107314974946528));
#3677=CARTESIAN_POINT('',(3.32436711473616,-1.17601884698284,-0.000509685449939651));
#3678=CARTESIAN_POINT('',(-0.0243671147361636,-1.17775,7.7488260138988E-14));
#3679=CARTESIAN_POINT('Ctrl Pts',(3.22563288526384,-1.17739012720865,0.00107314974946526));
#3680=CARTESIAN_POINT('Ctrl Pts',(3.24514694359331,-1.17481885705536,-0.287873191966351));
#3681=CARTESIAN_POINT('Ctrl Pts',(3.29115183592557,-0.921885401025704,-0.97309728659166));
#3682=CARTESIAN_POINT('Ctrl Pts',(3.36364756226065,0.226735540250814,-1.37397827378174));
#3683=CARTESIAN_POINT('Ctrl Pts',(3.44312006426905,1.277939902839,-0.553258444801859));
#3684=CARTESIAN_POINT('Ctrl Pts',(3.52259256627747,1.15704796681977,0.774896963789059));
#3685=CARTESIAN_POINT('Ctrl Pts',(3.60206506828586,-0.0250610391127794,
1.3923351774402));
#3686=CARTESIAN_POINT('Ctrl Pts',(3.66974517461466,-1.01219001295688,0.830626946317683));
#3687=CARTESIAN_POINT('Ctrl Pts',(3.71093444694065,-1.17532358688989,0.217984789710706));
#3688=CARTESIAN_POINT('Ctrl Pts',(3.72563288526384,-1.17590357358475,-0.000349855316772243));
#3689=CARTESIAN_POINT('Ctrl Pts',(3.32436711473616,-1.17601884698284,-0.000509685449939668));
#3690=CARTESIAN_POINT('Ctrl Pts',(3.33544965210961,-1.17665950834491,-0.165092453453828));
#3691=CARTESIAN_POINT('Ctrl Pts',(3.37302302348587,-1.06750661333321,-0.722268990799906));
#3692=CARTESIAN_POINT('Ctrl Pts',(3.43708722886493,-0.214039213019563,-1.3760132900101));
#3693=CARTESIAN_POINT('Ctrl Pts',(3.51655973087334,1.04101020193091,-0.924944927261247));
#3694=CARTESIAN_POINT('Ctrl Pts',(3.59603223288175,1.34126964453333,0.374461078944255));
#3695=CARTESIAN_POINT('Ctrl Pts',(3.67550473489016,0.411348245066678,1.33042022694795));
#3696=CARTESIAN_POINT('Ctrl Pts',(3.75161636217496,-0.840570835720519,1.07732531951117));
#3697=CARTESIAN_POINT('Ctrl Pts',(3.80123715545696,-1.17627788565879,0.340505351974906));
#3698=CARTESIAN_POINT('Ctrl Pts',(3.82436711473616,-1.17895862550703,-0.000809644227660455));
#3699=CARTESIAN_POINT('Origin',(-0.0243671147361636,0.,0.));
#3700=CARTESIAN_POINT('',(2.72563288526384,-1.17964666057295,-0.000204542023660555));
#3701=CARTESIAN_POINT('',(2.82436711473616,-1.17708854771642,0.00103409460827993));
#3702=CARTESIAN_POINT('',(-0.0243671147361636,-1.17775,7.7488260138988E-14));
#3703=CARTESIAN_POINT('Ctrl Pts',(2.72563288526384,-1.17964666057295,-0.000204542023660393));
#3704=CARTESIAN_POINT('Ctrl Pts',(2.72637777224035,-1.17967296441735,-0.0111794630659124));
#3705=CARTESIAN_POINT('Ctrl Pts',(2.75361349321967,-1.17455844430041,-0.41243653278999));
#3706=CARTESIAN_POINT('Ctrl Pts',(2.80734004820179,-0.72077779707732,-1.19151360351965));
#3707=CARTESIAN_POINT('Ctrl Pts',(2.8868125502102,0.611536445378538,-1.2510989085028));
#3708=CARTESIAN_POINT('Ctrl Pts',(2.9662850522186,1.38296390261615,-0.163205839674444));
#3709=CARTESIAN_POINT('Ctrl Pts',(3.04575755422702,0.88596952881973,1.07437577027888));
#3710=CARTESIAN_POINT('Ctrl Pts',(3.12523005623541,-0.423615173379835,1.32656529693656));
#3711=CARTESIAN_POINT('Ctrl Pts',(3.18518849991437,-1.11850982397845,0.59888959300015));
#3712=CARTESIAN_POINT('Ctrl Pts',(3.21865610959051,-1.17830942214731,0.10437886779883));
#3713=CARTESIAN_POINT('Ctrl Pts',(3.22563288526384,-1.17739012720865,0.00107314974946526));
#3714=CARTESIAN_POINT('Ctrl Pts',(2.82436711473616,-1.17708854771642,0.00103409460827982));
#3715=CARTESIAN_POINT('Ctrl Pts',(2.84317131475947,-1.17474812320295,-0.277582396017485));
#3716=CARTESIAN_POINT('Ctrl Pts',(2.88846634878557,-0.936455382636637,-0.952306078314186));
#3717=CARTESIAN_POINT('Ctrl Pts',(2.96025221681449,0.18988967718695,-1.37955328625872));
#3718=CARTESIAN_POINT('Ctrl Pts',(3.03972471882289,1.26267835129305,-0.587255259796957));
#3719=CARTESIAN_POINT('Ctrl Pts',(3.1191972208313,1.1773682614157,0.743659422026196));
#3720=CARTESIAN_POINT('Ctrl Pts',(3.19866972283971,0.0122038073296253,1.39250724454105));
#3721=CARTESIAN_POINT('Ctrl Pts',(3.26705968747466,-1.00010920221477,0.851801266192746));
#3722=CARTESIAN_POINT('Ctrl Pts',(3.30895881810681,-1.17512812133284,0.228313374110136));
#3723=CARTESIAN_POINT('Ctrl Pts',(3.32436711473616,-1.17601884698284,-0.000509685449939668));
#3724=CARTESIAN_POINT('Origin',(-0.0243671147361636,0.,0.));
#3725=CARTESIAN_POINT('',(2.22563288526384,-1.1767803614331,-0.000959373309210126));
#3726=CARTESIAN_POINT('',(2.32436711473616,-1.17968998610112,-9.69198765771173E-6));
#3727=CARTESIAN_POINT('',(-0.0243671147361636,-1.17775,7.7488260138988E-14));
#3728=CARTESIAN_POINT('Ctrl Pts',(2.22563288526384,-1.1767803614331,-0.000959373309210206));
#3729=CARTESIAN_POINT('Ctrl Pts',(2.2340994348902,-1.17773987328568,-0.126488884941009));
#3730=CARTESIAN_POINT('Ctrl Pts',(2.26905681851937,-1.10138197335955,-0.643648675824008));
#3731=CARTESIAN_POINT('Ctrl Pts',(2.33050503615134,-0.348482308306791,-1.34825267960175));
#3732=CARTESIAN_POINT('Ctrl Pts',(2.40997753815975,0.944881202156202,-1.02294909280608));
#3733=CARTESIAN_POINT('Ctrl Pts',(2.48945004016816,1.37162199910668,0.240579305800284));
#3734=CARTESIAN_POINT('Ctrl Pts',(2.56892254217657,0.540343485678789,1.28345401397532));
#3735=CARTESIAN_POINT('Ctrl Pts',(2.64765015720846,-0.774088714430987,1.15043361037114));
#3736=CARTESIAN_POINT('Ctrl Pts',(2.69988693823755,-1.17873750602215,0.379127819368791));
#3737=CARTESIAN_POINT('Ctrl Pts',(2.72563288526384,-1.17964666057295,-0.000204542023660393));
#3738=CARTESIAN_POINT('Ctrl Pts',(2.32436711473616,-1.17968998610112,-9.69198765783174E-6));
#3739=CARTESIAN_POINT('Ctrl Pts',(2.32440214340651,-1.17969004879909,-0.000525741990042156));
#3740=CARTESIAN_POINT('Ctrl Pts',(2.35092800607967,-1.17945584854534,-0.391310470705187));
#3741=CARTESIAN_POINT('Ctrl Pts',(2.40394470275563,-0.752402051337585,-1.17180053705329));
#3742=CARTESIAN_POINT('Ctrl Pts',(2.48341720476403,0.577840792983245,-1.26701435754009));
#3743=CARTESIAN_POINT('Ctrl Pts',(2.56288970677245,1.37810171153001,-0.200152522874704));
#3744=CARTESIAN_POINT('Ctrl Pts',(2.64236220878085,0.914400284386828,1.05028447433219));
#3745=CARTESIAN_POINT('Ctrl Pts',(2.72183471078926,-0.387967487948916,1.33742535797408));
#3746=CARTESIAN_POINT('Ctrl Pts',(2.78250301277436,-1.11053891640665,0.620212209663923));
#3747=CARTESIAN_POINT('Ctrl Pts',(2.81668048075666,-1.17804524816469,0.114924766981345));
#3748=CARTESIAN_POINT('Ctrl Pts',(2.82436711473616,-1.17708854771642,0.00103409460827982));
#3749=CARTESIAN_POINT('Origin',(-0.0243671147361636,0.,0.));
#3750=CARTESIAN_POINT('',(1.72563288526384,-1.17619363001853,0.000671837395585212));
#3751=CARTESIAN_POINT('',(1.82436711473616,-1.17705974521303,-0.00102867762345998));
#3752=CARTESIAN_POINT('',(-0.0243671147361636,-1.17775,7.7488260138988E-14));
#3753=CARTESIAN_POINT('Ctrl Pts',(1.72563288526384,-1.17619363001853,0.00067183739558517));
#3754=CARTESIAN_POINT('Ctrl Pts',(1.74182109754006,-1.17495211436791,-0.239644573952484));
#3755=CARTESIAN_POINT('Ctrl Pts',(1.78450014381908,-0.986356821874876,-0.875012466816467));
#3756=CARTESIAN_POINT('Ctrl Pts',(1.85367002410089,0.0531355739858735,-1.39154501947487));
#3757=CARTESIAN_POINT('Ctrl Pts',(1.9331425261093,1.19872125061385,-0.708726681978469));
#3758=CARTESIAN_POINT('Ctrl Pts',(2.01261502811771,1.24486859650255,0.62412195114934));
#3759=CARTESIAN_POINT('Ctrl Pts',(2.09208753012612,0.149251606470044,1.38453913251247));
#3760=CARTESIAN_POINT('Ctrl Pts',(2.16309348250816,-0.951951001055691,0.929364293723545));
#3761=CARTESIAN_POINT('Ctrl Pts',(2.2076086008874,-1.17473767400355,0.266278133719784));
#3762=CARTESIAN_POINT('Ctrl Pts',(2.22563288526384,-1.1767803614331,-0.000959373309210206));
#3763=CARTESIAN_POINT('Ctrl Pts',(1.82436711473616,-1.17705974521303,-0.00102867762346));
#3764=CARTESIAN_POINT('Ctrl Pts',(1.83212380605636,-1.1780184165478,-0.115964546344152));
#3765=CARTESIAN_POINT('Ctrl Pts',(1.86637133137937,-1.1097336786174,-0.622317352498784));
#3766=CARTESIAN_POINT('Ctrl Pts',(1.92710969070518,-0.384433787852603,-1.33844513214777));
#3767=CARTESIAN_POINT('Ctrl Pts',(2.00658219271359,0.917170957144594,-1.04786590867122));
#3768=CARTESIAN_POINT('Ctrl Pts',(2.086054694722,1.37756830409123,0.203791586758355));
#3769=CARTESIAN_POINT('Ctrl Pts',(2.16552719673041,0.574492460055489,1.26853603719532));
#3770=CARTESIAN_POINT('Ctrl Pts',(2.24496467006846,-0.754908049974798,1.16985282066001));
#3771=CARTESIAN_POINT('Ctrl Pts',(2.29791130940371,-1.17964263273559,0.389742995362043));
#3772=CARTESIAN_POINT('Ctrl Pts',(2.32436711473616,-1.17968998610112,-9.69198765783174E-6));
#3773=CARTESIAN_POINT('Origin',(-0.0243671147361636,0.,0.));
#3774=CARTESIAN_POINT('',(1.22563288526384,-1.1792183596157,0.000739752408623991));
#3775=CARTESIAN_POINT('',(1.32436711473616,-1.17602930551353,0.000534023501707129));
#3776=CARTESIAN_POINT('',(-0.0243671147361636,-1.17775,7.7488260138988E-14));
#3777=CARTESIAN_POINT('Ctrl Pts',(1.22563288526384,-1.1792183596157,0.000739752408624029));
#3778=CARTESIAN_POINT('Ctrl Pts',(1.24954276018991,-1.17685634321367,-0.35184576708668));
#3779=CARTESIAN_POINT('Ctrl Pts',(1.29994346911877,-0.821458053445843,-1.09948945990876));
#3780=CARTESIAN_POINT('Ctrl Pts',(1.37683501205045,0.450294471929656,-1.31767819998543));
#3781=CARTESIAN_POINT('Ctrl Pts',(1.45630751405885,1.3516917109989,-0.33490780148449));
#3782=CARTESIAN_POINT('Ctrl Pts',(1.53578001606726,1.01337227826496,0.955169218072733));
#3783=CARTESIAN_POINT('Ctrl Pts',(1.61525251807567,-0.254400408590752,1.36911540840233));
#3784=CARTESIAN_POINT('Ctrl Pts',(1.67853680780786,-1.0781263746152,0.698837368941871));
#3785=CARTESIAN_POINT('Ctrl Pts',(1.71533026353725,-1.17698376458668,0.153615784421029));
#3786=CARTESIAN_POINT('Ctrl Pts',(1.72563288526384,-1.17619363001853,0.00067183739558517));
#3787=CARTESIAN_POINT('Ctrl Pts',(1.32436711473616,-1.17602930551353,0.000534023501707268));
#3788=CARTESIAN_POINT('Ctrl Pts',(1.33984546870621,-1.17510878629177,-0.229326883163195));
#3789=CARTESIAN_POINT('Ctrl Pts',(1.38181465667907,-0.998899944681803,-0.853904037168469));
#3790=CARTESIAN_POINT('Ctrl Pts',(1.45027467865474,0.0158851611280292,-1.39245980353995));
#3791=CARTESIAN_POINT('Ctrl Pts',(1.52974718066314,1.17932630948604,-0.740552735878861));
#3792=CARTESIAN_POINT('Ctrl Pts',(1.60921968267155,1.26112396149757,0.590590936640557));
#3793=CARTESIAN_POINT('Ctrl Pts',(1.68869218467996,0.186244948918258,1.38004848085266));
#3794=CARTESIAN_POINT('Ctrl Pts',(1.76040799536816,-0.937868928891028,0.950249919637215));
#3795=CARTESIAN_POINT('Ctrl Pts',(1.80563297205356,-1.17474433973537,0.27656712644739));
#3796=CARTESIAN_POINT('Ctrl Pts',(1.82436711473616,-1.17705974521303,-0.00102867762346));
#3797=CARTESIAN_POINT('Origin',(14.165875,3.28582941601228E-17,0.));
#3798=CARTESIAN_POINT('',(14.165875,-0.360038199176962,-1.41852202842727));
#3799=CARTESIAN_POINT('Ctrl Pts',(14.165875,-0.862706741302011,0.804593732288949));
#3800=CARTESIAN_POINT('Ctrl Pts',(14.165875,-0.8857240481033,0.785302135755323));
#3801=CARTESIAN_POINT('Ctrl Pts',(14.165875,-0.907908501560872,0.765112475648299));
#3802=CARTESIAN_POINT('Ctrl Pts',(14.165875,-0.929194300873811,0.744052427006859));
#3803=CARTESIAN_POINT('Ctrl Pts',(14.165875,-0.963478429261162,0.710131905590118));
#3804=CARTESIAN_POINT('Ctrl Pts',(14.165875,-0.995433165912716,0.673955851764936));
#3805=CARTESIAN_POINT('Ctrl Pts',(14.165875,-1.02504702349756,0.63583037779817));
#3806=CARTESIAN_POINT('Ctrl Pts',(14.165875,-1.03690819783768,0.620560064154511));
#3807=CARTESIAN_POINT('Ctrl Pts',(14.165875,-1.04839353504344,0.604976516959587));
#3808=CARTESIAN_POINT('Ctrl Pts',(14.165875,-1.05950097778052,0.589097565518763));
#3809=CARTESIAN_POINT('Ctrl Pts',(14.165875,-1.06897561210887,0.575552840420398));
#3810=CARTESIAN_POINT('Ctrl Pts',(14.165875,-1.0781783966394,0.561787862369002));
#3811=CARTESIAN_POINT('Ctrl Pts',(14.165875,-1.08708954630978,0.547842636957944));
#3812=CARTESIAN_POINT('Ctrl Pts',(14.165875,-1.11434695908994,0.505186999986059));
#3813=CARTESIAN_POINT('Ctrl Pts',(14.165875,-1.13890807594957,0.460809616672924));
#3814=CARTESIAN_POINT('Ctrl Pts',(14.165875,-1.16075788021813,0.415044782977745));
#3815=CARTESIAN_POINT('Ctrl Pts',(14.165875,-1.17618284957617,0.382736889106152));
#3816=CARTESIAN_POINT('Ctrl Pts',(14.165875,-1.19025597589378,0.349736448277064));
#3817=CARTESIAN_POINT('Ctrl Pts',(14.165875,-1.2029614072098,0.316149744149906));
#3818=CARTESIAN_POINT('Ctrl Pts',(14.165875,-1.20790685551895,0.303076491852981));
#3819=CARTESIAN_POINT('Ctrl Pts',(14.165875,-1.21264498727021,0.289914332962646));
#3820=CARTESIAN_POINT('Ctrl Pts',(14.165875,-1.21717446538276,0.276669248663341));
#3821=CARTESIAN_POINT('Ctrl Pts',(14.165875,-1.22064289890899,0.266526867289626));
#3822=CARTESIAN_POINT('Ctrl Pts',(14.165875,-1.22398701054426,0.25634142730661));
#3823=CARTESIAN_POINT('Ctrl Pts',(14.165875,-1.22720441650243,0.24612298290789));
#3824=CARTESIAN_POINT('Ctrl Pts',(14.165875,-1.24299357452301,0.195976798238056));
#3825=CARTESIAN_POINT('Ctrl Pts',(14.165875,-1.2557521234248,0.144986908310315));
#3826=CARTESIAN_POINT('Ctrl Pts',(14.165875,-1.26546036151341,0.0934926321826222));
#3827=CARTESIAN_POINT('Ctrl Pts',(14.165875,-1.27533984839893,0.0410900210147371));
#3828=CARTESIAN_POINT('Ctrl Pts',(14.165875,-1.28206104292422,-0.0118359621747176));
#3829=CARTESIAN_POINT('Ctrl Pts',(14.165875,-1.28555986796614,-0.064958110005801));
#3830=CARTESIAN_POINT('Ctrl Pts',(14.165875,-1.28753523396475,-0.0949498024572587));
#3831=CARTESIAN_POINT('Ctrl Pts',(14.165875,-1.28848264049892,-0.125004484273342));
#3832=CARTESIAN_POINT('Ctrl Pts',(14.165875,-1.28838353976581,-0.155065457864929));
#3833=CARTESIAN_POINT('Ctrl Pts',(14.165875,-1.28832577535255,-0.1725875734657));
#3834=CARTESIAN_POINT('Ctrl Pts',(14.165875,-1.28791235537465,-0.190111846678185));
#3835=CARTESIAN_POINT('Ctrl Pts',(14.165875,-1.28713873941288,-0.207627117544681));
#3836=CARTESIAN_POINT('Ctrl Pts',(14.165875,-1.28671554325058,-0.217208609885462));
#3837=CARTESIAN_POINT('Ctrl Pts',(14.165875,-1.28618449595957,-0.226786362197491));
#3838=CARTESIAN_POINT('Ctrl Pts',(14.165875,-1.28554599286975,-0.236345676569321));
#3839=CARTESIAN_POINT('Ctrl Pts',(14.165875,-1.28189347863507,-0.291029095292724));
#3840=CARTESIAN_POINT('Ctrl Pts',(14.165875,-1.27472422526081,-0.345218902395146));
#3841=CARTESIAN_POINT('Ctrl Pts',(14.165875,-1.26398994102748,-0.398569420393894));
#3842=CARTESIAN_POINT('Ctrl Pts',(14.165875,-1.2623760578062,-0.406590589199628));
#3843=CARTESIAN_POINT('Ctrl Pts',(14.165875,-1.26068149798739,-0.414592818728531));
#3844=CARTESIAN_POINT('Ctrl Pts',(14.165875,-1.25890599955669,-0.422574963122646));
#3845=CARTESIAN_POINT('Ctrl Pts',(14.165875,-1.24751323582203,-0.473793642680693));
#3846=CARTESIAN_POINT('Ctrl Pts',(14.165875,-1.23279227677159,-0.524185516232325));
#3847=CARTESIAN_POINT('Ctrl Pts',(14.165875,-1.21498506533297,-0.573577189054282));
#3848=CARTESIAN_POINT('Ctrl Pts',(14.165875,-1.20558129945582,-0.599660314371188));
#3849=CARTESIAN_POINT('Ctrl Pts',(14.165875,-1.19531595700062,-0.625464483632828));
#3850=CARTESIAN_POINT('Ctrl Pts',(14.165875,-1.18421905712446,-0.650963381034475));
#3851=CARTESIAN_POINT('Ctrl Pts',(14.165875,-1.17755878248211,-0.666267624712211));
#3852=CARTESIAN_POINT('Ctrl Pts',(14.165875,-1.17059888345239,-0.681461885261277));
#3853=CARTESIAN_POINT('Ctrl Pts',(14.165875,-1.16334523668267,-0.696540287696039));
#3854=CARTESIAN_POINT('Ctrl Pts',(14.165875,-1.15883193225948,-0.705922247221223));
#3855=CARTESIAN_POINT('Ctrl Pts',(14.165875,-1.15420393376672,-0.715261034016937));
#3856=CARTESIAN_POINT('Ctrl Pts',(14.165875,-1.14947079852224,-0.724539671347026));
#3857=CARTESIAN_POINT('Ctrl Pts',(14.165875,-1.12456172866846,-0.773370354068979));
#3858=CARTESIAN_POINT('Ctrl Pts',(14.165875,-1.09670287084273,-0.820626571008942));
#3859=CARTESIAN_POINT('Ctrl Pts',(14.165875,-1.06617609209496,-0.866124754284509));
#3860=CARTESIAN_POINT('Ctrl Pts',(14.165875,-1.03498048682829,-0.912619780095859));
#3861=CARTESIAN_POINT('Ctrl Pts',(14.165875,-1.00099837317962,-0.957279785610201));
#3862=CARTESIAN_POINT('Ctrl Pts',(14.165875,-0.964476572022063,-0.999898512971815));
#3863=CARTESIAN_POINT('Ctrl Pts',(14.165875,-0.94392419219085,-1.02388189399073));
#3864=CARTESIAN_POINT('Ctrl Pts',(14.165875,-0.922566611554373,-1.04721858392684));
#3865=CARTESIAN_POINT('Ctrl Pts',(14.165875,-0.900441329803881,-1.06986875762524));
#3866=CARTESIAN_POINT('Ctrl Pts',(14.165875,-0.886596625472303,-1.08404190856856));
#3867=CARTESIAN_POINT('Ctrl Pts',(14.165875,-0.872451237578492,-1.0979462024351));
#3868=CARTESIAN_POINT('Ctrl Pts',(14.165875,-0.858013542142838,-1.11157126785993));
#3869=CARTESIAN_POINT('Ctrl Pts',(14.165875,-0.850725460608498,-1.11844913754276));
#3870=CARTESIAN_POINT('Ctrl Pts',(14.165875,-0.843362884328182,-1.12525584652999));
#3871=CARTESIAN_POINT('Ctrl Pts',(14.165875,-0.83592683540392,-1.13199000736095));
#3872=CARTESIAN_POINT('Ctrl Pts',(14.165875,-0.828482445860236,-1.1387317215409));
#3873=CARTESIAN_POINT('Ctrl Pts',(14.165875,-0.820970828601473,-1.14539489271484));
#3874=CARTESIAN_POINT('Ctrl Pts',(14.165875,-0.813395585341637,-1.15197660991823));
#3875=CARTESIAN_POINT('Ctrl Pts',(14.165875,-0.769423177644105,-1.19018184535295));
#3876=CARTESIAN_POINT('Ctrl Pts',(14.165875,-0.723288107929685,-1.22566476299369));
#3877=CARTESIAN_POINT('Ctrl Pts',(14.165875,-0.675258978790418,-1.25821338527202));
#3878=CARTESIAN_POINT('Ctrl Pts',(14.165875,-0.626341709614666,-1.29136388676607));
#3879=CARTESIAN_POINT('Ctrl Pts',(14.165875,-0.575459072120977,-1.32147167002158));
#3880=CARTESIAN_POINT('Ctrl Pts',(14.165875,-0.522849088875262,-1.34828196668751));
#3881=CARTESIAN_POINT('Ctrl Pts',(14.165875,-0.470239105629547,-1.37509226335344));
#3882=CARTESIAN_POINT('Ctrl Pts',(14.165875,-0.415900989848848,-1.39860615171236));
#3883=CARTESIAN_POINT('Ctrl Pts',(14.165875,-0.360038199177002,-1.41852202842726));
#3884=CARTESIAN_POINT('',(14.165875,-1.4635,1.79227059055215E-16));
#3885=CARTESIAN_POINT('Origin',(14.165875,0.,0.));
#3886=CARTESIAN_POINT('',(14.165875,0.883773083857306,-1.16802403625974));
#3887=CARTESIAN_POINT('Origin',(14.165875,0.,0.));
#3888=CARTESIAN_POINT('Ctrl Pts',(14.165875,0.884718009409366,-1.16880915400136));
#3889=CARTESIAN_POINT('Ctrl Pts',(14.165875,0.912045842929929,-1.1440179273618));
#3890=CARTESIAN_POINT('Ctrl Pts',(14.165875,0.938325800519175,-1.11816421435811));
#3891=CARTESIAN_POINT('Ctrl Pts',(14.165875,0.963474341635483,-1.09126006978576));
#3892=CARTESIAN_POINT('Ctrl Pts',(14.165875,1.00288182062707,-1.04910158006986));
#3893=CARTESIAN_POINT('Ctrl Pts',(14.165875,1.03951353599829,-1.00436448263716));
#3894=CARTESIAN_POINT('Ctrl Pts',(14.165875,1.07328309477988,-0.957385626726157));
#3895=CARTESIAN_POINT('Ctrl Pts',(14.165875,1.09122424744762,-0.932426614631667));
#3896=CARTESIAN_POINT('Ctrl Pts',(14.165875,1.10835673567663,-0.906834455609231));
#3897=CARTESIAN_POINT('Ctrl Pts',(14.165875,1.12466204662286,-0.88065805590593));
#3898=CARTESIAN_POINT('Ctrl Pts',(14.165875,1.13105788239914,-0.870390238611987));
#3899=CARTESIAN_POINT('Ctrl Pts',(14.165875,1.13732569243131,-0.860033460475205));
#3900=CARTESIAN_POINT('Ctrl Pts',(14.165875,1.14345819591193,-0.849601668132066));
#3901=CARTESIAN_POINT('Ctrl Pts',(14.165875,1.17263592122194,-0.799968435563785));
#3902=CARTESIAN_POINT('Ctrl Pts',(14.165875,1.19879570301799,-0.74857333501431));
#3903=CARTESIAN_POINT('Ctrl Pts',(14.165875,1.22185048515341,-0.69575247689358));
#3904=CARTESIAN_POINT('Ctrl Pts',(14.165875,1.23716400319787,-0.660667644636024));
#3905=CARTESIAN_POINT('Ctrl Pts',(14.165875,1.25110660335773,-0.624953332973012));
#3906=CARTESIAN_POINT('Ctrl Pts',(14.165875,1.26364016320432,-0.58870643814895));
#3907=CARTESIAN_POINT('Ctrl Pts',(14.165875,1.26905121207379,-0.57305775400332));
#3908=CARTESIAN_POINT('Ctrl Pts',(14.165875,1.27419950510846,-0.557309806058069));
#3909=CARTESIAN_POINT('Ctrl Pts',(14.165875,1.27908137466044,-0.541470450844467));
#3910=CARTESIAN_POINT('Ctrl Pts',(14.165875,1.28287319548442,-0.529167787633642));
#3911=CARTESIAN_POINT('Ctrl Pts',(14.165875,1.28650462729429,-0.516808201993731));
#3912=CARTESIAN_POINT('Ctrl Pts',(14.165875,1.28996836232209,-0.504416458657205));
#3913=CARTESIAN_POINT('Ctrl Pts',(14.165875,1.30511303049652,-0.450235397049461));
#3914=CARTESIAN_POINT('Ctrl Pts',(14.165875,1.31708455077788,-0.39535106889825));
#3915=CARTESIAN_POINT('Ctrl Pts',(14.165875,1.32579783367916,-0.340074857612534));
#3916=CARTESIAN_POINT('Ctrl Pts',(14.165875,1.33429123765928,-0.286193536615739));
#3917=CARTESIAN_POINT('Ctrl Pts',(14.165875,1.33968868739311,-0.231938818874572));
#3918=CARTESIAN_POINT('Ctrl Pts',(14.165875,1.34186295231385,-0.177603312671468));
#3919=CARTESIAN_POINT('Ctrl Pts',(14.165875,1.34313236960516,-0.145880209176497));
#3920=CARTESIAN_POINT('Ctrl Pts',(14.165875,1.34330220788697,-0.114129726792718));
#3921=CARTESIAN_POINT('Ctrl Pts',(14.165875,1.3423393615586,-0.0824128540366923));
#3922=CARTESIAN_POINT('Ctrl Pts',(14.165875,1.34168925802164,-0.0609979609716084));
#3923=CARTESIAN_POINT('Ctrl Pts',(14.165875,1.34052266626292,-0.0395984372360578));
#3924=CARTESIAN_POINT('Ctrl Pts',(14.165875,1.33882788078844,-0.01823386900288));
#3925=CARTESIAN_POINT('Ctrl Pts',(14.165875,1.33788652979567,-0.00636714143214804));
#3926=CARTESIAN_POINT('Ctrl Pts',(14.165875,1.33678183121652,0.00549082017070565));
#3927=CARTESIAN_POINT('Ctrl Pts',(14.165875,1.33551447942829,0.0173141131667381));
#3928=CARTESIAN_POINT('Ctrl Pts',(14.165875,1.3298959024814,0.0697305630275748));
#3929=CARTESIAN_POINT('Ctrl Pts',(14.165875,1.32107800729438,0.12156501888245));
#3930=CARTESIAN_POINT('Ctrl Pts',(14.165875,1.3089521466533,0.172546649425189));
#3931=CARTESIAN_POINT('Ctrl Pts',(14.165875,1.3068577491235,0.181352276030535));
#3932=CARTESIAN_POINT('Ctrl Pts',(14.165875,1.30466454697779,0.190132419823079));
#3933=CARTESIAN_POINT('Ctrl Pts',(14.165875,1.30237183085494,0.198885627165167));
#3934=CARTESIAN_POINT('Ctrl Pts',(14.165875,1.28876258312519,0.250843462660509));
#3935=CARTESIAN_POINT('Ctrl Pts',(14.165875,1.271650448261,0.301854777558001));
#3936=CARTESIAN_POINT('Ctrl Pts',(14.165875,1.25125119903262,0.351672954644585));
#3937=CARTESIAN_POINT('Ctrl Pts',(14.165875,1.24149012482635,0.375511034071888));
#3938=CARTESIAN_POINT('Ctrl Pts',(14.165875,1.23097579657922,0.399075458340571));
#3939=CARTESIAN_POINT('Ctrl Pts',(14.165875,1.21972890136675,0.422336197064517));
#3940=CARTESIAN_POINT('Ctrl Pts',(14.165875,1.2138460593909,0.434503043787056));
#3941=CARTESIAN_POINT('Ctrl Pts',(14.165875,1.2077627627821,0.446586767585596));
#3942=CARTESIAN_POINT('Ctrl Pts',(14.165875,1.20148180933743,0.458582818122593));
#3943=CARTESIAN_POINT('Ctrl Pts',(14.165875,1.19534753971541,0.470298715882635));
#3944=CARTESIAN_POINT('Ctrl Pts',(14.165875,1.18902216690497,0.481935223746072));
#3945=CARTESIAN_POINT('Ctrl Pts',(14.165875,1.18252342513399,0.493461906419915));
#3946=CARTESIAN_POINT('Ctrl Pts',(14.165875,1.15673516722972,0.539202001356567));
#3947=CARTESIAN_POINT('Ctrl Pts',(14.165875,1.12818465889725,0.583288444845931));
#3948=CARTESIAN_POINT('Ctrl Pts',(14.165875,1.09709339240093,0.625503786150472));
#3949=CARTESIAN_POINT('Ctrl Pts',(14.165875,1.06612217364472,0.667556128102059));
#3950=CARTESIAN_POINT('Ctrl Pts',(14.165875,1.03262882600767,0.707752520350366));
#3951=CARTESIAN_POINT('Ctrl Pts',(14.165875,0.996799621373086,0.745838641781641));
#3952=CARTESIAN_POINT('Ctrl Pts',(14.165875,0.977711524763488,0.76612911634784));
#3953=CARTESIAN_POINT('Ctrl Pts',(14.165875,0.95795998569079,0.785819908341907));
#3954=CARTESIAN_POINT('Ctrl Pts',(14.165875,0.937570757617524,0.804866896296836));
#3955=CARTESIAN_POINT('Ctrl Pts',(14.165875,0.9248806586765,0.816721595298091));
#3956=CARTESIAN_POINT('Ctrl Pts',(14.165875,0.911943508776725,0.828326820373938));
#3957=CARTESIAN_POINT('Ctrl Pts',(14.165875,0.898765318368914,0.839671058220208));
#3958=CARTESIAN_POINT('Ctrl Pts',(14.165875,0.88950133213164,0.847645814998491));
#3959=CARTESIAN_POINT('Ctrl Pts',(14.165875,0.880115236360533,0.855493819300392));
#3960=CARTESIAN_POINT('Ctrl Pts',(14.165875,0.87062998429035,0.863194469332685));
#3961=CARTESIAN_POINT('Ctrl Pts',(14.165875,0.831477626988075,0.894980509312778));
#3962=CARTESIAN_POINT('Ctrl Pts',(14.165875,0.790573071425913,0.924317611302279));
#3963=CARTESIAN_POINT('Ctrl Pts',(14.165875,0.748093371934482,0.950984345723464));
#3964=CARTESIAN_POINT('Ctrl Pts',(14.165875,0.706436764189374,0.977134382303887));
#3965=CARTESIAN_POINT('Ctrl Pts',(14.165875,0.663264615812882,1.0007169610956));
#3966=CARTESIAN_POINT('Ctrl Pts',(14.165875,0.618729179533184,1.02147570825902));
#3967=CARTESIAN_POINT('Ctrl Pts',(14.165875,0.574193743253486,1.04223445542245));
#3968=CARTESIAN_POINT('Ctrl Pts',(14.165875,0.528294267975838,1.06016991793124));
#3969=CARTESIAN_POINT('Ctrl Pts',(14.165875,0.481179932251899,1.07497020205123));
#3970=CARTESIAN_POINT('Ctrl Pts',(0.735022160579063,-0.510216505388395,
1.06149619882939));
#3971=CARTESIAN_POINT('Ctrl Pts',(0.761512994581866,-0.863581836700274,
0.891648370202044));
#3972=CARTESIAN_POINT('Ctrl Pts',(0.814494662587472,-1.38120748759432,0.174252896373661));
#3973=CARTESIAN_POINT('Ctrl Pts',(0.893967164595878,-0.89336241638426,-1.06945624160914));
#3974=CARTESIAN_POINT('Ctrl Pts',(0.973439666604288,0.415032424192372,-1.328840552193));
#3975=CARTESIAN_POINT('Ctrl Pts',(1.05291216861269,1.34216365920568,-0.371173583004216));
#3976=CARTESIAN_POINT('Ctrl Pts',(1.1323846706211,1.03861122038938,0.927825892053493));
#3977=CARTESIAN_POINT('Ctrl Pts',(1.21185717262951,-0.217697665300553,1.37537224603546));
#3978=CARTESIAN_POINT('Ctrl Pts',(1.29132967463792,-1.2742516191601,0.561708612908718));
#3979=CARTESIAN_POINT('Ctrl Pts',(1.37080217664633,-1.16213829010963,-0.767271949527673));
#3980=CARTESIAN_POINT('Ctrl Pts',(1.45027467865474,0.0158851611280292,-1.39245980353995));
#3981=CARTESIAN_POINT('Ctrl Pts',(1.52974718066314,1.17932630948604,-0.740552735878861));
#3982=CARTESIAN_POINT('Ctrl Pts',(1.60921968267155,1.26112396149757,0.590590936640557));
#3983=CARTESIAN_POINT('Ctrl Pts',(1.68869218467996,0.186244948918258,1.38004848085266));
#3984=CARTESIAN_POINT('Ctrl Pts',(1.76816468668837,-1.05945166323164,0.903763451211014));
#3985=CARTESIAN_POINT('Ctrl Pts',(1.84763718869677,-1.33344521432703,-0.401434863214707));
#3986=CARTESIAN_POINT('Ctrl Pts',(1.92710969070518,-0.384433787852603,-1.33844513214777));
#3987=CARTESIAN_POINT('Ctrl Pts',(2.00658219271359,0.917170957144594,-1.04786590867122));
#3988=CARTESIAN_POINT('Ctrl Pts',(2.086054694722,1.37756830409123,0.203791586758355));
#3989=CARTESIAN_POINT('Ctrl Pts',(2.16552719673041,0.574492460055489,1.26853603719532));
#3990=CARTESIAN_POINT('Ctrl Pts',(2.24499969873881,-0.755494261120218,1.1698093054056));
#3991=CARTESIAN_POINT('Ctrl Pts',(2.32447220074722,-1.39255950897264,-0.00183895411071856));
#3992=CARTESIAN_POINT('Ctrl Pts',(2.40394470275563,-0.752402051337585,-1.17180053705329));
#3993=CARTESIAN_POINT('Ctrl Pts',(2.48341720476403,0.577840792983245,-1.26701435754009));
#3994=CARTESIAN_POINT('Ctrl Pts',(2.56288970677245,1.37810171153001,-0.200152522874704));
#3995=CARTESIAN_POINT('Ctrl Pts',(2.64236220878085,0.914400284386828,1.05028447433219));
#3996=CARTESIAN_POINT('Ctrl Pts',(2.72183471078926,-0.387967487948916,1.33742535797408));
#3997=CARTESIAN_POINT('Ctrl Pts',(2.80130721279767,-1.33450064316112,0.397911287124811));
#3998=CARTESIAN_POINT('Ctrl Pts',(2.88077971480608,-1.05706132426836,-0.906557618395743));
#3999=CARTESIAN_POINT('Ctrl Pts',(2.96025221681449,0.18988967718695,-1.37955328625872));
#4000=CARTESIAN_POINT('Ctrl Pts',(3.03972471882289,1.26267835129305,-0.587255259796957));
#4001=CARTESIAN_POINT('Ctrl Pts',(3.1191972208313,1.1773682614157,0.743659422026196));
#4002=CARTESIAN_POINT('Ctrl Pts',(3.19866972283971,0.0122038073296253,1.39250724454105));
#4003=CARTESIAN_POINT('Ctrl Pts',(3.27814222484812,-1.16415369063928,0.764180308277623));
#4004=CARTESIAN_POINT('Ctrl Pts',(3.35761472685653,-1.27277691661257,-0.565034759572436));
#4005=CARTESIAN_POINT('Ctrl Pts',(3.43708722886493,-0.214039213019563,-1.3760132900101));
#4006=CARTESIAN_POINT('Ctrl Pts',(3.51655973087334,1.04101020193091,-0.924944927261247));
#4007=CARTESIAN_POINT('Ctrl Pts',(3.59603223288175,1.34126964453333,0.374461078944255));
#4008=CARTESIAN_POINT('Ctrl Pts',(3.67550473489016,0.411348245066678,1.33042022694795));
#4009=CARTESIAN_POINT('Ctrl Pts',(3.75497723689856,-0.895852050230247,1.06614936246725));
#4010=CARTESIAN_POINT('Ctrl Pts',(3.83444973890697,-1.38139800181354,-0.175968518709118));
#4011=CARTESIAN_POINT('Ctrl Pts',(3.91392224091538,-0.599958329715451,-1.25669223026018));
#4012=CARTESIAN_POINT('Ctrl Pts',(3.99339474292379,0.731748953570378,-1.18480750670302));
#4013=CARTESIAN_POINT('Ctrl Pts',(4.07286724493219,1.39231337788255,-0.0262453188294254));
#4014=CARTESIAN_POINT('Ctrl Pts',(4.1523397469406,0.775880853364159,1.15638845565585));
#4015=CARTESIAN_POINT('Ctrl Pts',(4.23181224894901,-0.552171266384244,1.27841004829077));
#4016=CARTESIAN_POINT('Ctrl Pts',(4.31128475095742,-1.37378494087619,0.227904136015541));
#4017=CARTESIAN_POINT('Ctrl Pts',(4.39075725296582,-0.935395511385701,-1.03163006754877));
#4018=CARTESIAN_POINT('Ctrl Pts',(4.47022975497424,0.360916590517778,-1.34497753649651));
#4019=CARTESIAN_POINT('Ctrl Pts',(4.54970225698264,1.32620451913172,-0.424743372433046));
#4020=CARTESIAN_POINT('Ctrl Pts',(4.62917475899105,1.07512898291125,0.885055381936871));
#4021=CARTESIAN_POINT('Ctrl Pts',(4.70864726099946,-0.16202946581055,1.38310224177403));
#4022=CARTESIAN_POINT('Ctrl Pts',(4.78811976300787,-1.25057831503587,0.612600389285909));
#4023=CARTESIAN_POINT('Ctrl Pts',(4.86759226501627,-1.1921262678084,-0.719764072868609));
#4024=CARTESIAN_POINT('Ctrl Pts',(4.94706476702468,-0.0402841614210441,
-1.39197792558998));
#4025=CARTESIAN_POINT('Ctrl Pts',(5.02653726903309,1.14850562645674,-0.787502498401369));
#4026=CARTESIAN_POINT('Ctrl Pts',(5.1060097710415,1.28391317726195,0.539251622384509));
#4027=CARTESIAN_POINT('Ctrl Pts',(5.1854822730499,0.241745883228459,1.37141689027564));
#4028=CARTESIAN_POINT('Ctrl Pts',(5.26495477505832,-1.02214502574622,0.945750974270425));
#4029=CARTESIAN_POINT('Ctrl Pts',(5.34442727706671,-1.34854865644353,-0.347335400147385));
#4030=CARTESIAN_POINT('Ctrl Pts',(5.42389977907514,-0.438095307251053,-1.3218539483452));
#4031=CARTESIAN_POINT('Ctrl Pts',(5.50337228108353,0.87416871153895,-1.08399927248939));
#4032=CARTESIAN_POINT('Ctrl Pts',(5.58284478309196,1.38466583278173,0.148073935984934));
#4033=CARTESIAN_POINT('Ctrl Pts',(5.66231728510034,0.625180152953288,1.24433722734012));
#4034=CARTESIAN_POINT('Ctrl Pts',(5.74178978710877,-0.707705998689145,1.19932380048534));
#4035=CARTESIAN_POINT('Ctrl Pts',(5.82126228911717,-1.39150092176811,0.0543189074788441));
#4036=CARTESIAN_POINT('Ctrl Pts',(5.90073479112558,-0.799044061577415,-1.14050600465278));
#4037=CARTESIAN_POINT('Ctrl Pts',(5.98020729313399,0.526277141385988,-1.28928574390854));
#4038=CARTESIAN_POINT('Ctrl Pts',(6.05967979514239,1.36890937901656,-0.255563047077775));
#4039=CARTESIAN_POINT('Ctrl Pts',(6.1391522971508,0.956010262859365,1.01255604106576));
#4040=CARTESIAN_POINT('Ctrl Pts',(6.21862479915921,-0.333718888917238,1.35198264122401));
#4041=CARTESIAN_POINT('Ctrl Pts',(6.29809730116762,-1.31736895700181,0.451402691750004));
#4042=CARTESIAN_POINT('Ctrl Pts',(6.37756980317603,-1.09275932917377,-0.863193146112086));
#4043=CARTESIAN_POINT('Ctrl Pts',(6.45704230518443,0.134103348383108,-1.38608861583364));
#4044=CARTESIAN_POINT('Ctrl Pts',(6.53651480719285,1.23796960183493,-0.637696341469719));
#4045=CARTESIAN_POINT('Ctrl Pts',(6.61598730920125,1.20639937281006,0.69557595722875));
#4046=CARTESIAN_POINT('Ctrl Pts',(6.69545981120966,0.0683481297964516,1.39088241492389));
#4047=CARTESIAN_POINT('Ctrl Pts',(6.77493231321806,-1.13239040373295,0.810504369220015));
#4048=CARTESIAN_POINT('Ctrl Pts',(6.85440481522648,-1.29452720188924,-0.513249142775709));
#4049=CARTESIAN_POINT('Ctrl Pts',(6.93387731723488,-0.269354222483242,-1.36626266209014));
#4050=CARTESIAN_POINT('Ctrl Pts',(7.01334981924328,1.00286408862016,-0.966172333875915));
#4051=CARTESIAN_POINT('Ctrl Pts',(7.0928223212517,1.35527914163283,0.320068441503038));
#4052=CARTESIAN_POINT('Ctrl Pts',(7.17229482326011,0.464664172689589,1.3127500011845));
#4053=CARTESIAN_POINT('Ctrl Pts',(7.25176732526851,-0.852129801771722,1.1014082621461));
#4054=CARTESIAN_POINT('Ctrl Pts',(7.33123982727693,-1.38737044624564,-0.120119123687115));
#4055=CARTESIAN_POINT('Ctrl Pts',(7.41071232928532,-0.650147682052343,-1.23147608605005));
#4056=CARTESIAN_POINT('Ctrl Pts',(7.49018483129375,0.683375182002633,-1.21335226526103));
#4057=CARTESIAN_POINT('Ctrl Pts',(7.56965733330213,1.39012246795387,-0.0823704017291969));
#4058=CARTESIAN_POINT('Ctrl Pts',(7.64912983531057,0.821882255919825,1.12415964898022));
#4059=CARTESIAN_POINT('Ctrl Pts',(7.72860233731895,-0.500168951382948,1.29963701819534));
#4060=CARTESIAN_POINT('Ctrl Pts',(7.80807483932738,-1.36347700864347,0.283118007007427));
#4061=CARTESIAN_POINT('Ctrl Pts',(7.88754734133577,-0.976236153929639,-0.993070153993092));
#4062=CARTESIAN_POINT('Ctrl Pts',(7.96701984334419,0.306385446031479,-1.3584378224458));
#4063=CARTESIAN_POINT('Ctrl Pts',(8.0464923453526,1.30799755059917,-0.477878401497467));
#4064=CARTESIAN_POINT('Ctrl Pts',(8.12596484736099,1.10994519188831,0.840979803559635));
#4065=CARTESIAN_POINT('Ctrl Pts',(8.20543734936942,-0.106122683965765,1.38851119366719));
#4066=CARTESIAN_POINT('Ctrl Pts',(8.2849098513778,-1.22485734031714,0.662532908512784));
#4067=CARTESIAN_POINT('Ctrl Pts',(8.36438235338623,-1.22018177079215,-0.671104913718954));
#4068=CARTESIAN_POINT('Ctrl Pts',(8.44385485539463,-0.0963842973392158,
-1.38922115813776));
#4069=CARTESIAN_POINT('Ctrl Pts',(8.52332735740304,1.11581457738773,-0.833176564648962));
#4070=CARTESIAN_POINT('Ctrl Pts',(8.60279985941145,1.30461467320485,0.487037897344553));
#4071=CARTESIAN_POINT('Ctrl Pts',(8.68227236141985,0.296853000998275,1.36055270195223));
#4072=CARTESIAN_POINT('Ctrl Pts',(8.76174486342828,-0.983175233138847,0.986200699621312));
#4073=CARTESIAN_POINT('Ctrl Pts',(8.84121736543665,-1.36145836245374,-0.292671293939071));
#4074=CARTESIAN_POINT('Ctrl Pts',(8.9206898674451,-0.491044034406444,-1.30311208852694));
#4075=CARTESIAN_POINT('Ctrl Pts',(9.00016236945348,0.829744285329511,-1.11836925027212));
#4076=CARTESIAN_POINT('Ctrl Pts',(9.0796348714619,1.38951074209464,0.0921154525300336));
#4077=CARTESIAN_POINT('Ctrl Pts',(9.15910737347031,0.674850761385822,1.21811403770262));
#4078=CARTESIAN_POINT('Ctrl Pts',(9.23857987547871,-0.658766400152704,1.22688719490466));
#4079=CARTESIAN_POINT('Ctrl Pts',(9.31805237748713,-1.38817857713059,0.110388391540435));
#4080=CARTESIAN_POINT('Ctrl Pts',(9.39752487949552,-0.844386146878688,-1.10735603757353));
#4081=CARTESIAN_POINT('Ctrl Pts',(9.47699738150394,0.473857315969594,-1.30945966073541));
#4082=CARTESIAN_POINT('Ctrl Pts',(9.55646988351234,1.35749003939189,-0.310557807731486));
#4083=CARTESIAN_POINT('Ctrl Pts',(9.63594238552075,0.996064957647016,0.973180332281147));
#4084=CARTESIAN_POINT('Ctrl Pts',(9.71541488752917,-0.278927379830712,1.36434045449513));
#4085=CARTESIAN_POINT('Ctrl Pts',(9.79488738953756,-1.29809411177499,0.504159732591063));
#4086=CARTESIAN_POINT('Ctrl Pts',(9.87435989154598,-1.12667958064716,-0.818424389631641));
#4087=CARTESIAN_POINT('Ctrl Pts',(9.95383239355438,0.0780988537882864,-1.39036898988295));
#4088=CARTESIAN_POINT('Ctrl Pts',(10.0333048955628,1.21124686393917,-0.68709998805757));
#4089=CARTESIAN_POINT('Ctrl Pts',(10.1127773975712,1.23346785571776,0.646360896018808));
#4090=CARTESIAN_POINT('Ctrl Pts',(10.1922498995796,0.124381260243491,1.38699483095339));
#4091=CARTESIAN_POINT('Ctrl Pts',(10.271722401588,-1.09878488969444,0.855509862696147));
#4092=CARTESIAN_POINT('Ctrl Pts',(10.3511949035964,-1.31417148809573,-0.460628547603655));
#4093=CARTESIAN_POINT('Ctrl Pts',(10.4306674056048,-0.324231033552515,-1.35428933240747));
#4094=CARTESIAN_POINT('Ctrl Pts',(10.5101399076132,0.963086467810744,-1.00582792490119));
#4095=CARTESIAN_POINT('Ctrl Pts',(10.5896124096217,1.36708380548733,0.265155101337802));
#4096=CARTESIAN_POINT('Ctrl Pts',(10.6690849116301,0.51722416230378,1.29294413062604));
#4097=CARTESIAN_POINT('Ctrl Pts',(10.7485574136385,-0.807021267596755,1.13487533792824));
#4098=CARTESIAN_POINT('Ctrl Pts',(10.8280299156469,-1.39108584975614,-0.0640743131015281));
#4099=CARTESIAN_POINT('Ctrl Pts',(10.9075024176553,-0.699279342892755,-1.2042565173561));
#4100=CARTESIAN_POINT('Ctrl Pts',(10.9869749196637,0.633889662844523,-1.23992308403792));
#4101=CARTESIAN_POINT('Ctrl Pts',(11.0664474216721,1.3856700399824,-0.13836148050052));
#4102=CARTESIAN_POINT('Ctrl Pts',(11.1459199236805,0.866546580920388,1.09010200535833));
#4103=CARTESIAN_POINT('Ctrl Pts',(11.2253924256889,-0.447352937492553,1.31874967613587));
#4104=CARTESIAN_POINT('Ctrl Pts',(11.3048649276973,-1.3509509064817,0.337871288018016));
#4105=CARTESIAN_POINT('Ctrl Pts',(11.3843374297057,-1.01548860857884,-0.952894666181501));
#4106=CARTESIAN_POINT('Ctrl Pts',(11.4638099317141,0.251355858976533,-1.36968813645757));
#4107=CARTESIAN_POINT('Ctrl Pts',(11.5432824337225,1.28766266878566,-0.530235995008505));
#4108=CARTESIAN_POINT('Ctrl Pts',(11.622754935731,1.14295568868271,0.795536078814893));
#4109=CARTESIAN_POINT('Ctrl Pts',(11.7022274377393,-0.0500432566411721,
1.39166124882365));
#4110=CARTESIAN_POINT('Ctrl Pts',(11.7816999397478,-1.19714370880271,0.71138758734705));
#4111=CARTESIAN_POINT('Ctrl Pts',(11.8611724417562,-1.24625222343747,-0.621353968813646));
#4112=CARTESIAN_POINT('Ctrl Pts',(11.9406449437646,-0.152327630630076,-1.38420433898903));
#4113=CARTESIAN_POINT('Ctrl Pts',(12.020117445773,1.08130826749811,-0.877495179118149));
#4114=CARTESIAN_POINT('Ctrl Pts',(12.0995899477814,1.32319375936725,0.434031835457193));
#4115=CARTESIAN_POINT('Ctrl Pts',(12.1790624497898,0.351477183901789,1.34747510145974));
#4116=CARTESIAN_POINT('Ctrl Pts',(12.2585349517982,-0.942605963548812,1.02504602559698));
#4117=CARTESIAN_POINT('Ctrl Pts',(12.3380074538066,-1.37215318305979,-0.23753105471488));
#4118=CARTESIAN_POINT('Ctrl Pts',(12.417479955815,-0.54319390658763,-1.28225026578056));
#4119=CARTESIAN_POINT('Ctrl Pts',(12.4969524578235,0.783969989455006,-1.15091980655878));
#4120=CARTESIAN_POINT('Ctrl Pts',(12.5764249598318,1.39209513193571,0.0360071023998408));
#4121=CARTESIAN_POINT('Ctrl Pts',(12.6558974618402,0.723423483733967,1.18990917837511));
#4122=CARTESIAN_POINT('Ctrl Pts',(12.7353699638487,-0.608755076559602,1.25245459841334));
#4123=CARTESIAN_POINT('Ctrl Pts',(12.8148424658571,-1.38259790006707,0.166278350967272));
#4124=CARTESIAN_POINT('Ctrl Pts',(12.8943149678655,-0.888354500144174,-1.07240468539561));
#4125=CARTESIAN_POINT('Ctrl Pts',(12.9737874698739,0.420666512992265,-1.32750306736356));
#4126=CARTESIAN_POINT('Ctrl Pts',(13.0532599718823,1.34386242871604,-0.365047752631505));
#4127=CARTESIAN_POINT('Ctrl Pts',(13.1327324738907,1.03449890410726,0.932222194474057));
#4128=CARTESIAN_POINT('Ctrl Pts',(13.2122049758991,-0.223681524695119,1.37447719734136));
#4129=CARTESIAN_POINT('Ctrl Pts',(13.2916774779075,-1.2767085541158,0.556099423262465));
#4130=CARTESIAN_POINT('Ctrl Pts',(13.3711499799159,-1.15876482631985,-0.77232957741339));
#4131=CARTESIAN_POINT('Ctrl Pts',(13.4506224819243,0.0219633737923908,-1.39237719495482));
#4132=CARTESIAN_POINT('Ctrl Pts',(13.5300949839327,1.18256107687624,-0.735405295961512));
#4133=CARTESIAN_POINT('Ctrl Pts',(13.6095674859411,1.25851549394117,0.596131282737273));
#4134=CARTESIAN_POINT('Ctrl Pts',(13.6890399879496,0.180238975112631,1.38078057651905));
#4135=CARTESIAN_POINT('Ctrl Pts',(13.7685124899579,-1.0634429829538,0.899257012811066));
#4136=CARTESIAN_POINT('Ctrl Pts',(13.8479849919664,-1.33158059151477,-0.40751226375873));
#4137=CARTESIAN_POINT('Ctrl Pts',(13.9274574939748,-0.378765431431472,-1.33962900619393));
#4138=CARTESIAN_POINT('Ctrl Pts',(14.0069299959832,0.922096894260225,-1.04478245454272));
#4139=CARTESIAN_POINT('Ctrl Pts',(14.0864024979916,1.37596168217584,0.211725399669169));
#4140=CARTESIAN_POINT('Ctrl Pts',(14.1393841659972,0.839030673514213,0.914788463889256));
#4141=CARTESIAN_POINT('Ctrl Pts',(14.165875,0.481179932251899,1.07497020205123));
#4142=CARTESIAN_POINT('Ctrl Pts',(0.790014773719375,-0.551480035117328,
1.14734422509855));
#4143=CARTESIAN_POINT('Ctrl Pts',(0.816505607722178,-0.933423628205863,
0.963760029944552));
#4144=CARTESIAN_POINT('Ctrl Pts',(0.869487275727784,-1.49291202012955,0.188345520767278));
#4145=CARTESIAN_POINT('Ctrl Pts',(0.94895977773619,-0.965612698838596,-1.15594803274756));
#4146=CARTESIAN_POINT('Ctrl Pts',(1.0284322797446,0.448597984289448,-1.43630993244889));
#4147=CARTESIAN_POINT('Ctrl Pts',(1.10790478175301,1.45071053973155,-0.401192079103678));
#4148=CARTESIAN_POINT('Ctrl Pts',(1.18737728376142,1.12260843434997,1.00286339255708));
#4149=CARTESIAN_POINT('Ctrl Pts',(1.26684978576982,-0.235303865784431,1.48660485604173));
#4150=CARTESIAN_POINT('Ctrl Pts',(1.34632228777823,-1.3773061440805,0.607136543606698));
#4151=CARTESIAN_POINT('Ctrl Pts',(1.42579478978664,-1.25612570011424,-0.829324722350867));
#4152=CARTESIAN_POINT('Ctrl Pts',(1.50526729179505,0.0171698663689164,-1.50507436205167));
#4153=CARTESIAN_POINT('Ctrl Pts',(1.58473979380346,1.27470379280469,-0.800444604350484));
#4154=CARTESIAN_POINT('Ctrl Pts',(1.66421229581186,1.36311679302603,0.638354712242359));
#4155=CARTESIAN_POINT('Ctrl Pts',(1.74368479782027,0.20130742515214,1.49165927924045));
#4156=CARTESIAN_POINT('Ctrl Pts',(1.82315729982868,-1.14513433860657,0.97685491266535));
#4157=CARTESIAN_POINT('Ctrl Pts',(1.90262980183708,-1.44128699455598,-0.433900726701195));
#4158=CARTESIAN_POINT('Ctrl Pts',(1.9821023038455,-0.415524697037875,-1.44669127847515));
#4159=CARTESIAN_POINT('Ctrl Pts',(2.0615748058539,0.99134674459357,-1.13261159137207));
#4160=CARTESIAN_POINT('Ctrl Pts',(2.14104730786231,1.48897851930217,0.220273139412774));
#4161=CARTESIAN_POINT('Ctrl Pts',(2.22051980987072,0.620954278625032,1.37112831700245));
#4162=CARTESIAN_POINT('Ctrl Pts',(2.29999231187913,-0.816594518706046,1.2644171053121));
#4163=CARTESIAN_POINT('Ctrl Pts',(2.37946481388753,-1.50518213111626,-0.00198767869492975));
#4164=CARTESIAN_POINT('Ctrl Pts',(2.45893731589595,-0.813252227852039,-1.26656937692112));
#4165=CARTESIAN_POINT('Ctrl Pts',(2.53840981790434,0.624573406467994,-1.36948357219149));
#4166=CARTESIAN_POINT('Ctrl Pts',(2.61788231991276,1.48955506582696,-0.216339767878997));
#4167=CARTESIAN_POINT('Ctrl Pts',(2.69735482192116,0.98835199492628,1.13522575743993));
#4168=CARTESIAN_POINT('Ctrl Pts',(2.77682732392958,-0.419344183535537,1.44558903052515));
#4169=CARTESIAN_POINT('Ctrl Pts',(2.85629982593798,-1.44242778072096,0.430092182984398));
#4170=CARTESIAN_POINT('Ctrl Pts',(2.93577232794639,-1.14255068205784,-0.979875056860783));
#4171=CARTESIAN_POINT('Ctrl Pts',(3.0152448299548,0.205246919175545,-1.49112403600709));
#4172=CARTESIAN_POINT('Ctrl Pts',(3.0947173319632,1.36479689339508,-0.634749264038649));
#4173=CARTESIAN_POINT('Ctrl Pts',(3.17418983397161,1.27258738847989,0.803802542338658));
#4174=CARTESIAN_POINT('Ctrl Pts',(3.25366233598002,0.0131907847426037,1.50512563982234));
#4175=CARTESIAN_POINT('Ctrl Pts',(3.33313483798843,-1.25830409525264,0.825983046009261));
#4176=CARTESIAN_POINT('Ctrl Pts',(3.41260733999684,-1.37571217562963,-0.610731690881526));
#4177=CARTESIAN_POINT('Ctrl Pts',(3.49207984200524,-0.231349537825425,-1.48729774415866));
#4178=CARTESIAN_POINT('Ctrl Pts',(3.57155234401366,1.12520143244156,-0.999749431036772));
#4179=CARTESIAN_POINT('Ctrl Pts',(3.65102484602206,1.44974422202584,0.404745449794984));
#4180=CARTESIAN_POINT('Ctrl Pts',(3.73049734803047,0.44461584883878,1.43801736268711));
#4181=CARTESIAN_POINT('Ctrl Pts',(3.80996985003888,-0.968303680698884,1.15237371124671));
#4182=CARTESIAN_POINT('Ctrl Pts',(3.88944235204728,-1.49311794210031,-0.19019989328526));
#4183=CARTESIAN_POINT('Ctrl Pts',(3.9689148540557,-0.648479689006802,-1.35832664752385));
#4184=CARTESIAN_POINT('Ctrl Pts',(4.0483873560641,0.790928820118954,-1.28062827937418));
#4185=CARTESIAN_POINT('Ctrl Pts',(4.12785985807251,1.50491609428528,-0.0283678971512203));
#4186=CARTESIAN_POINT('Ctrl Pts',(4.20733236008091,0.838629867401882,1.24991085039261));
#4187=CARTESIAN_POINT('Ctrl Pts',(4.28680486208933,-0.596827868484101,1.38180088429136));
#4188=CARTESIAN_POINT('Ctrl Pts',(4.36627736409773,-1.48488917829369,0.246335780214626));
#4189=CARTESIAN_POINT('Ctrl Pts',(4.44574986610614,-1.01104520143833,-1.11506268392238));
#4190=CARTESIAN_POINT('Ctrl Pts',(4.52522236811455,0.390105556976556,-1.45375198807901));
#4191=CARTESIAN_POINT('Ctrl Pts',(4.60469487012295,1.43346071140283,-0.459094301088737));
#4192=CARTESIAN_POINT('Ctrl Pts',(4.68416737213137,1.16207955444365,0.956633836727356));
#4193=CARTESIAN_POINT('Ctrl Pts',(4.76363987413977,-0.175133525771038,1.49496001169886));
#4194=CARTESIAN_POINT('Ctrl Pts',(4.84311237614818,-1.35171827216358,0.662144169442543));
#4195=CARTESIAN_POINT('Ctrl Pts',(4.92258487815659,-1.28853894198267,-0.777974667596475));
#4196=CARTESIAN_POINT('Ctrl Pts',(5.00205738016499,-0.0435421248049083,
-1.50455351243986));
#4197=CARTESIAN_POINT('Ctrl Pts',(5.08152988217341,1.24139050093775,-0.851191407739279));
#4198=CARTESIAN_POINT('Ctrl Pts',(5.1610023841818,1.38774907633577,0.582863354103578));
#4199=CARTESIAN_POINT('Ctrl Pts',(5.24047488619023,0.261296972489764,1.48232961266897));
#4200=CARTESIAN_POINT('Ctrl Pts',(5.31994738819863,-1.10481054364249,1.0222381577128));
#4201=CARTESIAN_POINT('Ctrl Pts',(5.39941989020703,-1.45761192074091,-0.375425993961053));
#4202=CARTESIAN_POINT('Ctrl Pts',(5.47889239221545,-0.473526067612468,-1.42875829016637));
#4203=CARTESIAN_POINT('Ctrl Pts',(5.55836489422385,0.944866711771676,-1.17166722469028));
#4204=CARTESIAN_POINT('Ctrl Pts',(5.63783739623227,1.49665005742402,0.160049348765722));
#4205=CARTESIAN_POINT('Ctrl Pts',(5.71730989824066,0.675741315822143,1.34497243931563));
#4206=CARTESIAN_POINT('Ctrl Pts',(5.79678240024907,-0.764941402106806,1.29631857186825));
#4207=CARTESIAN_POINT('Ctrl Pts',(5.87625490225749,-1.50403793114906,0.0587119246194531));
#4208=CARTESIAN_POINT('Ctrl Pts',(5.95572740426588,-0.863666389631113,-1.2327439133288));
#4209=CARTESIAN_POINT('Ctrl Pts',(6.03519990627431,0.568839567806725,-1.39355614688649));
#4210=CARTESIAN_POINT('Ctrl Pts',(6.1146724082827,1.47961930756789,-0.276231593232858));
#4211=CARTESIAN_POINT('Ctrl Pts',(6.19414491029112,1.03332716163869,1.09444605415132));
#4212=CARTESIAN_POINT('Ctrl Pts',(6.27361741229952,-0.360708253527193,1.46132362749154));
#4213=CARTESIAN_POINT('Ctrl Pts',(6.35308991430793,-1.42391057717114,0.487909680830182));
#4214=CARTESIAN_POINT('Ctrl Pts',(6.43256241631634,-1.18113574700761,-0.933003502441683));
#4215=CARTESIAN_POINT('Ctrl Pts',(6.51203491832475,0.144948896193339,-1.49818790741348));
#4216=CARTESIAN_POINT('Ctrl Pts',(6.59150742033316,1.33808983496996,-0.689269745439137));
#4217=CARTESIAN_POINT('Ctrl Pts',(6.67097992234156,1.30396637791314,0.751830349014821));
#4218=CARTESIAN_POINT('Ctrl Pts',(6.75045242434997,0.0738757539638058,1.50336940284281));
#4219=CARTESIAN_POINT('Ctrl Pts',(6.82992492635838,-1.22397196684529,0.876053544484884));
#4220=CARTESIAN_POINT('Ctrl Pts',(6.90939742836679,-1.39922150541711,-0.554757935685404));
#4221=CARTESIAN_POINT('Ctrl Pts',(6.98886993037519,-0.291138123728428,-1.47675853860391));
#4222=CARTESIAN_POINT('Ctrl Pts',(7.06834243238361,1.08397026942346,-1.04431108556488));
#4223=CARTESIAN_POINT('Ctrl Pts',(7.14781493439201,1.46488673088396,0.345953832335705));
#4224=CARTESIAN_POINT('Ctrl Pts',(7.22728743640041,0.502243678058873,1.41891806538558));
#4225=CARTESIAN_POINT('Ctrl Pts',(7.30675993840883,-0.921045415118157,1.19048415853277));
#4226=CARTESIAN_POINT('Ctrl Pts',(7.38623244041722,-1.49957340528185,-0.129833703632949));
#4227=CARTESIAN_POINT('Ctrl Pts',(7.46570494242565,-0.702728082574931,-1.33107115902503));
#4228=CARTESIAN_POINT('Ctrl Pts',(7.54517744443405,0.73864284159572,-1.31148158240483));
#4229=CARTESIAN_POINT('Ctrl Pts',(7.62464994644246,1.50254799550437,-0.0890320708140592));
#4230=CARTESIAN_POINT('Ctrl Pts',(7.70412244845086,0.888351612639295,1.21507555351461));
#4231=CARTESIAN_POINT('Ctrl Pts',(7.78359495045927,-0.540619889713862,1.40474457581207));
#4232=CARTESIAN_POINT('Ctrl Pts',(7.86306745246769,-1.47374759669126,0.30601504811755));
#4233=CARTESIAN_POINT('Ctrl Pts',(7.94253995447609,-1.05518881252594,-1.07338425475119));
#4234=CARTESIAN_POINT('Ctrl Pts',(8.0220124564845,0.331164230777399,-1.46830086858289));
#4235=CARTESIAN_POINT('Ctrl Pts',(8.10148495849291,1.41378126250286,-0.516526601661019));
#4236=CARTESIAN_POINT('Ctrl Pts',(8.18095746050131,1.19971150861712,0.908993665830116));
#4237=CARTESIAN_POINT('Ctrl Pts',(8.26042996250972,-0.114705308162537,1.50080641013656));
#4238=CARTESIAN_POINT('Ctrl Pts',(8.33990246451813,-1.3239171252165,0.71611495863873));
#4239=CARTESIAN_POINT('Ctrl Pts',(8.41937496652654,-1.31886342111518,-0.725380220899372));
#4240=CARTESIAN_POINT('Ctrl Pts',(8.49884746853495,-0.104179333910264,-1.50157379266344));
#4241=CARTESIAN_POINT('Ctrl Pts',(8.57831997054334,1.2060555780213,-0.900559343492355));
#4242=CARTESIAN_POINT('Ctrl Pts',(8.65779247255178,1.41012479642519,0.526426867603161));
#4243=CARTESIAN_POINT('Ctrl Pts',(8.73726497456015,0.320860853551939,1.47058678801544));
#4244=CARTESIAN_POINT('Ctrl Pts',(8.81673747656859,-1.06268908663618,1.0659592363557));
#4245=CARTESIAN_POINT('Ctrl Pts',(8.89620997857697,-1.4715656934015,-0.316340952820586));
#4246=CARTESIAN_POINT('Ctrl Pts',(8.9756824805854,-0.530756999192865,-1.40850069088923));
#4247=CARTESIAN_POINT('Ctrl Pts',(9.05515498259379,0.896849480131162,-1.20881685892286));
#4248=CARTESIAN_POINT('Ctrl Pts',(9.13462748460221,1.5018867965922,0.09956524820271));
#4249=CARTESIAN_POINT('Ctrl Pts',(9.21409998661061,0.72942901230664,1.31662846104473));
#4250=CARTESIAN_POINT('Ctrl Pts',(9.29357248861903,-0.712043835614011,1.32611114337816));
#4251=CARTESIAN_POINT('Ctrl Pts',(9.37304499062743,-1.5004468933876,0.119316002913153));
#4252=CARTESIAN_POINT('Ctrl Pts',(9.45251749263585,-0.912675495628582,-1.19691295761504));
#4253=CARTESIAN_POINT('Ctrl Pts',(9.53198999464424,0.512180312654894,-1.41536162013685));
#4254=CARTESIAN_POINT('Ctrl Pts',(9.61146249665266,1.46727643400202,-0.335674030347843));
#4255=CARTESIAN_POINT('Ctrl Pts',(9.69093499866105,1.07662126179974,1.05188585268003));
#4256=CARTESIAN_POINT('Ctrl Pts',(9.77040750066949,-0.30148550585821,1.4746808733367));
#4257=CARTESIAN_POINT('Ctrl Pts',(9.84988000267787,-1.40307688753094,0.544933423552039));
#4258=CARTESIAN_POINT('Ctrl Pts',(9.9293525046863,-1.21779928351843,-0.884614092974812));
#4259=CARTESIAN_POINT('Ctrl Pts',(10.0088250066947,0.084415063360219,-1.50281445478327));
#4260=CARTESIAN_POINT('Ctrl Pts',(10.0882975087031,1.30920590770076,-0.742668889660183));
#4261=CARTESIAN_POINT('Ctrl Pts',(10.1677700107115,1.33322401216616,0.698635041929061));
#4262=CARTESIAN_POINT('Ctrl Pts',(10.2472425127199,0.134440538560777,1.49916741227227));
#4263=CARTESIAN_POINT('Ctrl Pts',(10.3267150147283,-1.18764862201743,0.924698836945184));
#4264=CARTESIAN_POINT('Ctrl Pts',(10.4061875167367,-1.42045451440956,-0.497881673614487));
#4265=CARTESIAN_POINT('Ctrl Pts',(10.4856600187451,-0.350453072139541,-1.46381687128398));
#4266=CARTESIAN_POINT('Ctrl Pts',(10.5651325207536,1.04097565147364,-1.08717380462679));
#4267=CARTESIAN_POINT('Ctrl Pts',(10.644605022762,1.47764609160295,0.286599400554472));
#4268=CARTESIAN_POINT('Ctrl Pts',(10.7240775247704,0.559054433124776,1.39751040397958));
#4269=CARTESIAN_POINT('Ctrl Pts',(10.8035500267788,-0.872288748588985,1.22665786897274));
#4270=CARTESIAN_POINT('Ctrl Pts',(10.8830225287872,-1.50358929037535,-0.0692562942714966));
#4271=CARTESIAN_POINT('Ctrl Pts',(10.9624950307956,-0.755833244323896,-1.30165021999093));
#4272=CARTESIAN_POINT('Ctrl Pts',(11.041967532804,0.685155203397228,-1.34020130416495));
#4273=CARTESIAN_POINT('Ctrl Pts',(11.1214400348124,1.49773547942908,-0.149551402825008));
#4274=CARTESIAN_POINT('Ctrl Pts',(11.2009125368208,0.936628144777454,1.17826351332724));
#4275=CARTESIAN_POINT('Ctrl Pts',(11.2803850388292,-0.483532404523903,1.42540296134236));
#4276=CARTESIAN_POINT('Ctrl Pts',(11.3598575408376,-1.46020845166734,0.365196476032202));
#4277=CARTESIAN_POINT('Ctrl Pts',(11.439330042846,-1.09761579173921,-1.02995959248487));
#4278=CARTESIAN_POINT('Ctrl Pts',(11.5188025448544,0.271684150691688,-1.48046104666566));
#4279=CARTESIAN_POINT('Ctrl Pts',(11.5982750468628,1.39180180629518,-0.573118591930221));
#4280=CARTESIAN_POINT('Ctrl Pts',(11.6777475488713,1.23539171444966,0.859874700345035));
#4281=CARTESIAN_POINT('Ctrl Pts',(11.7572200508797,-0.0540904824489251,
1.5042112245829));
#4282=CARTESIAN_POINT('Ctrl Pts',(11.8366925528881,-1.29396216625417,0.768920737586743));
#4283=CARTESIAN_POINT('Ctrl Pts',(11.9161650548965,-1.34704230985854,-0.671605690766105));
#4284=CARTESIAN_POINT('Ctrl Pts',(11.9956375569049,-0.164647059046553,-1.496151240529));
#4285=CARTESIAN_POINT('Ctrl Pts',(12.0751100589133,1.16875858588418,-0.948462205915855));
#4286=CARTESIAN_POINT('Ctrl Pts',(12.1545825609217,1.43020645780047,0.469133964370211));
#4287=CARTESIAN_POINT('Ctrl Pts',(12.2340550629301,0.379902742608339,1.45645154248206));
#4288=CARTESIAN_POINT('Ctrl Pts',(12.3135275649385,-1.01883879566771,1.10794616054761));
#4289=CARTESIAN_POINT('Ctrl Pts',(12.393000066947,-1.48312545279992,-0.256741271621355));
#4290=CARTESIAN_POINT('Ctrl Pts',(12.4724725689553,-0.587124468763358,-1.38595167763842));
#4291=CARTESIAN_POINT('Ctrl Pts',(12.5519450709638,0.847373208725306,-1.24399992676656));
#4292=CARTESIAN_POINT('Ctrl Pts',(12.6314175729722,1.50468019779593,0.0389191605646422));
#4293=CARTESIAN_POINT('Ctrl Pts',(12.7108900749805,0.781930031664897,1.28614254644154));
#4294=CARTESIAN_POINT('Ctrl Pts',(12.790362576989,-0.657987868784021,1.35374629911287));
#4295=CARTESIAN_POINT('Ctrl Pts',(12.8698350789974,-1.49441488158386,0.179726037598241));
#4296=CARTESIAN_POINT('Ctrl Pts',(12.9493075810058,-0.960199769631523,-1.15913493059531));
#4297=CARTESIAN_POINT('Ctrl Pts',(13.0287800830142,0.454687727479653,-1.43486427913718));
#4298=CARTESIAN_POINT('Ctrl Pts',(13.1082525850226,1.45254669645979,-0.394570824962766));
#4299=CARTESIAN_POINT('Ctrl Pts',(13.187725087031,1.11816353634348,1.00761524395286));
#4300=CARTESIAN_POINT('Ctrl Pts',(13.2671975890394,-0.24177166710838,1.48563742068822));
#4301=CARTESIAN_POINT('Ctrl Pts',(13.3466700910478,-1.37996178254248,0.601073713277954));
#4302=CARTESIAN_POINT('Ctrl Pts',(13.4261425930562,-1.25247940896214,-0.834791383610489));
#4303=CARTESIAN_POINT('Ctrl Pts',(13.5056150950647,0.0237396517407941,-1.50498507253448));
#4304=CARTESIAN_POINT('Ctrl Pts',(13.585087597073,1.27820017054847,-0.794880867551685));
#4305=CARTESIAN_POINT('Ctrl Pts',(13.6645600990815,1.36029736683261,0.644343131330551));
#4306=CARTESIAN_POINT('Ctrl Pts',(13.7440326010898,0.19481572092411,1.49245058281363));
#4307=CARTESIAN_POINT('Ctrl Pts',(13.8235051030983,-1.14944845451089,0.971984018092531));
#4308=CARTESIAN_POINT('Ctrl Pts',(13.9029776051067,-1.43927157121486,-0.440469634272868));
#4309=CARTESIAN_POINT('Ctrl Pts',(13.9824501071151,-0.409397914848021,-1.44797089780078));
#4310=CARTESIAN_POINT('Ctrl Pts',(14.0619226091235,0.996671064651474,-1.12927876428178));
#4311=CARTESIAN_POINT('Ctrl Pts',(14.1413951111319,1.48724196256407,0.228848595864029));
#4312=CARTESIAN_POINT('Ctrl Pts',(14.1943767791375,0.906886900771461,0.988771568270879));
#4313=CARTESIAN_POINT('Ctrl Pts',(14.2208676131403,0.520095142225991,1.16190793225321));
#4314=CARTESIAN_POINT('Ctrl Pts',(0.845007386859687,-0.592743564846261,
1.2331922513677));
#4315=CARTESIAN_POINT('Ctrl Pts',(0.87149822086249,-1.00326541971145,1.03587168968706));
#4316=CARTESIAN_POINT('Ctrl Pts',(0.924479888868095,-1.60461655266478,0.202438145160894));
#4317=CARTESIAN_POINT('Ctrl Pts',(1.0039523908765,-1.03786298129293,-1.24243982388598));
#4318=CARTESIAN_POINT('Ctrl Pts',(1.08342489288491,0.482163544386523,-1.54377931270479));
#4319=CARTESIAN_POINT('Ctrl Pts',(1.16289739489332,1.55925742025742,-0.431210575203142));
#4320=CARTESIAN_POINT('Ctrl Pts',(1.24236989690173,1.20660564831055,1.07790089306067));
#4321=CARTESIAN_POINT('Ctrl Pts',(1.32184239891014,-0.252910066268306,1.59783746604799));
#4322=CARTESIAN_POINT('Ctrl Pts',(1.40131490091854,-1.4803606690009,0.652564474304681));
#4323=CARTESIAN_POINT('Ctrl Pts',(1.48078740292695,-1.35011311011886,-0.891377495174063));
#4324=CARTESIAN_POINT('Ctrl Pts',(1.56025990493536,0.0184545716098007,-1.61768892056339));
#4325=CARTESIAN_POINT('Ctrl Pts',(1.63973240694377,1.37008127612335,-0.860336472822107));
#4326=CARTESIAN_POINT('Ctrl Pts',(1.71920490895217,1.46510962455449,0.686118487844159));
#4327=CARTESIAN_POINT('Ctrl Pts',(1.79867741096058,0.216369901386022,1.60327007762824));
#4328=CARTESIAN_POINT('Ctrl Pts',(1.87814991296899,-1.23081701398149,1.04994637411968));
#4329=CARTESIAN_POINT('Ctrl Pts',(1.9576224149774,-1.54912877478493,-0.46636659018768));
#4330=CARTESIAN_POINT('Ctrl Pts',(2.03709491698581,-0.446615606223143,-1.55493742480254));
#4331=CARTESIAN_POINT('Ctrl Pts',(2.11656741899422,1.06552253204254,-1.21735727407292));
#4332=CARTESIAN_POINT('Ctrl Pts',(2.19603992100262,1.60038873451311,0.236754692067193));
#4333=CARTESIAN_POINT('Ctrl Pts',(2.27551242301103,0.667416097194573,1.47372059680959));
#4334=CARTESIAN_POINT('Ctrl Pts',(2.35498492501943,-0.877694776291873,1.3590249052186));
#4335=CARTESIAN_POINT('Ctrl Pts',(2.43445742702785,-1.61780475325987,-0.00213640327913976));
#4336=CARTESIAN_POINT('Ctrl Pts',(2.51392992903625,-0.874102404366493,-1.36133821678894));
#4337=CARTESIAN_POINT('Ctrl Pts',(2.59340243104466,0.671306019952742,-1.47195278684289));
#4338=CARTESIAN_POINT('Ctrl Pts',(2.67287493305307,1.60100842012391,-0.232527012883291));
#4339=CARTESIAN_POINT('Ctrl Pts',(2.75234743506148,1.06230370546573,1.22016704054768));
#4340=CARTESIAN_POINT('Ctrl Pts',(2.83181993706989,-0.450720879122157,1.55375270307623));
#4341=CARTESIAN_POINT('Ctrl Pts',(2.91129243907829,-1.5503549182808,0.462273078843986));
#4342=CARTESIAN_POINT('Ctrl Pts',(2.9907649410867,-1.22804003984731,-1.05319249532582));
#4343=CARTESIAN_POINT('Ctrl Pts',(3.07023744309511,0.220604161164136,-1.60269478575546));
#4344=CARTESIAN_POINT('Ctrl Pts',(3.14970994510352,1.46691543549711,-0.68224326828034));
#4345=CARTESIAN_POINT('Ctrl Pts',(3.22918244711193,1.36780651554407,0.86394566265112));
#4346=CARTESIAN_POINT('Ctrl Pts',(3.30865494912033,0.0141777621555854,1.61774403510363));
#4347=CARTESIAN_POINT('Ctrl Pts',(3.38812745112874,-1.35245449986601,0.887785783740898));
#4348=CARTESIAN_POINT('Ctrl Pts',(3.46759995313715,-1.47864743464669,-0.656428622190618));
#4349=CARTESIAN_POINT('Ctrl Pts',(3.54707245514555,-0.248659862631288,-1.59858219830721));
#4350=CARTESIAN_POINT('Ctrl Pts',(3.62654495715397,1.20939266295222,-1.0745539348123));
#4351=CARTESIAN_POINT('Ctrl Pts',(3.70601745916237,1.55821879951834,0.435029820645714));
#4352=CARTESIAN_POINT('Ctrl Pts',(3.78548996117078,0.477883452610882,1.54561449842627));
#4353=CARTESIAN_POINT('Ctrl Pts',(3.86496246317919,-1.04075531116752,1.23859806002616));
#4354=CARTESIAN_POINT('Ctrl Pts',(3.94443496518759,-1.60483788238707,-0.204431267861403));
#4355=CARTESIAN_POINT('Ctrl Pts',(4.02390746719601,-0.697001048298154,-1.45996106478752));
#4356=CARTESIAN_POINT('Ctrl Pts',(4.10337996920441,0.850108686667532,-1.37644905204534));
#4357=CARTESIAN_POINT('Ctrl Pts',(4.18285247121282,1.61751881068801,-0.0304904754730151));
#4358=CARTESIAN_POINT('Ctrl Pts',(4.26232497322123,0.901378881439606,1.34343324512937));
#4359=CARTESIAN_POINT('Ctrl Pts',(4.34179747522963,-0.64148447058396,1.48519172029195));
#4360=CARTESIAN_POINT('Ctrl Pts',(4.42126997723805,-1.59599341571119,0.26476742441371));
#4361=CARTESIAN_POINT('Ctrl Pts',(4.50074247924645,-1.08669489149096,-1.198495300296));
#4362=CARTESIAN_POINT('Ctrl Pts',(4.58021498125486,0.419294523435336,-1.56252643966151));
#4363=CARTESIAN_POINT('Ctrl Pts',(4.65968748326327,1.54071690367394,-0.493445229744426));
#4364=CARTESIAN_POINT('Ctrl Pts',(4.73915998527168,1.24903012597606,1.02821229151784));
#4365=CARTESIAN_POINT('Ctrl Pts',(4.81863248728008,-0.188237585731525,1.6068177816237));
#4366=CARTESIAN_POINT('Ctrl Pts',(4.89810498928849,-1.4528582292913,0.711687949599176));
#4367=CARTESIAN_POINT('Ctrl Pts',(4.9775774912969,-1.38495161615694,-0.83618526232434));
#4368=CARTESIAN_POINT('Ctrl Pts',(5.05704999330531,-0.0468000881887728,
-1.61712909928974));
#4369=CARTESIAN_POINT('Ctrl Pts',(5.1365224953137,1.33427537541876,-0.914880317077189));
#4370=CARTESIAN_POINT('Ctrl Pts',(5.21599499732214,1.4915849754096,0.626475085822647));
#4371=CARTESIAN_POINT('Ctrl Pts',(5.29546749933052,0.28084806175107,1.59324233506231));
#4372=CARTESIAN_POINT('Ctrl Pts',(5.37494000133895,-1.18747606153876,1.09872534115517));
#4373=CARTESIAN_POINT('Ctrl Pts',(5.45441250334733,-1.5666751850383,-0.40351658777472));
#4374=CARTESIAN_POINT('Ctrl Pts',(5.53388500535577,-0.50895682797388,-1.53566263198754));
#4375=CARTESIAN_POINT('Ctrl Pts',(5.61335750736415,1.0155647120044,-1.25933517689118));
#4376=CARTESIAN_POINT('Ctrl Pts',(5.69283000937258,1.60863428206631,0.172024761546512));
#4377=CARTESIAN_POINT('Ctrl Pts',(5.77230251138097,0.726302478690997,1.44560765129113));
#4378=CARTESIAN_POINT('Ctrl Pts',(5.85177501338939,-0.822176805524465,1.39331334325116));
#4379=CARTESIAN_POINT('Ctrl Pts',(5.9312475153978,-1.61657494053001,0.0631049417600597));
#4380=CARTESIAN_POINT('Ctrl Pts',(6.0107200174062,-0.92828871768481,-1.32498182200482));
#4381=CARTESIAN_POINT('Ctrl Pts',(6.09019251941462,0.611401994227464,-1.49782654986444));
#4382=CARTESIAN_POINT('Ctrl Pts',(6.16966502142301,1.59032923611922,-0.296900139387942));
#4383=CARTESIAN_POINT('Ctrl Pts',(6.24913752343143,1.11064406041801,1.17633606723688));
#4384=CARTESIAN_POINT('Ctrl Pts',(6.32861002543983,-0.387697618137149,1.57066461375907));
#4385=CARTESIAN_POINT('Ctrl Pts',(6.40808252744824,-1.53045219734047,0.52441666991036));
#4386=CARTESIAN_POINT('Ctrl Pts',(6.48755502945665,-1.26951216484144,-1.00281385877128));
#4387=CARTESIAN_POINT('Ctrl Pts',(6.56702753146506,0.155794444003569,-1.61028719899332));
#4388=CARTESIAN_POINT('Ctrl Pts',(6.64650003347347,1.43821006810499,-0.740843149408555));
#4389=CARTESIAN_POINT('Ctrl Pts',(6.72597253548187,1.40153338301622,0.808084740800892));
#4390=CARTESIAN_POINT('Ctrl Pts',(6.80544503749028,0.0794033781311627,1.61585639076172));
#4391=CARTESIAN_POINT('Ctrl Pts',(6.88491753949869,-1.31555352995764,0.941602719749751));
#4392=CARTESIAN_POINT('Ctrl Pts',(6.9643900415071,-1.50391580894498,-0.596266728595099));
#4393=CARTESIAN_POINT('Ctrl Pts',(7.04386254351551,-0.312922024973617,-1.58725441511768));
#4394=CARTESIAN_POINT('Ctrl Pts',(7.12333504552391,1.16507645022675,-1.12244983725384));
#4395=CARTESIAN_POINT('Ctrl Pts',(7.20280754753232,1.5744943201351,0.37183922316837));
#4396=CARTESIAN_POINT('Ctrl Pts',(7.28228004954073,0.539823183428158,1.52508612958666));
#4397=CARTESIAN_POINT('Ctrl Pts',(7.36175255154914,-0.989961028464591,1.27956005491945));
#4398=CARTESIAN_POINT('Ctrl Pts',(7.44122505355755,-1.61177636431806,-0.139548283578784));
#4399=CARTESIAN_POINT('Ctrl Pts',(7.52069755556594,-0.75530848309752,-1.430666232));
#4400=CARTESIAN_POINT('Ctrl Pts',(7.60017005757438,0.793910501188808,-1.40961089954862));
#4401=CARTESIAN_POINT('Ctrl Pts',(7.67964255958276,1.61497352305488,-0.0956937398989226));
#4402=CARTESIAN_POINT('Ctrl Pts',(7.75911506159118,0.954820969358765,1.30599145804899));
#4403=CARTESIAN_POINT('Ctrl Pts',(7.83858756359958,-0.581070828044776,1.5098521334288));
#4404=CARTESIAN_POINT('Ctrl Pts',(7.91806006560799,-1.58401818473906,0.328912089227675));
#4405=CARTESIAN_POINT('Ctrl Pts',(7.99753256761641,-1.13414147112224,-1.15369835550928));
#4406=CARTESIAN_POINT('Ctrl Pts',(8.0770050696248,0.355943015523318,-1.57816391471999));
#4407=CARTESIAN_POINT('Ctrl Pts',(8.15647757163323,1.51956497440655,-0.555174801824573));
#4408=CARTESIAN_POINT('Ctrl Pts',(8.23595007364161,1.28947782534593,0.977007528100601));
#4409=CARTESIAN_POINT('Ctrl Pts',(8.31542257565004,-0.123287932359309,1.61310162660593));
#4410=CARTESIAN_POINT('Ctrl Pts',(8.39489507765843,-1.42297691011585,0.769697008764678));
#4411=CARTESIAN_POINT('Ctrl Pts',(8.47436757966685,-1.41754507143821,-0.77965552807979));
#4412=CARTESIAN_POINT('Ctrl Pts',(8.55384008167526,-0.111974370481311,-1.61392642718912));
#4413=CARTESIAN_POINT('Ctrl Pts',(8.63331258368367,1.29629657865486,-0.967942122335749));
#4414=CARTESIAN_POINT('Ctrl Pts',(8.71278508569207,1.51563491964553,0.565815837861771));
#4415=CARTESIAN_POINT('Ctrl Pts',(8.79225758770048,0.344868706105603,1.58062087407866));
#4416=CARTESIAN_POINT('Ctrl Pts',(8.87173008970889,-1.14220294013351,1.14571777309009));
#4417=CARTESIAN_POINT('Ctrl Pts',(8.9512025917173,-1.58167302434925,-0.340010611702101));
#4418=CARTESIAN_POINT('Ctrl Pts',(9.0306750937257,-0.570469963979284,-1.51388929325153));
#4419=CARTESIAN_POINT('Ctrl Pts',(9.11014759573412,0.963954674932811,-1.2992644675736));
#4420=CARTESIAN_POINT('Ctrl Pts',(9.1896200977425,1.61426285108978,0.107015043875385));
#4421=CARTESIAN_POINT('Ctrl Pts',(9.26909259975096,0.784007263227455,1.41514288438685));
#4422=CARTESIAN_POINT('Ctrl Pts',(9.34856510175931,-0.765321271075315,1.42533509185166));
#4423=CARTESIAN_POINT('Ctrl Pts',(9.42803760376776,-1.6127152096446,0.128243614285871));
#4424=CARTESIAN_POINT('Ctrl Pts',(9.50751010577614,-0.980964844378476,-1.28646987765655));
#4425=CARTESIAN_POINT('Ctrl Pts',(9.58698260778457,0.550503309340194,-1.52126357953828));
#4426=CARTESIAN_POINT('Ctrl Pts',(9.66645510979296,1.57706282861215,-0.360790252964203));
#4427=CARTESIAN_POINT('Ctrl Pts',(9.74592761180138,1.15717756595247,1.13059137307891));
#4428=CARTESIAN_POINT('Ctrl Pts',(9.82540011380979,-0.324043631885706,1.58502129217827));
#4429=CARTESIAN_POINT('Ctrl Pts',(9.90487261581819,-1.50805966328689,0.585707114513017));
#4430=CARTESIAN_POINT('Ctrl Pts',(9.98434511782661,-1.3089189863897,-0.950803796317985));
#4431=CARTESIAN_POINT('Ctrl Pts',(10.063817619835,0.0907312729321516,-1.61525991968359));
#4432=CARTESIAN_POINT('Ctrl Pts',(10.1432901218434,1.40716495146235,-0.798237791262793));
#4433=CARTESIAN_POINT('Ctrl Pts',(10.2227626238518,1.43298016861457,0.750909187839312));
#4434=CARTESIAN_POINT('Ctrl Pts',(10.3022351258602,0.144499816878062,1.61133999359116));
#4435=CARTESIAN_POINT('Ctrl Pts',(10.3817076278686,-1.27651235434041,0.993887811194218));
#4436=CARTESIAN_POINT('Ctrl Pts',(10.4611801298771,-1.52673754072339,-0.535134799625318));
#4437=CARTESIAN_POINT('Ctrl Pts',(10.5406526318855,-0.376675110726565,-1.5733444101605));
#4438=CARTESIAN_POINT('Ctrl Pts',(10.6201251338939,1.11886483513654,-1.1685196843524));
#4439=CARTESIAN_POINT('Ctrl Pts',(10.6995976359023,1.58820837771856,0.308043699771143));
#4440=CARTESIAN_POINT('Ctrl Pts',(10.7790701379107,0.60088470394577,1.50207667733313));
#4441=CARTESIAN_POINT('Ctrl Pts',(10.8585426399191,-0.937556229581214,1.31844040001724));
#4442=CARTESIAN_POINT('Ctrl Pts',(10.9380151419275,-1.61609273099456,-0.0744382754414637));
#4443=CARTESIAN_POINT('Ctrl Pts',(11.0174876439359,-0.81238714575504,-1.39904392262576));
#4444=CARTESIAN_POINT('Ctrl Pts',(11.0969601459443,0.736420743949935,-1.44047952429198));
#4445=CARTESIAN_POINT('Ctrl Pts',(11.1764326479527,1.60980091887576,-0.160741325149496));
#4446=CARTESIAN_POINT('Ctrl Pts',(11.2559051499611,1.00670970863452,1.26642502129615));
#4447=CARTESIAN_POINT('Ctrl Pts',(11.3353776519695,-0.519711871555254,1.53205624654885));
#4448=CARTESIAN_POINT('Ctrl Pts',(11.4148501539779,-1.56946599685297,0.392521664046387));
#4449=CARTESIAN_POINT('Ctrl Pts',(11.4943226559864,-1.17974297489958,-1.10702451878824));
#4450=CARTESIAN_POINT('Ctrl Pts',(11.5737951579947,0.292012442406842,-1.59123395687376));
#4451=CARTESIAN_POINT('Ctrl Pts',(11.6532676600032,1.4959409438047,-0.616001188851938));
#4452=CARTESIAN_POINT('Ctrl Pts',(11.7327401620116,1.32782774021661,0.924213321875177));
#4453=CARTESIAN_POINT('Ctrl Pts',(11.81221266402,-0.0581377082566765,1.61676120034215));
#4454=CARTESIAN_POINT('Ctrl Pts',(11.8916851660284,-1.39078062370564,0.826453887826437));
#4455=CARTESIAN_POINT('Ctrl Pts',(11.9711576680368,-1.44783239627961,-0.721857412718562));
#4456=CARTESIAN_POINT('Ctrl Pts',(12.0506301700452,-0.176966487463031,-1.60809814206898));
#4457=CARTESIAN_POINT('Ctrl Pts',(12.1301026720536,1.25620890427026,-1.01942923271356));
#4458=CARTESIAN_POINT('Ctrl Pts',(12.209575174062,1.5372191562337,0.504236093283227));
#4459=CARTESIAN_POINT('Ctrl Pts',(12.2890476760704,0.408328301314886,1.56542798350439));
#4460=CARTESIAN_POINT('Ctrl Pts',(12.3685201780788,-1.09507162778661,1.19084629549824));
#4461=CARTESIAN_POINT('Ctrl Pts',(12.4479926800872,-1.59409772254005,-0.275951488527831));
#4462=CARTESIAN_POINT('Ctrl Pts',(12.5274651820957,-0.631055030939086,-1.48965308949629));
#4463=CARTESIAN_POINT('Ctrl Pts',(12.6069376841041,0.910776427995606,-1.33708004697435));
#4464=CARTESIAN_POINT('Ctrl Pts',(12.6864101861125,1.61726526365615,0.0418312187294427));
#4465=CARTESIAN_POINT('Ctrl Pts',(12.7658826881209,0.840436579595825,1.38237591450796));
#4466=CARTESIAN_POINT('Ctrl Pts',(12.8453551901293,-0.707220661008439,1.4550379998124));
#4467=CARTESIAN_POINT('Ctrl Pts',(12.9248276921377,-1.60623186310064,0.193173724229211));
#4468=CARTESIAN_POINT('Ctrl Pts',(13.0043001941461,-1.03204503911887,-1.245865175795));
#4469=CARTESIAN_POINT('Ctrl Pts',(13.0837726961545,0.488708941967041,-1.5422254909108));
#4470=CARTESIAN_POINT('Ctrl Pts',(13.1632451981629,1.56123096420355,-0.424093897294029));
#4471=CARTESIAN_POINT('Ctrl Pts',(13.2427177001713,1.2018281685797,1.08300829343167));
#4472=CARTESIAN_POINT('Ctrl Pts',(13.3221902021797,-0.259861809521642,1.59679764403508));
#4473=CARTESIAN_POINT('Ctrl Pts',(13.4016627041881,-1.48321501096917,0.646048003293443));
#4474=CARTESIAN_POINT('Ctrl Pts',(13.4811352061965,-1.34619399160444,-0.897253189807587));
#4475=CARTESIAN_POINT('Ctrl Pts',(13.560607708205,0.0255159296891997,-1.61759295011414));
#4476=CARTESIAN_POINT('Ctrl Pts',(13.6400802102134,1.3738392642207,-0.854356439141858));
#4477=CARTESIAN_POINT('Ctrl Pts',(13.7195527122218,1.46207923972404,0.692554979923829));
#4478=CARTESIAN_POINT('Ctrl Pts',(13.7990252142302,0.20939246673559,1.60412058910821));
#4479=CARTESIAN_POINT('Ctrl Pts',(13.8784977162386,-1.23545392606797,1.044711023374));
#4480=CARTESIAN_POINT('Ctrl Pts',(13.957970218247,-1.54696255091494,-0.473427004787008));
#4481=CARTESIAN_POINT('Ctrl Pts',(14.0374427202554,-0.440030398264568,-1.55631278940764));
#4482=CARTESIAN_POINT('Ctrl Pts',(14.1169152222638,1.07124523504272,-1.21377507402085));
#4483=CARTESIAN_POINT('Ctrl Pts',(14.1963877242722,1.59852224295231,0.245971792058889));
#4484=CARTESIAN_POINT('Ctrl Pts',(14.2493693922778,0.974743128028708,1.0627546726525));
#4485=CARTESIAN_POINT('Ctrl Pts',(14.2758602262806,0.559010352200082,1.24884566245519));
#4486=CARTESIAN_POINT('Ctrl Pts',(0.899999999999999,-0.634007094575195,
1.31904027763686));
#4487=CARTESIAN_POINT('Ctrl Pts',(0.926490834002801,-1.07310721121704,1.10798334942957));
#4488=CARTESIAN_POINT('Ctrl Pts',(0.979472502008408,-1.7163210852,0.216530769554511));
#4489=CARTESIAN_POINT('Ctrl Pts',(1.05894500401681,-1.11011326374727,-1.3289316150244));
#4490=CARTESIAN_POINT('Ctrl Pts',(1.13841750602522,0.5157291044836,-1.65124869296068));
#4491=CARTESIAN_POINT('Ctrl Pts',(1.21789000803363,1.66780430078329,-0.461229071302605));
#4492=CARTESIAN_POINT('Ctrl Pts',(1.29736251004204,1.29060286227114,1.15293839356426));
#4493=CARTESIAN_POINT('Ctrl Pts',(1.37683501205045,-0.270516266752184,1.70907007605425));
#4494=CARTESIAN_POINT('Ctrl Pts',(1.45630751405886,-1.58341519392131,0.697992405002661));
#4495=CARTESIAN_POINT('Ctrl Pts',(1.53578001606726,-1.44410052012347,-0.953430267997257));
#4496=CARTESIAN_POINT('Ctrl Pts',(1.61525251807567,0.0197392768506879,-1.73030347907511));
#4497=CARTESIAN_POINT('Ctrl Pts',(1.69472502008408,1.46545875944201,-0.920228341293729));
#4498=CARTESIAN_POINT('Ctrl Pts',(1.77419752209249,1.56710245608294,0.73388226344596));
#4499=CARTESIAN_POINT('Ctrl Pts',(1.85367002410089,0.231432377619905,1.71488087601603));
#4500=CARTESIAN_POINT('Ctrl Pts',(1.9331425261093,-1.31649968935642,1.12303783557402));
#4501=CARTESIAN_POINT('Ctrl Pts',(2.01261502811771,-1.65697055501388,-0.498832453674168));
#4502=CARTESIAN_POINT('Ctrl Pts',(2.09208753012612,-0.477706515408413,-1.66318357112992));
#4503=CARTESIAN_POINT('Ctrl Pts',(2.17156003213453,1.13969831949152,-1.30210295677377));
#4504=CARTESIAN_POINT('Ctrl Pts',(2.25103253414293,1.71179894972406,0.253236244721612));
#4505=CARTESIAN_POINT('Ctrl Pts',(2.33050503615134,0.713877915764113,1.57631287661673));
#4506=CARTESIAN_POINT('Ctrl Pts',(2.40997753815975,-0.9387950338777,1.4536327051251));
#4507=CARTESIAN_POINT('Ctrl Pts',(2.48945004016816,-1.73042737540349,-0.00228512786335044));
#4508=CARTESIAN_POINT('Ctrl Pts',(2.56892254217656,-0.934952580880945,-1.45610705665677));
#4509=CARTESIAN_POINT('Ctrl Pts',(2.64839504418498,0.718038633437488,-1.5744220014943));
#4510=CARTESIAN_POINT('Ctrl Pts',(2.72786754619338,1.71246177442087,-0.248714257887585));
#4511=CARTESIAN_POINT('Ctrl Pts',(2.80734004820179,1.13625541600518,1.30510832365543));
#4512=CARTESIAN_POINT('Ctrl Pts',(2.8868125502102,-0.482097574708778,1.6619163756273));
#4513=CARTESIAN_POINT('Ctrl Pts',(2.96628505221861,-1.65828205584064,0.494453974703575));
#4514=CARTESIAN_POINT('Ctrl Pts',(3.04575755422701,-1.31352939763679,-1.12650993379086));
#4515=CARTESIAN_POINT('Ctrl Pts',(3.12523005623542,0.235961403152729,-1.71426553550383));
#4516=CARTESIAN_POINT('Ctrl Pts',(3.20470255824383,1.56903397759914,-0.729737272522032));
#4517=CARTESIAN_POINT('Ctrl Pts',(3.28417506025223,1.46302564260825,0.924088782963582));
#4518=CARTESIAN_POINT('Ctrl Pts',(3.36364756226065,0.0151647395685671,1.73036243038492));
#4519=CARTESIAN_POINT('Ctrl Pts',(3.44312006426905,-1.44660490447938,0.949588521472536));
#4520=CARTESIAN_POINT('Ctrl Pts',(3.52259256627746,-1.58158269366375,-0.70212555349971));
#4521=CARTESIAN_POINT('Ctrl Pts',(3.60206506828587,-0.265970187437151,-1.70986665245577));
#4522=CARTESIAN_POINT('Ctrl Pts',(3.68153757029428,1.29358389346287,-1.14935843858783));
#4523=CARTESIAN_POINT('Ctrl Pts',(3.76101007230269,1.66669337701085,0.465314191496448));
#4524=CARTESIAN_POINT('Ctrl Pts',(3.84048257431109,0.511151056382983,1.65321163416543));
#4525=CARTESIAN_POINT('Ctrl Pts',(3.9199550763195,-1.11320694163616,1.32482240880561));
#4526=CARTESIAN_POINT('Ctrl Pts',(3.99942757832791,-1.71655782267384,-0.218662642437546));
#4527=CARTESIAN_POINT('Ctrl Pts',(4.07890008033632,-0.745522407589503,-1.56159548205119));
#4528=CARTESIAN_POINT('Ctrl Pts',(4.15837258234472,0.909288553216106,-1.4722698247165));
#4529=CARTESIAN_POINT('Ctrl Pts',(4.23784508435313,1.73012152709074,-0.0326130537948096));
#4530=CARTESIAN_POINT('Ctrl Pts',(4.31731758636154,0.964127895477328,1.43695563986614));
#4531=CARTESIAN_POINT('Ctrl Pts',(4.39679008836994,-0.686141072683816,1.58858255629254));
#4532=CARTESIAN_POINT('Ctrl Pts',(4.47626259037836,-1.70709765312869,0.283199068612794));
#4533=CARTESIAN_POINT('Ctrl Pts',(4.55573509238676,-1.16234458154358,-1.28192791666961));
#4534=CARTESIAN_POINT('Ctrl Pts',(4.63520759439518,0.448483489894113,-1.67130089124401));
#4535=CARTESIAN_POINT('Ctrl Pts',(4.71468009640357,1.64797309594505,-0.527796158400117));
#4536=CARTESIAN_POINT('Ctrl Pts',(4.79415259841199,1.33598069750846,1.09979074630833));
#4537=CARTESIAN_POINT('Ctrl Pts',(4.87362510042039,-0.201341645692012,1.71867555154853));
#4538=CARTESIAN_POINT('Ctrl Pts',(4.9530976024288,-1.55399818641902,0.76123172975581));
#4539=CARTESIAN_POINT('Ctrl Pts',(5.03257010443721,-1.48136429033121,-0.894395857052205));
#4540=CARTESIAN_POINT('Ctrl Pts',(5.11204260644562,-0.0500580515726348,
-1.72970468613962));
#4541=CARTESIAN_POINT('Ctrl Pts',(5.19151510845403,1.42716024989977,-0.978569226415099));
#4542=CARTESIAN_POINT('Ctrl Pts',(5.27098761046244,1.59542087448342,0.670086817541714));
#4543=CARTESIAN_POINT('Ctrl Pts',(5.35046011247084,0.300399151012372,1.70415505745565));
#4544=CARTESIAN_POINT('Ctrl Pts',(5.42993261447926,-1.27014157943503,1.17521252459754));
#4545=CARTESIAN_POINT('Ctrl Pts',(5.50940511648765,-1.67573844933569,-0.431607181588387));
#4546=CARTESIAN_POINT('Ctrl Pts',(5.58887761849608,-0.544387588335292,-1.64256697380871));
#4547=CARTESIAN_POINT('Ctrl Pts',(5.66835012050447,1.08626271223712,-1.34700312909208));
#4548=CARTESIAN_POINT('Ctrl Pts',(5.74782262251289,1.72061850670861,0.184000174327299));
#4549=CARTESIAN_POINT('Ctrl Pts',(5.82729512452128,0.77686364155985,1.54624286326663));
#4550=CARTESIAN_POINT('Ctrl Pts',(5.9067676265297,-0.879412208942124,1.49030811463407));
#4551=CARTESIAN_POINT('Ctrl Pts',(5.98624012853812,-1.72911194991096,0.0674979589006695));
#4552=CARTESIAN_POINT('Ctrl Pts',(6.0657126305465,-0.992911045738506,-1.41721973068084));
#4553=CARTESIAN_POINT('Ctrl Pts',(6.14518513255494,0.653964420648199,-1.6020969528424));
#4554=CARTESIAN_POINT('Ctrl Pts',(6.22465763456331,1.70103916467056,-0.317568685543026));
#4555=CARTESIAN_POINT('Ctrl Pts',(6.30413013657175,1.18796095919733,1.25822608032244));
#4556=CARTESIAN_POINT('Ctrl Pts',(6.38360263858013,-0.414686982747104,1.6800056000266));
#4557=CARTESIAN_POINT('Ctrl Pts',(6.46307514058856,-1.6369938175098,0.560923658990537));
#4558=CARTESIAN_POINT('Ctrl Pts',(6.54254764259697,-1.35788858267527,-1.07262421510088));
#4559=CARTESIAN_POINT('Ctrl Pts',(6.62202014460536,0.166639991813801,-1.72238649057316));
#4560=CARTESIAN_POINT('Ctrl Pts',(6.70149264661379,1.53833030124002,-0.792416553377973));
#4561=CARTESIAN_POINT('Ctrl Pts',(6.78096514862218,1.4991003881193,0.864339132586963));
#4562=CARTESIAN_POINT('Ctrl Pts',(6.8604376506306,0.0849310022985178,1.72834337868064));
#4563=CARTESIAN_POINT('Ctrl Pts',(6.93991015263899,-1.40713509306999,1.00715189501462));
#4564=CARTESIAN_POINT('Ctrl Pts',(7.01938265464742,-1.60861011247285,-0.637775521504795));
#4565=CARTESIAN_POINT('Ctrl Pts',(7.09885515665581,-0.334705926218805,-1.69775029163144));
#4566=CARTESIAN_POINT('Ctrl Pts',(7.17832765866422,1.24618263103004,-1.2005885889428));
#4567=CARTESIAN_POINT('Ctrl Pts',(7.25780016067264,1.68410190938623,0.397724614001036));
#4568=CARTESIAN_POINT('Ctrl Pts',(7.33727266268104,0.577402688797443,1.63125419378775));
#4569=CARTESIAN_POINT('Ctrl Pts',(7.41674516468945,-1.05887664181103,1.36863595130613));
#4570=CARTESIAN_POINT('Ctrl Pts',(7.49621766669785,-1.72397932335427,-0.149262863524618));
#4571=CARTESIAN_POINT('Ctrl Pts',(7.57569016870628,-0.807888883620108,-1.53026130497497));
#4572=CARTESIAN_POINT('Ctrl Pts',(7.65516267071467,0.849178160781896,-1.50774021669242));
#4573=CARTESIAN_POINT('Ctrl Pts',(7.73463517272307,1.72739905060538,-0.102355408983786));
#4574=CARTESIAN_POINT('Ctrl Pts',(7.8141076747315,1.02129032607824,1.39690736258338));
#4575=CARTESIAN_POINT('Ctrl Pts',(7.89358017673989,-0.621521766375691,1.61495969104553));
#4576=CARTESIAN_POINT('Ctrl Pts',(7.97305267874831,-1.69428877278686,0.351809130337798));
#4577=CARTESIAN_POINT('Ctrl Pts',(8.0525251807567,-1.21309412971854,-1.23401245626738));
#4578=CARTESIAN_POINT('Ctrl Pts',(8.13199768276513,0.380721800269237,-1.68802696085708));
#4579=CARTESIAN_POINT('Ctrl Pts',(8.21147018477352,1.62534868631025,-0.593823001988127));
#4580=CARTESIAN_POINT('Ctrl Pts',(8.29094268678195,1.37924414207474,1.04502139037108));
#4581=CARTESIAN_POINT('Ctrl Pts',(8.37041518879034,-0.131870556556081,1.7253968430753));
#4582=CARTESIAN_POINT('Ctrl Pts',(8.44988769079875,-1.5220366950152,0.823279058890626));
#4583=CARTESIAN_POINT('Ctrl Pts',(8.52936019280717,-1.51622672176124,-0.833930835260209));
#4584=CARTESIAN_POINT('Ctrl Pts',(8.60883269481556,-0.119769407052359,-1.72627906171481));
#4585=CARTESIAN_POINT('Ctrl Pts',(8.68830519682398,1.38653757928843,-1.03532490117914));
#4586=CARTESIAN_POINT('Ctrl Pts',(8.76777769883239,1.62114504286588,0.60520480812038));
#4587=CARTESIAN_POINT('Ctrl Pts',(8.84725020084078,0.368876558659267,1.69065496014187));
#4588=CARTESIAN_POINT('Ctrl Pts',(8.92672270284921,-1.22171679363084,1.22547630982447));
#4589=CARTESIAN_POINT('Ctrl Pts',(9.0061952048576,-1.691780355297,-0.363680270583618));
#4590=CARTESIAN_POINT('Ctrl Pts',(9.08566770686602,-0.610182928765703,-1.61927789561383));
#4591=CARTESIAN_POINT('Ctrl Pts',(9.16514020887443,1.03105986973446,-1.38971207622435));
#4592=CARTESIAN_POINT('Ctrl Pts',(9.24461271088283,1.72663890558735,0.114464839548062));
#4593=CARTESIAN_POINT('Ctrl Pts',(9.32408521289125,0.838585514148273,1.51365730772897));
#4594=CARTESIAN_POINT('Ctrl Pts',(9.40355771489964,-0.818598706536622,1.52455904032516));
#4595=CARTESIAN_POINT('Ctrl Pts',(9.48303021690806,-1.72498352590161,0.137171225658587));
#4596=CARTESIAN_POINT('Ctrl Pts',(9.56250271891646,-1.04925419312837,-1.37602679769805));
#4597=CARTESIAN_POINT('Ctrl Pts',(9.64197522092487,0.588826306025494,-1.62716553893972));
#4598=CARTESIAN_POINT('Ctrl Pts',(9.72144772293328,1.68684922322228,-0.38590647558056));
#4599=CARTESIAN_POINT('Ctrl Pts',(9.80092022494168,1.23773387010519,1.2092968934778));
#4600=CARTESIAN_POINT('Ctrl Pts',(9.8803927269501,-0.346601757913203,1.69536171101984));
#4601=CARTESIAN_POINT('Ctrl Pts',(9.9598652289585,-1.61304243904284,0.626480805473993));
#4602=CARTESIAN_POINT('Ctrl Pts',(10.0393377309669,-1.40003868926097,-1.01699349966116));
#4603=CARTESIAN_POINT('Ctrl Pts',(10.1188102329753,0.097047482504084,-1.72770538458391));
#4604=CARTESIAN_POINT('Ctrl Pts',(10.1982827349837,1.50512399522394,-0.853806692865405));
#4605=CARTESIAN_POINT('Ctrl Pts',(10.2777552369921,1.53273632506298,0.803183333749563));
#4606=CARTESIAN_POINT('Ctrl Pts',(10.3572277390005,0.15455909519535,1.72351257491004));
#4607=CARTESIAN_POINT('Ctrl Pts',(10.436700241009,-1.3653760866634,1.06307678544325));
#4608=CARTESIAN_POINT('Ctrl Pts',(10.5161727430174,-1.63302056703722,-0.572387925636147));
#4609=CARTESIAN_POINT('Ctrl Pts',(10.5956452450258,-0.402897149313591,-1.68287194903701));
#4610=CARTESIAN_POINT('Ctrl Pts',(10.6751177470342,1.19675401879944,-1.24986556407801));
#4611=CARTESIAN_POINT('Ctrl Pts',(10.7545902490426,1.69877066383418,0.329487998987814));
#4612=CARTESIAN_POINT('Ctrl Pts',(10.834062751051,0.642714974766766,1.60664295068667));
#4613=CARTESIAN_POINT('Ctrl Pts',(10.9135352530594,-1.00282371057344,1.41022293106174));
#4614=CARTESIAN_POINT('Ctrl Pts',(10.9930077550678,-1.72859617161376,-0.0796202566114304));
#4615=CARTESIAN_POINT('Ctrl Pts',(11.0724802570762,-0.868941047186181,-1.49643762526059));
#4616=CARTESIAN_POINT('Ctrl Pts',(11.1519527590846,0.787686284502639,-1.54075774441901));
#4617=CARTESIAN_POINT('Ctrl Pts',(11.231425261093,1.72186635832243,-0.171931247473985));
#4618=CARTESIAN_POINT('Ctrl Pts',(11.3108977631014,1.07679127249159,1.35458652926506));
#4619=CARTESIAN_POINT('Ctrl Pts',(11.3903702651099,-0.555891338586606,1.63870953175533));
#4620=CARTESIAN_POINT('Ctrl Pts',(11.4698427671182,-1.67872354203861,0.419846852060573));
#4621=CARTESIAN_POINT('Ctrl Pts',(11.5493152691267,-1.26187015805995,-1.18408944509161));
#4622=CARTESIAN_POINT('Ctrl Pts',(11.6287877711351,0.312340734121997,-1.70200686708185));
#4623=CARTESIAN_POINT('Ctrl Pts',(11.7082602731435,1.60008008131422,-0.658883785773654));
#4624=CARTESIAN_POINT('Ctrl Pts',(11.7877327751519,1.42026376598356,0.988551943405318));
#4625=CARTESIAN_POINT('Ctrl Pts',(11.8672052771603,-0.0621849340644285,
1.7293111761014));
#4626=CARTESIAN_POINT('Ctrl Pts',(11.9466777791687,-1.4875990811571,0.883987038066129));
#4627=CARTESIAN_POINT('Ctrl Pts',(12.0261502811771,-1.54862248270068,-0.77210913467102));
#4628=CARTESIAN_POINT('Ctrl Pts',(12.1056227831855,-0.189285915879508,-1.72004504360895));
#4629=CARTESIAN_POINT('Ctrl Pts',(12.1850952851939,1.34365922265633,-1.09039625951126));
#4630=CARTESIAN_POINT('Ctrl Pts',(12.2645677872023,1.64423185466692,0.539338222196245));
#4631=CARTESIAN_POINT('Ctrl Pts',(12.3440402892107,0.436753860021434,1.67440442452671));
#4632=CARTESIAN_POINT('Ctrl Pts',(12.4235127912191,-1.1713044599055,1.27374643044887));
#4633=CARTESIAN_POINT('Ctrl Pts',(12.5029852932276,-1.70506999228019,-0.295161705434307));
#4634=CARTESIAN_POINT('Ctrl Pts',(12.582457795236,-0.674985593114814,-1.59335450135415));
#4635=CARTESIAN_POINT('Ctrl Pts',(12.6619302972444,0.974179647265907,-1.43016016718213));
#4636=CARTESIAN_POINT('Ctrl Pts',(12.7414027992528,1.72985032951638,0.0447432768942433));
#4637=CARTESIAN_POINT('Ctrl Pts',(12.8208753012612,0.898943127526756,1.47860928257439));
#4638=CARTESIAN_POINT('Ctrl Pts',(12.9003478032696,-0.75645345323286,1.55632970051192));
#4639=CARTESIAN_POINT('Ctrl Pts',(12.979820305278,-1.71804884461742,0.20662141086018));
#4640=CARTESIAN_POINT('Ctrl Pts',(13.0592928072864,-1.10389030860622,-1.33259542099469));
#4641=CARTESIAN_POINT('Ctrl Pts',(13.1387653092948,0.522730156454431,-1.64958670268441));
#4642=CARTESIAN_POINT('Ctrl Pts',(13.2182378113032,1.6699152319473,-0.453616969625288));
#4643=CARTESIAN_POINT('Ctrl Pts',(13.2977103133116,1.28549280081592,1.15840134291047));
#4644=CARTESIAN_POINT('Ctrl Pts',(13.3771828153201,-0.277951951934904,1.70795786738194));
#4645=CARTESIAN_POINT('Ctrl Pts',(13.4566553173284,-1.58646823939586,0.69102229330893));
#4646=CARTESIAN_POINT('Ctrl Pts',(13.5361278193369,-1.43990857424673,-0.959714996004685));
#4647=CARTESIAN_POINT('Ctrl Pts',(13.6156003213453,0.0272922076376045,-1.7302008276938));
#4648=CARTESIAN_POINT('Ctrl Pts',(13.6950728233537,1.46947835789292,-0.913832010732031));
#4649=CARTESIAN_POINT('Ctrl Pts',(13.7745453253621,1.56386111261548,0.740766828517106));
#4650=CARTESIAN_POINT('Ctrl Pts',(13.8540178273705,0.223969212547069,1.71579059540279));
#4651=CARTESIAN_POINT('Ctrl Pts',(13.9334903293789,-1.32145939762505,1.11743802865546));
#4652=CARTESIAN_POINT('Ctrl Pts',(14.0129628313873,-1.65465353061503,-0.506384375301146));
#4653=CARTESIAN_POINT('Ctrl Pts',(14.0924353333957,-0.470662881681116,-1.66465468101449));
#4654=CARTESIAN_POINT('Ctrl Pts',(14.1719078354041,1.14581940543397,-1.29827138375992));
#4655=CARTESIAN_POINT('Ctrl Pts',(14.2513803374125,1.70980252334055,0.26309498825375));
#4656=CARTESIAN_POINT('Ctrl Pts',(14.3043620054181,1.04259935528596,1.13673777703413));
#4657=CARTESIAN_POINT('Ctrl Pts',(14.3308528394209,0.597925562174174,1.33578339265717));
#4658=CARTESIAN_POINT('Ctrl Pts',(13.9893449541571,-1.46254734976291,-0.00136112281860839));
#4659=CARTESIAN_POINT('Ctrl Pts',(13.9972175799005,-1.46373776770087,-0.146342713680289));
#4660=CARTESIAN_POINT('Ctrl Pts',(14.0050902056439,-1.44392977831539,-0.290993912086052));
#4661=CARTESIAN_POINT('Ctrl Pts',(14.0129628313873,-1.40178940029439,-0.428792358927255));
#4662=CARTESIAN_POINT('Ctrl Pts',(14.0394536653901,-1.2599899809704,-0.892474477205591));
#4663=CARTESIAN_POINT('Ctrl Pts',(14.0659444993929,-0.86532643132575,-1.27856457911005));
#4664=CARTESIAN_POINT('Ctrl Pts',(14.0924353333957,-0.39858094198424,-1.41054574718651));
#4665=CARTESIAN_POINT('Ctrl Pts',(14.1169152222638,0.0327334404755841,-1.53250809562942));
#4666=CARTESIAN_POINT('Ctrl Pts',(14.1413951111319,0.525601511956526,-1.43747652914558));
#4667=CARTESIAN_POINT('Ctrl Pts',(14.165875,0.884718009409332,-1.16880915400139));
#4668=CARTESIAN_POINT('',(0.9,-1.03045390309606,-0.669651362973073));
#4669=CARTESIAN_POINT('Ctrl Pts',(0.900000000000022,-1.02981538555244,-0.669816870438859));
#4670=CARTESIAN_POINT('Ctrl Pts',(0.900000000000015,-1.03232217772592,-0.66670527731227));
#4671=CARTESIAN_POINT('Ctrl Pts',(0.9,-1.0348149896884,-0.663580474783078));
#4672=CARTESIAN_POINT('Ctrl Pts',(0.9,-1.03729375900459,-0.66044258927373));
#4673=CARTESIAN_POINT('Ctrl Pts',(0.9,-1.06899286240335,-0.620314548086224));
#4674=CARTESIAN_POINT('Ctrl Pts',(0.9,-1.09820273897259,-0.578297274335625));
#4675=CARTESIAN_POINT('Ctrl Pts',(0.9,-1.12485187455666,-0.534724044990801));
#4676=CARTESIAN_POINT('Ctrl Pts',(0.9,-1.15215355520124,-0.490083858127218));
#4677=CARTESIAN_POINT('Ctrl Pts',(0.9,-1.17676830150714,-0.443809842618351));
#4678=CARTESIAN_POINT('Ctrl Pts',(0.9,-1.19859020359329,-0.396214005620381));
#4679=CARTESIAN_POINT('Ctrl Pts',(0.9,-1.21873149527004,-0.352283754637173));
#4680=CARTESIAN_POINT('Ctrl Pts',(0.9,-1.23649366193155,-0.307226349069119));
#4681=CARTESIAN_POINT('Ctrl Pts',(0.9,-1.251763895258,-0.261262341146928));
#4682=CARTESIAN_POINT('Ctrl Pts',(0.9,-1.25507755014246,-0.251288108526871));
#4683=CARTESIAN_POINT('Ctrl Pts',(0.9,-1.25827373988183,-0.241271118088233));
#4684=CARTESIAN_POINT('Ctrl Pts',(0.9,-1.26135110138862,-0.23121352508337));
#4685=CARTESIAN_POINT('Ctrl Pts',(0.9,-1.26421797848118,-0.221843848193476));
#4686=CARTESIAN_POINT('Ctrl Pts',(0.9,-1.26697903504445,-0.212447650667523));
#4687=CARTESIAN_POINT('Ctrl Pts',(0.9,-1.26963294995529,-0.203029700244849));
#4688=CARTESIAN_POINT('Ctrl Pts',(0.9,-1.28436177027213,-0.150761521275901));
#4689=CARTESIAN_POINT('Ctrl Pts',(0.9,-1.29580190198788,-0.0977992523740437));
#4690=CARTESIAN_POINT('Ctrl Pts',(0.9,-1.30384706323371,-0.0444746289204548));
#4691=CARTESIAN_POINT('Ctrl Pts',(0.9,-1.31184470418368,0.00853502236466794));
#4692=CARTESIAN_POINT('Ctrl Pts',(0.9,-1.31648798800252,0.0619038487431528));
#4693=CARTESIAN_POINT('Ctrl Pts',(0.9,-1.31762925699379,0.115332162300484));
#4694=CARTESIAN_POINT('Ctrl Pts',(0.9,-1.31798081926545,0.131790490204809));
#4695=CARTESIAN_POINT('Ctrl Pts',(0.9,-1.31799972145863,0.148254587871265));
#4696=CARTESIAN_POINT('Ctrl Pts',(0.9,-1.3176806700085,0.164715952415549));
#4697=CARTESIAN_POINT('Ctrl Pts',(0.9,-1.31705503609529,0.196995347830924));
#4698=CARTESIAN_POINT('Ctrl Pts',(0.900000000000001,-1.31513036264625,0.229264237042254));
#4699=CARTESIAN_POINT('Ctrl Pts',(0.900000000000001,-1.31194507171433,0.261472614212916));
#4700=CARTESIAN_POINT('Ctrl Pts',(0.900000000000001,-1.31099265105809,0.271103107746109));
#4701=CARTESIAN_POINT('Ctrl Pts',(0.9,-1.30992744903314,0.28072742737923));
#4702=CARTESIAN_POINT('Ctrl Pts',(0.9,-1.30875232635644,0.290331155514454));
#4703=CARTESIAN_POINT('Ctrl Pts',(0.9,-1.30224160208075,0.343540260527071));
#4704=CARTESIAN_POINT('Ctrl Pts',(0.900000000000001,-1.29235137310917,0.396220994656798));
#4705=CARTESIAN_POINT('Ctrl Pts',(0.900000000000001,-1.27932772665076,0.448142623185118));
#4706=CARTESIAN_POINT('Ctrl Pts',(0.900000000000001,-1.26598896587827,0.50132052417235));
#4707=CARTESIAN_POINT('Ctrl Pts',(0.9,-1.24936317184278,0.553703016919783));
#4708=CARTESIAN_POINT('Ctrl Pts',(0.9,-1.22965864703103,0.60504916630816));
#4709=CARTESIAN_POINT('Ctrl Pts',(0.9,-1.2156046324908,0.641671187746527));
#4710=CARTESIAN_POINT('Ctrl Pts',(0.9,-1.19998324487084,0.677766198193412));
#4711=CARTESIAN_POINT('Ctrl Pts',(0.9,-1.18285406584767,0.713244963846868));
#4712=CARTESIAN_POINT('Ctrl Pts',(0.9,-1.17488239633077,0.729756262740666));
#4713=CARTESIAN_POINT('Ctrl Pts',(0.9,-1.16658398422177,0.746134050760083));
#4714=CARTESIAN_POINT('Ctrl Pts',(0.9,-1.15796392869359,0.76236903082415));
#4715=CARTESIAN_POINT('Ctrl Pts',(0.9,-1.15348853823368,0.770797964333705));
#4716=CARTESIAN_POINT('Ctrl Pts',(0.9,-1.14892692676176,0.77918734103946));
#4717=CARTESIAN_POINT('Ctrl Pts',(0.9,-1.14428484666888,0.787527223227815));
#4718=CARTESIAN_POINT('Ctrl Pts',(0.9,-1.11654088761602,0.837371548467746));
#4719=CARTESIAN_POINT('Ctrl Pts',(0.9,-1.08588220155727,0.885533423680127));
#4720=CARTESIAN_POINT('Ctrl Pts',(0.9,-1.05252314559331,0.93175580704026));
#4721=CARTESIAN_POINT('Ctrl Pts',(0.9,-1.0245198336167,0.970557259423536));
#4722=CARTESIAN_POINT('Ctrl Pts',(0.9,-0.994612533697592,1.00799229665127));
#4723=CARTESIAN_POINT('Ctrl Pts',(0.9,-0.962901587311023,1.04390084088824));
#4724=CARTESIAN_POINT('Ctrl Pts',(0.9,-0.954448828318721,1.05347249688675));
#4725=CARTESIAN_POINT('Ctrl Pts',(0.9,-0.945867792882172,1.06293562980047));
#4726=CARTESIAN_POINT('Ctrl Pts',(0.9,-0.937160120584492,1.07228705514038));
#4727=CARTESIAN_POINT('Ctrl Pts',(0.9,-0.927793423711621,1.08234622635098));
#4728=CARTESIAN_POINT('Ctrl Pts',(0.9,-0.91828560996382,1.09227021758851));
#4729=CARTESIAN_POINT('Ctrl Pts',(0.9,-0.908644880825024,1.10204988267213));
#4730=CARTESIAN_POINT('Ctrl Pts',(0.9,-0.867511986665482,1.14377555746381));
#4731=CARTESIAN_POINT('Ctrl Pts',(0.9,-0.823933013037437,1.18290829903574));
#4732=CARTESIAN_POINT('Ctrl Pts',(0.899999999999999,-0.778102553711193,
1.21917055936698));
#4733=CARTESIAN_POINT('Ctrl Pts',(0.899999999999999,-0.732272094384948,
1.25543281969821));
#4734=CARTESIAN_POINT('Ctrl Pts',(0.899999999999999,-0.684189630105234,
1.28882570044036));
#4735=CARTESIAN_POINT('Ctrl Pts',(0.899999999999999,-0.634007094575195,
1.31904027763686));
#4736=CARTESIAN_POINT('',(0.9,-0.684664424539474,-0.958295198918387));
#4737=CARTESIAN_POINT('Ctrl Pts',(0.899999999999999,-0.686150376481368,
-0.959599709501564));
#4738=CARTESIAN_POINT('Ctrl Pts',(0.899999999999999,-0.712534220232162,
-0.945252066280635));
#4739=CARTESIAN_POINT('Ctrl Pts',(0.899999999999999,-0.73827969765493,-0.929859123987194));
#4740=CARTESIAN_POINT('Ctrl Pts',(0.899999999999999,-0.763316828526527,
-0.913434969114066));
#4741=CARTESIAN_POINT('Ctrl Pts',(0.899999999999999,-0.803751763176906,
-0.886909979793661));
#4742=CARTESIAN_POINT('Ctrl Pts',(0.899999999999999,-0.842340579369589,
-0.857698171790712));
#4743=CARTESIAN_POINT('Ctrl Pts',(0.899999999999999,-0.879010746603297,
-0.826099658261469));
#4744=CARTESIAN_POINT('Ctrl Pts',(0.899999999999999,-0.897599298196507,
-0.810081989313749));
#4745=CARTESIAN_POINT('Ctrl Pts',(0.899999999999999,-0.915694558254715,
-0.793450222577265));
#4746=CARTESIAN_POINT('Ctrl Pts',(0.899999999999999,-0.933285004133845,
-0.776238933712016));
#4747=CARTESIAN_POINT('Ctrl Pts',(0.899999999999999,-0.940464923429963,
-0.769213775516266));
#4748=CARTESIAN_POINT('Ctrl Pts',(0.899999999999999,-0.94756008597779,-0.762092532172127));
#4749=CARTESIAN_POINT('Ctrl Pts',(0.899999999999999,-0.954562553375565,
-0.754885174093487));
#4750=CARTESIAN_POINT('Ctrl Pts',(0.899999999999999,-0.980944704621144,
-0.727731086811033));
#4751=CARTESIAN_POINT('Ctrl Pts',(0.899999999999999,-1.00603978676569,-0.699328686594747));
#4752=CARTESIAN_POINT('Ctrl Pts',(0.899999999999999,-1.0298153855524,-0.669816870438838));
#4753=CARTESIAN_POINT('Ctrl Pts',(0.9,-0.686150376481349,-0.959599709501577));
#4754=CARTESIAN_POINT('Ctrl Pts',(0.924479888868096,-0.391382618082401,
-1.16787555144435));
#4755=CARTESIAN_POINT('Ctrl Pts',(0.975450611738996,0.438492237324819,-1.30460807323875));
#4756=CARTESIAN_POINT('Ctrl Pts',(1.05291216861269,1.34216365920568,-0.371173583004216));
#4757=CARTESIAN_POINT('Ctrl Pts',(1.1323846706211,1.03861122038938,0.927825892053493));
#4758=CARTESIAN_POINT('Ctrl Pts',(1.21185717262951,-0.217697665300553,1.37537224603546));
#4759=CARTESIAN_POINT('Ctrl Pts',(1.27585132066786,-1.06847332260452,0.720180705869441));
#4760=CARTESIAN_POINT('Ctrl Pts',(1.31335463470341,-1.17668423300576,0.16407458148696));
#4761=CARTESIAN_POINT('Ctrl Pts',(1.32436711473616,-1.17602930551353,0.000534023501707268));
#4762=CARTESIAN_POINT('Origin',(0.9,-3.28582941601228E-17,0.));
#4763=CARTESIAN_POINT('',(0.899999999972005,1.03017722203376,-0.668560613395807));
#4764=CARTESIAN_POINT('Origin',(0.9,0.,0.));
#4765=CARTESIAN_POINT('',(0.9,0.684664424539461,-0.958295198918396));
#4766=CARTESIAN_POINT('Ctrl Pts',(0.9,1.02926202939761,-0.667635361907615));
#4767=CARTESIAN_POINT('Ctrl Pts',(0.9,0.997384605618539,-0.706785719779042));
#4768=CARTESIAN_POINT('Ctrl Pts',(0.899999999999999,0.963293783903989,-0.743891583019535));
#4769=CARTESIAN_POINT('Ctrl Pts',(0.899999999999999,0.927121077287262,-0.778702307608537));
#4770=CARTESIAN_POINT('Ctrl Pts',(0.899999999999999,0.890776855916156,-0.813678089043876));
#4771=CARTESIAN_POINT('Ctrl Pts',(0.899999999999999,0.852330252737999,-0.846337754298857));
#4772=CARTESIAN_POINT('Ctrl Pts',(0.899999999999999,0.811888161411201,-0.876379860112264));
#4773=CARTESIAN_POINT('Ctrl Pts',(0.899999999999999,0.773735728954715,-0.904721109916452));
#4774=CARTESIAN_POINT('Ctrl Pts',(0.9,0.733806652757542,-0.930732953680875));
#4775=CARTESIAN_POINT('Ctrl Pts',(0.9,0.692177677349687,-0.954114177025853));
#4776=CARTESIAN_POINT('Ctrl Pts',(0.9,0.689679379163501,-0.955517364764712));
#4777=CARTESIAN_POINT('Ctrl Pts',(0.9,0.687174956289308,-0.956911062457684));
#4778=CARTESIAN_POINT('Ctrl Pts',(0.9,0.684664424539449,-0.958295198918405));
#4779=CARTESIAN_POINT('Origin',(0.9,0.,0.));
#4780=CARTESIAN_POINT('Origin',(-0.0243671147361636,0.,0.));
#4781=CARTESIAN_POINT('Ctrl Pts',(0.9,0.684664424539449,-0.958295198918405));
#4782=CARTESIAN_POINT('Ctrl Pts',(0.926490834002802,1.00367479954957,-0.73037476784984));
#4783=CARTESIAN_POINT('Ctrl Pts',(0.979472502008407,1.39063090621066,0.0651484615444785));
#4784=CARTESIAN_POINT('Ctrl Pts',(1.05894500401682,0.696764184682442,1.20679450690365));
#4785=CARTESIAN_POINT('Ctrl Pts',(1.13841750602522,-0.636728579719311,1.23800057144654));
#4786=CARTESIAN_POINT('Ctrl Pts',(1.19398013310757,-1.16052667629911,0.467230387619887));
#4787=CARTESIAN_POINT('Ctrl Pts',(1.2230519261871,-1.17947332822976,0.038799708794056));
#4788=CARTESIAN_POINT('Ctrl Pts',(1.22563288526384,-1.1792183596157,0.000739752408624029));
#4789=CARTESIAN_POINT('Ctrl Pts',(0.735022160579064,0.850780204044577,-1.19080027477569));
#4790=CARTESIAN_POINT('Ctrl Pts',(0.761512994581867,1.24719003960162,-0.907580957544658));
#4791=CARTESIAN_POINT('Ctrl Pts',(0.814494662587472,1.7280308480062,0.080955018866797));
#4792=CARTESIAN_POINT('Ctrl Pts',(0.89396716459588,0.865815652118643,1.49959139108767));
#4793=CARTESIAN_POINT('Ctrl Pts',(0.973439666604288,-0.791213989742505,
1.53836878481171));
#4794=CARTESIAN_POINT('Ctrl Pts',(1.0529121686127,-1.72218818664065,0.168437970693631));
#4795=CARTESIAN_POINT('Ctrl Pts',(1.1323846706211,-1.07380824011459,-1.3571509087091));
#4796=CARTESIAN_POINT('Ctrl Pts',(1.21185717262951,0.559546558835982,-1.63737809015383));
#4797=CARTESIAN_POINT('Ctrl Pts',(1.29132967463792,1.67964408324933,-0.416164353617088));
#4798=CARTESIAN_POINT('Ctrl Pts',(1.37080217664633,1.25924035596752,1.1869158570575));
#4799=CARTESIAN_POINT('Ctrl Pts',(1.45027467865474,-0.316123963466433,1.70129518165723));
#4800=CARTESIAN_POINT('Ctrl Pts',(1.52974718066314,-1.60153891145346,0.655333967895567));
#4801=CARTESIAN_POINT('Ctrl Pts',(1.60921968267155,-1.41806437172868,-0.991708948478352));
#4802=CARTESIAN_POINT('Ctrl Pts',(1.68869218467996,0.0660275207203164,-1.72916674676414));
#4803=CARTESIAN_POINT('Ctrl Pts',(1.76816468668837,1.48955937191542,-0.880680534133277));
#4804=CARTESIAN_POINT('Ctrl Pts',(1.84763718869678,1.54690315515302,0.775548694975234));
#4805=CARTESIAN_POINT('Ctrl Pts',(1.92710969070518,0.185463575520172,1.72046106595797));
#4806=CARTESIAN_POINT('Ctrl Pts',(2.00658219271359,-1.34607864650494,1.08740818427703));
#4807=CARTESIAN_POINT('Ctrl Pts',(2.086054694722,-1.64302941245723,-0.542990333087737));
#4808=CARTESIAN_POINT('Ctrl Pts',(2.16552719673041,-0.433032356787912,-1.6753706615132));
#4809=CARTESIAN_POINT('Ctrl Pts',(2.24499969873881,1.17413172520112,-1.27114073217719));
#4810=CARTESIAN_POINT('Ctrl Pts',(2.32447220074722,1.70440993053926,0.298949534314363));
#4811=CARTESIAN_POINT('Ctrl Pts',(2.40394470275563,0.6714435926902,1.59485030732574));
#4812=CARTESIAN_POINT('Ctrl Pts',(2.48341720476404,-0.977354947723441,1.42799206443614));
#4813=CARTESIAN_POINT('Ctrl Pts',(2.56288970677245,-1.72974661354066,-0.0485867872744266));
#4814=CARTESIAN_POINT('Ctrl Pts',(2.64236220878085,-0.895655534725228,-1.48060297919849));
#4815=CARTESIAN_POINT('Ctrl Pts',(2.72183471078927,0.759909647897699,-1.55464508817138));
#4816=CARTESIAN_POINT('Ctrl Pts',(2.80130721279767,1.71850364803969,-0.202803435672699));
#4817=CARTESIAN_POINT('Ctrl Pts',(2.88077971480608,1.10092668684157,1.33504473768045));
#4818=CARTESIAN_POINT('Ctrl Pts',(2.96025221681449,-0.526394231578361,1.64842140697657));
#4819=CARTESIAN_POINT('Ctrl Pts',(3.03972471882289,-1.67091879234666,0.449904891254137));
#4820=CARTESIAN_POINT('Ctrl Pts',(3.1191972208313,-1.28291609776026,-1.16125376548759));
#4821=CARTESIAN_POINT('Ctrl Pts',(3.19866972283971,0.281746943882059,-1.70733789316882));
#4822=CARTESIAN_POINT('Ctrl Pts',(3.27814222484812,1.58799834243675,-0.687492026293777));
#4823=CARTESIAN_POINT('Ctrl Pts',(3.35761472685652,1.43777516403373,0.962905291025523));
#4824=CARTESIAN_POINT('Ctrl Pts',(3.43708722886493,-0.0311414398145447,
1.73014861573656));
#4825=CARTESIAN_POINT('Ctrl Pts',(3.51655973087334,-1.47149585051299,0.910540489888212));
#4826=CARTESIAN_POINT('Ctrl Pts',(3.59603223288175,-1.56222901848494,-0.744193869637882));
#4827=CARTESIAN_POINT('Ctrl Pts',(3.67550473489016,-0.220122624853677,-1.71637118707816));
#4828=CARTESIAN_POINT('Ctrl Pts',(3.75497723689857,1.32387504180003,-1.11433338615631));
#4829=CARTESIAN_POINT('Ctrl Pts',(3.83444973890697,1.65364578521413,0.509744680057843));
#4830=CARTESIAN_POINT('Ctrl Pts',(3.91392224091538,0.466731667511374,1.66629696403312));
#4831=CARTESIAN_POINT('Ctrl Pts',(3.99339474292379,-1.14825771313333,1.29456102445331));
#4832=CARTESIAN_POINT('Ctrl Pts',(4.0728672449322,-1.71009223695086,-0.264515713945739));
#4833=CARTESIAN_POINT('Ctrl Pts',(4.15233974694061,-0.703470547177868,-1.58098488641008));
#4834=CARTESIAN_POINT('Ctrl Pts',(4.23181224894901,0.948357715058358,-1.44741205815521));
#4835=CARTESIAN_POINT('Ctrl Pts',(4.31128475095742,1.73037467779301,0.0136929272464648));
#4836=CARTESIAN_POINT('Ctrl Pts',(4.39075725296583,0.925332851193978,1.46223908315468));
#4837=CARTESIAN_POINT('Ctrl Pts',(4.47022975497423,-0.728402413533521,1.56965408474682));
#4838=CARTESIAN_POINT('Ctrl Pts',(4.54970225698265,-1.71406418677612,0.237419429313085));
#4839=CARTESIAN_POINT('Ctrl Pts',(4.62917475899105,-1.12762676785143,-1.31257071970571));
#4840=CARTESIAN_POINT('Ctrl Pts',(4.70864726099946,0.493043292115531,-1.65870200274302));
#4841=CARTESIAN_POINT('Ctrl Pts',(4.78811976300787,1.66150568843823,-0.483510981355357));
#4842=CARTESIAN_POINT('Ctrl Pts',(4.86759226501627,1.30607430602914,1.13514489336574));
#4843=CARTESIAN_POINT('Ctrl Pts',(4.94706476702469,-0.247257585158883,1.71267267987354));
#4844=CARTESIAN_POINT('Ctrl Pts',(5.02653726903309,-1.57381065856143,0.719377531482783));
#4845=CARTESIAN_POINT('Ctrl Pts',(5.1060097710415,-1.45690176359846,-0.933713699710733));
#4846=CARTESIAN_POINT('Ctrl Pts',(5.18548227304991,-0.00375697776836621,
-1.73042477644129));
#4847=CARTESIAN_POINT('Ctrl Pts',(5.26495477505831,1.45283361934477,-0.940031114541112));
#4848=CARTESIAN_POINT('Ctrl Pts',(5.34442727706673,1.57691953142553,0.712536885510162));
#4849=CARTESIAN_POINT('Ctrl Pts',(5.42389977907512,0.254692090370056,1.71158288169365));
#4850=CARTESIAN_POINT('Ctrl Pts',(5.50337228108354,-1.30113292107469,1.14080548013212));
#4851=CARTESIAN_POINT('Ctrl Pts',(5.58284478309194,-1.66358954532323,-0.476291766142427));
#4852=CARTESIAN_POINT('Ctrl Pts',(5.66231728510035,-0.500241126518159,-1.6565454527853));
#4853=CARTESIAN_POINT('Ctrl Pts',(5.74178978710876,1.12191663965867,-1.31745477169458));
#4854=CARTESIAN_POINT('Ctrl Pts',(5.82126228911717,1.71507895951923,0.229974312518322));
#4855=CARTESIAN_POINT('Ctrl Pts',(5.90073479112558,0.735211361617751,1.56647638844382));
#4856=CARTESIAN_POINT('Ctrl Pts',(5.98020729313398,-0.918974734148958,1.46624331534697));
#4857=CARTESIAN_POINT('Ctrl Pts',(6.0596797951424,-1.73029890658536,0.0212065007326349));
#4858=CARTESIAN_POINT('Ctrl Pts',(6.1391522971508,-0.954633785250301,-1.44328041553349));
#4859=CARTESIAN_POINT('Ctrl Pts',(6.21862479915921,0.696598898948508,-1.58402461969111));
#4860=CARTESIAN_POINT('Ctrl Pts',(6.29809730116762,1.70892752415678,-0.271938851551581));
#4861=CARTESIAN_POINT('Ctrl Pts',(6.37756980317602,1.15386818284299,1.28956280902732));
#4862=CARTESIAN_POINT('Ctrl Pts',(6.45704230518444,-0.459491805616826,1.66830791593603));
#4863=CARTESIAN_POINT('Ctrl Pts',(6.53651480719284,-1.65141676148528,0.516920401695762));
#4864=CARTESIAN_POINT('Ctrl Pts',(6.61598730920125,-1.32870126415953,-1.10857429720551));
#4865=CARTESIAN_POINT('Ctrl Pts',(6.69545981120966,0.212667653576128,-1.71731083119109));
#4866=CARTESIAN_POINT('Ctrl Pts',(6.77493231321806,1.558982821886,-0.750970427425874));
#4867=CARTESIAN_POINT('Ctrl Pts',(6.85440481522648,1.47543576344965,0.904142317192147));
#4868=CARTESIAN_POINT('Ctrl Pts',(6.93387731723488,0.0386538671881208,1.72999708102506));
#4869=CARTESIAN_POINT('Ctrl Pts',(7.01334981924329,-1.433580443195,0.969139378362398));
#4870=CARTESIAN_POINT('Ctrl Pts',(7.0928223212517,-1.59096862702052,-0.680590074597234));
#4871=CARTESIAN_POINT('Ctrl Pts',(7.17229482326011,-0.289157959018475,-1.70609838419128));
#4872=CARTESIAN_POINT('Ctrl Pts',(7.25176732526851,1.27786156013907,-1.16681354762565));
#4873=CARTESIAN_POINT('Ctrl Pts',(7.33123982727692,1.67285663476591,0.442645118942362));
#4874=CARTESIAN_POINT('Ctrl Pts',(7.41071232928532,0.533547110757162,1.64612013607954));
#4875=CARTESIAN_POINT('Ctrl Pts',(7.49018483129374,-1.0951192228015,1.33981263975769));
#4876=CARTESIAN_POINT('Ctrl Pts',(7.56965733330214,-1.71936806792805,-0.195339368262543));
#4877=CARTESIAN_POINT('Ctrl Pts',(7.64912983531056,-0.766653126353081,-1.55133072091571));
#4878=CARTESIAN_POINT('Ctrl Pts',(7.72860233731896,0.88921795716257,-1.4844781731179));
#4879=CARTESIAN_POINT('Ctrl Pts',(7.80807483932737,1.7295193304533,-0.0560973028959257));
#4880=CARTESIAN_POINT('Ctrl Pts',(7.88754734133578,0.983546418790146,1.42373468872852));
#4881=CARTESIAN_POINT('Ctrl Pts',(7.96701984334418,-0.664512040408558,1.59775084727121));
#4882=CARTESIAN_POINT('Ctrl Pts',(8.0464923453526,-1.70309574949502,0.306347661743704));
#4883=CARTESIAN_POINT('Ctrl Pts',(8.125964847361,-1.17964025805393,-1.26603036432081));
#4884=CARTESIAN_POINT('Ctrl Pts',(8.20543734936942,0.425753419274248,-1.67723523924943));
#4885=CARTESIAN_POINT('Ctrl Pts',(8.2849098513778,1.64065611518685,-0.55011956291685));
#4886=CARTESIAN_POINT('Ctrl Pts',(8.36438235338624,1.35078776856296,1.08155278470564));
#4887=CARTESIAN_POINT('Ctrl Pts',(8.44385485539462,-0.177991218707001,1.72125046052776));
#4888=CARTESIAN_POINT('Ctrl Pts',(8.52332735740304,-1.54352086368223,0.782257863611154));
#4889=CARTESIAN_POINT('Ctrl Pts',(8.60279985941145,-1.49336962482068,-0.874203171732271));
#4890=CARTESIAN_POINT('Ctrl Pts',(8.68227236141984,-0.0735350340168414,
-1.72886570345298));
#4891=CARTESIAN_POINT('Ctrl Pts',(8.76174486342827,1.41374415335797,-0.997853441468221));
#4892=CARTESIAN_POINT('Ctrl Pts',(8.84121736543667,1.6043705907529,0.648366431372737));
#4893=CARTESIAN_POINT('Ctrl Pts',(8.92068986744508,0.323506211690418,1.69991992540871));
#4894=CARTESIAN_POINT('Ctrl Pts',(9.00016236945349,-1.25407042469783,1.19234700976772));
#4895=CARTESIAN_POINT('Ctrl Pts',(9.07963487146189,-1.68144328412224,-0.40881842434512));
#4896=CARTESIAN_POINT('Ctrl Pts',(9.15910737347031,-0.566636072906774,-1.63502525444857));
#4897=CARTESIAN_POINT('Ctrl Pts',(9.23857987547871,1.06787636250164,-1.36162553450428));
#4898=CARTESIAN_POINT('Ctrl Pts',(9.31805237748712,1.72295781756799,0.160624969058954));
#4899=CARTESIAN_POINT('Ctrl Pts',(9.39752487949553,0.797783052339851,1.53555404437719));
#4900=CARTESIAN_POINT('Ctrl Pts',(9.47699738150392,-0.859099487768736,1.50210921437801));
#4901=CARTESIAN_POINT('Ctrl Pts',(9.55646988351236,-1.72803626649204,0.0909652872917843));
#4902=CARTESIAN_POINT('Ctrl Pts',(9.63594238552074,-1.01205899150217,-1.40360985303019));
#4903=CARTESIAN_POINT('Ctrl Pts',(9.71541488752917,0.632154889351751,-1.61082718429771));
#4904=CARTESIAN_POINT('Ctrl Pts',(9.79488738953756,1.69657123488485,-0.340631863989715));
#4905=CARTESIAN_POINT('Ctrl Pts',(9.87435989154598,1.20493251060562,1.24198295748753));
#4906=CARTESIAN_POINT('Ctrl Pts',(9.95383239355437,-0.391841856290379,1.68548034146434));
#4907=CARTESIAN_POINT('Ctrl Pts',(10.0333048955628,-1.62922812647218,0.583094961147658));
#4908=CARTESIAN_POINT('Ctrl Pts',(10.1127773975712,-1.37232483547917,-1.0540913469576));
#4909=CARTESIAN_POINT('Ctrl Pts',(10.1922498995796,0.143242385308491,-1.724489965426));
#4910=CARTESIAN_POINT('Ctrl Pts',(10.271722401588,1.52743107315386,-0.813227113768293));
#4911=CARTESIAN_POINT('Ctrl Pts',(10.3511949035964,1.51069605305288,0.843908441179646));
#4912=CARTESIAN_POINT('Ctrl Pts',(10.4306674056048,0.108386290222091,1.72703110391669));
#4913=CARTESIAN_POINT('Ctrl Pts',(10.5101399076132,-1.39333281831158,1.02616162431642));
#4914=CARTESIAN_POINT('Ctrl Pts',(10.5896124096216,-1.61711997132865,-0.615879062912402));
#4915=CARTESIAN_POINT('Ctrl Pts',(10.6690849116301,-0.357722877118084,-1.69305001845492));
#4916=CARTESIAN_POINT('Ctrl Pts',(10.7485574136385,1.22976919187568,-1.21739548073634));
#4917=CARTESIAN_POINT('Ctrl Pts',(10.8280299156469,1.6893460007436,0.374825441472995));
#4918=CARTESIAN_POINT('Ctrl Pts',(10.9075024176553,0.599494553919882,1.62326532077298));
#4919=CARTESIAN_POINT('Ctrl Pts',(10.9869749196637,-1.04019913988458,1.38288458346578));
#4920=CARTESIAN_POINT('Ctrl Pts',(11.0664474216721,-1.72584674829622,-0.125845235106764));
#4921=CARTESIAN_POINT('Ctrl Pts',(11.1459199236805,-0.828588477375582,-1.5191527760446));
#4922=CARTESIAN_POINT('Ctrl Pts',(11.2253924256889,0.82863157675673,-1.51912926764191));
#4923=CARTESIAN_POINT('Ctrl Pts',(11.3048649276973,1.72585031794266,-0.12579627124942));
#4924=CARTESIAN_POINT('Ctrl Pts',(11.3843374297057,1.04015990580149,1.38291409428273));
#4925=CARTESIAN_POINT('Ctrl Pts',(11.4638099317141,-0.599540607159355,1.62324831192761));
#4926=CARTESIAN_POINT('Ctrl Pts',(11.5432824337225,-1.68935663419321,0.374777513072119));
#4927=CARTESIAN_POINT('Ctrl Pts',(11.622754935731,-1.22973465279162,-1.21743036988687));
#4928=CARTESIAN_POINT('Ctrl Pts',(11.7022274377394,0.357770910313218,-1.69303986886626));
#4929=CARTESIAN_POINT('Ctrl Pts',(11.7816999397478,1.6171374437044,-0.61583318351703));
#4930=CARTESIAN_POINT('Ctrl Pts',(11.8611724417562,1.3933037046522,1.02620115396254));
#4931=CARTESIAN_POINT('Ctrl Pts',(11.9406449437646,-0.108435287621569,1.7270280282659));
#4932=CARTESIAN_POINT('Ctrl Pts',(12.020117445773,-1.51071999480984,0.843865580936914));
#4933=CARTESIAN_POINT('Ctrl Pts',(12.0995899477814,-1.52740800069156,-0.813270447803053));
#4934=CARTESIAN_POINT('Ctrl Pts',(12.1790624497898,-0.143193459693663,-1.72449402905442));
#4935=CARTESIAN_POINT('Ctrl Pts',(12.2585349517982,1.3723547399718,-1.05405241168183));
#4936=CARTESIAN_POINT('Ctrl Pts',(12.3380074538066,1.62921158377449,0.583141182088878));
#4937=CARTESIAN_POINT('Ctrl Pts',(12.417479955815,0.391794035885249,1.68549146048767));
#4938=CARTESIAN_POINT('Ctrl Pts',(12.4969524578234,-1.20496774310547,1.24194876666352));
#4939=CARTESIAN_POINT('Ctrl Pts',(12.5764249598319,-1.69656157620481,-0.340679986986393));
#4940=CARTESIAN_POINT('Ctrl Pts',(12.6558974618402,-0.632109177042738,-1.61084513762872));
#4941=CARTESIAN_POINT('Ctrl Pts',(12.7353699638487,1.01209879099638,-1.40358110301761));
#4942=CARTESIAN_POINT('Ctrl Pts',(12.8148424658571,1.72803372635462,0.0910142439800325));
#4943=CARTESIAN_POINT('Ctrl Pts',(12.8943149678655,0.859056792762795,1.50213371862074));
#4944=CARTESIAN_POINT('Ctrl Pts',(12.9737874698739,-0.797826467982588,1.53553116031827));
#4945=CARTESIAN_POINT('Ctrl Pts',(13.0532599718823,-1.72296265707435,0.160576561264249));
#4946=CARTESIAN_POINT('Ctrl Pts',(13.1327324738907,-1.06783719380411,-1.36165673104162));
#4947=CARTESIAN_POINT('Ctrl Pts',(13.2122049758991,0.566681438469365,-1.63500746753697));
#4948=CARTESIAN_POINT('Ctrl Pts',(13.2916774779075,1.68145682179324,-0.408773968475532));
#4949=CARTESIAN_POINT('Ctrl Pts',(13.3711499799159,1.25403291198466,1.19238875792945));
#4950=CARTESIAN_POINT('Ctrl Pts',(13.4506224819243,-0.323547442291857,1.69989902876442));
#4951=CARTESIAN_POINT('Ctrl Pts',(13.5300949839327,-1.60440227519252,0.648343169308381));
#4952=CARTESIAN_POINT('Ctrl Pts',(13.6095674859412,-1.41369060032374,-0.997935820668014));
#4953=CARTESIAN_POINT('Ctrl Pts',(13.6890399879495,0.0735361390768825,-1.72878332878087));
#4954=CARTESIAN_POINT('Ctrl Pts',(13.768512489958,1.49348549898788,-0.874313324764552));
#4955=CARTESIAN_POINT('Ctrl Pts',(13.8479849919664,1.54332559058014,0.782591605907219));
#4956=CARTESIAN_POINT('Ctrl Pts',(13.9274574939748,0.178272005619723,1.72070252735901));
#4957=CARTESIAN_POINT('Ctrl Pts',(14.0069299959832,-1.35145208642249,1.08258410379157));
#4958=CARTESIAN_POINT('Ctrl Pts',(14.0864024979916,-1.63937226492961,-0.552361207653389));
#4959=CARTESIAN_POINT('Ctrl Pts',(14.1393841659972,-0.832255157750358,-1.29866760249769));
#4960=CARTESIAN_POINT('Ctrl Pts',(14.165875,-0.360038199177002,-1.41852202842726));
#4961=CARTESIAN_POINT('Ctrl Pts',(0.790014773719376,0.795408277542868,-1.11329858282326));
#4962=CARTESIAN_POINT('Ctrl Pts',(0.816505607722179,1.16601829291761,-0.848512227646386));
#4963=CARTESIAN_POINT('Ctrl Pts',(0.869487275727785,1.61556420074102,0.0756861664260243));
#4964=CARTESIAN_POINT('Ctrl Pts',(0.948959777736191,0.809465162973244,1.401992429693));
#4965=CARTESIAN_POINT('Ctrl Pts',(1.0284322797446,-0.739718853068108,1.43824604702332));
#4966=CARTESIAN_POINT('Ctrl Pts',(1.10790478175301,-1.61010180141514,0.157475403759187));
#4967=CARTESIAN_POINT('Ctrl Pts',(1.18737728376142,-1.00392082305213,-1.26882250142892));
#4968=CARTESIAN_POINT('Ctrl Pts',(1.26684978576982,0.523129196533873,-1.5308114600977));
#4969=CARTESIAN_POINT('Ctrl Pts',(1.34632228777823,1.57032662583252,-0.389078836239556));
#4970=CARTESIAN_POINT('Ctrl Pts',(1.42579478978664,1.17728433006667,1.10966697739591));
#4971=CARTESIAN_POINT('Ctrl Pts',(1.50526729179505,-0.295549445174539,1.59056859057227));
#4972=CARTESIAN_POINT('Ctrl Pts',(1.58473979380346,-1.49730482787577,0.612682406267932));
#4973=CARTESIAN_POINT('Ctrl Pts',(1.66421229581186,-1.32577149068518,-0.927164857366244));
#4974=CARTESIAN_POINT('Ctrl Pts',(1.74368479782027,0.0617302051421692,-1.61662617100105));
#4975=CARTESIAN_POINT('Ctrl Pts',(1.82315729982868,1.39261333148157,-0.823362583415007));
#4976=CARTESIAN_POINT('Ctrl Pts',(1.90262980183709,1.4462249689362,0.725073113699935));
#4977=CARTESIAN_POINT('Ctrl Pts',(1.9821023038455,0.173392919170129,1.60848708814281));
#4978=CARTESIAN_POINT('Ctrl Pts',(2.0615748058539,-1.25847086305458,1.01663563248175));
#4979=CARTESIAN_POINT('Ctrl Pts',(2.14104730786231,-1.5360949734162,-0.507650511272489));
#4980=CARTESIAN_POINT('Ctrl Pts',(2.22051980987072,-0.404849007294205,-1.56633133420938));
#4981=CARTESIAN_POINT('Ctrl Pts',(2.29999231187913,1.09771488418615,-1.18841018572016));
#4982=CARTESIAN_POINT('Ctrl Pts',(2.37946481388753,1.59348062006173,0.279492791476338));
#4983=CARTESIAN_POINT('Ctrl Pts',(2.45893731589595,0.627743557019731,1.4910515428756));
#4984=CARTESIAN_POINT('Ctrl Pts',(2.53840981790435,-0.913745068139798,1.33505305238453));
#4985=CARTESIAN_POINT('Ctrl Pts',(2.61788231991276,-1.61716829790024,-0.0454245792198341));
#4986=CARTESIAN_POINT('Ctrl Pts',(2.69735482192117,-0.83736295550926,-1.38423985397221));
#4987=CARTESIAN_POINT('Ctrl Pts',(2.77682732392957,0.710451913724647,-1.45346302828186));
#4988=CARTESIAN_POINT('Ctrl Pts',(2.85629982593799,1.60665706623184,-0.189604237006614));
#4989=CARTESIAN_POINT('Ctrl Pts',(2.93577232794638,1.02927430083429,1.24815508187993));
#4990=CARTESIAN_POINT('Ctrl Pts',(3.0152448299548,-0.492134545512186,1.54113603696323));
#4991=CARTESIAN_POINT('Ctrl Pts',(3.0947173319632,-1.56216920917548,0.42062341473077));
#4992=CARTESIAN_POINT('Ctrl Pts',(3.17418983397161,-1.1994191669016,-1.08567506978366));
#4993=CARTESIAN_POINT('Ctrl Pts',(3.25366233598003,0.263409809338312,-1.59621802003979));
#4994=CARTESIAN_POINT('Ctrl Pts',(3.33313483798842,1.4846455292375,-0.642747499129805));
#4995=CARTESIAN_POINT('Ctrl Pts',(3.41260733999684,1.34419943162907,0.900235848613369));
#4996=CARTESIAN_POINT('Ctrl Pts',(3.49207984200524,-0.029114639580624,1.61754413630444));
#4997=CARTESIAN_POINT('Ctrl Pts',(3.57155234401365,-1.37572545094936,0.851279142664541));
#4998=CARTESIAN_POINT('Ctrl Pts',(3.65102484602206,-1.46055336832389,-0.695758976516587));
#4999=CARTESIAN_POINT('Ctrl Pts',(3.73049734803047,-0.205796229214932,-1.60466339372716));
#5000=CARTESIAN_POINT('Ctrl Pts',(3.80996985003888,1.23771235117382,-1.04180844250658));
#5001=CARTESIAN_POINT('Ctrl Pts',(3.88944235204728,1.54602039331687,0.476568608465416));
#5002=CARTESIAN_POINT('Ctrl Pts',(3.9689148540557,0.436355042072049,1.5578481865653));
#5003=CARTESIAN_POINT('Ctrl Pts',(4.0483873560641,-1.07352484864685,1.21030619863905));
#5004=CARTESIAN_POINT('Ctrl Pts',(4.12785985807251,-1.59879310092792,-0.247300051661256));
#5005=CARTESIAN_POINT('Ctrl Pts',(4.20733236008092,-0.657686078699095,-1.47808853490304));
#5006=CARTESIAN_POINT('Ctrl Pts',(4.28680486208932,0.886635082766375,-1.35320912099137));
#5007=CARTESIAN_POINT('Ctrl Pts',(4.36627736409774,1.61775548540504,0.0128017408301781));
#5008=CARTESIAN_POINT('Ctrl Pts',(4.44574986610614,0.865108762313746,1.36707114829272));
#5009=CARTESIAN_POINT('Ctrl Pts',(4.52522236811455,-0.680995286858375,1.46749518377508));
#5010=CARTESIAN_POINT('Ctrl Pts',(4.60469487012296,-1.60250654154863,0.221967293582259));
#5011=CARTESIAN_POINT('Ctrl Pts',(4.68416737213136,-1.05423664168959,-1.2271437562264));
#5012=CARTESIAN_POINT('Ctrl Pts',(4.76363987413978,0.460954208703153,-1.55074753348352));
#5013=CARTESIAN_POINT('Ctrl Pts',(4.84311237614818,1.55336874493038,-0.452042296029708));
#5014=CARTESIAN_POINT('Ctrl Pts',(4.92258487815659,1.22107015321105,1.06126545975242));
#5015=CARTESIAN_POINT('Ctrl Pts',(5.00205738016499,-0.231165145810475,1.60120559906866));
#5016=CARTESIAN_POINT('Ctrl Pts',(5.08152988217341,-1.47138123237217,0.672557777554716));
#5017=CARTESIAN_POINT('Ctrl Pts',(5.1610023841818,-1.36208120125972,-0.872944154170962));
#5018=CARTESIAN_POINT('Ctrl Pts',(5.24047488619022,-0.00351245974142549,
-1.61780232344775));
#5019=CARTESIAN_POINT('Ctrl Pts',(5.31994738819863,1.35827782690022,-0.878850408247955));
#5020=CARTESIAN_POINT('Ctrl Pts',(5.39941989020703,1.47428776827672,0.666162346155975));
#5021=CARTESIAN_POINT('Ctrl Pts',(5.47889239221544,0.238115785889196,1.60018672899033));
#5022=CARTESIAN_POINT('Ctrl Pts',(5.55836489422385,-1.21645037188961,1.06655763456835));
#5023=CARTESIAN_POINT('Ctrl Pts',(5.63783739623226,-1.55531697669184,-0.44529293407883));
#5024=CARTESIAN_POINT('Ctrl Pts',(5.71730989824068,-0.467683581386047,-1.54873133978373));
#5025=CARTESIAN_POINT('Ctrl Pts',(5.79678240024906,1.04889814978679,-1.231709936024));
#5026=CARTESIAN_POINT('Ctrl Pts',(5.87625490225749,1.60345526912346,0.215006732561112));
#5027=CARTESIAN_POINT('Ctrl Pts',(5.95572740426589,0.687361083384693,1.46452430371592));
#5028=CARTESIAN_POINT('Ctrl Pts',(6.0351999062743,-0.85916445507298,1.37081477022446));
#5029=CARTESIAN_POINT('Ctrl Pts',(6.11467240828271,-1.61768464566821,0.0198263031277319));
#5030=CARTESIAN_POINT('Ctrl Pts',(6.19414491029111,-0.892502683067121,-1.3493463809728));
#5031=CARTESIAN_POINT('Ctrl Pts',(6.27361741229952,0.651261662785302,-1.48093043108463));
#5032=CARTESIAN_POINT('Ctrl Pts',(6.35308991430793,1.59770419195594,-0.254240063980498));
#5033=CARTESIAN_POINT('Ctrl Pts',(6.43256241631634,1.07877016820973,1.20563328558362));
#5034=CARTESIAN_POINT('Ctrl Pts',(6.51203491832474,-0.42958637720206,1.55972825827091));
#5035=CARTESIAN_POINT('Ctrl Pts',(6.59150742033316,-1.54393644270736,0.48327730756422));
#5036=CARTESIAN_POINT('Ctrl Pts',(6.67097992234155,-1.24222446510849,-1.03642417639319));
#5037=CARTESIAN_POINT('Ctrl Pts',(6.75045242434998,0.198826455077232,-1.60554188232129));
#5038=CARTESIAN_POINT('Ctrl Pts',(6.82992492635836,1.45751844622174,-0.702094490827099));
#5039=CARTESIAN_POINT('Ctrl Pts',(6.9093974283668,1.37940893976084,0.845297386742841));
#5040=CARTESIAN_POINT('Ctrl Pts',(6.98886993037517,0.0361381303588351,1.61740246403317));
#5041=CARTESIAN_POINT('Ctrl Pts',(7.06834243238362,-1.34027771875747,0.906064198458735));
#5042=CARTESIAN_POINT('Ctrl Pts',(7.147814934392,-1.48742249670026,-0.636294752010699));
#5043=CARTESIAN_POINT('Ctrl Pts',(7.22728743640043,-0.270338488163334,-1.59505918289697));
#5044=CARTESIAN_POINT('Ctrl Pts',(7.30675993840882,1.19469359730801,-1.09087300070981));
#5045=CARTESIAN_POINT('Ctrl Pts',(7.38623244041724,1.56398092963338,0.413836135287241));
#5046=CARTESIAN_POINT('Ctrl Pts',(7.46570494242564,0.498821888823708,1.53898454129882));
#5047=CARTESIAN_POINT('Ctrl Pts',(7.54517744443405,-1.0238448080616,1.25261267123229));
#5048=CARTESIAN_POINT('Ctrl Pts',(7.62464994644247,-1.60746522647253,-0.182625958746304));
#5049=CARTESIAN_POINT('Ctrl Pts',(7.70412244845086,-0.716756501628023,-1.45036437232178));
#5050=CARTESIAN_POINT('Ctrl Pts',(7.78359495045928,0.831344359335619,-1.38786283591976));
#5051=CARTESIAN_POINT('Ctrl Pts',(7.86306745246767,1.61695580723794,-0.0524462826698725));
#5052=CARTESIAN_POINT('Ctrl Pts',(7.94253995447609,0.919533575339682,1.33107276245493));
#5053=CARTESIAN_POINT('Ctrl Pts',(8.02201245648449,-0.621263135831228,1.49376330493942));
#5054=CARTESIAN_POINT('Ctrl Pts',(8.10148495849291,-1.59225197078685,0.286409421373988));
#5055=CARTESIAN_POINT('Ctrl Pts',(8.18095746050131,-1.10286490132033,-1.18363241952985));
#5056=CARTESIAN_POINT('Ctrl Pts',(8.26042996250972,0.398043809991105,-1.56807455832118));
#5057=CARTESIAN_POINT('Ctrl Pts',(8.33990246451813,1.53387613912156,-0.514315744421584));
#5058=CARTESIAN_POINT('Ctrl Pts',(8.41937496652654,1.26287349800907,1.01116132399965));
#5059=CARTESIAN_POINT('Ctrl Pts',(8.49884746853494,-0.166406891011853,1.60922510599051));
#5060=CARTESIAN_POINT('Ctrl Pts',(8.57831997054335,-1.44306280952047,0.731345624793966));
#5061=CARTESIAN_POINT('Ctrl Pts',(8.65779247255177,-1.39617559901667,-0.81730679174764));
#5062=CARTESIAN_POINT('Ctrl Pts',(8.73726497456015,-0.0687491016696629,
-1.61634472070348));
#5063=CARTESIAN_POINT('Ctrl Pts',(8.81673747656859,1.32173244812576,-0.932909443996516));
#5064=CARTESIAN_POINT('Ctrl Pts',(8.89620997857698,1.49995221099943,0.606168342825925));
#5065=CARTESIAN_POINT('Ctrl Pts',(8.97568248058539,0.302451229344328,1.58928284109358));
#5066=CARTESIAN_POINT('Ctrl Pts',(9.05515498259381,-1.17245087707059,1.11474465057375));
#5067=CARTESIAN_POINT('Ctrl Pts',(9.13462748460219,-1.57200872804938,-0.382211007249882));
#5068=CARTESIAN_POINT('Ctrl Pts',(9.21409998661062,-0.529757298773286,-1.52861175565374));
#5069=CARTESIAN_POINT('Ctrl Pts',(9.29357248861902,0.998375014002645,-1.2730059020058));
#5070=CARTESIAN_POINT('Ctrl Pts',(9.37304499062744,1.61082134191144,0.150170901205948));
#5071=CARTESIAN_POINT('Ctrl Pts',(9.45251749263583,0.74586037674343,1.43561450032052));
#5072=CARTESIAN_POINT('Ctrl Pts',(9.53198999464426,-0.803186111472202,1.40434638371897));
#5073=CARTESIAN_POINT('Ctrl Pts',(9.61146249665264,-1.61556926657173,0.08504492950939));
#5074=CARTESIAN_POINT('Ctrl Pts',(9.69093499866107,-0.946190444224706,-1.31225772559518));
#5075=CARTESIAN_POINT('Ctrl Pts',(9.77040750066947,0.59101190799831,-1.50598858552467));
#5076=CARTESIAN_POINT('Ctrl Pts',(9.84988000267788,1.58615209575073,-0.318462280767977));
#5077=CARTESIAN_POINT('Ctrl Pts',(9.92935250468629,1.12651104040734,1.16115010699167));
#5078=CARTESIAN_POINT('Ctrl Pts',(10.0088250066947,-0.366339337116026,1.5757830387486));
#5079=CARTESIAN_POINT('Ctrl Pts',(10.0882975087031,-1.52319192623543,0.545144981612771));
#5080=CARTESIAN_POINT('Ctrl Pts',(10.1677700107115,-1.28300885284891,-0.985487178322327));
#5081=CARTESIAN_POINT('Ctrl Pts',(10.2472425127199,0.133919640381507,-1.61225377191263));
#5082=CARTESIAN_POINT('Ctrl Pts',(10.3267150147283,1.42802020214743,-0.760299281457788));
#5083=CARTESIAN_POINT('Ctrl Pts',(10.4061875167368,1.41237435913195,0.788983754454418));
#5084=CARTESIAN_POINT('Ctrl Pts',(10.4856600187451,0.101332109051168,1.61462952369936));
#5085=CARTESIAN_POINT('Ctrl Pts',(10.5651325207536,-1.30264955835656,0.959375225466998));
#5086=CARTESIAN_POINT('Ctrl Pts',(10.6446050227619,-1.51187181467061,-0.575795372620352));
#5087=CARTESIAN_POINT('Ctrl Pts',(10.7240775247704,-0.334440947466231,-1.58286005312671));
#5088=CARTESIAN_POINT('Ctrl Pts',(10.8035500267788,1.14973125847892,-1.13816287428596));
#5089=CARTESIAN_POINT('Ctrl Pts',(10.8830225287872,1.57939710660569,0.350430413594409));
#5090=CARTESIAN_POINT('Ctrl Pts',(10.9624950307956,0.560477228152299,1.5176172020141));
#5091=CARTESIAN_POINT('Ctrl Pts',(11.041967532804,-0.972499127534726,1.29288133332905));
#5092=CARTESIAN_POINT('Ctrl Pts',(11.1214400348124,-1.61352225032887,-0.117654761144396));
#5093=CARTESIAN_POINT('Ctrl Pts',(11.2009125368208,-0.774660870631464,-1.42028068727231));
#5094=CARTESIAN_POINT('Ctrl Pts',(11.2803850388292,0.77470116494526,-1.42025870888353));
#5095=CARTESIAN_POINT('Ctrl Pts',(11.3598575408376,1.6135255876495,-0.117608984036233));
#5096=CARTESIAN_POINT('Ctrl Pts',(11.439330042846,0.972462446951078,1.29290892347273));
#5097=CARTESIAN_POINT('Ctrl Pts',(11.5188025448545,-0.560520284076379,1.51760130016738));
#5098=CARTESIAN_POINT('Ctrl Pts',(11.5982750468628,-1.57940704799102,0.350385604551373));
#5099=CARTESIAN_POINT('Ctrl Pts',(11.6777475488713,-1.14969896732637,-1.13819549272135));
#5100=CARTESIAN_POINT('Ctrl Pts',(11.7572200508797,0.334485854483125,-1.58285056411087));
#5101=CARTESIAN_POINT('Ctrl Pts',(11.8366925528881,1.51188814987942,-0.575752479225955));
#5102=CARTESIAN_POINT('Ctrl Pts',(11.9161650548965,1.30262233952196,0.959412182377345));
#5103=CARTESIAN_POINT('Ctrl Pts',(11.9956375569049,-0.101377917518418,1.61462664822331));
#5104=CARTESIAN_POINT('Ctrl Pts',(12.0751100589133,-1.41239674267069,0.788943683715025));
#5105=CARTESIAN_POINT('Ctrl Pts',(12.1545825609217,-1.42799863132644,-0.76033979515307));
#5106=CARTESIAN_POINT('Ctrl Pts',(12.2340550629301,-0.133873899026896,-1.61225757106506));
#5107=CARTESIAN_POINT('Ctrl Pts',(12.3135275649385,1.28303681104641,-0.985450777098515));
#5108=CARTESIAN_POINT('Ctrl Pts',(12.3930000669469,1.52317646019778,0.545188194323949));
#5109=CARTESIAN_POINT('Ctrl Pts',(12.4724725689553,0.366294629039974,1.57579343410472));
#5110=CARTESIAN_POINT('Ctrl Pts',(12.5519450709637,-1.12654397984562,1.16111814143312));
#5111=CARTESIAN_POINT('Ctrl Pts',(12.6314175729722,-1.58614306569336,-0.318507271741799));
#5112=CARTESIAN_POINT('Ctrl Pts',(12.7108900749806,-0.590969170815673,-1.50600537038639));
#5113=CARTESIAN_POINT('Ctrl Pts',(12.790362576989,0.946227653420429,-1.3122308467399));
#5114=CARTESIAN_POINT('Ctrl Pts',(12.8698350789974,1.61556689175587,0.0850906999150482));
#5115=CARTESIAN_POINT('Ctrl Pts',(12.9493075810058,0.803146195215376,1.40436929313483));
#5116=CARTESIAN_POINT('Ctrl Pts',(13.0287800830142,-0.745900966735339,1.43559310564092));
#5117=CARTESIAN_POINT('Ctrl Pts',(13.1082525850226,-1.61082586644481,0.15012564396981));
#5118=CARTESIAN_POINT('Ctrl Pts',(13.187725087031,-0.998338394549009,-1.27303506815694));
#5119=CARTESIAN_POINT('Ctrl Pts',(13.2671975890394,0.529799711777043,-1.52859512638023));
#5120=CARTESIAN_POINT('Ctrl Pts',(13.3466700910478,1.57202138463861,-0.382169444732938));
#5121=CARTESIAN_POINT('Ctrl Pts',(13.4261425930562,1.17241580582373,1.1147836816105));
#5122=CARTESIAN_POINT('Ctrl Pts',(13.5056150950646,-0.302489776505518,1.5892633044803));
#5123=CARTESIAN_POINT('Ctrl Pts',(13.5850875970731,-1.49998183329837,0.606146594742876));
#5124=CARTESIAN_POINT('Ctrl Pts',(13.6645600990815,-1.32168238052133,-0.932986461652888));
#5125=CARTESIAN_POINT('Ctrl Pts',(13.7440326010899,0.068750134808292,-1.6162677072801));
#5126=CARTESIAN_POINT('Ctrl Pts',(13.8235051030983,1.39628393166393,-0.817409775612644));
#5127=CARTESIAN_POINT('Ctrl Pts',(13.9029776051067,1.44288024551505,0.731657645905394));
#5128=CARTESIAN_POINT('Ctrl Pts',(13.9824501071151,0.166669403272426,1.60871283434162));
#5129=CARTESIAN_POINT('Ctrl Pts',(14.0619226091235,-1.26349457960203,1.01212552102004));
#5130=CARTESIAN_POINT('Ctrl Pts',(14.1413951111319,-1.53267584659374,-0.516411494616838));
#5131=CARTESIAN_POINT('Ctrl Pts',(14.1943767791375,-0.778088909868079,-1.21414550537579));
#5132=CARTESIAN_POINT('Ctrl Pts',(14.2208676131403,-0.336605579790872,-1.32619936139091));
#5133=CARTESIAN_POINT('Ctrl Pts',(0.845007386859688,0.740036351041158,-1.03579689087083));
#5134=CARTESIAN_POINT('Ctrl Pts',(0.871498220862491,1.08484654623359,-0.789443497748112));
#5135=CARTESIAN_POINT('Ctrl Pts',(0.924479888868097,1.50309755347584,0.0704173139852506));
#5136=CARTESIAN_POINT('Ctrl Pts',(1.0039523908765,0.753114673827844,1.30439346829833));
#5137=CARTESIAN_POINT('Ctrl Pts',(1.08342489288491,-0.688223716393711,1.33812330923493));
#5138=CARTESIAN_POINT('Ctrl Pts',(1.16289739489332,-1.49801541618964,0.146512836824743));
#5139=CARTESIAN_POINT('Ctrl Pts',(1.24236989690173,-0.934033405989673,-1.18049409414874));
#5140=CARTESIAN_POINT('Ctrl Pts',(1.32184239891014,0.486711834231765,-1.42424483004157));
#5141=CARTESIAN_POINT('Ctrl Pts',(1.40131490091854,1.46100916841571,-0.361993318862023));
#5142=CARTESIAN_POINT('Ctrl Pts',(1.48078740292695,1.09532830416581,1.03241809773432));
#5143=CARTESIAN_POINT('Ctrl Pts',(1.56025990493536,-0.274974926882645,1.4798419994873));
#5144=CARTESIAN_POINT('Ctrl Pts',(1.63973240694377,-1.39307074429809,0.570030844640296));
#5145=CARTESIAN_POINT('Ctrl Pts',(1.71920490895218,-1.23347860964169,-0.862620766254136));
#5146=CARTESIAN_POINT('Ctrl Pts',(1.79867741096058,0.0574328895640201,-1.50408559523796));
#5147=CARTESIAN_POINT('Ctrl Pts',(1.87814991296899,1.29566729104771,-0.766044632696739));
#5148=CARTESIAN_POINT('Ctrl Pts',(1.9576224149774,1.34554678271937,0.674597532424638));
#5149=CARTESIAN_POINT('Ctrl Pts',(2.03709491698581,0.161322262820088,1.49651311032764));
#5150=CARTESIAN_POINT('Ctrl Pts',(2.11656741899421,-1.17086307960423,0.945863080686484));
#5151=CARTESIAN_POINT('Ctrl Pts',(2.19603992100262,-1.42916053437517,-0.472310689457242));
#5152=CARTESIAN_POINT('Ctrl Pts',(2.27551242301103,-0.3766656578005,-1.45729200690557));
#5153=CARTESIAN_POINT('Ctrl Pts',(2.35498492501944,1.02129804317118,-1.10567963926312));
#5154=CARTESIAN_POINT('Ctrl Pts',(2.43445742702785,1.4825513095842,0.260036048638311));
#5155=CARTESIAN_POINT('Ctrl Pts',(2.51392992903625,0.584043521349259,1.38725277842546));
#5156=CARTESIAN_POINT('Ctrl Pts',(2.59340243104467,-0.850135188556151,1.24211404033291));
#5157=CARTESIAN_POINT('Ctrl Pts',(2.67287493305307,-1.50458998225983,-0.04226237116524));
#5158=CARTESIAN_POINT('Ctrl Pts',(2.75234743506148,-0.779070376293289,-1.28787672874593));
#5159=CARTESIAN_POINT('Ctrl Pts',(2.83181993706989,0.660994179551592,-1.35228096839233));
#5160=CARTESIAN_POINT('Ctrl Pts',(2.91129243907829,1.494810484424,-0.176405038340529));
#5161=CARTESIAN_POINT('Ctrl Pts',(2.9907649410867,0.95762191482701,1.1612654260794));
#5162=CARTESIAN_POINT('Ctrl Pts',(3.07023744309511,-0.457874859446012,1.4338506669499));
#5163=CARTESIAN_POINT('Ctrl Pts',(3.14970994510352,-1.4534196260043,0.391341938207403));
#5164=CARTESIAN_POINT('Ctrl Pts',(3.22918244711192,-1.11592223604293,-1.01009637407973));
#5165=CARTESIAN_POINT('Ctrl Pts',(3.30865494912034,0.245072674794563,-1.48509814691077));
#5166=CARTESIAN_POINT('Ctrl Pts',(3.38812745112874,1.38129271603825,-0.598002971965832));
#5167=CARTESIAN_POINT('Ctrl Pts',(3.46759995313715,1.25062369922442,0.837566406201214));
#5168=CARTESIAN_POINT('Ctrl Pts',(3.54707245514555,-0.0270878393467014,
1.50493965687232));
#5169=CARTESIAN_POINT('Ctrl Pts',(3.62654495715396,-1.27995505138574,0.792017795440868));
#5170=CARTESIAN_POINT('Ctrl Pts',(3.70601745916237,-1.35887771816285,-0.647324083395291));
#5171=CARTESIAN_POINT('Ctrl Pts',(3.78548996117078,-0.191469833576187,-1.49295560037615));
#5172=CARTESIAN_POINT('Ctrl Pts',(3.86496246317919,1.15154966054761,-0.969283498856847));
#5173=CARTESIAN_POINT('Ctrl Pts',(3.94443496518759,1.43839500141961,0.443392536872987));
#5174=CARTESIAN_POINT('Ctrl Pts',(4.02390746719601,0.405978416632726,1.44939940909748));
#5175=CARTESIAN_POINT('Ctrl Pts',(4.10337996920441,-0.998791984160378,1.12605137282479));
#5176=CARTESIAN_POINT('Ctrl Pts',(4.18285247121283,-1.48749396490499,-0.230084389376773));
#5177=CARTESIAN_POINT('Ctrl Pts',(4.26232497322123,-0.611901610220323,-1.37519218339599));
#5178=CARTESIAN_POINT('Ctrl Pts',(4.34179747522963,0.824912450474394,-1.25900618382753));
#5179=CARTESIAN_POINT('Ctrl Pts',(4.42126997723804,1.50513629301708,0.0119105544138913));
#5180=CARTESIAN_POINT('Ctrl Pts',(4.50074247924646,0.804884673433516,1.27190321343075));
#5181=CARTESIAN_POINT('Ctrl Pts',(4.58021498125485,-0.63358816018323,1.36533628280335));
#5182=CARTESIAN_POINT('Ctrl Pts',(4.65968748326327,-1.49094889632115,0.206515157851435));
#5183=CARTESIAN_POINT('Ctrl Pts',(4.73915998527167,-0.980846515527761,-1.14171679274708));
#5184=CARTESIAN_POINT('Ctrl Pts',(4.81863248728009,0.428865125290777,-1.44279306422403));
#5185=CARTESIAN_POINT('Ctrl Pts',(4.89810498928849,1.44523180142253,-0.420573610704056));
#5186=CARTESIAN_POINT('Ctrl Pts',(4.9775774912969,1.13606600039297,0.987386026139099));
#5187=CARTESIAN_POINT('Ctrl Pts',(5.0570499933053,-0.215072706462069,1.48973851826377));
#5188=CARTESIAN_POINT('Ctrl Pts',(5.13652249531372,-1.36895180618292,0.625738023626647));
#5189=CARTESIAN_POINT('Ctrl Pts',(5.21599499732212,-1.26726063892098,-0.81217460863119));
#5190=CARTESIAN_POINT('Ctrl Pts',(5.29546749933053,-0.00326794171448597,
-1.50517987045423));
#5191=CARTESIAN_POINT('Ctrl Pts',(5.37494000133894,1.26372203445568,-0.817669701954799));
#5192=CARTESIAN_POINT('Ctrl Pts',(5.45441250334735,1.37165600512791,0.619787806801789));
#5193=CARTESIAN_POINT('Ctrl Pts',(5.53388500535575,0.221539481408336,1.488790576287));
#5194=CARTESIAN_POINT('Ctrl Pts',(5.61335750736417,-1.13176782270452,0.992309789004578));
#5195=CARTESIAN_POINT('Ctrl Pts',(5.69283000937257,-1.44704440806046,-0.414294102015233));
#5196=CARTESIAN_POINT('Ctrl Pts',(5.77230251138098,-0.435126036253935,-1.44091722678215));
#5197=CARTESIAN_POINT('Ctrl Pts',(5.85177501338939,0.975879659914909,-1.14596510035341));
#5198=CARTESIAN_POINT('Ctrl Pts',(5.93124751539779,1.49183157872769,0.200039152603901));
#5199=CARTESIAN_POINT('Ctrl Pts',(6.01072001740621,0.639510805151634,1.36257221898802));
#5200=CARTESIAN_POINT('Ctrl Pts',(6.0901925194146,-0.799354175997001,1.27538622510195));
#5201=CARTESIAN_POINT('Ctrl Pts',(6.16966502142303,-1.50507038475105,0.0184461055228281));
#5202=CARTESIAN_POINT('Ctrl Pts',(6.24913752343142,-0.830371580883941,-1.25541234641211));
#5203=CARTESIAN_POINT('Ctrl Pts',(6.32861002543983,0.605924426622094,-1.37783624247816));
#5204=CARTESIAN_POINT('Ctrl Pts',(6.40808252744825,1.48648085975509,-0.236541276409415));
#5205=CARTESIAN_POINT('Ctrl Pts',(6.48755502945664,1.00367215357646,1.12170376213991));
#5206=CARTESIAN_POINT('Ctrl Pts',(6.56702753146506,-0.399680948787292,1.45114860060579));
#5207=CARTESIAN_POINT('Ctrl Pts',(6.64650003347346,-1.43645612392945,0.449634213432677));
#5208=CARTESIAN_POINT('Ctrl Pts',(6.72597253548187,-1.15574766605746,-0.964274055580873));
#5209=CARTESIAN_POINT('Ctrl Pts',(6.80544503749029,0.184985256578335,-1.4937729334515));
#5210=CARTESIAN_POINT('Ctrl Pts',(6.88491753949868,1.35605407055748,-0.653218554228324));
#5211=CARTESIAN_POINT('Ctrl Pts',(6.9643900415071,1.28338211607203,0.786452456293535));
#5212=CARTESIAN_POINT('Ctrl Pts',(7.0438625435155,0.0336223935295493,1.50480784704127));
#5213=CARTESIAN_POINT('Ctrl Pts',(7.12333504552392,-1.24697499431994,0.842989018555072));
#5214=CARTESIAN_POINT('Ctrl Pts',(7.20280754753232,-1.38387636638,-0.591999429424164));
#5215=CARTESIAN_POINT('Ctrl Pts',(7.28228004954073,-0.25151901730819,-1.48401998160266));
#5216=CARTESIAN_POINT('Ctrl Pts',(7.36175255154914,1.11152563447695,-1.01493245379397));
#5217=CARTESIAN_POINT('Ctrl Pts',(7.44122505355754,1.45510522450086,0.385027151632121));
#5218=CARTESIAN_POINT('Ctrl Pts',(7.52069755556596,0.464096666890252,1.4318489465181));
#5219=CARTESIAN_POINT('Ctrl Pts',(7.60017005757436,-0.952570393321694,1.1654127027069));
#5220=CARTESIAN_POINT('Ctrl Pts',(7.67964255958276,-1.49556238501702,-0.169912549230067));
#5221=CARTESIAN_POINT('Ctrl Pts',(7.75911506159118,-0.666859876902963,-1.34939802372784));
#5222=CARTESIAN_POINT('Ctrl Pts',(7.83858756359957,0.773470761508668,-1.29124749872162));
#5223=CARTESIAN_POINT('Ctrl Pts',(7.918060065608,1.50439228402258,-0.0487952624438199));
#5224=CARTESIAN_POINT('Ctrl Pts',(7.9975325676164,0.855520731889218,1.23841083618135));
#5225=CARTESIAN_POINT('Ctrl Pts',(8.07700506962481,-0.578014231253897,1.38977576260763));
#5226=CARTESIAN_POINT('Ctrl Pts',(8.15647757163322,-1.48140819207868,0.266471181004272));
#5227=CARTESIAN_POINT('Ctrl Pts',(8.23595007364162,-1.02608954458672,-1.1012344747389));
#5228=CARTESIAN_POINT('Ctrl Pts',(8.31542257565004,0.370334200707961,-1.45891387739292));
#5229=CARTESIAN_POINT('Ctrl Pts',(8.39489507765843,1.42709616305627,-0.478511925926319));
#5230=CARTESIAN_POINT('Ctrl Pts',(8.47436757966685,1.17495922745518,0.940769863293658));
#5231=CARTESIAN_POINT('Ctrl Pts',(8.55384008167525,-0.154822563316704,1.49719975145325));
#5232=CARTESIAN_POINT('Ctrl Pts',(8.63331258368366,-1.34260475535871,0.680433385976779));
#5233=CARTESIAN_POINT('Ctrl Pts',(8.71278508569208,-1.29898157321267,-0.76041041176301));
#5234=CARTESIAN_POINT('Ctrl Pts',(8.79225758770047,-0.0639631693224839,
-1.50382373795397));
#5235=CARTESIAN_POINT('Ctrl Pts',(8.87173008970889,1.22972074289354,-0.867965446524811));
#5236=CARTESIAN_POINT('Ctrl Pts',(8.95120259171729,1.39553383124595,0.563970254279112));
#5237=CARTESIAN_POINT('Ctrl Pts',(9.0306750937257,0.281396246998237,1.47864575677846));
#5238=CARTESIAN_POINT('Ctrl Pts',(9.11014759573412,-1.09083132944334,1.03714229137979));
#5239=CARTESIAN_POINT('Ctrl Pts',(9.1896200977425,-1.46257417197651,-0.355603590154645));
#5240=CARTESIAN_POINT('Ctrl Pts',(9.26909259975094,-0.492878524639795,-1.42219825685892));
#5241=CARTESIAN_POINT('Ctrl Pts',(9.34856510175933,0.928873665503642,-1.18438626950732));
#5242=CARTESIAN_POINT('Ctrl Pts',(9.42803760376775,1.4986848662549,0.139716833352943));
#5243=CARTESIAN_POINT('Ctrl Pts',(9.50751010577615,0.693937701147008,1.33567495626385));
#5244=CARTESIAN_POINT('Ctrl Pts',(9.58698260778456,-0.747272735175665,1.30658355305994));
#5245=CARTESIAN_POINT('Ctrl Pts',(9.66645510979296,-1.50310226665143,0.0791245717269952));
#5246=CARTESIAN_POINT('Ctrl Pts',(9.74592761180138,-0.880321896947237,-1.22090559816018));
#5247=CARTESIAN_POINT('Ctrl Pts',(9.82540011380977,0.549868926644868,-1.40114998675162));
#5248=CARTESIAN_POINT('Ctrl Pts',(9.90487261581821,1.47573295661661,-0.296292697546241));
#5249=CARTESIAN_POINT('Ctrl Pts',(9.98434511782658,1.04808957020906,1.08031725649581));
#5250=CARTESIAN_POINT('Ctrl Pts',(10.063817619835,-0.340836817941672,1.46608573603287));
#5251=CARTESIAN_POINT('Ctrl Pts',(10.1432901218434,-1.41715572599868,0.507195002077885));
#5252=CARTESIAN_POINT('Ctrl Pts',(10.2227626238518,-1.19369287021865,-0.916883009687056));
#5253=CARTESIAN_POINT('Ctrl Pts',(10.3022351258603,0.124596895454521,-1.50001757839925));
#5254=CARTESIAN_POINT('Ctrl Pts',(10.3817076278686,1.328609331141,-0.707371449147285));
#5255=CARTESIAN_POINT('Ctrl Pts',(10.4611801298771,1.31405266521102,0.734059067729192));
#5256=CARTESIAN_POINT('Ctrl Pts',(10.5406526318854,0.0942779278802443,1.50222794348203));
#5257=CARTESIAN_POINT('Ctrl Pts',(10.6201251338939,-1.21196629840153,0.892588826617573));
#5258=CARTESIAN_POINT('Ctrl Pts',(10.6995976359023,-1.40662365801256,-0.535711682328302));
#5259=CARTESIAN_POINT('Ctrl Pts',(10.7790701379107,-0.311159017814375,-1.4726700877985));
#5260=CARTESIAN_POINT('Ctrl Pts',(10.8585426399191,1.06969332508215,-1.05893026783558));
#5261=CARTESIAN_POINT('Ctrl Pts',(10.9380151419275,1.46944821246778,0.326035385715822));
#5262=CARTESIAN_POINT('Ctrl Pts',(11.0174876439359,0.521459902384711,1.41196908325521));
#5263=CARTESIAN_POINT('Ctrl Pts',(11.0969601459443,-0.904799115184869,1.20287808319231));
#5264=CARTESIAN_POINT('Ctrl Pts',(11.1764326479527,-1.50119775236152,-0.109464287182026));
#5265=CARTESIAN_POINT('Ctrl Pts',(11.2559051499611,-0.720733263887346,-1.32140859850002));
#5266=CARTESIAN_POINT('Ctrl Pts',(11.3353776519695,0.72077075313379,-1.32138815012515));
#5267=CARTESIAN_POINT('Ctrl Pts',(11.4148501539779,1.50120085735634,-0.109421696823047));
#5268=CARTESIAN_POINT('Ctrl Pts',(11.4943226559864,0.904764988100661,1.20290375266273));
#5269=CARTESIAN_POINT('Ctrl Pts',(11.5737951579947,-0.521499960993402,1.41195428840714));
#5270=CARTESIAN_POINT('Ctrl Pts',(11.6532676600032,-1.46945746178883,0.325993696030628));
#5271=CARTESIAN_POINT('Ctrl Pts',(11.7327401620116,-1.06966328186112,-1.05896061555584));
#5272=CARTESIAN_POINT('Ctrl Pts',(11.81221266402,0.31120079865303,-1.47266125935549));
#5273=CARTESIAN_POINT('Ctrl Pts',(11.8916851660284,1.40663885605445,-0.535671774934879));
#5274=CARTESIAN_POINT('Ctrl Pts',(11.9711576680368,1.21194097439171,0.892623210792146));
#5275=CARTESIAN_POINT('Ctrl Pts',(12.0506301700452,-0.094320547415266,1.50222526818072));
#5276=CARTESIAN_POINT('Ctrl Pts',(12.1301026720536,-1.31407349053155,0.734021786493137));
#5277=CARTESIAN_POINT('Ctrl Pts',(12.209575174062,-1.32858926196131,-0.707409142503088));
#5278=CARTESIAN_POINT('Ctrl Pts',(12.2890476760704,-0.12455433836013,-1.50002111307569));
#5279=CARTESIAN_POINT('Ctrl Pts',(12.3685201780788,1.19371888212101,-0.916849142515195));
#5280=CARTESIAN_POINT('Ctrl Pts',(12.4479926800872,1.41714133662107,0.507235206559019));
#5281=CARTESIAN_POINT('Ctrl Pts',(12.5274651820956,0.340795222194698,1.46609540772176));
#5282=CARTESIAN_POINT('Ctrl Pts',(12.6069376841041,-1.04812021658576,1.08028751620271));
#5283=CARTESIAN_POINT('Ctrl Pts',(12.6864101861125,-1.47572455518191,-0.296334556497205));
#5284=CARTESIAN_POINT('Ctrl Pts',(12.7658826881209,-0.549829164588604,-1.40116560314407));
#5285=CARTESIAN_POINT('Ctrl Pts',(12.8453551901293,0.880356515844471,-1.22088059046219));
#5286=CARTESIAN_POINT('Ctrl Pts',(12.9248276921377,1.50310005715711,0.0791671558500617));
#5287=CARTESIAN_POINT('Ctrl Pts',(13.0043001941461,0.747235597667955,1.30660486764891));
#5288=CARTESIAN_POINT('Ctrl Pts',(13.0837726961545,-0.693975465488089,1.33565505096356));
#5289=CARTESIAN_POINT('Ctrl Pts',(13.1632451981629,-1.49868907581527,0.13967472667537));
#5290=CARTESIAN_POINT('Ctrl Pts',(13.2427177001713,-0.928839595293913,-1.18441340527227));
#5291=CARTESIAN_POINT('Ctrl Pts',(13.3221902021797,0.49291798508472,-1.42218278522349));
#5292=CARTESIAN_POINT('Ctrl Pts',(13.4016627041882,1.46258594748397,-0.355564920990344));
#5293=CARTESIAN_POINT('Ctrl Pts',(13.4811352061965,1.09079869966279,1.03717860529155));
#5294=CARTESIAN_POINT('Ctrl Pts',(13.560607708205,-0.281432110719179,1.47862758019618));
#5295=CARTESIAN_POINT('Ctrl Pts',(13.6400802102133,-1.39556139140421,0.563950020177372));
#5296=CARTESIAN_POINT('Ctrl Pts',(13.7195527122218,-1.22967416071891,-0.868037102637763));
#5297=CARTESIAN_POINT('Ctrl Pts',(13.7990252142302,0.0639641305397021,-1.50375208577933));
#5298=CARTESIAN_POINT('Ctrl Pts',(13.8784977162386,1.29908236433998,-0.760506226460738));
#5299=CARTESIAN_POINT('Ctrl Pts',(13.957970218247,1.34243490044996,0.680723685903569));
#5300=CARTESIAN_POINT('Ctrl Pts',(14.0374427202554,0.155066800925129,1.49672314132423));
#5301=CARTESIAN_POINT('Ctrl Pts',(14.1169152222638,-1.17553707278157,0.941666938248503));
#5302=CARTESIAN_POINT('Ctrl Pts',(14.1963877242722,-1.42597942825787,-0.480461781580286));
#5303=CARTESIAN_POINT('Ctrl Pts',(14.2493693922778,-0.7239226619858,-1.12962340825388));
#5304=CARTESIAN_POINT('Ctrl Pts',(14.2758602262806,-0.313172960404741,-1.23387669435456));
#5305=CARTESIAN_POINT('Ctrl Pts',(0.9,0.684664424539449,-0.958295198918405));
#5306=CARTESIAN_POINT('Ctrl Pts',(0.926490834002802,1.00367479954957,-0.73037476784984));
#5307=CARTESIAN_POINT('Ctrl Pts',(0.979472502008407,1.39063090621066,0.0651484615444785));
#5308=CARTESIAN_POINT('Ctrl Pts',(1.05894500401682,0.696764184682442,1.20679450690365));
#5309=CARTESIAN_POINT('Ctrl Pts',(1.13841750602522,-0.636728579719311,1.23800057144654));
#5310=CARTESIAN_POINT('Ctrl Pts',(1.21789000803363,-1.38592903096414,0.135550269890298));
#5311=CARTESIAN_POINT('Ctrl Pts',(1.29736251004204,-0.864145988927215,-1.09216568686855));
#5312=CARTESIAN_POINT('Ctrl Pts',(1.37683501205045,0.450294471929656,-1.31767819998543));
#5313=CARTESIAN_POINT('Ctrl Pts',(1.45630751405885,1.3516917109989,-0.33490780148449));
#5314=CARTESIAN_POINT('Ctrl Pts',(1.53578001606726,1.01337227826496,0.955169218072733));
#5315=CARTESIAN_POINT('Ctrl Pts',(1.61525251807567,-0.254400408590752,1.36911540840233));
#5316=CARTESIAN_POINT('Ctrl Pts',(1.69472502008408,-1.2888366607204,0.527379283012661));
#5317=CARTESIAN_POINT('Ctrl Pts',(1.77419752209249,-1.1411857285982,-0.798076675142028));
#5318=CARTESIAN_POINT('Ctrl Pts',(1.85367002410089,0.0531355739858735,-1.39154501947487));
#5319=CARTESIAN_POINT('Ctrl Pts',(1.9331425261093,1.19872125061385,-0.708726681978469));
#5320=CARTESIAN_POINT('Ctrl Pts',(2.01261502811771,1.24486859650255,0.62412195114934));
#5321=CARTESIAN_POINT('Ctrl Pts',(2.09208753012612,0.149251606470044,1.38453913251247));
#5322=CARTESIAN_POINT('Ctrl Pts',(2.17156003213453,-1.08325529615386,0.875090528891211));
#5323=CARTESIAN_POINT('Ctrl Pts',(2.25103253414293,-1.32222609533414,-0.436970867641993));
#5324=CARTESIAN_POINT('Ctrl Pts',(2.33050503615134,-0.348482308306791,-1.34825267960175));
#5325=CARTESIAN_POINT('Ctrl Pts',(2.40997753815975,0.944881202156202,-1.02294909280608));
#5326=CARTESIAN_POINT('Ctrl Pts',(2.48945004016816,1.37162199910668,0.240579305800284));
#5327=CARTESIAN_POINT('Ctrl Pts',(2.56892254217657,0.540343485678789,1.28345401397532));
#5328=CARTESIAN_POINT('Ctrl Pts',(2.64839504418497,-0.786525308972505,1.1491750282813));
#5329=CARTESIAN_POINT('Ctrl Pts',(2.72786754619338,-1.39201166661941,-0.0391001631106462));
#5330=CARTESIAN_POINT('Ctrl Pts',(2.80734004820179,-0.72077779707732,-1.19151360351965));
#5331=CARTESIAN_POINT('Ctrl Pts',(2.8868125502102,0.611536445378538,-1.2510989085028));
#5332=CARTESIAN_POINT('Ctrl Pts',(2.9662850522186,1.38296390261615,-0.163205839674444));
#5333=CARTESIAN_POINT('Ctrl Pts',(3.04575755422702,0.88596952881973,1.07437577027888));
#5334=CARTESIAN_POINT('Ctrl Pts',(3.12523005623541,-0.423615173379835,1.32656529693656));
#5335=CARTESIAN_POINT('Ctrl Pts',(3.20470255824383,-1.34467004283313,0.362060461684036));
#5336=CARTESIAN_POINT('Ctrl Pts',(3.28417506025223,-1.03242530518426,-0.934517678375802));
#5337=CARTESIAN_POINT('Ctrl Pts',(3.36364756226065,0.226735540250814,-1.37397827378174));
#5338=CARTESIAN_POINT('Ctrl Pts',(3.44312006426905,1.277939902839,-0.553258444801859));
#5339=CARTESIAN_POINT('Ctrl Pts',(3.52259256627747,1.15704796681977,0.774896963789059));
#5340=CARTESIAN_POINT('Ctrl Pts',(3.60206506828586,-0.0250610391127794,
1.3923351774402));
#5341=CARTESIAN_POINT('Ctrl Pts',(3.68153757029428,-1.18418465182211,0.732756448217194));
#5342=CARTESIAN_POINT('Ctrl Pts',(3.76101007230268,-1.25720206800181,-0.598889190273995));
#5343=CARTESIAN_POINT('Ctrl Pts',(3.84048257431109,-0.177143437937441,-1.38124780702515));
#5344=CARTESIAN_POINT('Ctrl Pts',(3.9199550763195,1.0653869699214,-0.896758555207115));
#5345=CARTESIAN_POINT('Ctrl Pts',(3.99942757832791,1.33076960952234,0.410216465280559));
#5346=CARTESIAN_POINT('Ctrl Pts',(4.07890008033632,0.375601791193402,1.34095063162965));
#5347=CARTESIAN_POINT('Ctrl Pts',(4.15837258234472,-0.924059119673903,1.04179654701053));
#5348=CARTESIAN_POINT('Ctrl Pts',(4.23784508435314,-1.37619482888205,-0.212868727092291));
#5349=CARTESIAN_POINT('Ctrl Pts',(4.31731758636153,-0.56611714174155,-1.27229583188894));
#5350=CARTESIAN_POINT('Ctrl Pts',(4.39679008836995,0.763189818182412,-1.16480324666369));
#5351=CARTESIAN_POINT('Ctrl Pts',(4.47626259037835,1.39251710062912,0.0110193679976067));
#5352=CARTESIAN_POINT('Ctrl Pts',(4.55573509238676,0.744660584553284,1.17673527856878));
#5353=CARTESIAN_POINT('Ctrl Pts',(4.63520759439517,-0.586181033508083,1.26317738183162));
#5354=CARTESIAN_POINT('Ctrl Pts',(4.71468009640358,-1.37939125109366,0.191063022120609));
#5355=CARTESIAN_POINT('Ctrl Pts',(4.79415259841198,-0.907456389365927,-1.05628982926777));
#5356=CARTESIAN_POINT('Ctrl Pts',(4.8736251004204,0.396776041878401,-1.33483859496454));
#5357=CARTESIAN_POINT('Ctrl Pts',(4.9530976024288,1.33709485791467,-0.389104925378406));
#5358=CARTESIAN_POINT('Ctrl Pts',(5.03257010443721,1.05106184757488,0.91350659252578));
#5359=CARTESIAN_POINT('Ctrl Pts',(5.11204260644561,-0.198980267113664,1.37827143745888));
#5360=CARTESIAN_POINT('Ctrl Pts',(5.19151510845403,-1.26652237999366,0.57891826969858));
#5361=CARTESIAN_POINT('Ctrl Pts',(5.27098761046243,-1.17244007658224,-0.751405063091419));
#5362=CARTESIAN_POINT('Ctrl Pts',(5.35046011247084,-0.0030234236875439,
-1.39255741746069));
#5363=CARTESIAN_POINT('Ctrl Pts',(5.42993261447925,1.16916624201113,-0.756488995661643));
#5364=CARTESIAN_POINT('Ctrl Pts',(5.50940511648766,1.26902424197911,0.573413267447604));
#5365=CARTESIAN_POINT('Ctrl Pts',(5.58887761849607,0.204963176927474,1.37739442358367));
#5366=CARTESIAN_POINT('Ctrl Pts',(5.66835012050447,-1.04708527351944,0.918061943440807));
#5367=CARTESIAN_POINT('Ctrl Pts',(5.74782262251289,-1.33877183942907,-0.383295269951635));
#5368=CARTESIAN_POINT('Ctrl Pts',(5.82729512452129,-0.402568491121821,-1.33310311378058));
#5369=CARTESIAN_POINT('Ctrl Pts',(5.9067676265297,0.902861170043028,-1.06022026468282));
#5370=CARTESIAN_POINT('Ctrl Pts',(5.98624012853811,1.38020788833193,0.185071572646689));
#5371=CARTESIAN_POINT('Ctrl Pts',(6.06571263054652,0.591660526918572,1.26062013426013));
#5372=CARTESIAN_POINT('Ctrl Pts',(6.14518513255492,-0.73954389692102,1.17995767997944));
#5373=CARTESIAN_POINT('Ctrl Pts',(6.22465763456333,-1.3924561238339,0.0170659079179262));
#5374=CARTESIAN_POINT('Ctrl Pts',(6.30413013657174,-0.76824047870076,-1.16147831185142));
#5375=CARTESIAN_POINT('Ctrl Pts',(6.38360263858015,0.560587190458887,-1.27474205387169));
#5376=CARTESIAN_POINT('Ctrl Pts',(6.46307514058855,1.37525752755425,-0.218842488838332));
#5377=CARTESIAN_POINT('Ctrl Pts',(6.54254764259696,0.928574138943188,1.03777423869621));
#5378=CARTESIAN_POINT('Ctrl Pts',(6.62202014460536,-0.369775520372525,1.34256894294067));
#5379=CARTESIAN_POINT('Ctrl Pts',(6.70149264661378,-1.32897580515154,0.415991119301134));
#5380=CARTESIAN_POINT('Ctrl Pts',(6.78096514862218,-1.06927086700642,-0.892123934768552));
#5381=CARTESIAN_POINT('Ctrl Pts',(6.8604376506306,0.171144058079439,-1.3820039845817));
#5382=CARTESIAN_POINT('Ctrl Pts',(6.93991015263899,1.25458969489322,-0.604342617629551));
#5383=CARTESIAN_POINT('Ctrl Pts',(7.01938265464741,1.18735529238322,0.727607525844229));
#5384=CARTESIAN_POINT('Ctrl Pts',(7.09885515665582,0.0311066567002627,1.39221323004938));
#5385=CARTESIAN_POINT('Ctrl Pts',(7.17832765866422,-1.1536722698824,0.779913838651408));
#5386=CARTESIAN_POINT('Ctrl Pts',(7.25780016067263,-1.28033023605974,-0.547704106837627));
#5387=CARTESIAN_POINT('Ctrl Pts',(7.33727266268104,-0.232699546453048,-1.37298078030835));
#5388=CARTESIAN_POINT('Ctrl Pts',(7.41674516468945,1.0283576716459,-0.938991906878122));
#5389=CARTESIAN_POINT('Ctrl Pts',(7.49621766669785,1.34622951936833,0.356218167977));
#5390=CARTESIAN_POINT('Ctrl Pts',(7.57569016870627,0.429371444956798,1.32471335173739));
#5391=CARTESIAN_POINT('Ctrl Pts',(7.65516267071467,-0.881295978581791,1.0782127341815));
#5392=CARTESIAN_POINT('Ctrl Pts',(7.73463517272308,-1.3836595435615,-0.157199139713826));
#5393=CARTESIAN_POINT('Ctrl Pts',(7.81410767473149,-0.616963252177906,-1.2484316751339));
#5394=CARTESIAN_POINT('Ctrl Pts',(7.89358017673989,0.715597163681719,-1.19463216152348));
#5395=CARTESIAN_POINT('Ctrl Pts',(7.97305267874831,1.39182876080722,-0.045144242217768));
#5396=CARTESIAN_POINT('Ctrl Pts',(8.05252518075671,0.791507888438755,1.14574890990776));
#5397=CARTESIAN_POINT('Ctrl Pts',(8.13199768276513,-0.534765326676568,1.28578822027583));
#5398=CARTESIAN_POINT('Ctrl Pts',(8.21147018477352,-1.37056441337052,0.246532940634557));
#5399=CARTESIAN_POINT('Ctrl Pts',(8.29094268678194,-0.949314187853117,-1.01883652994794));
#5400=CARTESIAN_POINT('Ctrl Pts',(8.37041518879035,0.342624591424819,-1.34975319646466));
#5401=CARTESIAN_POINT('Ctrl Pts',(8.44988769079874,1.32031618699098,-0.442708107431053));
#5402=CARTESIAN_POINT('Ctrl Pts',(8.52936019280716,1.08704495690129,0.870378402587666));
#5403=CARTESIAN_POINT('Ctrl Pts',(8.60883269481557,-0.143238235621555,1.385174396916));
#5404=CARTESIAN_POINT('Ctrl Pts',(8.68830519682397,-1.24214670119695,0.62952114715959));
#5405=CARTESIAN_POINT('Ctrl Pts',(8.76777769883239,-1.20178754740866,-0.70351403177838));
#5406=CARTESIAN_POINT('Ctrl Pts',(8.84725020084079,-0.0591772369753065,
-1.39130275520447));
#5407=CARTESIAN_POINT('Ctrl Pts',(8.9267227028492,1.13770903766132,-0.803021449053105));
#5408=CARTESIAN_POINT('Ctrl Pts',(9.00619520485761,1.29111545149247,0.521772165732298));
#5409=CARTESIAN_POINT('Ctrl Pts',(9.08566770686602,0.260341264652147,1.36800867246334));
#5410=CARTESIAN_POINT('Ctrl Pts',(9.16514020887442,-1.00921178181609,0.959539932185821));
#5411=CARTESIAN_POINT('Ctrl Pts',(9.24461271088283,-1.35313961590364,-0.328996173059406));
#5412=CARTESIAN_POINT('Ctrl Pts',(9.32408521289124,-0.455999750506306,-1.31578475806409));
#5413=CARTESIAN_POINT('Ctrl Pts',(9.40355771489965,0.859372317004642,-1.09576663700884));
#5414=CARTESIAN_POINT('Ctrl Pts',(9.48303021690805,1.38654839059836,0.129262765499937));
#5415=CARTESIAN_POINT('Ctrl Pts',(9.56250271891647,0.642015025550588,1.23573541220719));
#5416=CARTESIAN_POINT('Ctrl Pts',(9.64197522092487,-0.691359358879132,1.2088207224009));
#5417=CARTESIAN_POINT('Ctrl Pts',(9.72144772293328,-1.39063526673112,0.0732042139446015));
#5418=CARTESIAN_POINT('Ctrl Pts',(9.80092022494169,-0.814453349669769,-1.12955347072517));
#5419=CARTESIAN_POINT('Ctrl Pts',(9.88039272695009,0.508725945291425,-1.29631138797857));
#5420=CARTESIAN_POINT('Ctrl Pts',(9.95986522895851,1.3653138174825,-0.274123114324503));
#5421=CARTESIAN_POINT('Ctrl Pts',(10.0393377309669,0.969668100010785,0.999484405999943));
#5422=CARTESIAN_POINT('Ctrl Pts',(10.1188102329753,-0.315334298767316,1.35638843331714));
#5423=CARTESIAN_POINT('Ctrl Pts',(10.1982827349837,-1.31111952576194,0.469245022542998));
#5424=CARTESIAN_POINT('Ctrl Pts',(10.2777552369921,-1.10437688758839,-0.848278841051785));
#5425=CARTESIAN_POINT('Ctrl Pts',(10.3572277390005,0.115274150527537,-1.38778138488587));
#5426=CARTESIAN_POINT('Ctrl Pts',(10.4367002410089,1.22919846013457,-0.654443616836781));
#5427=CARTESIAN_POINT('Ctrl Pts',(10.5161727430174,1.21573097129009,0.679134381003966));
#5428=CARTESIAN_POINT('Ctrl Pts',(10.5956452450258,0.0872237467093202,1.38982636326469));
#5429=CARTESIAN_POINT('Ctrl Pts',(10.6751177470342,-1.1212830384465,0.82580242776815));
#5430=CARTESIAN_POINT('Ctrl Pts',(10.7545902490426,-1.30137550135452,-0.495627992036254));
#5431=CARTESIAN_POINT('Ctrl Pts',(10.834062751051,-0.28787708816252,-1.36248012247029));
#5432=CARTESIAN_POINT('Ctrl Pts',(10.9135352530594,0.989655391685389,-0.9796976613852));
#5433=CARTESIAN_POINT('Ctrl Pts',(10.9930077550678,1.35949931832988,0.301640357837236));
#5434=CARTESIAN_POINT('Ctrl Pts',(11.0724802570762,0.482442576617128,1.30632096449632));
#5435=CARTESIAN_POINT('Ctrl Pts',(11.1519527590846,-0.837099102835015,1.11287483305558));
#5436=CARTESIAN_POINT('Ctrl Pts',(11.231425261093,-1.38887325439418,-0.101273813219656));
#5437=CARTESIAN_POINT('Ctrl Pts',(11.3108977631014,-0.666805657143228,-1.22253650972772));
#5438=CARTESIAN_POINT('Ctrl Pts',(11.3903702651098,0.66684034132232,-1.22251759136677));
#5439=CARTESIAN_POINT('Ctrl Pts',(11.4698427671183,1.38887612706318,-0.101234409609859));
#5440=CARTESIAN_POINT('Ctrl Pts',(11.5493152691267,0.837067529250244,1.11289858185273));
#5441=CARTESIAN_POINT('Ctrl Pts',(11.6287877711351,-0.482479637910425,1.30630727664691));
#5442=CARTESIAN_POINT('Ctrl Pts',(11.7082602731435,-1.35950787558664,0.301601787509882));
#5443=CARTESIAN_POINT('Ctrl Pts',(11.7877327751519,-0.989627596395869,-0.979725738390326));
#5444=CARTESIAN_POINT('Ctrl Pts',(11.8672052771603,0.287915742822937,-1.3624719546001));
#5445=CARTESIAN_POINT('Ctrl Pts',(11.9466777791687,1.30138956222948,-0.495591070643804));
#5446=CARTESIAN_POINT('Ctrl Pts',(12.0261502811771,1.12125960926146,0.825834239206947));
#5447=CARTESIAN_POINT('Ctrl Pts',(12.1056227831855,-0.087263177312114,1.38982388813813));
#5448=CARTESIAN_POINT('Ctrl Pts',(12.1850952851939,-1.2157502383924,0.67909988927125));
#5449=CARTESIAN_POINT('Ctrl Pts',(12.2645677872023,-1.22917989259618,-0.654478489853107));
#5450=CARTESIAN_POINT('Ctrl Pts',(12.3440402892107,-0.115234777693363,-1.38778465508633));
#5451=CARTESIAN_POINT('Ctrl Pts',(12.4235127912192,1.10440095319561,-0.848247507931877));
#5452=CARTESIAN_POINT('Ctrl Pts',(12.5029852932275,1.31110621304436,0.469282218794091));
#5453=CARTESIAN_POINT('Ctrl Pts',(12.582457795236,0.315295815349421,1.35639738133881));
#5454=CARTESIAN_POINT('Ctrl Pts',(12.6619302972444,-0.969696453325898,0.99945689097231));
#5455=CARTESIAN_POINT('Ctrl Pts',(12.7414027992528,-1.36530604467046,-0.274161841252612));
#5456=CARTESIAN_POINT('Ctrl Pts',(12.8208753012612,-0.508689158361537,-1.29632583590175));
#5457=CARTESIAN_POINT('Ctrl Pts',(12.9003478032696,0.814485378268515,-1.12953033418449));
#5458=CARTESIAN_POINT('Ctrl Pts',(12.979820305278,1.39063322255836,0.0732436117850755));
#5459=CARTESIAN_POINT('Ctrl Pts',(13.0592928072864,0.691325000120536,1.20884044216301));
#5460=CARTESIAN_POINT('Ctrl Pts',(13.1387653092948,-0.642049964240841,1.2357169962862));
#5461=CARTESIAN_POINT('Ctrl Pts',(13.2182378113032,-1.38655228518573,0.129223809380932));
#5462=CARTESIAN_POINT('Ctrl Pts',(13.2977103133117,-0.859340796038816,-1.0957917423876));
#5463=CARTESIAN_POINT('Ctrl Pts',(13.37718281532,0.456036258392396,-1.31577044406674));
#5464=CARTESIAN_POINT('Ctrl Pts',(13.4566553173285,1.35315051032934,-0.328960397247749));
#5465=CARTESIAN_POINT('Ctrl Pts',(13.5361278193369,1.00918159350185,0.959573528972591));
#5466=CARTESIAN_POINT('Ctrl Pts',(13.6156003213453,-0.260374444932839,1.36799185591206));
#5467=CARTESIAN_POINT('Ctrl Pts',(13.6950728233537,-1.29114094951006,0.521753445611868));
#5468=CARTESIAN_POINT('Ctrl Pts',(13.7745453253621,-1.1376659409165,-0.803087743622639));
#5469=CARTESIAN_POINT('Ctrl Pts',(13.8540178273705,0.0591781262711126,-1.39123646427856));
#5470=CARTESIAN_POINT('Ctrl Pts',(13.9334903293789,1.20188079701603,-0.703602677308831));
#5471=CARTESIAN_POINT('Ctrl Pts',(14.0129628313873,1.24198955538488,0.629789725901745));
#5472=CARTESIAN_POINT('Ctrl Pts',(14.0924353333957,0.143464198577831,1.38473344830684));
#5473=CARTESIAN_POINT('Ctrl Pts',(14.1719078354041,-1.0875795659611,0.87120835547697));
#5474=CARTESIAN_POINT('Ctrl Pts',(14.2513803374125,-1.319283009922,-0.444512068543734));
#5475=CARTESIAN_POINT('Ctrl Pts',(14.3043620054181,-0.669756414103521,-1.04510131113197));
#5476=CARTESIAN_POINT('Ctrl Pts',(14.3308528394209,-0.28974034101861,-1.14155402731821));
#5477=CARTESIAN_POINT('Ctrl Pts',(0.9,0.63554823772254,1.32095394144337));
#5478=CARTESIAN_POINT('Ctrl Pts',(0.9,0.667268012377821,1.30205743122504));
#5479=CARTESIAN_POINT('Ctrl Pts',(0.9,0.698148784761879,1.28192292493452));
#5480=CARTESIAN_POINT('Ctrl Pts',(0.9,0.72811058973937,1.26055002872906));
#5481=CARTESIAN_POINT('Ctrl Pts',(0.9,0.775102967699081,1.2270285764222));
#5482=CARTESIAN_POINT('Ctrl Pts',(0.9,0.819837004330228,1.19046239162544));
#5483=CARTESIAN_POINT('Ctrl Pts',(0.9,0.86217888411134,1.15117747802811));
#5484=CARTESIAN_POINT('Ctrl Pts',(0.9,0.899225065709533,1.11680592790518));
#5485=CARTESIAN_POINT('Ctrl Pts',(0.9,0.934439661493132,1.08035203524772));
#5486=CARTESIAN_POINT('Ctrl Pts',(0.9,0.967705220789615,1.04201676986504));
#5487=CARTESIAN_POINT('Ctrl Pts',(0.9,0.983143677348634,1.02422547635291));
#5488=CARTESIAN_POINT('Ctrl Pts',(0.9,0.998161949287622,1.00602879326505));
#5489=CARTESIAN_POINT('Ctrl Pts',(0.9,1.01274617628194,0.987446195286469));
#5490=CARTESIAN_POINT('Ctrl Pts',(0.9,1.02215882796452,0.975452997278919));
#5491=CARTESIAN_POINT('Ctrl Pts',(0.9,1.03139065446082,0.963299044062462));
#5492=CARTESIAN_POINT('Ctrl Pts',(0.9,1.04043761229776,0.950989536599927));
#5493=CARTESIAN_POINT('Ctrl Pts',(0.9,1.04634378661118,0.942953454405614));
#5494=CARTESIAN_POINT('Ctrl Pts',(0.9,1.05216811687782,0.934855136718502));
#5495=CARTESIAN_POINT('Ctrl Pts',(0.9,1.05790544577508,0.926702489494266));
#5496=CARTESIAN_POINT('Ctrl Pts',(0.9,1.09064236011129,0.880183888491512));
#5497=CARTESIAN_POINT('Ctrl Pts',(0.9,1.12059589738625,0.831836813891168));
#5498=CARTESIAN_POINT('Ctrl Pts',(0.9,1.14762957844134,0.781963779323317));
#5499=CARTESIAN_POINT('Ctrl Pts',(0.9,1.17446310888542,0.732459992225743));
#5500=CARTESIAN_POINT('Ctrl Pts',(0.9,1.19842017874714,0.681451627407387));
#5501=CARTESIAN_POINT('Ctrl Pts',(0.9,1.21931833064787,0.629221031351708));
#5502=CARTESIAN_POINT('Ctrl Pts',(0.9,1.23732751874618,0.584210801101581));
#5503=CARTESIAN_POINT('Ctrl Pts',(0.9,1.25306442277953,0.538292299709566));
#5504=CARTESIAN_POINT('Ctrl Pts',(0.9,1.2663799828282,0.491647509774382));
#5505=CARTESIAN_POINT('Ctrl Pts',(0.9,1.26903148092048,0.482359235674321));
#5506=CARTESIAN_POINT('Ctrl Pts',(0.9,1.27158701085718,0.473041638026509));
#5507=CARTESIAN_POINT('Ctrl Pts',(0.9,1.27404480898086,0.463697844293346));
#5508=CARTESIAN_POINT('Ctrl Pts',(0.9,1.28789319948573,0.411050516114784));
#5509=CARTESIAN_POINT('Ctrl Pts',(0.9,1.29857054635392,0.357848896759572));
#5510=CARTESIAN_POINT('Ctrl Pts',(0.9,1.30592705678274,0.304355686685673));
#5511=CARTESIAN_POINT('Ctrl Pts',(0.9,1.31305290492907,0.252539748200353));
#5512=CARTESIAN_POINT('Ctrl Pts',(0.9,1.31706291046046,0.20044933512521));
#5513=CARTESIAN_POINT('Ctrl Pts',(0.9,1.3177728326715,0.148326891392847));
#5514=CARTESIAN_POINT('Ctrl Pts',(0.9,1.31815960072496,0.119930405425532));
#5515=CARTESIAN_POINT('Ctrl Pts',(0.900000000000001,1.31756602171799,0.0915245543387034));
#5516=CARTESIAN_POINT('Ctrl Pts',(0.900000000000001,1.31595597427098,0.0631503830142042));
#5517=CARTESIAN_POINT('Ctrl Pts',(0.900000000000001,1.31450520216898,0.0375831512835803));
#5518=CARTESIAN_POINT('Ctrl Pts',(0.9,1.31222898501134,0.012041638718512));
#5519=CARTESIAN_POINT('Ctrl Pts',(0.9,1.30914128012316,-0.0134422658366565));
#5520=CARTESIAN_POINT('Ctrl Pts',(0.9,1.30789656459083,-0.023715336927676));
#5521=CARTESIAN_POINT('Ctrl Pts',(0.9,1.30651995434554,-0.033979028991655));
#5522=CARTESIAN_POINT('Ctrl Pts',(0.9,1.30501227318987,-0.0442311771294375));
#5523=CARTESIAN_POINT('Ctrl Pts',(0.9,1.30365694382552,-0.0534473415462515));
#5524=CARTESIAN_POINT('Ctrl Pts',(0.900000000000001,1.30219704843749,-0.0626449345702983));
#5525=CARTESIAN_POINT('Ctrl Pts',(0.900000000000001,1.30063391268948,-0.0718217584689447));
#5526=CARTESIAN_POINT('Ctrl Pts',(0.900000000000001,1.29179181072071,-0.123731781488089));
#5527=CARTESIAN_POINT('Ctrl Pts',(0.900000000000001,1.27964908233257,-0.174987475860717));
#5528=CARTESIAN_POINT('Ctrl Pts',(0.900000000000001,1.26439230886949,-0.225333320596754));
#5529=CARTESIAN_POINT('Ctrl Pts',(0.900000000000001,1.24909918609871,-0.275799114456115));
#5530=CARTESIAN_POINT('Ctrl Pts',(0.9,1.23067641518871,-0.325351684307722));
#5531=CARTESIAN_POINT('Ctrl Pts',(0.9,1.20926728283247,-0.373707728160322));
#5532=CARTESIAN_POINT('Ctrl Pts',(0.9,1.18901101890419,-0.419459829203324));
#5533=CARTESIAN_POINT('Ctrl Pts',(0.9,1.16608048810717,-0.464141256122699));
#5534=CARTESIAN_POINT('Ctrl Pts',(0.9,1.14056937124855,-0.507479153888464));
#5535=CARTESIAN_POINT('Ctrl Pts',(0.9,1.11427936174878,-0.552140222640446));
#5536=CARTESIAN_POINT('Ctrl Pts',(0.899999999976408,1.0853809154386,-0.595151501915727));
#5537=CARTESIAN_POINT('Ctrl Pts',(0.899999999957358,1.05401499642265,-0.636240774202464));
#5538=CARTESIAN_POINT('Ctrl Pts',(0.899999999952446,1.0459275359934,-0.646835326318613));
#5539=CARTESIAN_POINT('Ctrl Pts',(0.899999999947836,1.03767585531201,-0.657301895395615));
#5540=CARTESIAN_POINT('Ctrl Pts',(0.89999999994401,1.02926202949397,-0.667635361941655));
#5541=CARTESIAN_POINT('Ctrl Pts',(14.165875,-0.360038199177002,-1.41852202842726));
#5542=CARTESIAN_POINT('Ctrl Pts',(14.1393841659972,-0.832255157750351,-1.29866760249769));
#5543=CARTESIAN_POINT('Ctrl Pts',(14.1128933319944,-1.23581371133998,-0.925514405075541));
#5544=CARTESIAN_POINT('Ctrl Pts',(14.0864024979916,-1.38960629171694,-0.466446921123641));
#5545=CARTESIAN_POINT('Ctrl Pts',(14.077820013942,-1.43943191698366,-0.317718521018384));
#5546=CARTESIAN_POINT('Ctrl Pts',(14.0692375298925,-1.46304144620324,-0.159972330545176));
#5547=CARTESIAN_POINT('Ctrl Pts',(14.0606550458429,-1.4618902789209,-0.00177956577386507));
#5548=CARTESIAN_POINT('Origin',(0.9,1.3646875,0.));
#5549=CARTESIAN_POINT('',(0.900000000000001,-1.229375,1.50555015870178E-16));
#5550=CARTESIAN_POINT('Origin',(0.9,0.,0.));
#5551=CARTESIAN_POINT('Origin',(0.9,0.,0.));
#5552=CARTESIAN_POINT('Origin',(-1.47695222387896,9.04342538827133E-17,
0.));
#5553=CARTESIAN_POINT('',(-1.35437990693814,3.17542648054294,1.94438793766233E-16));
#5554=CARTESIAN_POINT('',(-1.6,2.38156986040721,-1.375));
#5555=CARTESIAN_POINT('Ctrl Pts',(-1.35437990693813,3.17542648054295,1.34042357268582E-14));
#5556=CARTESIAN_POINT('Ctrl Pts',(-1.6,2.75,-0.736860279185582));
#5557=CARTESIAN_POINT('Ctrl Pts',(-1.6,2.38156986040721,-1.375));
#5558=CARTESIAN_POINT('',(-1.6,2.38156986040721,1.375));
#5559=CARTESIAN_POINT('Origin',(-1.6,9.79685083057902E-17,0.));
#5560=CARTESIAN_POINT('Ctrl Pts',(-1.6,2.38156986040721,1.375));
#5561=CARTESIAN_POINT('Ctrl Pts',(-1.6,2.75,0.73686027918558));
#5562=CARTESIAN_POINT('Ctrl Pts',(-1.35437990693813,3.17542648054295,-1.31114134373406E-14));
#5563=CARTESIAN_POINT('Origin',(-1.47695222387896,9.04342538827133E-17,
0.));
#5564=CARTESIAN_POINT('',(-1.6,-2.38156986040721,1.375));
#5565=CARTESIAN_POINT('',(-1.6,-2.3815698604072,-1.375));
#5566=CARTESIAN_POINT('Origin',(-1.6,9.79685083057902E-17,0.));
#5567=CARTESIAN_POINT('',(-1.35437990693814,-3.17542648054294,-5.83303538183104E-16));
#5568=CARTESIAN_POINT('Ctrl Pts',(-1.6,-2.3815698604072,-1.375));
#5569=CARTESIAN_POINT('Ctrl Pts',(-1.6,-2.75,-0.736860279185579));
#5570=CARTESIAN_POINT('Ctrl Pts',(-1.35437990693813,-3.17542648054295,1.26298449034505E-14));
#5571=CARTESIAN_POINT('Ctrl Pts',(-1.35437990693813,-3.17542648054294,-1.41846976528993E-14));
#5572=CARTESIAN_POINT('Ctrl Pts',(-1.6,-2.75,0.736860279185579));
#5573=CARTESIAN_POINT('Ctrl Pts',(-1.6,-2.38156986040721,1.375));
#5574=CARTESIAN_POINT('Origin',(14.2646875,0.,0.));
#5575=CARTESIAN_POINT('',(14.4,-1.229375,1.50550043623039E-16));
#5576=CARTESIAN_POINT('',(14.2646875,-1.3646875,1.6712601787114E-16));
#5577=CARTESIAN_POINT('Origin',(14.4,0.,0.));
#5578=CARTESIAN_POINT('Origin',(14.165875,0.,0.));
#5579=CARTESIAN_POINT('Origin',(7.5146875,0.,0.));
#5580=CARTESIAN_POINT('Origin',(0.764687500000001,0.,0.));
#5581=CARTESIAN_POINT('',(0.629375000000001,-1.5,1.83690953073357E-16));
#5582=CARTESIAN_POINT('Origin',(0.629375000000001,0.,0.));
#5583=CARTESIAN_POINT('',(0.764687500000001,-1.3646875,1.6712601787114E-16));
#5584=CARTESIAN_POINT('Origin',(0.1546875,0.,0.));
#5585=CARTESIAN_POINT('',(0.5,-1.5,-1.83697019872103E-16));
#5586=CARTESIAN_POINT('',(0.1546875,-1.5,-1.83697019872103E-16));
#5587=CARTESIAN_POINT('',(0.5,-1.83697019872103E-16,1.5));
#5588=CARTESIAN_POINT('Origin',(0.5,0.,0.));
#5589=CARTESIAN_POINT('Origin',(0.5,0.,0.));
#5590=CARTESIAN_POINT('Origin',(0.5,0.,0.));
#5591=CARTESIAN_POINT('',(0.4,-1.95943487863577E-16,1.6));
#5592=CARTESIAN_POINT('Origin',(0.5,-1.95943487863577E-16,1.6));
#5593=CARTESIAN_POINT('Origin',(0.4,0.,0.));
#5594=CARTESIAN_POINT('Origin',(0.35,0.,0.));
#5595=CARTESIAN_POINT('',(0.4,-2.3,2.81659461379147E-16));
#5596=CARTESIAN_POINT('Origin',(0.4,0.,0.));
#5597=CARTESIAN_POINT('',(0.3,-2.3,2.81659461379147E-16));
#5598=CARTESIAN_POINT('',(0.35,-2.3,-2.81668763803891E-16));
#5599=CARTESIAN_POINT('Origin',(0.3,0.,0.));
#5600=CARTESIAN_POINT('Origin',(0.15,0.,0.));
#5601=CARTESIAN_POINT('',(-1.59198825996909E-16,-2.6,3.18397651993818E-16));
#5602=CARTESIAN_POINT('Origin',(0.,0.,0.));
#5603=CARTESIAN_POINT('',(0.15,-2.45,3.00038465791102E-16));
#5604=CARTESIAN_POINT('Origin',(0.4,1.95,0.));
#5605=CARTESIAN_POINT('Origin',(14.4,0.6146875,0.));
#5606=CARTESIAN_POINT('Origin',(-1.47695222387896,9.04342538827133E-17,
0.));
#5607=CARTESIAN_POINT('',(-1.35437990693814,-1.58771324027147,-2.75));
#5608=CARTESIAN_POINT('Ctrl Pts',(-1.35437990693813,-1.58771324027146,-2.75000000000001));
#5609=CARTESIAN_POINT('Ctrl Pts',(-1.6,-2.01313972081441,-2.01313972081442));
#5610=CARTESIAN_POINT('Ctrl Pts',(-1.6,-2.3815698604072,-1.375));
#5611=CARTESIAN_POINT('',(-1.6,9.79685083057902E-17,-2.75));
#5612=CARTESIAN_POINT('Origin',(-1.6,9.79685083057902E-17,0.));
#5613=CARTESIAN_POINT('Ctrl Pts',(-1.6,9.79685083057902E-17,-2.75));
#5614=CARTESIAN_POINT('Ctrl Pts',(-1.6,-0.736860279185596,-2.75));
#5615=CARTESIAN_POINT('Ctrl Pts',(-1.35437990693813,-1.58771324027148,-2.75));
#5616=CARTESIAN_POINT('Origin',(-1.47695222387896,9.04342538827133E-17,
0.));
#5617=CARTESIAN_POINT('',(-1.35437990693814,-1.58771324027147,2.75));
#5618=CARTESIAN_POINT('',(-1.6,-6.71216566247635E-16,2.75));
#5619=CARTESIAN_POINT('Ctrl Pts',(-1.35437990693813,-1.58771324027148,2.75));
#5620=CARTESIAN_POINT('Ctrl Pts',(-1.6,-0.736860279185597,2.75));
#5621=CARTESIAN_POINT('Ctrl Pts',(-1.6,-6.71216566247635E-16,2.75));
#5622=CARTESIAN_POINT('Origin',(-1.6,9.79685083057902E-17,0.));
#5623=CARTESIAN_POINT('Ctrl Pts',(-1.6,-2.38156986040721,1.375));
#5624=CARTESIAN_POINT('Ctrl Pts',(-1.6,-2.01313972081441,2.01313972081442));
#5625=CARTESIAN_POINT('Ctrl Pts',(-1.35437990693813,-1.58771324027146,2.75000000000001));
#5626=CARTESIAN_POINT('Origin',(-1.47695222387896,9.04342538827133E-17,
0.));
#5627=CARTESIAN_POINT('',(-1.35437990693814,1.58771324027147,2.75));
#5628=CARTESIAN_POINT('Ctrl Pts',(-1.6,-6.71216566247635E-16,2.75));
#5629=CARTESIAN_POINT('Ctrl Pts',(-1.6,0.736860279185596,2.75));
#5630=CARTESIAN_POINT('Ctrl Pts',(-1.35437990693813,1.58771324027149,2.75));
#5631=CARTESIAN_POINT('Ctrl Pts',(-1.35437990693813,1.58771324027146,2.75000000000001));
#5632=CARTESIAN_POINT('Ctrl Pts',(-1.6,2.01313972081441,2.01313972081442));
#5633=CARTESIAN_POINT('Ctrl Pts',(-1.6,2.38156986040721,1.375));
#5634=CARTESIAN_POINT('Origin',(-1.6,9.79685083057902E-17,0.));
#5635=CARTESIAN_POINT('Origin',(-1.47695222387896,9.04342538827133E-17,
0.));
#5636=CARTESIAN_POINT('',(-1.35437990693814,1.58771324027147,-2.75));
#5637=CARTESIAN_POINT('Ctrl Pts',(-1.6,2.38156986040721,-1.375));
#5638=CARTESIAN_POINT('Ctrl Pts',(-1.6,2.01313972081441,-2.01313972081441));
#5639=CARTESIAN_POINT('Ctrl Pts',(-1.35437990693813,1.58771324027146,-2.75000000000001));
#5640=CARTESIAN_POINT('Ctrl Pts',(-1.35437990693813,1.58771324027148,-2.75));
#5641=CARTESIAN_POINT('Ctrl Pts',(-1.6,0.736860279185597,-2.75));
#5642=CARTESIAN_POINT('Ctrl Pts',(-1.6,9.79685083057902E-17,-2.75));
#5643=CARTESIAN_POINT('Origin',(-1.6,9.79685083057902E-17,0.));
#5644=CARTESIAN_POINT('Origin',(-1.45824279156327E-16,-2.38156986040721,
1.375));
#5645=CARTESIAN_POINT('',(-1.94432372208436E-16,-3.17542648054294,-5.83303538183104E-16));
#5646=CARTESIAN_POINT('',(-1.94432372208436E-16,-3.17542648054294,-5.83303538183104E-16));
#5647=CARTESIAN_POINT('',(-9.7216186104218E-17,-1.58771324027147,2.75));
#5648=CARTESIAN_POINT('',(-1.94432372208436E-16,-3.17542648054294,-5.83303538183104E-16));
#5649=CARTESIAN_POINT('',(-9.7216186104218E-17,-1.58771324027147,2.75));
#5650=CARTESIAN_POINT('Origin',(-1.45824279156327E-16,-2.38156986040721,
-1.375));
#5651=CARTESIAN_POINT('',(-9.72161861042178E-17,-1.58771324027147,-2.75));
#5652=CARTESIAN_POINT('',(-9.72161861042178E-17,-1.58771324027147,-2.75));
#5653=CARTESIAN_POINT('',(-9.72161861042178E-17,-1.58771324027147,-2.75));
#5654=CARTESIAN_POINT('Origin',(4.07875851034759E-32,6.66133814775094E-16,
-2.75));
#5655=CARTESIAN_POINT('',(9.72161861042179E-17,1.58771324027147,-2.75));
#5656=CARTESIAN_POINT('',(9.72161861042179E-17,1.58771324027147,-2.75));
#5657=CARTESIAN_POINT('',(9.72161861042179E-17,1.58771324027147,-2.75));
#5658=CARTESIAN_POINT('Origin',(1.45824279156327E-16,2.38156986040721,1.375));
#5659=CARTESIAN_POINT('',(9.72161861042179E-17,1.58771324027147,2.75));
#5660=CARTESIAN_POINT('',(9.72161861042179E-17,1.58771324027147,2.75));
#5661=CARTESIAN_POINT('',(1.94432372208436E-16,3.17542648054294,1.94438793766233E-16));
#5662=CARTESIAN_POINT('',(9.72161861042179E-17,1.58771324027147,2.75));
#5663=CARTESIAN_POINT('',(1.94432372208436E-16,3.17542648054294,1.94438793766233E-16));
#5664=CARTESIAN_POINT('Origin',(-5.43834468046346E-32,-8.88178419700125E-16,
2.75));
#5665=CARTESIAN_POINT('',(-9.7216186104218E-17,-1.58771324027147,2.75));
#5666=CARTESIAN_POINT('Origin',(1.45824279156327E-16,2.38156986040721,-1.375));
#5667=CARTESIAN_POINT('',(1.94432372208436E-16,3.17542648054294,1.94438793766233E-16));
#5668=CARTESIAN_POINT('Origin',(-1.6,8.11469473266211E-17,-1.11022302462516E-16));
#5669=CARTESIAN_POINT('Origin',(-1.02998952281505E-33,-1.68215609791691E-17,
-1.11022302462516E-16));
#5670=UNCERTAINTY_MEASURE_WITH_UNIT(LENGTH_MEASURE(0.01),#5674,
'DISTANCE_ACCURACY_VALUE',
'Maximum model space distance between geometric entities at asserted c
onnectivities');
#5671=UNCERTAINTY_MEASURE_WITH_UNIT(LENGTH_MEASURE(0.01),#5674,
'DISTANCE_ACCURACY_VALUE',
'Maximum model space distance between geometric entities at asserted c
onnectivities');
#5672=(
GEOMETRIC_REPRESENTATION_CONTEXT(3)
GLOBAL_UNCERTAINTY_ASSIGNED_CONTEXT((#5670))
GLOBAL_UNIT_ASSIGNED_CONTEXT((#5674,#5676,#5677))
REPRESENTATION_CONTEXT('','3D')
);
#5673=(
GEOMETRIC_REPRESENTATION_CONTEXT(3)
GLOBAL_UNCERTAINTY_ASSIGNED_CONTEXT((#5671))
GLOBAL_UNIT_ASSIGNED_CONTEXT((#5674,#5676,#5677))
REPRESENTATION_CONTEXT('','3D')
);
#5674=(
LENGTH_UNIT()
NAMED_UNIT(*)
SI_UNIT(.MILLI.,.METRE.)
);
#5675=(
LENGTH_UNIT()
NAMED_UNIT(*)
SI_UNIT($,.METRE.)
);
#5676=(
NAMED_UNIT(*)
PLANE_ANGLE_UNIT()
SI_UNIT($,.RADIAN.)
);
#5677=(
NAMED_UNIT(*)
SI_UNIT($,.STERADIAN.)
SOLID_ANGLE_UNIT()
);
#5678=SHAPE_DEFINITION_REPRESENTATION(#5679,#5680);
#5679=PRODUCT_DEFINITION_SHAPE('',$,#5682);
#5680=SHAPE_REPRESENTATION('',(#1462),#5672);
#5681=PRODUCT_DEFINITION_CONTEXT('part definition',#5686,'design');
#5682=PRODUCT_DEFINITION('Screw_DIN933_M3x0_5mm',
'Screw_DIN933_M3x0_5mm v2',#5683,#5681);
#5683=PRODUCT_DEFINITION_FORMATION('',$,#5688);
#5684=PRODUCT_RELATED_PRODUCT_CATEGORY('Screw_DIN933_M3x0_5mm v2',
'Screw_DIN933_M3x0_5mm v2',(#5688));
#5685=APPLICATION_PROTOCOL_DEFINITION('international standard',
'automotive_design',2009,#5686);
#5686=APPLICATION_CONTEXT(
'Core Data for Automotive Mechanical Design Process');
#5687=PRODUCT_CONTEXT('part definition',#5686,'mechanical');
#5688=PRODUCT('Screw_DIN933_M3x0_5mm','Screw_DIN933_M3x0_5mm v2',$,(#5687));
#5689=PRESENTATION_STYLE_ASSIGNMENT((#5690));
#5690=SURFACE_STYLE_USAGE(.BOTH.,#5691);
#5691=SURFACE_SIDE_STYLE('',(#5692));
#5692=SURFACE_STYLE_FILL_AREA(#5693);
#5693=FILL_AREA_STYLE('Steel - Satin',(#5694));
#5694=FILL_AREA_STYLE_COLOUR('Steel - Satin',#5695);
#5695=COLOUR_RGB('Steel - Satin',0.627450980392157,0.627450980392157,0.627450980392157);
ENDSEC;
END-ISO-10303-21;
